mean_temp,min_temp,max_temp,min_grass_temp,mean_wet_bulb_temp,mean_dew_point_temp,pressure,rel_humidity,cloud,rainfall
17.7,15.5,20.7,12.4,15.2,13.4,1018.7,77,32,0
19.5,17.2,22.9,12.8,16.4,14.1,1018.6,72,44,0
18.8,17.5,21.2,14.7,15.7,13.3,1019.2,71,35,0
17.9,16.1,20.7,13.8,15.2,13.1,1020.6,74,20,0
14.7,11.8,18.2,13.1,11.1,7.4,1026,62,66,0
13.8,10.4,16.9,9.5,10.3,6.7,1025.6,63,63,0
14.4,11.8,18,9.3,10.9,7.3,1022.9,62,65,0
15.7,13.7,18.8,12.6,12.4,9.3,1021.2,66,83,0
15.7,14.6,16.7,14.9,13.5,11.5,1021.1,76,87,0
13.8,11.6,16,10,10.3,6.4,1023.1,61,69,0
13.8,11,17.5,6.9,10.3,6.6,1022.5,62,44,0
15.9,13.1,19.7,8.4,13.6,11.7,1020.8,76,53,0
17.7,15.8,21.5,13.3,14.8,12.4,1020.7,72,87,0
15.2,13.7,16.5,14,14,13,1019.2,87,91,7.1
11.1,8.2,14,6,8,4.1,1025,63,30,0
11.3,8.2,15.1,6.3,8.1,4.1,1027,62,45,0
12.4,9.8,15.4,6.1,9.6,6.5,1025.9,68,48,0
11.6,8.9,13.5,8.9,9.3,6.8,1025.5,73,91,0.7
10.8,7.6,15.3,7,7.7,3.7,1025.2,63,54,0.2
11.7,8.2,15.2,7.8,8.5,4.5,1023,61,29,0
13.5,10.6,17.5,6.5,10.4,7.1,1020.8,66,30,0
15.5,12.8,19.2,10.3,12.6,9.9,1018,70,67,0
17.7,14.6,21.9,11.3,14.8,12.5,1016.6,72,49,0
15.3,14.3,16.9,13.1,12.7,10.4,1018.5,73,89,0
14.6,13.2,16.5,12.8,13,11.7,1018.6,83,91,0
15.2,14.3,17.1,13.3,13.9,12.8,1015.8,86,97,0
15.8,14.6,18.1,14.3,15.1,14.5,1011.9,92,95,0.1
16.2,15.4,17.2,15.7,15.6,15.2,1012.2,94,100,0.2
14.9,13.1,15.7,14.2,14.1,13.4,1013.9,91,93,20.4
14.8,12,18.7,8.6,9.8,3.8,1019.5,49,16,0
13.5,10.2,17.3,6.6,7.8,-0.3,1021.5,40,1,0
14,11.6,16.9,5.9,10.5,6.8,1020.8,62,24,0
16.3,13.8,19.4,10.4,12.9,9.8,1020,67,46,0
18.1,15.5,22,11.9,14.5,11.5,1019.6,66,58,0
17.9,15.2,20.9,10.7,14.4,11.6,1021.2,67,34,0
16,14.4,19.2,12.5,12.8,10,1024.1,68,76,0
15.4,13.7,18,12.2,12.4,9.7,1023.2,69,86,0
17.7,14.6,23,12.2,14.7,12.3,1021.2,72,50,0
20.6,17.4,25.6,13,17.2,14.8,1019.8,70,36,0
16.5,14.9,19.2,13.8,14.6,13.1,1022.5,80,82,0
14.9,13.7,17.3,12.4,11.8,8.9,1023.8,68,67,0
13.7,12.7,14.7,12.2,12.1,10.6,1023.8,82,89,2.1
14.4,12.7,17.7,11.7,12.1,10,1022.8,75,71,0
16.2,12.6,20.7,8.2,13.5,11.2,1020.4,73,4,0
17.8,14.4,22.6,10.1,13.6,9.8,1019.4,61,30,0
19.6,16,24.1,11.7,16,13.3,1019.6,68,29,0
16.9,14.2,20.5,9.7,12.7,8.8,1021.4,60,16,0
16.4,14.2,20.2,10.8,13.5,11,1019.3,71,17,0
18.5,15.7,22,11.3,15.6,13.4,1016.8,73,69,0
19.9,17.5,23.9,15.2,18.1,16.9,1015.5,83,82,0
20.7,19,23.6,15.8,19.4,18.5,1013.9,88,81,0
18.7,17,21.8,15,17.7,17.1,1012.9,90,89,0
19,17.1,21.4,15.5,17.6,16.8,1014.1,87,91,0
18.5,17.2,21,16.4,17.2,16.4,1015.3,88,95,0
20.4,18.2,24.2,17.4,18.9,18,1014.5,87,71,0
20.9,18.9,26.1,15.7,19.2,18.2,1012.4,85,43,0
22,19.1,25,15.7,20.2,19.3,1011.8,85,71,0
18.5,17.4,21.4,15,17.3,16.5,1013.5,88,98,0
15.6,13.9,18,14.4,13.4,11.5,1016.8,77,100,0.9
14.7,13.5,15.5,13.5,13.6,12.8,1014.8,89,100,4
18.4,15.5,21.7,14.3,17.6,17.2,1010.2,93,98,2.4
17.4,14.6,20.5,16.9,16.6,16.1,1013.4,92,100,3.2
13.3,12.3,14.8,12.7,11.9,10.6,1018.7,84,99,0.5
13.8,12.7,14.2,12.3,12.5,11.4,1018.5,85,100,0
14.6,13.4,15.6,12.5,13.8,13.3,1017.5,92,100,0.3
15,14.3,16.2,12.5,13.9,13,1016.8,88,99,0
14.2,12.9,15.8,12.3,12.2,10.4,1016.5,78,100,0
15.1,13.8,16.7,13.3,14,13.1,1013.6,88,100,2.4
17.2,15.7,18.2,14.6,16.7,16.4,1011.9,95,100,4.7
15.4,14.5,16.7,14.7,14.8,14.3,1013.2,93,100,0.7
14.7,14.2,15.2,14.3,14.2,13.9,1012.2,95,100,2.9
15.4,14.3,16.2,14.2,14.8,14.4,1012.8,94,100,0.8
14.1,13.1,15.5,12.2,13.5,12.9,1013.8,93,100,0.3
15.3,13.4,18,13.2,14.8,14.5,1011.4,95,99,1.2
12.5,11.7,13.7,10.7,10.8,9,1014.2,80,100,0.6
13,11.8,13.6,12.2,11.4,9.9,1015.3,81,100,0
13.4,12.2,14.7,11.3,11.3,9.4,1018.9,77,100,0.1
14.2,13.3,16.1,12.6,11.8,9.6,1019.9,74,100,0
13.9,12.9,14.8,12.2,11.9,10,1018.7,77,95,0
16.7,13.9,20,12.6,14.4,12.5,1017.7,77,53,0
17,15,20,13.5,13.8,11.1,1020.6,69,93,0
15.2,14,17.6,12.9,12.5,10,1021.1,71,95,0
17,14.4,21,13.4,14.9,13.3,1019.3,79,99,0
15.6,14.5,17.3,14.5,14.4,13.5,1019.6,88,98,0.2
14.2,13.4,14.8,12.8,13.4,12.6,1018,90,97,15.9
16.9,14.1,20.7,13.1,15.6,14.7,1015.4,87,78,3.1
20.1,16.9,23.6,14.6,17.9,16.5,1015.2,81,41,0
20,17.5,24.6,16.5,18,16.7,1015.1,82,58,0
21.7,19.6,25.2,16.9,19.9,18.9,1014.4,84,64,0
19,17.3,21.6,16.1,18.1,17.6,1014.9,91,71,0
17.2,16.4,18.6,15.5,15.9,15.1,1014,87,92,1.9
17.2,16,18,16,15.9,14.9,1014.6,86,94,3.3
19.3,15.5,23.8,10.8,15.7,12.9,1017.5,68,19,0
20.9,16.6,26.4,11.4,16.4,13,1020.8,63,14,0
18.4,16.4,21.1,13.5,14.1,10.4,1021,60,58,0
19.9,17.5,23,15.9,15.6,12.2,1018.7,61,75,0
20.8,19,24.1,16.8,17.5,15.2,1018.6,70,85,0.6
20,19,22.8,16.4,17.8,16.4,1016.8,80,85,0
22.9,19.6,28.5,17.9,21,19.9,1012.5,84,78,0
24.7,22,28.2,19.9,23,22.3,1011.5,87,86,0
25.2,21,28.8,22.6,23.6,22.8,1013.1,87,87,0.8
17.4,14.9,21.6,17.7,16.1,15.2,1019,87,97,2.6
15.5,14.4,16.5,13.7,13.9,12.5,1020.9,82,99,0.2
17.8,15,21.1,14.3,15.7,14.2,1020,80,79,0.3
19.8,17.7,23.5,14.6,17.3,15.6,1017.5,77,67,0
21.7,18.5,26.6,15.1,19.1,17.5,1012.9,78,34,0
24.1,20.8,28.2,18,21.3,19.8,1010.2,78,58,0
23.6,20.7,27.1,18.5,21.3,20,1009.6,81,82,0
21.2,19.5,23.2,19,19.7,18.9,1010.7,87,97,1.7
23.2,20.9,26.4,19.5,21.6,20.9,1012.2,87,91,0
21.5,20.2,23.3,19,18.4,16.3,1014.7,74,83,0
21.1,19.8,22.7,17.7,17.8,15.6,1014.1,71,88,0
23.4,20.5,27.2,18.8,20.5,18.9,1012.7,76,71,0
25.3,22,31.3,17,18.3,13.1,1012.9,50,57,0
22.9,20.8,26.4,17.2,18.5,15.7,1015.3,65,70,0
22.1,19.9,25.6,19.2,16.8,12.8,1016.7,57,81,0.6
20.7,18.7,23.7,17.6,18.4,16.9,1016.7,79,93,2.4
22.9,19.1,27.1,16.6,19.8,17.9,1013.4,74,34,0
22.6,21.7,25.5,18.8,20.7,19.6,1011.3,83,87,0.3
22,20.8,23.9,19.9,20.7,20,1010.9,88,100,0
23.4,21,27.3,20.3,22.2,21.6,1009.4,89,89,0
25.8,23.5,28.9,21.9,24.1,23.4,1008.7,87,88,0.1
26.6,23.7,29.6,21.6,24.6,23.7,1009.9,85,77,0
26.3,24.5,30,20.9,24.5,23.8,1010.8,87,48,0
26.2,23.6,30.4,21.3,23.8,22.7,1011,82,52,0
27,24,31.7,21,24,22.5,1010.1,77,48,0
27.5,24.7,32.6,21.3,24.2,22.6,1009.8,76,54,0
28.1,25.9,32.6,23.1,25,23.6,1009,77,76,0
28.8,27.1,31.9,24.9,25.6,24.3,1006.3,76,74,0
26.7,24.7,28.5,25.5,25.1,24.5,1004.5,88,89,32.6
24.7,21.8,28.7,23,23.3,22.6,1006.5,88,88,5.4
23.4,21.2,26,20.1,22.6,22.2,1006.4,93,98,89.5
24.9,22.6,27.6,22.1,24.1,23.8,1005.9,93,100,265.1
22,21.3,22.9,20.8,21.2,20.8,1010,93,100,11.1
22.1,20.6,24.3,20.5,20.4,19.4,1012.7,85,93,4.2
23.8,21.5,27.4,19.7,20.9,19.4,1013.6,77,70,0
24.4,22.2,27.8,19.9,18.9,15.2,1014,57,31,0
22.7,21.8,23.7,19.6,20.9,19.9,1012.2,84,93,2.4
24.5,22.4,27.8,20,23.2,22.6,1009.1,89,92,2.1
24.1,21.9,25.7,23,22.9,22.3,1010,90,100,8.4
22.1,21.4,22.7,20.2,21.3,20.9,1012.7,93,97,5.7
25.1,22.3,28.4,21.6,23.7,23.1,1012.5,89,79,0
26.7,24.5,31.1,22.2,24.9,24.2,1011.1,86,71,0
27.7,25,31.1,23.7,25.2,24,1009.1,81,66,0
27,25.6,28.3,24.1,25,24.2,1005.6,85,84,6.5
26.6,23.8,30.5,22.5,24.9,24.2,1006.6,87,87,76.5
25.9,23.5,27.4,22.5,24.4,23.8,1007.7,88,89,19.6
27.4,25,30.1,22.9,25.8,25.2,1008.2,88,81,2.6
29.1,27.1,32.4,25.5,26.3,25.2,1007.4,80,55,0
29.3,26.9,32.4,23.7,25.9,24.5,1006.8,76,35,0
29.2,27.2,32.6,26.2,26.3,25.1,1006.3,79,43,0
29.3,27.1,32.2,25.6,26.3,25.1,1005.7,78,55,0
29.7,27.5,33.1,25.7,26.5,25.2,1007,77,44,0
27.9,25.7,30.4,26.5,25.9,25,1007.4,85,71,9.9
27,25.5,28.1,26.2,25.7,25.2,1007.8,90,89,24.2
27.9,26.6,28.7,25.7,26.3,25.7,1007.4,88,92,5.8
28.4,27.3,29.5,25.6,26.3,25.4,1007.5,84,88,6.6
29.5,27.6,32.7,25.7,26.8,25.7,1007.9,80,72,0
29.9,27.6,32.7,25.1,26.6,25.3,1007.4,77,54,0
29.9,26.8,32.7,25.6,27,25.8,1006.6,79,59,0
27.6,25.7,29.9,27.5,26.1,25.4,1006.4,88,83,5.6
27.7,25.6,31.4,24.1,25.8,25,1004.8,85,70,8.9
27,24.4,29.7,23.9,24.7,23.6,1002.9,82,89,22.4
26.4,23.6,29.5,23.4,23.8,22.6,1002,80,85,4.4
28,25.3,30.8,23.2,24.7,23.3,1003.8,76,49,0
28.3,26,31.7,23.5,25.5,24.4,1007,79,54,0
28.5,25.6,31.8,22.8,25.1,23.7,1007.8,76,18,0
28.5,26.6,31.4,24,24.9,23.3,1006.8,74,40,0
27.9,26.4,30.2,25.6,25.9,25,1005.7,84,65,21.5
29.1,25.8,32.5,24.3,26,24.7,1007.3,78,52,4.2
28.9,27.7,31.4,27.4,26.6,25.7,1009.3,83,66,2.5
29.2,27.2,31.7,23.6,26.7,25.6,1008.9,81,64,1
28,24.8,30.1,24.6,26.5,25.9,1008.2,89,88,88.8
28.7,26.1,31.2,23,26.3,25.3,1009.2,82,71,0.6
28.5,26.2,31.6,24.9,26.3,25.4,1009.7,84,67,20.8
27.4,25.2,30.3,24.2,25.6,24.9,1009,87,89,77.9
28.5,26.6,31.4,24.4,26.3,25.5,1007.4,84,84,34
27.9,25.6,29.2,24.5,26.1,25.4,1006.8,87,79,19.8
27.6,24.5,29.8,24.6,25.6,24.7,1009.4,84,79,49.2
28.6,27.2,30.7,25.3,26.3,25.4,1010.4,83,60,1.2
28.7,26.9,31,24.8,26.2,25.1,1008.5,81,40,0
29.1,26.3,32,22.5,25.5,24,1006,75,31,0
29.6,26.6,32.7,24,26.1,24.7,1004.3,75,26,0
29.8,27.5,32.5,24.4,25.9,24.3,1003.4,73,37,0
29.8,27.7,32.7,25,26.1,24.5,1002.9,73,40,0
30.1,27.6,33.1,24.9,26.3,24.8,1002.9,74,55,0
30.1,27.4,33.5,24.4,26.4,24.9,1001.7,74,49,0
30.3,27.6,33.6,25.3,26.3,24.7,1000.7,73,59,0
29.8,27.6,32.3,26.7,26.5,25.1,1002.6,76,72,0
28.1,25.7,30.2,24.7,25.9,25,1003.5,84,83,4.9
29.1,27.5,31,25.5,26.8,25.9,1002.4,83,87,10.5
29.4,27.5,31.2,26.7,26.9,25.9,1003,82,86,8.8
29.2,28.2,31,26.4,26.7,25.7,1004.7,82,84,2.8
29.9,27.8,32.9,26,26.6,25.3,1003.6,77,68,0
29.7,27.5,32.4,25.3,26.4,25,1001.3,77,40,0
29.7,27.7,33.5,25.7,25.9,24.3,998.9,73,59,0.4
26.3,24.7,28.5,24.8,24.9,24.2,997.8,88,96,73.3
28.3,25.5,30.3,24.4,26.3,25.5,1006.1,85,90,24.9
29,26.2,31.8,25.6,26.4,25.4,1007.3,81,71,16.1
29.4,27.7,32.3,25.7,26.4,25.2,1007.6,79,72,0.3
29.5,28.1,31.4,26.1,26.4,25.2,1008.4,78,75,0
29.1,27.6,32.2,25.6,26,24.7,1009.4,77,70,2.1
29,27.2,31.7,25.4,26.1,24.9,1009.2,78,72,1.4
28.5,26.7,30.6,25.7,26.2,25.2,1009.9,82,79,4.3
29,27.4,32,26.8,26.3,25.2,1009.4,80,75,1.5
28.9,27,31.4,25.1,26.1,24.9,1008.2,79,73,0
29.2,26.7,32.1,25,25.9,24.5,1009.4,76,41,0
29.3,26.7,32.6,24.2,26,24.6,1010.2,77,24,0
29.1,26.5,32.1,23.8,25.5,24,1008.2,75,21,0
29,25.9,32.7,23.1,25.3,23.7,1006,73,18,0
29.5,27,32.7,24.1,25.9,24.4,1006.7,75,27,0
30,27.1,33.5,24.4,26.1,24.4,1006.8,73,33,0
29.8,27.6,32.3,25.1,26.5,25.2,1004.5,77,67,0
27.7,24.6,28.9,26,26,25.3,999.3,87,92,82.6
25.4,23.8,26.6,23.1,24,23.4,999.6,89,99,140.9
27.7,24.5,29.7,24.2,25.8,25,1003.7,85,92,11.8
28.8,25.7,31.7,24.2,26.6,25.7,1006.4,84,75,10.4
28.9,26.6,31.7,25.2,26.6,25.8,1007.7,84,50,0
27.3,25.2,31.2,25.5,25.5,24.7,1006.8,86,76,9.1
25.8,24.1,28.1,23.3,24.3,23.7,1006,88,84,16
27.4,25.8,30.2,23.4,25.4,24.5,1006.5,85,76,9.1
28.4,25.6,31.6,23.7,25.6,24.4,1008.4,80,33,0
29,26.5,32.6,25,26.1,24.9,1004.4,79,39,0
28.4,26.3,32.5,24.4,25.4,24.1,1002.7,78,60,0.2
28.8,26.6,32.3,23.9,26,24.8,1003.6,79,62,0
28.8,27.2,31.2,25.4,26,24.8,1005.3,80,61,0
28.8,26.7,33,24.9,25.8,24.5,1005.2,78,70,0.8
28.6,27,31.7,25.5,25.2,23.6,1004.9,75,48,1.4
28.6,26.6,31.5,25.8,25.1,23.6,1003.8,75,54,1.9
28.2,26,31.1,25,25.7,24.7,1004.9,82,70,7.9
28,25.6,31.3,24.3,25.8,24.9,1004.4,83,70,8
28.7,26.4,31.6,25.8,26.1,25,1003.9,81,78,0
29,27.1,32.4,25.6,26.4,25.4,1003.9,81,83,1.1
28.3,26,32,24.6,26,25.1,1003.1,83,79,4.8
28.4,26.1,31.8,25.2,26,25.1,1001.9,83,81,13.4
27.2,25.8,28.8,23,25.7,25,1002.9,88,94,12.1
27.7,24.5,30.7,23.8,26,25.4,1005.9,87,86,31.6
28.3,26.2,30.9,25.2,26.3,25.5,1006,86,67,1
28.9,26.6,31.8,24.6,26,24.9,1005.1,79,67,0
29.5,26.5,32.7,25.8,26.7,25.5,1004.2,79,65,0.2
29.1,26.6,32.3,25,26.4,25.4,1004,81,74,0
30,27.7,33.1,26.3,27.4,26.5,1002.5,82,64,0
28.6,25.5,32.7,26.4,26.6,25.9,1001,86,80,46.2
28.9,26.5,31.9,25.5,26.5,25.5,999.7,82,83,0.1
28.4,27.1,30.1,25.7,26.3,25.4,1000.3,84,78,0
28.2,25.9,31.5,25.4,26.2,25.4,1001.2,85,81,28.3
27.2,25.3,29.6,24.8,25.8,25.2,1002.5,89,89,44.6
27.8,25.9,30,25.3,26.1,25.4,1004.3,87,72,30.2
28.4,26.4,30.8,24.5,25.8,24.7,1004.7,81,66,0
29,26.8,31.3,25.2,26.6,25.7,1002.6,82,81,0
28.1,26.2,29.7,26.1,26.3,25.5,1001.2,86,98,24.9
24.1,23,26.6,22.5,23.3,23,1000.4,94,100,188.1
24.6,22.3,26.7,22.1,23.6,23.1,1005.4,91,95,26.8
27.1,25,30.5,23,25.6,25,1010.1,88,63,11.5
27.7,24.8,30.7,22.6,25.4,24.4,1008.7,82,53,0
26.7,24.2,28.3,24.4,23.8,22.5,1003.8,78,96,16.5
26.3,23.8,28.7,22.4,23.5,22.2,999.9,78,92,24.2
26.6,24.9,28.1,23.4,25,24.3,1007.9,87,85,26.5
27.5,25.6,30.4,24.7,25.7,24.9,1009.7,86,79,2.2
28,25.8,30.8,24.2,25.6,24.5,1009.6,81,73,0
28.1,26.2,31.1,24.7,25.4,24.2,1009.1,80,58,0
27.5,25.3,30.7,23,25,23.9,1008.6,81,48,0
27.6,25.7,30.7,23.5,25.2,24.1,1010.1,82,49,0
28,25.2,31.2,23.6,25.6,24.6,1010.7,82,34,0
28,25.8,31,24,25.3,24.1,1009.6,80,58,0
28.2,25.7,31.2,23,25.2,23.8,1008,77,41,0
28.4,26,30.8,23.4,25.4,24.1,1006.9,78,34,0
29.1,26.2,32.6,23.7,25.8,24.4,1007.1,76,33,0
29.1,27.1,31.8,25.6,26,24.8,1008.6,78,54,3.6
27.2,24.3,28.6,23.8,24.8,23.7,1009.8,81,85,14.1
26.4,23.5,28.8,22.9,24.6,23.8,1010.5,86,89,67.8
25.6,21.2,29.1,25.9,22.3,20.6,1012.4,74,81,0.2
22.2,19.3,25.3,17,17.7,14.6,1015,62,63,0
22.7,20.3,26,18.5,17.7,14.3,1015.4,60,87,2.6
23.8,20.9,25.9,19.2,18.8,15.6,1014.9,61,88,0.2
24.6,22.3,27.1,20.4,19.8,16.8,1012.7,62,89,0
25,23,27.7,20.5,20.3,17.5,1010.3,64,81,0
24.6,23.1,26.4,21.1,21.7,20.2,1009.8,77,88,2.8
24.1,22.7,24.9,21.8,22.4,21.5,1010.2,85,96,13.8
24.4,23.3,25.2,21.6,22.1,21,1009.4,82,90,2
24.7,23.3,26.8,23.2,23,22.1,1009.6,86,88,6
24.9,22.8,26.7,21.9,22.3,21,1011.7,79,84,12.8
26.4,24,29.6,22.3,23.8,22.6,1013.5,80,81,0
27.3,25.5,30.2,24.4,24.4,23.1,1013.3,78,51,0
27.2,25.6,29.3,23.6,24.7,23.6,1011.1,81,54,0
27.8,25.2,31.4,22.4,24.7,23.3,1009.1,77,61,0
27.8,25.2,30.2,22.6,23.8,21.9,1007.2,71,83,0
27.8,25.4,30.5,22.3,23.3,21.1,1004.7,67,83,0
25.7,23.7,27.3,22.3,23.5,22.5,1003.9,83,97,31.8
26.1,24.6,28.2,22.5,24.8,24.2,1005.7,89,92,57.7
26.1,24.9,27.2,23.4,24.3,23.5,1008.5,86,91,6.8
24.9,22.8,27.2,22.4,23.1,22.2,1011.1,85,83,3.1
24,21.3,27,20.8,21.3,19.9,1014,78,82,0
25.2,23.2,27.9,20.9,21.8,19.9,1014.2,73,55,0
26.3,23.9,29.8,21.1,22.9,21.2,1013,74,37,0
26.5,24.7,29.9,22.7,23.3,21.8,1011.3,76,45,0
25.9,24.8,28.2,22.5,23.6,22.5,1009.4,82,67,0
26.9,24.9,29.7,23,24.7,23.8,1010.1,83,49,0
24.9,20,28.7,23.1,22.3,21,1014.5,79,72,4
20.1,17.8,23.2,16.5,16.1,13.3,1019,65,60,0
19.7,16.8,22.8,16.5,15.8,12.8,1018.8,64,65,0
20.8,17,24.8,16.3,15.1,10.5,1020,52,53,0
20.7,17.4,23.8,16.4,14.6,9.2,1021,48,35,0
20,16.6,23.9,13.5,14.1,8.9,1020.3,49,13,0
20.9,17.5,24.9,14.4,15.7,11.6,1018.8,55,24,0
22.1,18.3,25.8,14.4,17.2,13.7,1017,59,26,0
22.8,19.4,26.4,15.2,18.2,15.1,1016.1,63,29,0.1
22.7,19.4,26.8,15.5,18,14.8,1016.3,62,28,0
22.2,19,25.7,14.7,16.1,11.1,1015.5,51,72,0
22.7,19.7,25.9,15.1,16.8,12.5,1016.5,53,81,0
22.8,21.2,24.1,21.1,17,12.7,1019.3,54,92,0
22.5,21.1,24.5,18.8,18,14.8,1020.1,62,93,0
23,21.1,25.8,19.8,18.6,15.8,1019.6,64,68,0
23.5,21.1,27.8,17.9,19.6,17.1,1018.9,69,52,0
22.8,21.4,24.8,18,18,14.7,1019.1,61,45,0
22.2,20.3,24.8,19,19.1,17.1,1016.4,74,43,0
22.8,20.6,25.8,16.7,20.4,19,1013.6,80,44,0
23.7,21.3,26.6,18.7,20.9,19.4,1013.4,77,35,0
17.6,13.2,23,16.2,14.1,11,1018.2,65,78,0
16.1,12.9,20.2,11.3,12.3,8.8,1020.2,62,41,0
19,15.5,22.4,11.8,15.3,12.5,1018.7,67,29,0
21.6,18.4,25,14.8,18.4,16.3,1017.3,73,38,0
21.9,19.3,25.3,16.7,19.2,17.6,1014.8,77,59,0
22.8,19.4,26.8,15.7,19.1,16.8,1012.5,70,70,0
22,20.1,23.7,19.5,18.7,16.6,1013.9,72,89,0
20.5,19.4,21.3,18.6,18,16.4,1016.4,78,91,0
19.7,18.9,20.6,17.8,16.8,14.8,1017.6,74,92,0
19.7,18.7,20.6,17.6,17.2,15.5,1017.8,77,93,0
21.3,19.7,23,18.4,18.8,17.3,1017.4,78,84,0
23.5,20.9,26.3,18.3,20.1,18.1,1015.6,72,70,0
23.3,21.5,25.5,18.9,20.4,18.8,1015.4,76,82,0
22,19.9,25.4,17.2,18.9,17,1018.3,74,71,0
18.6,16,21.1,16.7,14.2,10.4,1020.8,59,88,0
17.7,15,20.8,14,13.6,10,1020.7,61,77,0
19.6,17.3,21.4,16.3,16.1,13.4,1017.3,68,88,0
21.4,19.8,24.5,18.5,19.3,18,1015.6,81,88,4.8
17.2,14.4,20.6,16.2,15.6,14.4,1016.5,84,95,2.5
15.9,13,17.2,13.4,14.9,14.1,1017.3,90,100,12.9
17.3,16.1,18.4,15.4,16.3,15.6,1017.7,90,100,5
19.6,17.8,21.8,16.9,17.8,16.6,1018.3,83,87,1.1
21.4,19.1,24.4,18.5,18.6,16.8,1018.7,76,81,0
19.2,17.3,21.9,14.8,16.1,13.7,1020,71,69,0
18.3,16.1,21.1,14.1,15.2,12.7,1020.2,70,83,0
18.6,17.4,19.9,14.9,16.1,14.3,1017.9,76,90,0.8
18.6,17.5,19.5,16.6,17.7,17.2,1013.8,91,99,31.5
20.6,19.2,22.4,18.3,19.3,18.5,1015,88,89,0.4
18.9,15.2,21.5,15.6,14.1,9.9,1020.4,56,41,0
15.4,12.4,18.9,9.1,11,6.2,1020.8,55,28,0
16.7,13.3,20.1,9.7,13.3,10.4,1016.8,67,58,0
17.8,15.3,21,9.9,14.6,12,1011.7,69,63,0
18.1,14.9,22.4,8.8,15.1,12.7,1010.4,72,11,0
19.2,16.6,22.5,10.2,16.5,14.7,1014.6,76,36,0
19.4,18,21.5,15.1,16.3,14.1,1016.9,72,55,0
19,17.4,21.2,13.8,16.5,14.7,1017.9,77,30,0
19.7,18.4,22.3,14.7,17.2,15.5,1016.6,77,35,0
21.4,19.1,25.1,16.2,18.4,16.5,1015.1,74,58,0
20,18.7,21.8,17.6,17.7,16.3,1014.9,80,83,0
19.3,16.1,21.2,16.9,18.1,17.3,1015.8,89,100,8.4
15.1,13.5,16.5,12,13,11.2,1021.8,78,94,3
15.7,13.5,18.9,12.3,12.7,9.9,1023.5,69,74,0
16.2,13.5,19.5,11.5,13.2,10.5,1022.1,69,66,0
16.8,14,20,11,13.8,11.4,1021.1,71,39,0
16.5,14.4,19.2,11,13.5,11,1020.6,70,32,0
16,13.4,19.8,9.2,12.9,10.3,1022.1,69,23,0
14.3,11.2,17.5,7.2,11.1,8,1023.2,66,22,0
14.6,12.2,17.2,7.9,11.3,8,1023.2,65,79,0
14.6,12.6,17.9,10.4,10.8,6.8,1023.7,59,81,0
14.3,11,18.4,6.2,8.2,-0.2,1024.3,38,4,0
14.4,11.5,18.1,5.1,7.2,-4.7,1025.7,27,2,0
12.4,9.7,15.5,5.6,7.2,-0.4,1026.1,42,0,0
13.2,9.8,17.4,5.6,9.3,4.6,1023.8,57,5,0
14.5,10.8,18.6,5.3,10.6,6.2,1022.5,60,2,0
15.9,13,19,6.3,8,-4.2,1023.7,25,0,0
15.2,12,19.7,6,8.2,-2.3,1026,31,0,0
14.3,12.3,17.2,8,9.5,3.7,1023.5,50,0,0
15.1,12,20.3,5.8,11.2,7.3,1021.8,61,0,0
15.2,12.5,18.7,5.7,11.9,8.8,1019,67,4,0
16.7,13.4,20.6,7.1,14,11.7,1017,73,18,0
16.4,14.6,19.2,7.8,13.4,10.7,1015.8,70,37,0
16.7,15.1,19.6,8,13.6,11.1,1014.2,70,51,0
17.9,15.3,21.6,10.7,14.4,11.6,1015.5,68,5,0
17.3,15.8,20.2,14.1,14.7,12.6,1018.5,74,27,0
17.6,16,20.9,13.1,15,13,1018.4,75,30,0
18.2,15.3,21.7,10.3,16,14.4,1015.5,79,2,0
17,13.8,20.7,11.9,13.8,11.1,1015.7,69,6,0
14.1,12.4,17,8.6,10.2,5.9,1019.6,58,57,0
13.7,9.9,16.2,8,9.7,5.2,1022,57,84,0.6
14.7,12.3,17.3,9,10.9,6.9,1021,60,70,0.2
12.9,10.3,15,11.9,11.4,9.9,1019.3,83,94,12.6
12.1,8.6,16.1,7.4,8.9,5.1,1021.4,64,66,1.1
12.7,9,16.4,6,8.8,4.1,1022.6,56,31,0
13.7,12.7,15.4,8,10.9,8.2,1020.2,69,86,0
11.6,9.5,13.4,11.5,9.9,8.2,1018.7,80,99,0
9,7.9,10.3,7.5,7,4.6,1019.6,74,95,0.3
6.6,5.6,7.9,5.6,5.3,3.6,1020.9,81,100,1.9
8,5.5,10,5.3,4.6,-0.9,1020.3,55,98,1.3
10.4,9.1,12.2,8.1,6.7,1.4,1018.8,54,100,0
12.5,9,16.5,6.6,8.5,3.5,1019.1,55,69,0
13.3,10.5,16.8,6.4,9.1,3.9,1021.2,54,64,0
13,11.4,15.8,9.3,7.8,0.6,1022,43,84,0
12.6,11.5,14.2,9.3,8.4,3.1,1021.9,53,90,0
11.2,9.8,12.7,9.2,8.2,4.6,1024,64,93,0
12.4,9.6,16.3,10.7,9.1,5.2,1024.3,62,69,0
13.4,12,16.6,8.6,10.8,8.1,1022.3,71,67,0
14.6,12.2,18.8,8.8,12.2,9.9,1020.8,74,68,0
14.6,12.5,18.6,10.9,12,9.5,1018.6,72,92,0.4
17,13.9,21.2,12.6,15,13.6,1016.1,80,91,1.3
16.3,14.6,19.9,13.7,14.6,13.2,1016.2,83,74,0.3
16.4,14.4,19.5,13.2,14.5,13,1016.4,80,66,0
17.4,14.8,21.7,11.9,14.9,12.9,1017.3,76,53,0
14.9,12.6,16.8,8.9,12,9.2,1019.1,69,63,0
16.3,13.6,20,11.2,13.8,11.8,1018.1,75,50,0
17.1,14.4,22.3,10.2,14.4,12.3,1018.6,74,21,0
15.4,13.6,18.3,11,12.5,9.8,1018.1,70,44,0
15.5,13.5,19.4,12.7,13.2,11.1,1016.8,75,65,2.3
17.9,14.7,21.8,12.8,14.5,11.8,1014.8,68,60,0
19.3,17.4,22.4,14,17.1,15.7,1014.4,80,86,0
20.5,18.9,23.6,16.9,19.3,18.6,1013.6,89,78,0
21.7,18.8,25.5,18,19.4,18.1,1013.7,81,34,0
16.6,15.4,20.8,15,14.7,13.2,1016.4,81,88,0
17.2,15.2,20.2,14.6,15.4,14.1,1015.2,82,87,0
18.2,17,20.2,17,17.6,17.2,1013.1,94,98,9
16.4,15.7,17.6,15,15.7,15.2,1012,93,100,0.6
16.9,15.4,18.2,14.7,15.7,14.8,1012.8,88,95,0.2
17.5,16.4,18.5,15.8,16.4,15.6,1011,89,90,0
21.5,18.5,25.5,17.1,20.3,19.6,1010.3,89,92,0
18.9,16.2,21.8,17.6,17.9,17.3,1013.8,91,100,1.1
15.5,14.7,16.6,14.2,14.1,13,1017.8,85,97,0
15.5,14.6,16.3,13.5,13.1,11.1,1018.2,75,100,0
15.5,14.7,17.3,14.1,13.8,12.5,1018.6,82,97,0
15.6,14.7,17.5,13.3,13.9,12.4,1020.1,81,94,0
15.3,14.2,17.8,13.9,13.3,11.6,1021.7,79,100,0
15.7,13.2,19.4,11.4,12.7,9.9,1022,69,83,0
17,14.4,20.8,12,13.8,11.2,1022.6,69,62,0
16.3,15,20.5,14.1,14,12,1023.2,76,79,0
16.4,14.6,20.4,13.7,13.9,11.8,1022.9,75,77,0
17,14.4,21.9,12.6,13.2,9.9,1023.9,64,67,0
15.6,12.5,20,8.6,11.9,8.4,1025,63,24,0
15.8,13,19.9,9.5,12,8.3,1023.5,61,6,0
17.7,14.1,22.5,8.9,13.9,10.6,1019.7,64,0,0
17.8,16.8,20,10.7,14.8,12.4,1018.7,71,48,0
18.5,15.4,22.7,13,15.8,13.8,1017.2,75,39,0
18.3,16.4,21.5,13.6,15.9,14.1,1015.4,77,35,0
18.2,15.2,22.3,12.6,15.1,12.7,1013.8,71,23,0
20.4,17,24.8,12.7,17.8,16.2,1012.7,78,14,0
20.2,16.5,25.1,15,17.8,16.2,1012.8,78,61,0
17,13.2,20.8,9.5,13,9.4,1017,62,15,0
18.9,15.6,24.9,12.7,14.6,11.1,1019.5,62,22,0
18.9,16,23.5,12.5,15.4,12.6,1018.4,68,48,0
21.6,18.2,26.9,15.1,18.2,16.1,1016.6,72,43,0
22.3,19.1,27.1,14.9,19.2,17.2,1015.2,74,51,0
21.3,19.4,23.6,18.6,20,19.3,1014.3,89,77,0
22.4,20.4,26.1,19.3,20.6,19.7,1012.9,85,74,0
23.5,21,27.2,18.8,21.2,20,1011.6,81,85,0
24.2,22.8,25.8,22,22.4,21.5,1010.9,86,93,0
24.8,22.2,28.7,21.6,23.1,22.3,1009.6,87,87,0.3
21.7,20.5,23.6,20.4,20.3,19.5,1012,88,89,13.6
22.6,20.5,26.4,18.7,20.2,18.9,1014.4,80,82,3
20.9,19.9,21.6,18.3,19.4,18.6,1014.5,87,88,0.8
21.2,19.1,24.4,17.1,19.3,18.1,1012.4,83,73,0
22.8,20.3,26.5,18.3,21,20.1,1011.8,85,66,0
23.4,21.1,27.8,18.2,21.5,20.6,1012.8,84,52,0
24.3,21.5,28.2,18.5,21.7,20.4,1012.7,79,45,0
23,19.9,25.5,17.4,19.8,17.9,1015,74,69,0.1
20,18.2,23.1,16.3,16.3,13.5,1017.2,67,70,0
20.6,18.5,23.6,15.7,16.1,12.5,1017,61,41,0
21.5,19.3,24.4,18.5,18.5,16.5,1017.4,74,54,0
22.8,19.8,27.2,16.4,19.3,17.1,1015.5,71,25,0
23.7,20.4,28.2,15.4,20.5,18.8,1012.9,75,11,0
22.4,21,24,18.6,19.6,17.9,1013.5,76,78,0
21.6,20.3,24.2,18,19.3,17.9,1013.2,80,68,0
23,20.1,26.8,16.3,19.8,18,1013,74,11,0
22,20.9,24,19.2,19.6,18.3,1015.6,80,77,0
21.8,20.2,24.8,19.7,19,17.4,1015.4,76,71,0
23.2,20.6,26.3,19.1,20.2,18.5,1014,75,66,0
24.2,22.4,27.8,19,20.9,19.1,1011.5,74,48,0
23.1,21.7,25,17.6,21.4,20.5,1011.7,85,76,0
23.4,22.2,25.9,21.5,22,21.3,1010.7,88,93,0
24.4,22.4,27.9,21.1,22.6,21.7,1008.8,85,67,0
25.6,23,29.8,20.2,23.1,22,1007.8,81,41,0
26,23.6,30.3,20.9,23.2,22,1009.9,79,55,0
23.4,21.8,26.3,21.6,21,19.6,1011.7,79,81,0
25.2,21.8,29.3,19.1,22.1,20.5,1010,76,51,0
25.9,23.4,29.8,20.6,23.4,22.3,1010.2,81,53,0
25.8,23.7,29.6,22.5,23.7,22.7,1010.6,83,71,0.1
25.2,24,27.2,23,23.5,22.7,1010.6,86,84,1.8
25.8,23.9,28.7,22.4,23.6,22.5,1010.1,82,79,0
26,24.3,28.6,22.7,23.9,22.9,1009.1,83,89,0
26.6,24.3,29.5,24.2,24.6,23.7,1008.1,85,86,1
22.1,18.8,25.1,16.4,20.2,19.1,1010.4,83,100,1.2
23.5,19.6,28.2,17.3,17.1,12.4,1013.8,50,48,0
23.4,21.2,26.3,16.5,19.5,17.2,1014.7,69,48,0
24.4,21.2,28.7,16.8,20.4,18.2,1014.8,69,46,0
24.6,22.1,28.2,17.4,20.9,18.9,1012.2,71,80,0
24.6,23.4,26.6,22.2,22.5,21.4,1008.8,83,92,6.5
24.4,22.8,25.9,22.8,23.1,22.5,1008,89,93,23.2
23.6,22,25.8,21.3,22.1,21.4,1008.7,88,88,14
25.2,23.4,28.9,21.9,23.2,22.2,1009.7,84,78,0
25.6,23.8,28.8,21.6,23.1,21.8,1010.3,80,70,0
25.3,23.9,28.2,21.2,22.6,21.2,1009.9,78,72,0
25.8,24.2,28.6,21.6,24.1,23.4,1008.2,86,81,0
27.4,25.2,30.3,22.7,24.9,23.8,1007.8,81,81,1.2
27.7,26.1,30.6,23.5,25.1,24,1008,80,78,0
25.1,22.5,27.4,23.7,23.8,23.2,1007.5,90,82,106.1
24.9,23.8,26.3,20.4,23.5,22.9,1009.1,89,89,0.8
24.8,23.5,26.7,21.5,23.2,22.4,1009.5,87,90,0.4
25.4,24.7,27,22,24,23.4,1009.3,88,91,0
27.2,25,30,22.7,25.1,24.3,1009,85,77,0.4
27.8,24.8,31.6,21.8,25,23.8,1008.4,80,73,0
27.8,25.4,31.6,21.7,25.5,24.5,1008.3,83,58,0
26.8,25.5,29.1,23.5,25,24.2,1008.8,85,76,0.2
28.2,25.3,31.8,22,25.3,24,1008.4,79,45,0
28.8,26.6,31.9,23.5,25.8,24.5,1008.4,78,67,0.2
28.8,26.8,31.8,23.6,25.9,24.7,1009.7,79,70,0.4
28.1,26.1,30.7,23,25.6,24.6,1010.4,81,77,4
28.1,26.4,31,23.4,26.2,25.4,1010.5,85,72,11.3
28.4,26.6,31.3,24,26.1,25.1,1008.7,83,64,2.2
28.7,26.2,32.4,23.6,26,24.8,1006.2,80,60,2.1
29.1,26.6,32.2,23,25.6,24.2,1005.6,75,54,0.1
28.9,26.4,30.9,24,26,24.8,1004.6,79,82,6.5
29.3,27.8,31.5,25,26.1,24.8,1002.8,77,73,0.2
28.1,24.3,31.3,25.2,25.8,24.9,1002.4,83,95,37
26.6,24.5,28.5,22.1,25.4,24.9,1004.2,90,93,78.4
28.1,25.6,30.1,24.8,26.2,25.4,1006.2,86,80,14.6
28,26.2,29.7,23.4,25.8,24.9,1007.2,84,82,12.9
27.2,25.3,28.5,24.4,25.5,24.8,1006.6,87,88,28.6
28.2,26.5,31.2,23.1,26,25.2,1006.1,84,84,6.2
28.8,26.6,31.5,24.3,26.1,25.1,1007.7,80,66,2.4
29.1,26.5,32.1,23.3,26.1,24.9,1009.1,79,40,0
29.4,27.2,32.4,24.9,26.3,25.1,1007.7,78,38,0
29.2,27,32.4,23.6,26,24.8,1005.2,78,34,0
29.6,26,33.7,23.1,25.1,23.2,1002.5,70,26,0
27.4,25.1,29.5,23.8,24.7,23.5,995.8,80,83,87.9
26.4,24.3,27.7,23.2,25.1,24.6,997.5,90,95,95.3
27.5,25.8,29.6,23.9,26,25.3,1004.2,88,85,4.4
28.7,26.7,31.7,24,26.1,25.1,1005.4,82,56,0.3
28.8,26.4,32.3,24,26.4,25.4,1007.7,82,67,8.5
29.1,27,32.1,24.4,26.2,25.1,1009.3,79,74,1
28.5,26.2,31.6,24.5,25.8,24.7,1008.7,81,83,3
28.9,26.7,32.2,24.3,25.8,24.5,1008.8,78,70,0.6
29.3,26.8,32.5,23.1,25.9,24.5,1008.1,76,51,0
29.6,25.6,32.7,23.2,26.4,25.1,1007,77,60,1.9
28.8,27.2,30.9,23.7,26.3,25.3,1005.9,81,81,5.5
28.6,26.3,31.4,24.1,26.1,25,1007.3,81,80,10.4
28.2,27.2,30.1,25,26,25.2,1007.4,84,78,5.2
28.4,26.9,31.6,24,26,25.1,1007.2,83,74,19.3
28.8,26.7,31.3,24.3,26.2,25.1,1006.1,81,68,4.8
29.3,27.8,31.7,24.5,26.1,24.8,1005.8,77,66,0
28.7,25.6,31.5,23.6,26.2,25.1,1006.6,81,81,7.9
29.5,26.6,32.6,23.4,25.8,24.2,1007.3,74,36,0
28.8,27.3,31.2,25,26.5,25.5,1006.9,83,71,10.9
27.9,26.2,29.7,24.2,26,25.1,1006,85,74,23.8
28.1,26.3,30.3,23.7,25.9,25,1004.7,83,72,8
28.6,26.7,31,23.5,26,24.9,1005.2,80,72,2.3
29.3,27.5,32.2,24.7,26.3,25.1,1006.5,79,54,0.4
29.4,27.1,32.6,24.1,26.4,25.1,1007.2,78,45,0
29.3,26.9,32,25,26.2,24.9,1006.6,78,74,4.4
28.3,24.6,30.9,23.5,25.8,24.8,1006.3,82,83,24
28.5,25.4,31.3,23.5,25.8,24.7,1009.6,80,76,4
28.4,24.6,31.8,23.1,25.7,24.5,1010.9,80,61,8.6
29.2,26.1,32.2,23.1,25.7,24.2,1008.2,75,33,0
28.7,25,31.7,24.5,25.9,24.7,1005.9,79,73,51.8
27.4,25.4,28.6,23.4,25.6,24.8,1005.2,86,84,9.3
28.2,25.5,30.6,23.5,26.2,25.4,1005.8,85,54,11.7
29.1,26.7,31.9,23.5,26,24.7,1004.2,78,45,0.1
30.3,27.3,33.2,24.7,27.2,26.1,999.6,79,34,0
29.5,26.4,33.7,26.4,26.5,25.3,993.9,79,63,7.6
26.8,23.7,29.3,22.9,24.2,23.1,986.9,81,96,142.5
28.4,26.4,30.7,23.5,26.2,25.3,1000.6,83,86,0.1
28.2,26.7,31.3,24.9,26.2,25.4,1004.8,85,51,0
29.6,26,33.1,23.2,26.5,25.2,1001.7,78,36,0
29.9,28.8,32.3,26.1,27,25.7,994.8,79,83,0
28.7,28,29.3,26.2,26.2,25.2,1000.7,81,94,1.7
28.6,27,30.3,24.4,26,25,1006.9,81,76,0.5
29.1,27.3,31.6,24.4,26.1,24.8,1010.5,78,61,0
29.4,27.2,32.7,24.1,26.3,25,1009.3,78,33,0
29.8,27.2,33.2,25.2,26.8,25.6,1005.7,79,41,0
29.1,25.3,32.8,23.1,26.2,25,1005.4,79,52,7.5
29.8,27.7,32.5,24.9,26.7,25.4,1005.8,78,42,0
29.4,27.7,32.3,25,26.4,25.1,1003.5,78,49,0
28.8,26.5,31.2,24,26.2,25.2,1001,81,78,18.7
28.5,26.5,30.5,26.4,26.4,25.6,1000.6,84,88,17.1
26.9,25.2,28.5,25.1,25.3,24.7,1003.6,88,92,14.4
27.2,24.5,30.8,22.9,25.6,25,1005.1,88,88,33.8
27,24.6,29.6,23.9,25.7,25.2,1004.6,90,80,55.7
28.1,25.6,30.9,24.1,25.7,24.7,1002.5,82,72,0.1
28.7,26.2,31.8,24,25.8,24.7,1003.3,79,66,0
29,26.8,32.4,24.5,26.1,25,1004,79,79,0.7
25.9,24.8,28.2,24,24.7,24.1,1005.5,90,94,17.7
26.4,24.6,28.6,23.1,24.6,23.8,1008.1,86,79,18.9
28,25.5,31.8,23.8,25.5,24.4,1010.5,81,49,0
28.5,25.7,32.1,22.5,25.4,24.1,1009.6,78,53,0
26.2,22.8,28.6,24.1,23.7,22.5,1002.9,81,89,52.8
24.7,22.3,27.1,21.2,24,23.7,1005.1,94,94,288.1
26.6,24.6,28.9,21.8,25.2,24.7,1010.6,90,83,0
27.7,24.5,31.5,21.2,25.2,24.1,1010.8,81,33,0
27.9,24.8,31.7,21.6,25.2,24.1,1010.1,80,16,0
28.3,25.7,31.8,22.4,25,23.6,1009.4,76,30,0
28.6,26,32.3,22.4,25.4,24.1,1009.5,77,26,0
28.5,25.7,32.1,22.8,25.7,24.5,1009.6,80,36,0
28.8,27,32.4,23.6,26,24.9,1009.6,80,52,0
28.3,26.6,30.9,22.9,25.3,24,1009.9,78,47,0
28.3,25.8,31.8,24.5,24.8,23.3,1011.1,75,39,0
28.5,26.4,32.4,23.8,25.6,24.4,1011,79,38,0
28.7,26.1,31.8,23,25.4,24,1009.4,76,27,0
29.1,26.3,32.5,22.4,25.8,24.4,1008,77,28,0
29.2,26.4,32.6,22.6,25.5,23.8,1008,73,29,0
29.9,27.4,33.7,24.7,26.4,24.9,1009.5,75,46,0
29,26,32.4,24.9,25.9,24.6,1009.9,77,60,14.7
28.1,25.5,30,25.3,25.6,24.6,1009.4,82,74,21.6
28.8,26,31.8,25.2,25.9,24.6,1009,79,55,5.2
29.7,27.2,33.2,25.3,26.8,25.6,1008.4,79,49,0
29.5,27.8,32.3,25.8,26.9,25.8,1006.9,81,83,0
27.5,24.3,30,23.6,25.1,24,1006.7,82,71,24.4
28.5,26.2,32.3,25.4,25.7,24.6,1006.9,80,67,0
28.4,26,31.3,23.7,25.8,24.8,1008.4,81,81,0
29,26.5,33,23,26.4,25.4,1008.4,81,69,0
29.5,27.1,33,23,26.5,25.3,1006.4,79,60,0
29.3,27.4,33,25.2,26.5,25.4,1004.2,80,69,0
27.5,24.9,29.6,24.1,25.6,24.8,1003.7,86,81,48.6
27.6,26.6,29.3,24.7,25.7,24.8,1005.8,85,76,0.4
28.4,26.6,31.5,24.8,25,23.6,1008.1,76,73,4.4
27.6,26.4,29.9,24.2,23.8,22,1007.8,72,74,0.7
28.3,24.7,31.6,23.6,24.6,23,1005.7,74,56,0.3
29,25.8,32.6,21.9,22.8,19.6,1004.3,58,21,0
28.9,25.8,32.5,21.9,22.3,18.7,1004.1,54,10,0
27.9,24.1,31.6,21.2,20.8,16.6,1003.9,50,45,0
23.3,21.8,26.6,20.5,18.4,15.2,1008.1,60,65,0
24.6,21.6,28.3,18.8,20.8,18.6,1008.7,69,79,0
27.2,24,30.5,21.5,23.7,22.1,1007.2,74,43,0
27.8,25.3,30.5,20.8,23.8,21.9,1004.1,70,29,0
28.1,26,31.2,23.3,24.7,23.2,1006.4,75,54,0
27.7,25.7,31.1,23.5,25.3,24.2,1008.5,81,50,14.8
28.3,25.7,31.1,24,24.7,23.1,1010.4,74,51,0
28,26.1,30.7,23,24.2,22.5,1011.9,73,54,0
27.7,26,30.8,23.6,23.7,21.7,1010.7,70,62,0
26.4,24.8,27,24.3,24.4,23.6,1009.2,85,93,15.6
26.7,25.1,27.8,24.2,25.2,24.6,1010.4,88,90,43.8
27.3,25.8,30,24.6,25.4,24.5,1012.8,85,73,7
28.1,25.6,31.3,22.9,25.1,23.8,1013.2,78,34,0
28,26.4,30.7,24.2,25.1,23.8,1012.1,78,46,0.5
27.7,26.1,30.6,24.1,24.9,23.6,1010.2,79,68,0.1
25.6,23.6,28.9,21.2,20.9,18.2,1009,64,60,0
24.3,22.2,28.1,20,19.2,16,1007.9,60,63,0
24.4,22.6,26.5,20.6,19.4,16.3,1007.6,61,85,0
24.3,22.4,26.5,20.4,20.4,18.2,1009.3,69,89,0
24.2,22,25.7,21,21.1,19.4,1011,75,85,0.7
25.7,22.1,29.3,18.9,19.7,15.9,1009.3,56,39,0
25.1,22.2,28.9,20.2,16.9,10.4,1008.8,40,64,0
22.4,19.1,26.3,14.5,14.3,6.6,1012.2,36,35,0
22,18.8,25.8,12,15.5,10,1016.7,47,14,0
22.5,19.1,27,14,16.3,11.5,1018.9,51,10,0
23.3,19.8,27.4,15,18.4,15.2,1017.9,62,39,0
24.6,21.2,28.7,17.4,20.3,17.8,1016.2,67,20,0
24.8,22.7,28.9,19.8,21.4,19.6,1015.4,73,41,0
24.5,22,28.2,18.9,20,17.4,1016,65,15,0
24,22.2,26.8,19.4,20.2,18.1,1015.7,70,26,0
24,22.5,26.7,20.4,20.7,18.8,1015.6,73,47,0
24.7,22.6,28.1,19.8,21.1,19.1,1016.3,72,23,0
25.6,23,29.4,19.6,22,20,1016.3,72,41,0
24.7,23.8,27,21.9,22.2,20.9,1017,79,83,0
24.2,23.3,26.8,22.4,21.4,19.9,1017.5,77,76,0
24.1,22,26.7,21.1,20.5,18.5,1017.8,71,80,0
23.2,20.3,26.7,17.6,18.6,15.7,1019.3,63,77,0
22.4,19.6,25.7,16.8,18.3,15.6,1019.8,66,66,0
21.6,19.8,23.4,19.5,19.2,17.7,1018.1,79,89,1.9
19.1,17.6,21.9,18.2,17.5,16.4,1017.2,85,96,15.8
20.8,17.5,25.3,15.8,16.3,13,1018.4,62,69,0
21.6,18,25,13,16.8,13.2,1018.8,60,62,0
22.2,20.4,25.1,15.8,18.3,15.8,1018.1,68,30,0
22.8,20.6,26,18.3,19.2,17,1018.4,70,32,0
23.4,21.5,26.8,19.1,20.2,18.3,1017.4,74,28,0
23.1,21.3,25.8,18.6,20.4,18.8,1016,78,26,0
23.2,21.6,26.3,18.8,19.6,17.5,1016.9,71,21,0
23.2,21.6,26,19.4,20.3,18.7,1016.8,76,50,0
23,22,25.9,19.9,19.4,17.1,1016.6,70,53,0
23,21.5,25.9,19.6,19.4,17.2,1016.8,70,30,0
23,20.8,26.6,18.4,20,18.3,1017.4,75,26,0
22.3,19.3,26.2,19,18.2,15.5,1018.8,66,53,0
21.4,18,24.6,17.8,17.2,14.4,1018,65,11,0
21.7,18.6,25.9,14.7,17.1,13.9,1018.1,62,11,0
21.7,18.5,26,15.7,16.3,12.1,1018.7,55,13,0
19.2,16.9,23,13.9,12.8,6.5,1018,44,57,0
17.9,15.3,21.6,11.9,11,3.1,1017.7,37,40,0
17.3,13.8,21.3,8.9,10,0.8,1019.8,33,9,0
18,14.4,23.1,8.1,10.4,1,1021.5,33,3,0
18.1,14.7,22.5,7.9,11.9,5.1,1022.8,43,4,0
19.2,16.1,23.7,8.7,14.4,10.3,1023.3,58,13,0
20,15.6,24.8,9,14.5,9.5,1022.3,53,12,0
21,17.6,26,13.1,14.8,9.4,1020.8,49,16,0
20.7,18.2,24.5,13.7,13.5,6.5,1021.4,41,47,0
20,17.3,23.8,12,11.9,2.5,1022.4,32,52,0
19.6,17.3,22.5,14,12.5,4.5,1022.6,38,81,0
19.9,18.5,22.5,15.4,15.3,11.5,1020.7,59,84,0
20.8,17.7,25.4,13.3,16.4,13.2,1016.7,64,22,0
21.2,18.5,25.4,13.9,17.9,15.7,1014.5,71,17,0
22.9,19.5,27.7,16.4,18.8,16.1,1015.4,67,62,0
18.7,13.1,22.5,19.4,14.6,11.2,1021.1,62,83,0
14.6,11.7,18.2,9.7,9.9,4.5,1022.9,51,42,0
16.8,13,20.6,9,12.2,7.7,1020.7,56,57,0
19.6,15.8,22.9,14.8,15,11.1,1018.8,59,85,0.8
19.8,18.3,22.3,16,14.6,10.2,1018,55,88,0
19.7,18.3,22.9,16.2,15.8,12.8,1017,65,84,0
20.8,18.7,24.6,15.8,16.5,13.3,1016.6,62,77,0
20.2,18.3,23.7,13.6,16.7,14,1017.4,68,51,0
17.5,16.1,18.9,17.5,14.4,11.7,1019.5,69,90,0
16,14,19.4,13.5,12.5,9.3,1023.3,64,68,0
16.3,13.8,18.7,9.7,12.4,8.8,1024.8,62,76,0
17.1,14.9,20.5,12.5,14,11.4,1023.2,69,21,0
19.4,15.1,25.1,10,15.2,11.9,1021.1,64,8,0
18.8,16.9,22.7,13.7,15.9,13.8,1021,73,23,0
18.1,15.6,21.6,12,14.8,12.1,1021.4,69,18,0
19,15.9,23.1,10.9,15.4,12.5,1022.4,67,7,0
17.9,15.9,22,12.1,14.5,11.7,1024,68,20,0
17.3,14.3,20.9,12,12.7,8.2,1022.3,56,51,0
17,14.8,19.7,13.3,14.3,12,1018.7,73,96,5
16,15.3,17.1,12.8,15.6,15.2,1018.4,95,100,97.8
16.9,15.7,17.6,15.2,16.1,15.5,1020.1,92,97,11.2
17.8,16.8,19.7,16,16.2,15.1,1020.7,85,95,0
16.4,15.3,17.8,15.9,15.7,15.2,1020.2,93,100,27.3
16.3,15.5,17.3,15,15.4,14.8,1018.2,91,96,21.4
17,15.3,20.6,13.3,15,13.4,1017,79,86,0
17.2,16.2,18.7,14.9,15.4,14.1,1015.1,82,73,0
18.4,16.7,20.7,15.1,16.8,15.8,1014,85,78,0
15.7,12.5,19.3,16.4,14.9,14.2,1013.4,91,83,11.6
12.3,9.8,16,8.6,9.1,5.3,1019.6,63,31,0
13.6,10,18.1,6.7,10,6.1,1023,61,31,0
14.7,11.9,17.7,7.3,12,9.5,1022.8,71,43,0
16.2,12.7,21.2,8,13.2,10.5,1019.8,70,7,0
17.5,14.2,21.7,10.7,14.3,11.6,1020.4,70,9,0
16.6,13.7,20.5,9.8,11.6,6.4,1018.5,51,10,0
15.6,13.4,18.1,10.1,12.8,10.2,1017.8,70,71,0
15.4,13.4,18.1,11.3,13.5,11.9,1017.7,80,90,4.4
15.3,13.9,16.9,13.8,14.8,14.3,1017.1,94,100,33.1
15.2,14,17.1,14.3,13.6,12.3,1018.5,83,91,9
14.2,12.5,17.1,12.1,11.4,8.8,1020.8,70,78,0
14.4,11.6,17.8,7.5,11.2,8,1021.6,66,33,0
15,11.4,19.2,7.5,11.6,8.4,1021.7,65,40,0
14.9,12.5,18.2,7.5,11.7,8.6,1018.6,66,35,0
13.7,10.6,18.6,6.2,10.2,6.3,1016.8,61,4,0
12,8.6,16.4,5.2,8.9,5.3,1017.8,64,0,0
12,8.5,16.4,4.5,8.3,3.9,1019.1,58,1,0
11.6,7.9,15.9,3.2,8.3,4.3,1021.2,61,23,0
12.1,8.5,16.1,4,8.3,3.8,1023,57,10,0
13.3,9.9,17.5,5.5,9.3,4.7,1024.3,57,9,0
13.7,11.6,15.8,8.3,10.5,7.2,1025.3,65,83,0
14.7,13.3,17.2,11.7,12.1,9.5,1024.4,71,76,0
16.2,14.2,19.7,12.2,13.7,11.7,1023,75,79,0
17.7,14.5,22.6,10.6,14.9,12.8,1020.2,74,31,0
18.2,15.5,22.9,11.6,16.2,14.7,1019.3,80,25,0
18.5,16,22.6,11.4,15.4,13,1020.3,71,12,0
17.8,16,21,13,15.1,13,1017.6,74,49,0
18.7,17.1,20.6,15.8,17.3,16.4,1014.7,87,90,0
20,18.4,22.5,18,19.5,19.2,1015.2,95,96,0
19.9,17.2,22.5,18,18.8,18.2,1015.3,90,67,0
16.1,15.2,17.5,14.1,13,10.2,1020,68,95,0
15.2,13.3,18.2,11.5,12.2,9.4,1022.7,69,75,0
14.9,14,16.5,13.1,12.9,11.3,1022.8,79,89,0
16.4,14.5,20.6,13.7,14.5,12.9,1019.7,80,63,0
17.4,14.9,21.8,11,15.8,14.7,1016.3,84,56,0
19.2,16.4,23.3,16.1,17.9,17.1,1012.5,88,83,0
19.6,18,22.9,15,18.6,17.9,1011.4,90,69,0
18.4,17,20.6,17,16.9,15.9,1013,86,83,0
17,15.8,17.9,12.9,16.2,15.6,1013.7,91,100,0
17.2,14.8,19.3,15.9,16.9,16.6,1015.2,97,100,1.6
15,13.9,16.5,14.5,14.3,13.7,1017,92,100,0.4
13.9,12.3,15.5,12.5,12.8,11.9,1016.7,88,100,0.2
12.3,10.1,13.8,12.3,11.3,10.3,1016.6,88,100,0.1
8.1,6.4,10.5,8.7,6.7,5,1018.3,81,100,1.3
7.3,3.8,11.3,2.9,4.6,0.4,1019.3,62,59,2
8.3,5.7,11.1,2.5,5.8,2.1,1020.6,65,57,0
11.4,7.8,14.7,8.6,9.2,6.8,1021.5,73,66,0
14.3,12.1,17.1,9.5,12,10,1018.6,75,73,0
15.6,12.9,18.8,12.3,13.8,12.4,1016.8,82,71,3.9
14.4,13.6,15.8,13.3,13.1,12.1,1014.6,86,99,0
15.3,13.8,16.9,13.4,14.4,13.8,1014.7,91,97,0
19.6,16.3,23.2,15,18.3,17.5,1016,88,64,0
19.6,17.1,23.3,16.7,18.6,18,1016.6,91,79,0
17.8,15.9,21.9,15.9,16.6,15.8,1016.5,88,79,0
18.9,16.5,22.4,16.2,17.3,16.3,1015.9,85,92,0
15.4,14.8,17.8,14.4,14.4,13.6,1018.3,89,90,0
15.9,14.3,19.2,12.7,14.2,12.9,1016.6,83,72,0
17.6,15.6,21.6,13.6,15.7,14.3,1013.8,81,79,0
15.5,14.3,17.2,14.2,14.1,13.1,1015.2,86,94,1.7
14.9,13.6,17,11.6,13.1,11.6,1013.7,81,90,0
16.4,14.7,18.6,13.7,15.7,15.2,1009.4,92,97,0.5
14.9,10.1,18.2,14.6,13.4,12.1,1011.3,84,90,9.3
10.1,9.4,10.8,9.3,7.9,5.3,1017.2,73,100,1
10.3,8.7,11.7,9,6.9,2.2,1019.3,58,100,0
13,10.2,16.8,9.4,7.7,0.5,1019,43,55,0
13.6,10.5,18.6,5,7.7,-0.7,1019.5,38,2,0
14.1,10.7,19,7.3,8.3,0.2,1020.3,40,1,0
14.9,10.6,19.9,4.6,9.1,1.4,1022.8,41,0,0
14.9,11.9,18.7,6.7,11.1,7.1,1024.8,61,1,0
15.1,12.1,19.2,7.9,11.8,8.6,1023,66,8,0
17.4,13.9,22.6,10.1,14.4,11.9,1018.6,71,18,0
19.6,16.3,24.2,13.3,17.5,16.1,1015.4,81,49,0
20.3,18,24.4,15.4,19,18.1,1013.3,88,34,0
20.8,18,24.7,14.3,19.1,18.2,1013.9,86,24,0
18.2,17.2,20.2,16.6,16.7,15.6,1016.6,85,89,0
18.2,16.4,20.2,15.7,16.7,15.6,1016,85,86,1.6
16.9,13.9,21.1,10.6,13.4,10.3,1019,65,55,0.1
17.6,15.1,21,12.2,14.3,11.6,1020.5,68,47,0
19.7,15.7,24.2,12.4,16.1,13.4,1021.5,68,31,0
20.5,18.4,23.9,15.5,17.2,14.9,1020.5,71,55,0
20.9,18.7,24.4,15.6,18.9,17.6,1016.5,82,49,0
21.8,19.9,26,17.6,20.4,19.6,1014.3,87,66,0
22.1,20.4,25.9,19.6,21,20.5,1014.8,90,80,0
22.1,20.4,25.7,18.5,21,20.5,1012.5,90,71,0
23,20.4,27.2,16.8,20.9,19.7,1011.2,83,29,0
20.7,19.3,22.9,16.8,18.1,16.4,1016.3,76,47,0
20.3,18.3,23.4,17.2,18,16.4,1016.1,79,73,0
21.9,19.6,25.3,17,20,19,1013.5,84,65,0
22.9,20.6,27.8,17.8,20.5,19.2,1012.7,80,68,0
19.8,17.5,21.2,18.7,18,16.7,1015.4,83,80,0
19.8,16.5,23.9,12,16.1,13.4,1017,67,40,0
20.2,18.1,23.6,15,15.9,12.5,1018.2,62,24,0
19.9,17.5,22.2,15,16.3,13.6,1017.6,67,77,0.1
22.4,20.2,26.5,18.2,19.8,18.3,1016.2,77,83,0
23.6,21.1,28,20.5,21,19.6,1014.1,79,68,0
22.3,19.3,26.8,18.2,19.4,17.7,1016.4,76,85,0
16.3,15.1,19.6,14.4,14.1,12.3,1020.8,78,99,1.4
16.1,15.2,17.2,14.1,13.7,11.7,1018.8,75,99,0
18.7,16.4,21.4,16,17.2,16.2,1015.2,86,92,0
20,18.8,21.9,17.8,19.1,18.6,1014.6,91,100,0
18.6,17.6,19.7,17.5,17.8,17.3,1014.4,92,100,4.5
20.4,18.5,23.9,18,19.4,18.8,1013.3,91,86,41.6
21.5,19.9,24.3,19.3,20.8,20.4,1011.6,93,95,25.2
18.5,15.3,21.8,17.8,15.6,13.2,1015.2,73,90,0.1
16.7,14.5,19,13.2,13,9.7,1020.3,64,94,0
17.4,16.4,19,15.3,14.5,12.1,1021.7,71,93,0
18.7,16.8,21.9,13.9,15.5,13,1020.4,70,80,0
19.3,17.8,21.7,14.3,16.6,14.7,1019,75,86,0.1
19.6,18.6,22.6,17.6,18,17,1017.7,85,98,0.3
22.1,19.3,25.9,18.6,20.9,20.3,1013.8,90,82,0
23.4,20.5,27.5,18.4,22.3,21.8,1011.8,91,81,0
25.4,23.8,28.7,22.5,23.8,23,1010.8,87,85,0
25.9,24.7,28.3,23.6,24,23.2,1010.6,85,74,0
25.7,24.3,29,23.6,24,23.2,1010.8,86,84,0
26.3,24.1,30.4,23.2,24.3,23.4,1011.6,85,85,0
26.2,24.2,29.1,22.4,24.3,23.4,1011.5,85,73,0
24.3,21.3,28.8,22.2,23,22.3,1012.9,89,81,0
21.4,20.4,23.4,19.7,18.4,16.5,1014.3,74,74,0
21.5,20.1,24.9,18,18.5,16.5,1013.4,74,60,0
21.1,18.9,23.6,18.4,17.8,15.6,1014.3,72,95,2.7
22.5,20.6,26.8,17.8,19.7,18.1,1015.6,76,88,0
22.1,20.1,25.2,16.7,19.9,18.5,1016.5,80,71,0
22.7,20.6,25.8,19.3,20.8,19.7,1014.9,84,81,0
23.5,21.3,26.7,19,21.6,20.6,1012,84,66,0
24.7,22.7,26.6,20,23.2,22.4,1006.7,87,83,58.9
25.5,23.4,30.1,20.3,23.6,22.7,1005.3,85,56,0
25.3,22.7,29.8,19.2,23.1,22,1006.7,83,54,0.8
24.4,21.8,28.5,21.7,23.1,22.5,1008.8,90,82,66
23.9,22,27,21.3,23.1,22.7,1008.9,93,93,0.3
26.2,24.4,29,23,24.4,23.5,1008.4,85,77,0
26.8,25.7,28.7,23.6,24.9,24,1007.6,85,80,0
27.1,23.4,30.1,23.5,24.9,23.9,1007.1,83,75,4.2
24.2,20.8,27.6,22.2,23.1,22.6,1007.1,91,94,79.1
24.3,22.3,28,18.2,23,22.4,1008.9,89,94,24.1
25.1,22.9,28.4,20,23.9,23.4,1008.4,90,83,16.2
23.7,21.3,26.3,23,23.2,22.9,1005.3,95,94,116.2
24,20.2,28.5,17.2,23.3,23,1003.6,94,96,208.8
24.9,22.6,28.5,21.2,23.9,23.5,1003.7,92,88,4.5
25.3,23.1,29.5,21.6,23.8,23.1,1005.2,88,78,7.4
25.9,23.3,29.6,21.7,24.2,23.5,1006.5,87,69,0
25.9,23.8,29.9,22.8,24.2,23.4,1008.7,87,59,0
24.5,23.2,27.3,21.8,21.3,19.5,1010.8,74,71,0
22.5,21.3,23.6,20.5,21.2,20.5,1010.2,89,97,11.2
23.4,21.8,24.7,21.5,22.8,22.5,1009,95,99,1.6
25.4,24,27.7,23.4,24.7,24.3,1008.2,94,88,13.3
24.9,23.4,26.2,23.8,24.5,24.4,1007.7,97,91,54.4
23,22.2,24.6,22,22.2,21.8,1009,93,96,0.9
22.9,21.7,23.6,21.3,22.1,21.7,1010,94,100,0.4
24,22.9,25.2,22.4,23.4,23.2,1009.4,95,98,7.2
24,23.1,25.4,22.4,23.5,23.3,1009.2,96,96,19.3
25.8,23.6,29.2,21.8,24.5,24,1009.1,90,79,0
26.3,24.1,29.9,21.9,24.8,24.1,1008,88,58,0
25.8,24.7,28,23.3,24.2,23.5,1007.7,87,78,0
25,24.4,26.6,24,24.1,23.7,1008.5,93,94,15.5
26.2,24.4,29.3,23.8,24.9,24.3,1010.1,90,69,0.3
27.7,24.7,32,22.5,25.3,24.3,1010.2,82,29,0
25.6,24.2,27.2,23.9,23.9,23,1011.3,86,72,2.8
25.9,23.8,29,22.3,23.1,21.8,1011.1,79,50,0
27.3,24.5,31.4,22.6,24.6,23.4,1010,80,36,0
28,25.9,31.9,24.9,26,25.2,1008.3,85,61,0.8
26.2,24.6,28.4,23.5,25,24.5,1005.2,91,84,22.1
25.4,24.2,26.9,23.5,24.7,24.4,999.1,94,98,57.5
27.1,23.3,31.4,19.2,23.6,21.9,999.1,74,28,0
28.2,25.3,31.9,22.2,25.3,24.1,1002.5,79,19,0
28.2,25.7,31.9,23.1,25.7,24.7,1004.5,82,43,0
28.2,26.5,31,24.2,25.2,23.9,1006.3,78,62,0
27.1,24.9,30.1,24,24.8,23.9,1004.5,83,80,6.8
27.4,25,31.3,24,25.4,24.6,1001.5,85,79,3.8
27.8,25.3,31.6,24.9,26.3,25.7,1003.5,89,82,24.7
29,27.4,32.4,25.5,26.9,26,1005.1,84,78,0
28.7,27.6,30.7,25.9,26.6,25.7,1004.1,84,72,1
27.4,26,29.2,25.4,25.9,25.3,1002.2,88,86,24.9
25.7,23.6,28.2,23.2,25.1,24.8,1002,95,98,205.9
25.6,23.8,27.5,22.8,25,24.7,1003.7,95,94,213.8
24.8,23.3,26.1,23.1,24.4,24.2,1006.7,97,96,232.6
27.7,24.6,30.1,23.9,26.1,25.4,1008.9,87,82,0.6
28.3,26.4,31,24.5,26.1,25.1,1010.2,83,58,0.1
28.5,26.5,31.6,23.4,25.9,24.7,1009.2,80,64,0
29,27.2,32.3,24.8,26.2,25,1007.2,79,53,0
29.2,27.3,32.5,25.9,26.2,25,1007.2,79,51,0
29,26.6,32.2,23.8,25.8,24.5,1006.7,77,21,0
29,26.6,32.8,24.2,26.1,24.9,1007.9,79,31,0
28.3,26.2,31.2,24.2,25.5,24.3,1005.6,80,64,0.5
27.7,26.1,30.6,24,25.2,24.1,1004.4,81,74,4.4
28.7,26.8,32,26.2,26.3,25.3,1004.4,82,69,0
28.8,26.7,32.5,24.8,26.5,25.5,1006.4,83,54,0.3
29.4,26.9,33.1,25.4,27,26.1,1009.6,83,44,0
29.4,27.3,33.1,25.4,27,26.1,1010.5,83,47,0
29.1,27.2,32.9,25.2,26.6,25.6,1007.9,82,47,2.3
29.2,27.5,32.4,25,26.2,25,1005.5,79,54,0
29.1,26.6,32.7,25.5,26.6,25.6,1005.2,81,50,6.2
29.4,27.6,32.9,25.5,26.7,25.6,1006.7,80,47,0
29.5,27.9,32.3,25.8,27.1,26.2,1007.1,83,55,0
29.9,27.5,33.6,25.7,26.9,25.7,1006.2,79,43,0
30.1,27.6,33.8,25.1,26.8,25.5,1003.8,77,39,0
29.5,27,33,26,26.9,25.9,999.6,82,68,13.4
29.7,27.4,33.7,25,26.1,24.6,994.7,74,67,0
29.6,26.5,34,25.5,26.5,25.3,993.3,78,69,31.4
28.9,26.9,32.3,26.3,27,26.3,993.3,86,85,8.4
29.8,27.9,33,25.8,26.2,24.6,992,74,81,0.5
28.7,26.3,32.8,26,25,23.4,994.6,73,69,1.1
28.7,26.1,32.1,23.5,24.8,23,998.3,71,56,0
29.1,26.7,33.3,24,26,24.7,999,78,60,0
28.4,27.1,30.8,25.9,26.4,25.6,1000.7,85,75,2
28.3,26,31.8,25,26.3,25.4,1002.1,85,45,7.4
28.8,26.7,32.4,24.9,26.1,25,1002.7,80,43,0
29.3,26.4,33.3,23.3,26.7,25.6,1002.1,81,42,2.8
29.9,27.8,33.4,25.4,27.4,26.4,1000.8,82,43,0
30.8,28.5,34.2,26.2,27.9,26.8,999.2,80,52,0
30.9,28.7,34.7,27.4,27.9,26.7,997.8,79,58,0
28.4,25.7,30.6,25.2,27,26.5,997.6,89,85,49
27.3,25.4,30.7,24.8,26.2,25.7,997.4,91,92,36.6
27.8,25.6,30.5,24.9,25.1,23.9,997.4,80,94,1.1
25,23.6,26.9,23.2,23.7,23.1,998.5,89,92,5.6
25.5,23.2,27.7,21,23.4,22.5,997.6,84,71,0
27.3,25.2,30.5,23.5,24.7,23.5,997.7,80,82,0
28.1,25.6,31.8,23.8,25.6,24.5,998.9,81,68,0
26.4,25,27.9,24.1,25.3,24.8,999.4,91,93,23.2
26.6,24.8,29.4,23.7,25.1,24.4,999.9,88,80,35.3
28.4,26,31.6,24.7,26.3,25.4,1001.2,84,59,0
29.6,27,33.2,25.3,27.1,26.2,1002.3,83,35,0
29.7,27.7,32.9,26.4,27.3,26.4,1001.6,83,55,0
29.9,27.8,32.9,26.1,27.1,26,1001.7,80,60,0
29.1,26.4,32.2,25.9,26.2,25,1001.1,79,65,0
28.8,26.8,32.4,25.4,26.5,25.6,1001.7,83,71,2.3
27.3,26.4,28,25.7,26.3,25.8,1003.7,92,89,29
27.1,25.5,30.6,25.1,26,25.6,1004.4,92,92,34.1
26.6,25.4,29.9,25.4,25.7,25.3,1004.8,93,95,58.6
25.5,24.6,26.3,24.8,24.8,24.5,1005.1,94,93,52.6
26,24.4,30.1,23.3,25.1,24.7,1005.3,93,80,4.5
25.3,24.8,26.3,23.7,24.8,24.5,1007.4,95,88,12.9
26.4,24.9,29.4,23.5,25.1,24.5,1007.7,89,81,2.4
27.1,25.2,30.5,23.7,25.8,25.2,1004.8,90,58,1
28.3,25.4,31.8,23.5,25.9,25,1000.1,83,35,0
29.4,26.8,33.2,24.6,27,26,997.1,82,54,0
28.8,27.6,31.1,26.3,27,26.2,999.4,86,86,0
26.1,24.3,28.5,25.1,25.1,24.6,1002.9,92,96,59.7
24.8,23.8,25.3,23.3,24.5,24.3,1007.8,97,100,186.8
25.2,24,27.2,23.8,24.7,24.5,1009.4,96,91,41.9
26,23.9,30.2,22.7,24.7,24.2,1008.9,90,77,1.7
27.4,24.6,31.8,21.9,25.3,24.4,1009.6,84,27,0
27.9,24.6,31.4,22.3,25.5,24.5,1008.1,82,29,1.8
28.6,26.3,32.2,24.6,25.5,24.2,1006,77,56,0
28.1,26.2,30.9,23.8,25.1,23.8,1004.7,78,62,0
26.8,24.5,29.3,24,25.1,24.4,1004.3,87,82,23
27.3,25.1,29.1,23.6,25.6,24.9,1006.3,87,89,7.2
27.6,26.4,30.4,24.4,25.7,24.9,1010,85,66,1.9
27.8,26.2,31.1,23.8,25.8,24.9,1011.1,85,39,0.1
28.3,26,31.8,23.3,25.7,24.5,1010.7,81,42,0
28,26.2,31.4,24.3,26.3,25.6,1010.4,87,71,0.7
28.5,26.7,32,24.6,26.3,25.5,1010.6,84,58,0
27.9,25.6,30.8,24.1,25.7,24.8,1010.3,83,64,6.9
28.1,26.3,31.5,23.6,25.6,24.5,1011.5,81,54,0.1
28.4,26.4,31.9,24.8,25.8,24.7,1013.1,81,49,0
28.4,24.8,32.4,23.5,25.1,23.6,1013.5,76,50,3
28.8,26.7,32.1,23.8,25.7,24.3,1012,77,58,0
28.5,26.8,31.4,24.8,25.1,23.6,1012.1,75,71,0
28.4,26.3,31.7,24,24.9,23.4,1012,75,36,0
28.7,26.5,32.9,23.5,24.8,23.1,1011.2,73,13,0
28.8,26.5,32.8,23.9,25.7,24.4,1009.7,77,26,0
28.7,26.7,32.3,23.6,25.7,24.4,1009.8,78,36,0
29,27.1,32.6,24.8,25.9,24.6,1008.8,78,47,0
29.3,27,33.4,24.2,26,24.5,1008.6,76,45,0
28.7,26.9,32.1,23.8,25.6,24.3,1009.4,77,59,0
28.4,26.5,31.2,23.5,25.2,23.9,1010.2,77,54,0
28.4,26.5,32.3,23.7,25.1,23.7,1009.8,76,46,0
28,25.9,30.8,23.5,25.1,23.8,1009.4,78,56,0.1
26.6,24.5,30.5,23.7,24.9,24.1,1009.7,86,87,48.5
27.4,25.4,30.7,22.9,24,22.4,1011,75,64,0
27.9,26.1,30.8,22.8,25,23.7,1011.9,78,43,0
26.4,24.9,27.6,24.4,25.2,24.7,1011.6,90,61,48.4
27.4,25.3,30.5,22.7,25.4,24.5,1009.8,84,44,0
24.9,23.3,27.2,22.5,23.4,22.6,1010.6,88,89,97.5
24.8,22.8,28.3,22.2,22,20.6,1013.1,77,85,0
25.8,23.6,28.3,22.1,23.2,22,1014.4,80,61,0
27,25.6,30.3,23.1,24.9,24,1013.5,84,65,0
26.8,24.9,30,23.1,25.1,24.3,1012.2,87,72,14.3
26.7,24.5,30.2,23.2,24.7,23.8,1012.9,85,83,19.1
26.8,25.5,29.5,23.6,24.6,23.6,1014.6,83,74,1.1
27.1,25.2,29.7,22.9,24.4,23.2,1014.6,80,53,0
26.6,25.1,28.7,24.3,25.2,24.6,1014.3,89,75,14.9
25.9,22.9,29.9,22.8,22.1,19.8,1014.6,71,38,0
25.2,22,29.7,18.6,18.6,14.1,1015.9,51,31,0
25.4,22.6,28.7,18.1,21.2,18.9,1016.6,68,14,0
25.5,23.2,29.2,19,21.5,19.3,1017,69,25,0
25.4,23.3,29.1,19.1,21.6,19.6,1016.6,70,31,0
25.7,24.1,28.8,20.2,22.1,20.3,1015,72,57,0
26.1,24.3,29.7,21,23.2,21.8,1013.6,78,49,0
25.9,24.6,27.9,20.9,23.3,22.1,1011.5,80,81,0
23.8,22.3,25.6,22.6,22.7,22.1,1011,90,94,11.1
24,22.1,26.4,21,22.5,21.7,1012.1,87,92,0
24.7,23.2,26,20.1,22.3,21.1,1013.3,81,88,1.1
25.3,24.2,28.5,20.5,22.8,21.6,1014.2,80,80,0
26.2,24.5,29.3,22.2,23.6,22.4,1014.4,80,59,0
25.9,24.9,27.8,22.9,23.7,22.6,1014.9,82,71,0
25.7,24.8,26.9,23.7,24.5,24,1014.1,90,86,6.4
26.7,25,30.1,22.4,25.2,24.5,1012.6,88,48,0
26.8,24.7,29.9,22.5,24.9,24.1,1012.1,85,31,0
27.1,24.7,30.9,21.3,24.9,23.9,1013.8,83,26,0
27.2,24.3,30.8,21.1,24.2,22.7,1015,77,22,0
23.6,21.1,27,17,19.1,16.3,1017.3,64,60,0
24.1,21.8,27.2,19.7,20.3,18.2,1018.3,70,73,0
25.2,23.7,28.5,21.9,22.2,20.6,1018.5,76,82,0
25.6,24.7,27.4,21.7,22.9,21.6,1019.5,79,77,0
26.4,24.6,29.7,21.7,23.4,22,1019.8,77,47,0
25.4,23.3,29.3,19.7,22,20.2,1018.9,74,53,2.9
24.7,22.4,27.9,20.2,22.1,20.8,1015.8,79,59,0
25.2,22.8,29.2,19.4,22.8,21.7,1013.6,82,38,0
25.7,23.6,29.2,20.6,23.1,21.8,1016,80,48,0
25.2,23.9,27,21.5,22.3,20.9,1017.2,77,53,0
25.6,24.2,28.8,22.6,23,21.8,1015.6,79,60,0
26.3,24.8,30.3,22,24.1,23.2,1014.8,83,50,0
26.8,24.4,30.5,22,23.9,22.5,1015.4,78,24,0
26.3,25.6,27.8,24,24.1,23,1016,83,65,0
26.2,25.1,28.7,23.1,23.1,21.6,1015.9,77,42,0
26,23.4,30.4,20.6,22.7,21.1,1015.1,75,29,0
24.3,23.2,25.3,21.5,20.8,18.9,1015.4,72,92,0
24,23.2,25.7,21.2,22.3,21.4,1011.7,86,100,64.2
25.6,23.9,27.8,22.3,23.5,22.4,1011.5,83,64,9.6
23.4,21,26.9,18.2,19.7,17.5,1014.5,69,21,0
23.5,20.7,26,18,20.4,18.6,1017.4,74,71,0
23.4,22.5,24.3,20.3,20.7,19.2,1017.5,77,93,0
24,22.7,25.5,21.3,21.9,20.9,1015.3,83,85,0
24.9,23.6,27.3,22.1,23.7,23.2,1013.3,91,86,7.6
25.6,24.6,28.4,23,24.5,24.1,1013.8,91,68,0.2
24.6,22.5,27.7,21.2,21.7,20.1,1015.6,77,56,0
21.8,20.1,24.1,17.4,18.7,16.7,1017.8,73,80,0.4
19.5,18.1,21.2,18,17.9,16.8,1018.5,85,95,8.1
21.8,19.4,24.3,18.1,19.7,18.4,1016,81,89,0
22.1,20.2,24.9,19.2,19.5,17.9,1016.8,78,87,0.7
18.3,16.3,20.8,16.4,16.1,14.5,1019.8,79,97,2.1
18.3,17.6,19.3,14.9,17.2,16.5,1018.9,89,97,0.3
16.5,14.5,18.3,15.5,15.6,14.9,1020,90,100,15.8
17.8,14.8,21.6,12.5,13.3,9.3,1020.7,58,29,0
18.8,16.1,21.8,12.5,14.7,11.4,1020.9,62,16,0
19.1,17.4,22.6,13.9,14.4,10.2,1022.9,57,43,0
18.6,15.2,21.6,10.5,14.1,10,1022.9,58,16,0
19.7,17.3,23.6,15.2,15.7,12.6,1021.3,64,56,0
20.3,17.5,24,14.7,17,14.8,1019.5,71,28,0
19.8,16.4,23.3,15.1,14.6,9.9,1022.6,54,26,0
17.4,14.4,21.2,10.1,11.4,4.9,1024.1,44,31,0
18.2,15.8,21.1,10.9,14.3,11.1,1023.1,64,46,0
19.7,16.4,24.1,11.9,16,13.2,1020.3,67,36,0
20.4,18.7,23.1,15,17.3,15.2,1017.8,72,79,0
20.2,17.6,24.4,13.1,17,14.7,1016,71,16,0
20.1,16.8,24.6,12.7,16.3,13.4,1014.3,67,12,0
21.3,18.5,25.2,15.4,15.8,11.3,1014.9,55,51,0
19.1,16,22.7,12.1,15.1,11.9,1017.5,63,45,0
19.7,18,23.5,16.2,16.6,14.3,1018.4,71,62,0
20.4,19,22.6,12.1,18.3,17,1017.4,82,52,0
21.3,20.1,23.1,19.5,19.3,18,1017.4,82,87,0
16.3,12.5,21.9,15.4,12.8,9.1,1023.6,63,92,1.9
12.4,11,14.3,10,7,-1.2,1027.7,39,82,0
13.8,10.5,16.7,9.8,9.5,4.4,1026.2,53,66,0
16.8,13.9,21.3,10.6,12.9,9.4,1024.1,62,49,0
18.3,15.3,22,10.6,15.6,13.6,1020.8,74,36,0
20.5,18.1,24.4,14.3,17.9,16.2,1017.9,76,70,0
19.8,19,21.9,16.5,18.1,17,1018.7,84,89,0
17.9,16,19.9,15.5,15,12.8,1021,72,85,0
16.7,15.6,17.6,14.6,14.8,13.4,1018.3,81,93,6.3
18.3,16.8,20.3,15.2,17.1,16.4,1014.1,89,96,4.7
16.7,14.6,18.8,15.8,15.5,14.5,1014.9,87,77,0.3
15.7,13.2,19.8,10.2,13.2,11,1016.1,74,41,0
16.1,12.7,19.3,8.4,13.9,12,1018.6,77,41,0
18.3,16.8,21,14.7,16.3,14.8,1020.2,80,77,0
19.1,17.7,21.4,16.1,17,15.7,1020,81,82,0
19.7,18.2,22.7,16.5,18.1,17.1,1016.6,85,71,0
19.8,15.8,22.8,15.8,18.6,17.8,1014.2,88,77,0
12.1,9.2,15.8,9.5,9.9,7.6,1019.8,74,100,1.6
11,8.8,12.3,7.5,9,6.9,1022,76,100,0.2
14.5,12.1,16,10.9,13.2,12.2,1019.5,86,100,0
14.3,12.6,16.1,13.4,13.3,12.5,1017.8,89,100,0
12.5,9.7,16.1,7.1,8.6,3.7,1022.7,56,65,0
13,11.1,14.8,10.1,8.6,3,1022.6,51,83,0
15.6,13.5,17.9,11.1,12.6,10,1021.4,70,76,0
16.6,14.8,18.8,13.5,14.1,12.1,1021.7,75,84,0.1
16.2,14.2,18.2,12.5,14.4,12.9,1020.9,81,90,0.2
15,11.8,17.5,9,12.8,10.8,1019.4,76,88,0.7
16.1,14.6,18.7,11.8,13.7,11.7,1019.8,75,90,0
16.7,15.1,19.7,13,13.8,11.3,1019.1,71,74,0
17.4,15.7,20.8,13.5,15,13.2,1019.2,76,72,0
14.5,13.2,17.5,11.9,12.7,11.1,1022.3,80,97,1.5
14.9,12.9,18.3,12.1,12.4,10.1,1021.9,73,92,0
15.7,13.6,17.8,12.5,12.9,10.5,1018.3,71,88,0
16.8,15.6,18.9,14.3,14.9,13.5,1015.8,81,77,0
17.4,15.9,20.5,15.1,15.7,14.5,1015.5,83,68,0
18.3,16.6,21.8,13,16.4,15.1,1016,82,51,0
15.2,13,17.3,14.4,14.3,13.5,1015.1,90,92,6.2
15.3,11.7,19.7,8.8,12.9,10.9,1016.6,76,53,0
16.1,14.9,17,12.9,14.8,13.8,1015.2,86,88,2.6
17.4,15.2,21,14.3,16.1,15.2,1014.1,87,82,23.9
17.5,15.7,20.4,13.6,15.8,14.5,1015.6,82,78,0
16.7,16.1,18.3,15.5,15.9,15.3,1012.6,92,95,8.5
17.9,16.5,19.4,14.7,17.3,16.9,1011.4,94,90,14.1
18.6,15.5,20.8,15.6,16.9,15.7,1012.6,83,51,0
15.5,12.7,18,10.5,13,10.7,1017.1,73,75,0
16.7,15.3,19,14.2,14.5,12.7,1019.2,78,76,0
16.8,15.2,19,13.9,14.6,12.8,1021.9,78,88,0
15,13.7,16,13,13.4,12,1025.6,83,91,0
14.4,12.9,17.7,12.4,12,9.6,1027,73,65,0
14.3,10.2,19.5,5.9,11.6,9,1026.5,71,22,0
16.3,13.6,20.7,9,13.9,12,1023.2,76,23,0
18.8,14.8,23.6,10.5,16.1,14.3,1022.1,76,29,0
18.5,16.6,20,14.3,16.4,14.9,1022.7,80,76,0
18.5,16.2,22,14.2,16.7,15.4,1020.5,83,48,0
20.2,17.7,24.4,14,18.2,16.9,1019,82,42,0
20,17.8,24.1,14.3,18.4,17.5,1018.8,86,49,0
20.2,17.8,24.2,14.7,18.5,17.4,1018.7,85,35,0
17.8,16.6,20.9,15.1,15.8,14.4,1021.5,80,56,0
16.6,15.1,19.6,14.5,14.6,13.1,1025.5,80,80,0
16.5,14.7,19.6,13.9,14.2,12.3,1023.9,76,93,0
17.5,15.7,19.2,15,16.5,15.8,1020.3,90,95,0
19.7,16.9,22.5,12.9,18,16.9,1019.6,84,51,0
17.8,16.7,20.2,16.1,15.7,14.1,1021.7,79,75,0
17.8,15.9,20.7,14.8,15.7,14.2,1020.3,80,75,0
18.5,17.1,21.5,14.1,15.7,13.6,1019.3,74,80,0
17.8,16.1,20.8,14,15.4,13.7,1019.7,77,61,0
18.4,16.4,21,14.1,16.1,14.5,1018.1,79,72,0
20.7,17.9,24.9,14.7,18.8,17.7,1015.4,83,58,0
20.7,19,23.6,14.8,19,18,1012.4,85,68,0
21.2,19.5,23.1,15.9,20.6,20.2,1012,94,88,3.3
17.1,14.3,20.6,11,14.1,11.4,1017.5,70,59,0
16.4,15.5,17.6,12.5,15.6,14.9,1015.1,91,93,0.8
20.6,17,23.7,15.5,20.1,19.8,1011.6,95,96,5.6
22.2,19.2,23.7,20.9,21.8,21.6,1012.6,96,95,11.1
16.9,15.7,19.3,15.8,15.8,15,1017,89,97,0.2
16.8,15.3,18.8,14.7,16.1,15.7,1013.8,94,92,0.7
21.9,17.8,26.2,17.1,20.8,20.3,1010.6,91,83,0
24.5,23.4,27.8,21,22.4,21.3,1010.2,83,69,0
24.2,23.3,25.4,19.9,22.2,21.2,1011.4,83,72,0
23,18.1,27.2,21.5,21.3,20.4,1013.6,86,86,0
18.7,17.7,20.8,17.2,17.7,17,1014.3,90,100,0
18.2,17.4,19.3,17.4,17.2,16.5,1014.4,90,100,0
19.2,17.5,21.2,16.4,18,17.3,1015.1,89,93,0
18.3,17,19.8,15.3,17.1,16.2,1016.9,88,82,0.1
19.2,16.8,22.5,15.2,16.7,15,1018.3,77,61,0
20.8,19.2,24,16.4,18.9,17.7,1019.5,83,73,0
18.7,17.3,20.4,16.6,17.2,16.1,1019.8,85,89,0.2
18.8,17.2,20.8,16.2,17.2,16.2,1017.9,85,86,0
21.2,18.6,24.9,17.9,20.1,19.4,1015.4,90,84,0
23.4,20.7,27.7,17.5,22,21.3,1012.2,89,63,0
24.2,22,27.6,19.7,22.6,21.8,1010.4,87,71,0
22.1,18.6,27,19.4,21,20.4,1012.2,90,80,1.4
18.8,17.6,20.3,17.3,17.2,16.2,1015.7,85,98,0
18.1,15.7,20.9,14.5,15.3,13.1,1018.3,73,93,0
17.5,16.4,18.7,14.6,15,13,1018.7,75,96,0
18.5,16.7,21.5,15.6,14.5,11.1,1020,63,82,0
18.7,17.6,20.3,15.7,14.6,11.1,1021.5,62,96,0
19.5,17.4,22.9,15.3,15.8,13,1019.9,66,81,0
21.6,19.3,25.5,16.9,19.1,17.6,1018,78,77,0
22,19.2,26.4,16.4,19.9,18.7,1018,82,73,0
20.1,18.5,23.6,16.9,16.7,14.2,1018.5,70,69,0
21.7,18.6,25.7,15.8,19,17.3,1017.1,76,58,0
22.6,20.2,26.5,16.7,20.8,19.9,1017.5,85,56,9.3
19.9,18.9,22.3,18,18.2,17.1,1020.1,84,94,2.3
20.8,18.1,24.7,14.7,16.7,13.6,1019.3,65,49,0
21.9,19,25.3,15.6,18.6,16.6,1017.6,73,81,0
23.3,21.4,26.1,20,22,21.4,1015.6,90,87,0
24.7,22.4,28.1,20.6,23.1,22.3,1014.5,87,46,0
24.5,22.4,28.2,19.8,22.9,22.2,1012.1,87,57,0
25.7,22.9,30.1,20.3,23.5,22.4,1011,83,58,0
26.2,24.7,27.9,23,24.3,23.4,1008.7,85,84,0
26.5,25.5,28.1,23.4,24.6,23.8,1008.3,85,89,0
23.8,17.6,26.4,23.3,22.3,21.5,1009,87,90,3.2
19.6,15.2,24.9,12.5,15,11.4,1015.9,60,30,0
20.4,18.9,22.2,15.3,16.9,14.4,1017.5,69,89,0
20.8,19.3,21.9,19,19.9,19.4,1012.2,92,97,3.2
21.3,19.3,25.2,18.2,20.7,20.4,1009.2,95,97,5.2
25.3,24.4,26.5,22.2,24.2,23.7,1005.5,90,98,0.9
25.4,24.3,26.9,23,24.6,24.2,1007,93,99,0.6
25.6,25,26.5,24,24.7,24.3,1007.3,93,94,5.6
25.4,22.9,27.6,23.2,23.9,23.2,1006.7,87,89,0
21.5,19.9,23,19.7,19.3,17.9,1012.5,80,100,0
20.7,19.6,21.6,18.4,19.5,18.8,1014.8,89,100,0
22.6,21.1,24.9,19.7,21.8,21.3,1011.8,92,99,0
24,22.4,27.2,20.1,23.1,22.7,1010.6,93,73,0
25.2,22.9,28.7,21.3,24,23.4,1011.8,90,83,0
25.3,22.2,30.3,22.4,23.1,22,1014.7,83,61,0
21.7,20.2,24.3,18.2,19.6,18.4,1017.2,81,91,0
22.2,20.2,24.9,19.2,21,20.4,1014.2,90,91,2.7
24.3,22.2,27.8,20.8,23,22.3,1010.3,89,87,4.8
25.1,21.5,29.7,19.6,23.2,22.3,1010.5,85,66,3.4
23.5,20.9,25.9,21.7,23,22.7,1009.2,95,90,43.3
26.4,23.1,29.9,21.7,24.8,24.2,1008.7,88,70,3.7
27.3,25.3,31.1,23.4,25.6,24.8,1011,87,61,0
27.1,25,30.4,22.4,24.9,24,1011.6,84,58,0
27.3,25.4,31.3,21.5,24.7,23.5,1009.3,80,47,0
24.9,20.7,29.7,22.6,23.1,22.3,1008.8,86,84,12.7
21,19.4,22,18,19.9,19.3,1010.9,90,92,15
23.3,21.8,25.2,20.6,22.5,22,1011.1,93,98,0
26.5,23.5,30.6,22.4,24.8,24,1010.1,86,81,0
27.9,25.9,30.9,22.9,25.4,24.4,1008.8,82,67,0.1
28.2,26.9,31,24.8,25.9,25,1007.3,83,63,0
28,23.8,31,24.4,25.5,24.4,1009,81,75,38
25,23.1,27.7,22.1,23.4,22.6,1012.7,87,91,5.6
23.2,22.5,24.5,22.2,22.2,21.8,1013.6,92,97,2.1
24.4,22.8,26.8,21.7,24,23.8,1009.8,96,100,135.5
28.1,26.4,30.6,24.4,26.1,25.3,1007,85,88,0
28.2,25.3,30.7,25.4,26.6,26,1007.2,88,86,15
24.7,23.3,26.3,22.5,24.1,23.8,1010.7,95,97,77.9
23.4,22.2,25.3,22.8,22.6,22.3,1012.8,93,98,11.2
22.3,21.6,23.2,20.6,21.7,21.4,1012,94,100,0.7
23.3,22.1,25.1,21.6,22.8,22.5,1009.5,95,93,5.8
23.8,22.6,24.9,22,23.6,23.5,1008.5,98,95,59.8
27.1,24,29.6,22.3,25.7,25.2,1009.8,90,81,0.1
28.4,26.7,31,24.4,25.7,24.6,1009.1,80,60,0
28.7,27.4,31.1,25.6,26.2,25.2,1007.2,82,72,0
28.9,27.3,31.2,26.5,27.1,26.4,1006.2,87,74,0
28.8,27.6,31.3,26.5,27.2,26.6,1006.9,88,83,6.9
29.2,27.8,31.4,27.8,26.9,25.9,1007.3,83,70,0
29.5,28.4,32.2,25.1,27.1,26.2,1007.5,83,64,0
29,26.9,32,24.8,26.6,25.7,1009.6,83,63,1
28.1,26.2,31.1,23,26.3,25.5,1011.6,86,63,0
28.4,26.3,32.4,23.8,26.1,25.2,1012.5,83,57,0
25.7,24.6,27.7,23.8,23.9,23,1014,85,75,0.1
26,24.4,28.9,23.5,23.6,22.5,1011.8,82,85,0
27.6,25.6,31.4,22.9,25.5,24.6,1008.1,84,85,1.2
27.2,24.2,30.4,22.9,25.9,25.3,1007.1,90,89,96.9
25.1,24,27,23.4,24.5,24.2,1006.3,95,97,22.8
25.8,24.5,28.9,23.2,25.1,24.8,1007.4,94,87,16.3
27,24.3,29.9,22.5,25.8,25.3,1007.9,91,84,19.6
29.2,27.6,31.8,25.6,26.7,25.6,1006.5,81,70,0
29,27.8,31.4,26,26.8,25.9,1006.5,84,73,0
29.3,25.8,32.3,24.8,27,26.2,1007.8,84,61,8.7
28.9,25.9,32.4,24.4,26.8,25.9,1007,84,81,13.4
25.5,24.6,27.3,23.2,24.9,24.6,1005.4,95,96,82.2
26.1,24.5,27.5,24,25.3,25,1005,94,86,12
24.9,23.6,26.4,23,23.8,23.3,1007.4,91,92,4.1
24.4,23.1,26.8,22.6,23.6,23.2,1007.4,93,94,6.5
25,22.8,27.5,22.3,23.4,22.6,1007.2,87,78,0
26.7,24.6,29.7,22.6,24.2,23,1007.9,81,46,0
26.6,25.2,29.1,23.4,24.3,23.2,1008.3,82,75,0.1
25.7,24.9,27,23.9,23.2,22.1,1007.3,81,93,0
25.4,23.3,28.2,22.9,23.3,22.2,1004.8,83,92,8.5
24.1,23.5,25.2,22.5,23.7,23.4,1002.7,96,98,29.2
25.5,23.6,28.3,22.4,24.1,23.5,1003.2,89,88,0.6
25.4,23.9,26.8,23.1,24.8,24.6,1002.8,96,92,8.3
26.7,24.1,29.1,23.6,25.7,25.3,1002.4,92,89,30.7
28.5,26.6,31.6,24,26.9,26.3,1002.1,88,77,7.1
29.2,27.6,31.8,26,27.3,26.6,1003.9,86,71,0
29.8,28,32.6,25.6,27.4,26.4,1005.3,82,73,0
29.8,28.3,33.1,23.7,27.2,26.2,1004.5,81,69,0.1
29.6,28.4,32.1,26.3,27.4,26.5,1004.3,83,74,6.2
29.7,28.6,32.3,25.8,27.3,26.3,1004.7,82,74,0
29.9,28.5,32.3,26.6,27.5,26.5,1004.3,82,74,0
29.8,27.4,32.2,26.3,27.4,26.5,1004.2,83,77,3.7
30,27.8,32.1,26.2,27.5,26.5,1003.8,82,81,0.1
29.2,27.1,31.2,26.9,27.3,26.6,1004.3,86,84,17.6
26.1,24.5,28,23.3,25.5,25.2,1007,95,91,128.9
28.2,25.3,31.7,25.2,26.6,26,1006.6,89,85,4.6
28.5,25.6,31.9,24.1,26.6,25.8,1007.6,86,77,1.1
28.4,26.9,32,26.8,26.7,26,1007.5,87,68,0
29.3,27,33.1,24.9,26.7,25.6,1006.1,81,53,0
28.9,26.7,32,23.9,26,24.8,1004.1,79,61,0
28.7,27.3,31.8,25.6,26.7,25.9,1002.5,85,70,3.4
27,24.7,28.2,25.3,25.8,25.4,1004.3,91,83,23.3
27,24.3,30.7,24,25.3,24.6,1004.8,87,80,16.2
27.9,26,31.4,23.4,26.2,25.5,1005.2,87,66,9.5
26.5,24.7,28,24.2,25.5,25,1006.4,92,94,30.8
26.6,23.6,28.5,24.6,25.5,25.1,1006.8,92,98,55.5
25.6,24.3,28,23.6,25.1,24.9,1008.1,96,98,67.6
26.3,24.1,29.7,23.3,25.2,24.7,1007.9,91,88,3.5
26.4,25,27.6,24.4,25.8,25.5,1007.3,95,86,67.5
27.7,26,30.9,24.4,26.5,26.1,1006.4,91,82,10.8
27.6,25.2,29.8,25.2,26.1,25.6,1005.6,89,77,31.9
28.2,26.6,30.2,25.1,26,25,1003.3,83,72,1
28.5,25.5,31.5,24.5,25.8,24.7,999.6,80,79,8.3
26.8,24.9,29,24,25.1,24.4,993.9,87,91,42.2
25.9,23.9,28,23.6,24.9,24.5,989.5,92,94,172.1
28.9,27.1,32.2,24.6,27,26.3,998.6,86,64,0
28.8,26.5,31.7,25.2,26.4,25.4,998.4,82,46,0
29.4,27.7,32.2,25.5,27.2,26.3,1001.5,84,67,0
27.7,25.4,30.2,24.7,26.5,26,1004.4,91,88,40.7
29,26.8,31.6,26.2,27.4,26.8,1003.3,89,88,14.8
29,27.7,31.6,26.5,27.3,26.6,1003.3,87,84,0.4
29,27.6,32.8,26.4,27,26.3,1004.7,86,80,1.3
26.5,23.7,28.4,23.3,25.3,24.8,1006.7,90,96,73.5
26.4,23.5,28.3,22.7,25.5,25.1,1009.9,93,93,22.3
28.5,27.2,31.4,25.2,26.5,25.7,1009.9,85,78,0
29,27.3,32,25.5,26.3,25.2,1008.7,80,57,0
29.1,26.9,32.4,24.8,25.9,24.5,1008.1,77,32,0
29.1,26.6,32.6,24.3,26.4,25.3,1007.6,81,39,0
29.3,26.9,32.5,25.4,26.4,25.2,1007.8,79,35,0
29.3,27.1,32.7,26.4,26.3,25.1,1008.8,78,43,0
29.5,26.7,32.6,25,26.6,25.5,1009.2,80,38,0
29.4,27.2,32.9,24.9,26.7,25.6,1008.4,80,48,2
29,26.7,32.4,24.2,26.6,25.6,1008.7,82,54,3.5
27.9,25.7,32.2,25.5,25.8,24.8,1010.5,83,78,2.2
27.1,23.9,30.3,24.6,25.4,24.6,1010.7,86,65,29.7
28,25.6,32.2,23.6,25,23.7,1008.3,78,44,0.3
27.9,25.8,32.1,23.6,25.5,24.6,1006.6,82,73,3.4
27.6,24.8,31.7,24.3,25.3,24.3,1005.9,83,79,18.5
25.9,23.6,28.1,22.8,24.4,23.7,1004.3,88,93,75.3
25.4,23.9,26.7,22.8,24.5,24.1,1002.8,93,96,90.8
26.2,24.7,27.5,23.8,25.3,24.9,1001.2,92,100,57
28,26.4,30.9,24.7,26.2,25.5,1003.4,86,89,6.2
28.5,27.2,31.5,25,26.5,25.7,1004.3,85,77,2.5
28.5,26.8,31.5,24.7,26,25,1003.9,82,73,0
28.7,27.3,31.3,25.4,26.5,25.7,1002.1,84,71,3.8
27.3,23.8,32.1,23.2,25.9,25.3,1002.2,89,76,18.6
27.4,25.5,30.4,24.5,26,25.5,1003.9,89,76,17.5
28.4,25.8,32.3,24.3,26.5,25.7,1004,86,79,6.2
28.3,26.2,32.8,25,26.4,25.6,1000.9,85,77,10.8
26.6,23.7,28.1,23.4,25.5,25,999.6,91,99,251.5
27.9,25.6,29.7,24.5,26,25.3,1002,86,92,8.2
29.1,27.6,31.7,24.4,25.6,24.2,1002.5,75,79,0
27.1,25.1,29.7,25,25.7,25.1,1002.7,89,90,28.6
26.7,24.7,28.7,24.8,25.7,25.3,1004,92,88,36.7
26.7,24.8,28.7,24.8,25.6,25.2,1005.9,91,90,18.5
27.8,26.1,31,24.6,25.7,24.8,1005.8,84,77,0
26.4,25.2,29.5,24.4,25.5,25.1,1005.8,93,87,29.6
26.5,24.6,29.2,24.1,25.6,25.2,1005.4,93,88,39.5
25.7,24.4,27.2,23.1,24.9,24.6,1005.9,94,87,30.3
25.7,23.9,28.5,22.7,24.9,24.5,1007.3,93,86,35.2
26.6,24.7,29.8,23.7,25.2,24.5,1007.5,88,88,34.7
25.6,24.5,27,23,25,24.7,1009.4,95,96,69.8
26.6,24.5,28.2,23.7,25.8,25.5,1011.2,94,90,83.2
27.4,25.7,30.8,24.2,25.5,24.8,1010.6,86,71,0
27.9,25.4,31.4,22.8,25.1,23.8,1008.5,79,74,0.8
27.5,25.8,29.7,21.4,25.6,24.8,1008.4,85,82,9.7
27.9,26.3,30.7,23.8,25.7,24.8,1010,84,70,0
28.3,26,31.9,23.3,25.9,24.9,1009.4,82,43,0
28,26.2,30,24.2,25.9,25.1,1009,85,51,0
28.4,26.3,32,23,25.9,24.8,1010.3,81,52,0
28.4,26.6,31.6,24.2,25.8,24.7,1010.9,81,47,0
28.9,26.1,33,23.3,26,24.8,1009.6,79,40,0
28.5,25.8,32.5,24,25.6,24.4,1009.2,79,60,2.7
26.9,25.2,29.6,23.9,25.4,24.7,1010.2,88,83,33.4
27.9,25.3,31.1,23.8,26.1,25.4,1010.8,87,74,24.1
28.3,26.9,30.6,24.6,26.3,25.4,1010.8,84,59,0
27.9,26.5,30.5,24.5,26,25.3,1010.9,86,72,7.4
27,25.2,29.6,24.5,25.9,25.4,1010.7,91,78,45.2
25.3,22.8,26.6,23.2,24.8,24.6,1011.7,96,89,83.2
27.6,25.1,31.6,23.2,25.6,24.8,1012.5,86,67,3.9
26.6,24.6,29.9,22.9,24.7,23.8,1012.4,85,80,28.2
26.7,23,29.9,22.1,24,22.7,1011.7,79,80,35.1
26.9,25.3,29.3,22.8,23.8,22.4,1012.2,77,75,0
26.8,25.7,28.7,23,23.3,21.7,1013.2,74,75,0
25.8,23.5,27.4,23,22.7,21.1,1013.2,76,88,0.7
26.9,24.5,30.1,20.2,23.2,21.3,1011.6,72,80,0
26.7,25.6,28.6,23.5,24.2,23,1012.3,80,83,2.4
26.2,25.7,27.8,23.1,24.1,23.1,1014.2,83,85,0
26.9,25.2,30.1,23.6,25.3,24.6,1014.8,87,77,11.5
27.6,25.1,31.1,24,25.8,25,1012.5,86,42,0
27.9,26.5,30.9,24.7,25.7,24.7,1012.1,83,48,0.7
27.8,26.2,30.7,23.7,24.8,23.5,1012.5,78,48,0
28,26.4,30.9,24,25.3,24.1,1012.6,80,46,0
28.5,26.6,32,25,25.6,24.3,1012.7,79,30,0
28.5,26.9,31.9,24.5,25,23.5,1012.4,75,24,0
28.2,26.7,31.6,23,24.9,23.5,1010.9,76,61,0
27.5,24.8,30.7,23,23.9,22.2,1008.5,73,65,0
25,23.5,29,21.3,20.4,17.7,1007.1,64,70,0
25.1,22.4,28.8,20.5,19.7,16.4,1005.1,59,58,0
25.5,23.5,29.6,23.5,20.7,17.8,1004.6,63,63,0
24.5,22.8,27,20.5,20.7,18.6,1008.2,70,80,0
25.7,24.1,27.7,20,23,21.6,1009.5,78,76,0
26.3,23.6,31.5,21.7,22.4,20.5,1010.3,71,55,0
22.9,21.3,25.6,20,19.2,16.9,1013.4,69,88,0
23.5,20.4,27.4,19,19.1,16.2,1015.3,64,69,0
24.2,20.4,28.9,16.7,18.5,14.8,1013.5,56,21,0
24.6,22.1,29.4,19.7,20.4,17.9,1012.4,68,82,0.8
23,22.1,23.7,20,21,19.8,1012.9,83,90,0.5
23.4,22.3,24.2,17.3,21.4,20.3,1014.3,83,95,0
24.9,23.4,28.5,21.3,22.6,21.4,1013.7,81,63,0
24.9,22.9,28.2,21.1,23.2,22.4,1013.2,86,76,1.8
24.5,21.8,28.2,20.4,20.9,18.8,1014.9,72,85,0.9
24.8,23,29.3,19.5,21,18.9,1015.8,70,37,0
24.4,21.4,28.5,17.3,19.6,16.6,1017.1,63,36,0
22.9,21.5,25.3,19.4,18.3,15.1,1017.8,62,70,0
22.3,21.1,24.2,18.2,18,15.1,1017.2,64,92,0
22,19.7,26.2,16.8,16.7,12.7,1017.6,56,82,0
21.6,18.5,26.3,14.2,14.6,8.3,1017.8,44,24,0
21.4,18.5,24.9,11.8,16.4,12.6,1016.8,58,7,0
22.6,20.2,26.4,15.3,18.6,16.1,1016.4,67,16,0
23.2,19.9,27.8,15.7,19.6,17.5,1016.1,71,8,0
23,20.2,27.3,14.9,18,14.6,1015.1,60,4,0
22.5,20,25.9,15.9,18.5,16,1016.4,67,22,0
22.2,20.5,25.6,17.7,17.9,15,1016.9,64,48,0
22.1,19.4,26.5,15.6,18.4,16,1017,69,11,0
23.4,21,27.8,17.1,19.7,17.5,1017.5,71,57,0
22.8,21.1,26.9,18.6,18.7,16,1017.5,66,78,0
22.2,21,25,18,18.4,16,1016.4,68,77,0
22.9,21.2,25.7,19.3,20.7,19.5,1013,81,79,0
24.2,22.4,27.7,19.6,22.2,21.2,1012.8,84,68,0
22.7,20.8,24.5,20.6,20.4,19.1,1015.3,80,88,0
20.4,18.2,23.4,17.6,17.4,15.3,1019.7,73,88,0
19,16.2,22,15.5,15.4,12.6,1022.3,67,87,0
20.1,16.6,23.9,12.6,16.3,13.4,1021.7,66,29,0
22.1,19.8,26.2,15,18.5,16.2,1020.5,70,52,0
22.9,20.5,28,18.2,18.6,15.7,1018.8,66,57,0
22.3,19.7,26.1,15.5,17.7,14.5,1017.5,62,52,0
22.3,19.5,26.6,14.5,17.5,14.2,1017.3,61,35,0
21.8,19.5,25.4,14.2,17.4,14.4,1019.8,64,35,0
20.7,17.6,24.9,12.6,15.7,11.8,1020,58,8,0
20.8,18.7,23.9,16.2,16.8,14,1018.6,66,55,0
20.9,17.9,25.1,12.9,15.5,11.1,1017,55,15,0
20.2,16.8,24.5,10.6,14.2,8.8,1016.6,50,17,0
19.1,16.1,23.8,11.3,13,7,1017.4,46,16,0
20.1,16.9,23.1,10.5,14.4,9.4,1017.3,50,64,0
18.2,15.5,20.7,12.6,13.5,9.2,1018.7,56,97,0.4
17.1,15.5,19.6,12.4,14,11.3,1016.5,69,100,0.3
18.1,15.5,19.9,14.5,17,16.3,1016.4,89,98,3.2
17.3,16.4,19.1,15.4,16.3,15.6,1019.1,90,100,3.1
16.8,15.6,18,15.2,15.7,14.8,1019.4,88,100,2.3
19.4,17.2,23.7,15,14.8,10.8,1018.5,59,49,0
18,14.9,21.8,9,13.3,8.9,1017.2,56,3,0
18.2,15.2,22.4,10.2,15,12.5,1016.9,70,3,0
19,15.2,24,9.2,15,11.8,1018.2,65,0,0
19.1,17,22.3,10.6,15.7,13.2,1020,70,21,0
19.1,17.5,22.5,14.9,16.3,14.4,1019.8,74,69,0
20.2,17.4,24.9,14.2,15.6,12,1019.7,61,21,0
17.1,14.2,20.6,9.4,12.5,8.2,1022.2,56,7,0
18.2,15.9,22.2,11.8,14,10.4,1021.9,62,37,0
17.8,14.8,21.3,9.8,14.2,11.1,1020.3,66,27,0
18,14.5,22.7,9.9,14,10.6,1017.2,63,36,0
18.2,16.2,21.2,12,15.3,13,1016.9,72,46,0
19.1,16.3,23.1,12.5,15.1,11.9,1019.5,64,59,0
17.9,16.6,20.4,12.4,14.7,12.2,1021.1,69,80,0
18.4,15.5,22.2,11.1,15.3,13,1019.6,71,30,0
18.2,14.9,22.8,10,12.5,6.8,1018.2,49,7,0
17.4,14.8,22,11.3,10.4,1.8,1020.1,36,0,0
15.8,12.8,19.4,7,9.9,2.7,1020.5,42,23,0
16.9,14.3,20.7,9.5,12.2,7.6,1020,55,51,0
17.3,15.5,20.5,12.1,13.7,10.7,1019.7,66,62,0
17.6,14.9,21.5,11.2,14.3,11.7,1019.2,69,19,0
19.2,15.6,25.1,11.8,14.4,10.1,1020.9,58,35,0
14.8,12.1,18.9,7.5,7.5,-4,1022.9,28,11,0
14.5,10.5,19,3,8.3,-0.3,1021.3,37,9,0
13.8,10.2,17.2,8.2,6.7,-5.1,1025.7,27,5,0
10.2,7,14.3,3.4,4.3,-7,1028.4,30,3,0
10.9,7,15.2,1,5.3,-4.3,1026.6,34,0,0
13.2,8.6,18.6,1.6,6.9,-3.1,1024.3,34,1,0
14.9,11.2,20.2,6,7.7,-3.3,1023.6,28,13,0
13.6,10.9,18.1,7.1,6.5,-5.6,1025.3,26,19,0
14.3,10.2,19,5.4,6.7,-6.3,1025.9,24,4,0
15,12.1,19.9,5.8,7.5,-5,1023.2,26,0,0
14.6,11.6,20.2,5.5,8.2,-1.1,1020.1,36,0,0
14.6,10.8,20.2,5,9,1.6,1017.8,44,0,0
14.9,10.9,20.7,3,10,4.3,1018.5,52,0,0
15.6,11.6,21.9,3.1,10.2,3.6,1019.7,48,0,0
15.1,12.8,19.3,8,11.5,8,1021.3,64,2,0
16.1,12.7,21.4,8.9,11.1,5.4,1021.9,52,4,0
16.4,13.5,21.3,8.9,12.9,9.6,1020.3,65,1,0
16.3,14.2,18.9,10.2,12.5,8.9,1018.6,62,46,0
17.4,15.3,20.7,11.4,13,8.9,1016.1,59,74,0
17.2,15.5,20.3,12.5,14.1,11.5,1015.7,70,38,0
15.8,12.5,20.1,9.2,12.5,9.5,1017.2,67,34,0
13.7,11.6,16.8,7.3,10.8,8,1019.7,68,36,0
14.4,12.9,15.7,8.9,12,9.8,1020.4,74,65,0
15.7,14.1,18.9,11.9,13.3,11.4,1019.9,76,44,0
16.2,14.2,20.1,12.3,13.5,11.3,1020.6,73,31,0
17.1,14.5,20.8,11.2,14.6,12.6,1019.7,76,35,0
18.1,15.4,22.2,12.7,15.3,13.2,1018.6,74,27,0
16,14.6,17.5,12.6,14.2,12.6,1019.8,80,57,0
15.8,14.5,18.5,9.5,13.5,11.6,1019.7,77,60,0
16.7,14.8,18.6,12.4,14.8,13.3,1016.9,80,75,0
18.4,14.6,23.8,10.6,16.2,14.7,1015.7,80,8,0
17.5,15.7,20.2,10.1,15.4,13.9,1015.5,80,41,0
19.2,16.1,23.8,12.1,16.4,14.3,1014.1,74,30,0
17.2,15.8,18.5,13.4,15.8,14.8,1016.9,86,82,0
16.3,14.7,20,13.9,14.2,12.4,1020,78,81,0
13.6,12.2,15.4,11.2,12,10.6,1018.5,82,93,1.4
14.5,12.8,16.4,11.6,13.2,12.1,1015.4,85,93,2.5
15.9,14.1,18.1,13.6,14.3,13.1,1016.2,83,91,0
18.1,15.9,20.9,14.9,16.5,15.4,1015.2,85,82,0
16.1,14.4,18.7,15.3,15,14.1,1016.9,88,98,0
15.3,14.2,16.9,12.5,13.5,12,1018.9,81,88,0
14.7,13.4,17,13.4,12.9,11.3,1019.7,80,92,0
13.2,10.8,17.3,10.4,10,6.6,1021.7,65,86,0
13.2,11.2,15.2,9,10.8,8.4,1019.9,73,85,0
14.7,14,16.2,12.4,13.3,12.1,1013.8,85,94,0
14.7,13.2,15.7,13.8,14,13.5,1011.4,93,98,29.1
11.7,9.3,13.2,11.2,10.1,8.4,1015.4,80,100,0.2
10.1,6.4,14.5,7.8,7,3.1,1020.1,62,55,0
8.8,4.9,13.6,2.4,5.3,0,1024.5,55,31,0
10.5,7.1,15.2,2.2,7,2.3,1025.3,57,7,0
11.8,8,15.7,3.4,7.8,2.4,1024.9,54,13,0
11.8,8.1,16.4,3.9,7.1,0.6,1025.1,47,0,0
12.9,8.7,17.7,3.3,8.8,3.8,1025.4,56,1,0
14.6,12.2,18,9.6,10.6,6,1023.9,58,59,0
16,13.1,19.3,11.2,13.1,10.6,1020.8,71,81,0
19.7,16.7,24.3,15.1,15,11.3,1017.3,59,57,0
20,17.2,24.7,15.3,16.6,14.1,1015.5,70,43,0
20.1,16.9,25.2,15.6,17.7,16.1,1014.9,79,38,0
17.7,16.1,20,11.6,16.3,15.3,1015.5,86,49,0
19.9,16.9,23.7,15.9,18.5,17.7,1014.8,87,94,0
19.9,16.8,23.8,16.8,18.4,17.6,1014.5,87,95,0
16.8,15.7,19.4,14.4,14.7,13,1013.5,79,91,0.6
17.1,15.6,19.9,14.6,16.1,15.4,1010.2,90,96,0.1
17.4,14.9,20.5,16.5,17,16.7,1010.7,96,100,0.9
13.1,8.5,15.4,13.4,12.2,11.4,1014.4,89,99,4.6
7.2,5.8,8.8,6.4,4.9,1.5,1022.8,67,100,1.5
8.7,4.2,13.7,1.3,4,-4.2,1025,41,27,0
10.4,6.7,14.1,2.5,6.4,0.7,1025.5,51,3,0
12.7,9,17,3.8,9.5,5.9,1023.8,64,16,0
15.3,12.6,19.4,10.1,11.6,8.1,1021.9,63,80,0
16.3,13.8,20.9,11.3,13.5,11.1,1021.5,72,58,0
16.8,14,21.7,11.4,13.8,11.2,1020.1,71,40,0
19.7,16.6,24.1,12.8,16.9,15,1016.4,74,53,0
22,18.6,27,15.7,19.2,17.5,1014.6,77,58,0
22.1,19.6,26.7,17.5,20.4,19.5,1014.2,85,45,0
21.1,18.6,25.1,16.3,19.7,18.8,1013.7,87,57,0
17.4,16.5,21,16,15.9,14.9,1015.9,85,100,0
20.6,17.6,24.6,15.7,18.1,16.5,1015,78,57,0
17.5,15.7,19.1,16,16,15,1016.2,85,97,0
14.9,13.9,16.4,13,13.5,12.3,1018.2,85,99,0.1
14.2,13.4,15.3,13.2,12.6,11.2,1019.6,82,100,0
14.3,13.3,15.2,13.1,12.9,11.7,1020,84,100,0
16.3,14.3,18.4,14.1,15,14,1019.8,86,100,0.7
16.4,14.6,19.2,14.4,14.9,13.7,1019.1,84,83,0
17.9,15.1,22.1,13,15.8,14.3,1017.4,80,80,0
15.7,13.8,18.5,12.4,12.9,10.4,1018.9,71,68,0
16.5,14.5,20.2,10.9,13,9.7,1019.7,65,41,0
16.5,14.5,19.7,7.8,11.6,6.3,1020.4,52,56,0
13.9,12.5,15.7,10.5,11.7,9.4,1020.7,76,100,20.4
16.2,13.5,20.2,12.9,14.8,13.7,1018.7,86,64,3.2
18.1,15.3,21.8,10.9,15.4,13.2,1018.3,74,57,0
18,16.2,21,14.8,16.2,14.9,1018.2,82,43,0
18.4,16.9,19.9,15,16.9,15.9,1015.3,85,79,0
20.9,18.7,23.7,16.9,19.5,18.7,1013.8,88,72,0
19.4,13,27.5,15.3,18,17,1015,86,77,1.2
13.4,10.5,16,11.7,10.3,7,1022,66,80,6.1
16.5,12.2,21.5,7.7,12.6,9,1019.8,62,11,0
18.8,15.5,22.4,11.2,16.6,15,1016.1,79,60,0
21.4,18.9,25.6,16.7,19.9,19,1013.6,86,89,0
22.3,19.8,26.3,17.2,20.5,19.6,1012.2,85,87,0
18.1,11.8,21.8,11.2,17.1,16.4,1013.5,90,98,25
14.7,11.8,18,12.7,12.1,9.7,1020.8,72,86,0
17.4,14.5,20.8,11.4,14,11.2,1018.5,68,72,0
20.4,17.5,24.4,14.8,18.2,16.8,1014.4,80,70,0
21.5,18.6,25.8,14.6,19.7,18.7,1012.7,84,48,0
22.7,20.7,26.7,18.4,21.4,20.8,1010.5,89,66,0
23.8,21.2,28.4,19.4,22.6,22,1008.4,90,85,2
21.1,19.8,23.3,19.4,20.7,20.5,1010.6,96,92,108.1
20.4,19.1,21.8,17.9,19.7,19.3,1013.3,93,94,32.8
20.9,19.3,24,17,19.4,18.5,1014.7,86,85,0
20.9,19.3,23.8,17.6,17.9,16,1015.2,74,60,0
21.4,19.8,24.3,17.5,18.6,16.8,1014.7,75,77,0
23,20.8,27,18,20.6,19.3,1013.1,80,81,0
24.2,21.3,28.2,19.1,22.5,21.7,1011.8,86,75,0
24.6,22.1,28.1,20,22.7,21.7,1010.7,85,44,0
23.6,21.9,27.1,18.6,21.9,21,1011.3,86,67,0
21.7,20.9,23.1,20.5,20.4,19.7,1011.2,88,92,10.6
23.7,20.5,27.7,18.7,21.8,20.8,1011.4,84,42,0
23.7,21.2,27.8,19.1,22.1,21.3,1011.3,87,50,0
25.4,22.7,28.7,22.3,23.6,22.8,1008.4,86,71,0.2
23.2,21,26.3,20.9,21.1,20,1008.6,83,92,20.7
20.5,18.8,22.1,18.9,19.1,18.3,1011.6,87,97,1.2
21.7,18.8,25.5,16,19,17.4,1013.6,77,33,0
22.8,20,26.9,16.6,19.9,18.2,1014.3,76,21,0
23.8,20.8,27.8,18.7,21.2,19.9,1013.6,79,65,0
24.4,22,28.1,17.6,20.7,18.6,1012.8,71,34,0
23.2,22,25.1,19.5,21.9,21.3,1009,89,78,0
22,20.7,24.2,19.8,20.8,20.1,1010.3,89,93,30.2
22.7,20.1,26.6,16.5,20.3,18.9,1011.1,79,72,0
23.8,22.1,25.9,21.2,22.9,22.5,1009.5,93,88,0.3
26.5,24.7,29.2,23.1,25,24.3,1007.8,88,76,0
22.9,21.4,26.7,22.4,22.4,22.2,1008.7,96,98,93.4
22.6,21,25.2,20.2,21.6,21,1011.2,91,90,0
22.8,22.2,24.3,21.7,22.4,22.2,1009.2,96,95,17.5
26.8,23.3,28.6,22.5,25.1,24.4,1007,87,85,0
27.4,26.2,29.3,24.5,25.7,25,1008.2,87,77,0.4
27.3,26.3,29.3,25.5,25.7,25,1010.6,87,82,0
27.6,26.1,30.3,24.3,25.5,24.6,1010.3,84,65,0
27.6,25,31.1,23.7,25.1,24,1010.8,81,57,0
24,23,25.3,21.7,22.3,21.5,1014.3,86,83,0
24.2,22.5,27.3,21.1,21.7,20.3,1016.2,79,55,0
24.7,22.8,28.5,20.5,22.3,21,1016.8,80,61,0
26.2,23.9,30.5,22.2,23.3,21.9,1014.7,79,42,0
27.1,24.5,31.5,22.1,24.5,23.4,1012.5,81,48,0
27.5,25.1,31.6,22.3,24.8,23.6,1012.8,80,41,0
25.8,24.2,29,22.5,23.4,22.3,1012.5,81,65,0
26.7,25,30.1,22.4,24.7,23.9,1010.5,85,77,0
26.9,25.1,30.3,22.7,25,24.2,1008.8,85,54,0
27.8,25.4,31.6,22.9,25.2,24.1,1009.2,81,39,0
28.2,26,31.8,23.5,25.5,24.3,1010.2,80,48,0
28.1,25.7,32.1,23.1,24.5,22.8,1010.7,74,30,0
27.7,25,31.6,21.5,24.4,22.9,1009,76,29,0
28.1,25.1,32.6,21.3,24.7,23.1,1008.2,75,32,0
28,26,31.6,23,24.9,23.6,1008.8,77,48,0
26.5,23.5,29.7,21.8,24.5,23.7,1009.6,85,60,70.1
27,25.5,29.8,23.4,24.8,23.9,1009.1,83,64,1
27.5,25.6,31.2,22.5,25,23.8,1007.3,81,60,2.8
27.3,25.3,30.2,24,25.7,25,1003.7,88,84,6.5
27.7,25.6,30.5,24.5,25.9,25.2,1001.1,86,85,0.8
27.3,25.1,29.7,24.4,25.3,24.4,1001.6,85,91,11.2
28.3,25.2,31.7,25,24.1,22.1,1003.4,70,68,0
27.9,26.5,30.5,23.8,25.6,24.6,1003,82,78,1.4
28.7,26,32.4,23.8,25.9,24.8,1001.4,80,58,0
27.7,24.1,32.6,25.7,25.6,24.8,1001.6,85,82,83.1
25.3,23.2,29,23.2,23.9,23.3,1002.9,89,96,14.3
26.7,24.9,29.9,21.8,21.8,19.1,1004.2,63,85,0
25.1,22.7,28,22.6,21.3,19.2,1006.2,70,84,0.1
25,24.2,26.2,21,23.3,22.5,1004.9,86,96,17.1
27.4,25.4,30,23.8,25.8,25.1,1004.2,88,77,5.1
27,25.3,30,24.4,25.7,25.2,1004.8,90,82,20.4
28.4,25.5,31.9,23,25.4,24,1003.1,78,36,0
29,26.9,34,23.9,25.8,24.5,1000,77,66,0
27.1,22.9,30.4,24.2,24.5,23.4,997.9,80,94,34.4
27,26.1,28.8,22,25.1,24.2,1001.9,85,94,0.3
27.2,25.3,30.3,24.6,25.4,24.6,1006.5,86,82,9
27.2,25.9,30.3,24,25.3,24.5,1006.6,85,80,0.1
27.5,25.7,30.7,23.9,25.1,24.1,1005.7,82,78,0
27.8,26.6,29.9,25,25.3,24.3,1004.9,81,84,0
27.3,24.3,28.6,25.7,25.5,24.7,1004.8,85,93,51.8
28.1,26.8,30.4,25.1,25.8,24.9,1004.1,83,85,0.6
28.4,27,30.4,25.2,25.7,24.5,1002.4,80,83,0
28.5,26.6,30.9,25.2,25.9,24.8,1002.7,81,81,0.7
26.8,24.6,30.5,24.7,25.3,24.6,1004.2,88,94,40
26.8,25.5,28.9,23.7,25.2,24.5,1005.1,88,95,11
27.3,25.6,28.1,24.8,25.7,25.1,1005.5,88,96,13.7
27.3,23.8,28.6,24.7,25.3,24.4,1005.5,84,94,11
27.1,24.6,28.5,25.1,25,24,1008.2,84,91,4.6
28.1,26.9,30.6,25.3,25.5,24.3,1010.5,80,85,0
28,26.4,31.3,25,25.6,24.5,1008.5,82,85,1.6
28.6,26.3,31.7,24.5,25.7,24.5,1007.9,79,61,3
28.6,26.7,31.7,23.3,25.2,23.8,1008.7,75,55,0
28.7,27.1,31.7,24.1,25.3,23.9,1007.7,75,64,0
28.7,26.9,32.4,24.3,25.4,24,1004.1,76,70,0
28.7,27.2,31.3,24.9,26,24.9,1002.6,80,63,4.2
29.1,27,32.7,24.6,26.1,24.8,1003.3,78,58,0
29,25.7,32.6,24.8,26.4,25.4,1003.7,81,57,19.2
29.8,27.5,33.2,25.9,26.8,25.6,1002.9,78,59,0
29.9,28,32.5,25.9,26.6,25.2,1003.6,77,63,0
29.8,28.3,32.7,25.2,26.1,24.5,1004.5,74,58,0
29.5,27,32.7,25.2,26.3,24.9,1004.1,77,48,3.1
29.5,27.6,32.9,24.5,25.8,24.2,1004,74,41,0
30,27.6,32.8,25,26.5,25.1,1003.2,76,68,0
29.6,27.6,32,25.5,26.5,25.2,1002.6,78,86,0.5
27.7,24.6,29.7,25.1,25.9,25.1,1004.1,86,94,32.3
28.8,27.1,30.3,26,26.5,25.6,1007.6,83,88,18.7
29.2,27.8,30.8,25.3,26.4,25.2,1008.3,79,66,0
29.4,27.5,31.7,25.9,26.1,24.8,1007,77,79,0
29,27.9,30.7,25.2,26,24.8,1007,78,86,2.3
28.7,27.7,31.3,25.8,26.2,25.2,1006.3,81,86,3.2
26.8,24.3,28.7,23.9,25.4,24.8,1005.8,89,87,52.8
28.3,25.8,31.7,23.8,26.2,25.3,1006.5,84,59,5.5
28.5,25.5,32.2,24,25,23.5,1005.4,75,62,4
26.2,22.8,27.7,21.5,24.3,23.4,1004.2,85,92,35.8
27.8,25.3,29.9,21.8,25.5,24.6,1007.1,83,89,2.6
27.8,26.9,29.3,25.3,25.4,24.4,1008.7,82,77,0
27.9,26.6,30.6,24,25.3,24.1,1008.8,80,65,0
28.1,26.3,31.3,23.5,24.8,23.4,1009.5,76,60,0
28.2,26.2,31.4,23,24.9,23.4,1010.5,76,43,0
28.4,25.7,31.6,22.7,24.7,23,1010.6,74,28,0
28.7,26.2,32.6,23.1,25.2,23.7,1009.4,75,30,0
28.8,26.7,32.6,24.2,25.3,23.8,1008.2,75,31,0
28.9,26.7,32.3,23.6,25,23.3,1008.9,72,35,0
29.1,26.4,33,23,25.1,23.3,1009.5,72,35,0
29.1,27.1,32.3,23.2,25.4,23.8,1009.6,73,71,0
29.2,26.8,32.7,23.8,25.8,24.4,1009.8,76,70,0
28.8,26.1,32.6,23.9,26.1,24.9,1009.4,80,79,4
28.9,26.8,32.6,24.6,26.2,25,1008.9,80,61,1.7
29.5,26.8,33.1,25.3,25.7,24.1,1007.8,74,33,0
29.3,26.9,33,24.1,25.7,24.1,1005.8,74,32,0
29,26.5,32.9,23.7,25.4,23.8,1003.9,74,48,0
29.8,27.2,33.3,24.1,25.9,24.3,1001.4,73,62,0
30.4,27.8,34.1,24.9,27,25.7,998.1,77,59,0
30,26.8,33.5,25.4,26.8,25.5,995.8,78,82,0.1
29.7,27.2,33.2,25.5,26.6,25.3,997.2,78,76,0.5
28.9,26.3,32.6,25,26.4,25.4,1000.8,82,78,16.8
27.9,24.7,31.2,25.2,25.6,24.6,1001.6,82,85,39.6
28.7,26.9,31.4,23.9,25.4,23.9,1000.9,76,54,1.1
29.2,27.3,32.1,25.3,25.9,24.5,1000.8,76,53,0
29.3,27.2,32.5,25.2,25.6,23.9,1002.2,73,36,0
29.1,26.7,32.6,24.3,25.2,23.6,1003.8,73,25,0
29.8,27.1,32.9,24.5,26.4,25,1002.5,76,44,0
30.6,28.2,34.3,25.6,27.3,26,1000.8,77,65,0
30.7,29,34.1,26.7,27.7,26.6,999.2,79,71,0
28.6,24.6,31.8,23.6,26.1,25.1,1001.7,81,79,10.2
27.4,24.2,29.6,23.4,25.7,25,1003.4,87,84,128.3
28,25.6,30.8,25.2,26,25.2,1002.9,85,77,1.2
27.3,26,30.3,23.5,23.3,21.3,1003.9,70,79,0
27.3,25.6,30.6,22.1,22.7,20.3,1005.2,66,78,0
27.4,24.4,30.5,24.5,23.7,22,1005.2,73,87,1.9
26.9,22.9,30.5,22.9,24.2,22.9,1004.4,79,57,9.6
28.4,25.8,32.3,23.6,23.7,21.3,1004.9,67,73,0
27,25.2,29.3,24.4,22.5,20.1,1005.6,66,95,0
25,24.2,26.2,22.1,23,21.9,1003.8,84,100,11.6
25.5,24.2,27.7,23.2,23.7,22.8,1002.1,86,90,1.2
26.7,24.8,29.5,23,24.5,23.5,1002.1,83,79,0
26.5,25.1,30,22.8,25,24.3,1003.5,88,75,69.9
27.5,24.7,31.9,24.2,25.3,24.3,1004.9,83,72,28.8
27.6,25.9,30.2,24.3,24.6,23.2,1003.3,77,77,1.1
26.3,24.3,27.9,23.7,24.5,23.7,1004.6,86,91,14.1
27.9,26.2,31.1,24.5,25.7,24.7,1008.6,83,76,0.1
28.5,26,31.5,23.8,26,24.9,1010,82,35,0
28.1,26.4,30.7,26.4,25.2,23.9,1010.4,78,58,0
27.4,26.3,30.1,24,24.4,23,1010,77,61,0
27.6,25.7,31,22.6,24.6,23.2,1009.8,77,49,0
27.8,25.3,32.2,23,24.3,22.8,1010.3,75,39,0
28.1,25.8,32,23.1,24.9,23.4,1010.2,76,37,0
28.6,25.8,31.8,22.8,25.5,24.2,1009,78,32,0
28.4,26.8,31.7,24.7,25.7,24.6,1010,80,73,0
27.9,25.5,31.3,23.6,24.7,23.2,1011.6,76,80,1
26.5,25.2,27.4,24.8,24.3,23.3,1013.3,83,80,4.4
27.5,25.2,30.7,22.9,24.9,23.8,1012.8,81,50,0.1
27,25.2,30.3,23.4,24.5,23.4,1012.4,81,70,3.6
27.2,25.6,30.2,23.8,23.9,22.4,1013,76,70,0.9
27.7,25.8,31,24.1,24.2,22.6,1013.5,74,49,0.1
28,25.4,31.7,23.3,24.5,22.9,1014.1,74,45,0
27.9,26.5,30.5,24.2,24.9,23.5,1013.7,78,53,0.5
28.2,26.3,31.7,23.9,24.9,23.4,1012.1,76,42,0
27,25.8,29.3,25.1,24.7,23.6,1011.4,82,69,4.7
27.1,24.9,30,23.8,24.7,23.7,1010.9,82,62,0.7
28.3,25.8,31.8,23.4,25.9,24.9,1009.4,82,43,0
28.8,27.3,31.6,24.5,25.8,24.6,1007.1,79,35,0
28.4,26.3,30.7,23.6,25.6,24.4,1006.7,79,59,0
29.1,26.9,32.7,24.2,25.6,24.1,1008.6,75,38,0
29,27.4,32.3,25,25.8,24.5,1009.4,77,31,0
29,26.8,32.3,24,25.5,23.9,1009.5,75,20,0
28.9,27,32.6,25,25.6,24.2,1009.7,76,34,0
28.8,26.6,32.7,23.5,25.1,23.5,1010.3,73,25,0
28.8,26.9,32.4,24,25.2,23.6,1012.4,74,39,0
28.8,26.6,32,23.9,25,23.3,1013.6,73,45,0
28.6,26.5,31.5,24.3,24.9,23.3,1013.2,74,69,1.1
28.7,27.5,31.1,25.6,25,23.4,1012.7,73,81,0
27.1,23.3,30.4,24.3,24.5,23.4,1012.7,81,79,14.2
25.3,21.9,28.9,21.2,21,18.6,1012.4,67,62,7.6
26.2,23.4,30.2,19.1,18.5,13.2,1008,45,34,0
23.9,22.5,25.5,19.5,16.4,10.5,1003.6,43,86,0
25,23.4,26.8,21.2,20.8,18.4,1006.5,67,88,0
25.6,24.6,27.8,22.6,22.6,21.1,1012.3,77,85,0
26.5,24.4,30.5,23.2,23,21.3,1012.1,74,80,0.1
26.9,24.5,31.4,21.7,22.8,20.8,1011.1,70,55,0
27.7,24.5,32.1,21.5,22.7,20.2,1006.9,64,70,0
23.6,20.8,27.6,22.6,22.2,21.4,999.7,88,97,130.3
22.8,20,25.1,19,22,21.5,1000.6,93,100,246
21.7,21.1,22.7,19.8,20.8,20.3,1010.6,92,100,83.2
23.2,21.7,25.1,20.5,21.7,20.9,1011.6,87,96,9.8
22.3,20.1,24,17.3,20,18.6,1012.8,79,93,0.4
21.4,19,24.9,17.2,17.2,14.3,1014.8,64,76,0
22,18.5,26,15.9,17.1,13.6,1014,60,45,0
24.1,21.2,27.9,17.3,20.2,17.8,1011.8,68,80,0
24.9,23.2,28,21.7,22.2,20.8,1012.1,78,84,0.5
25.2,23.2,29.5,21.4,22.4,21,1011.9,78,54,0
24.9,22.9,28.3,20,20.2,17.3,1009.5,63,76,0
21.4,19.6,23.2,20.6,18.6,16.8,1004.5,75,91,6.4
21.7,19,23.3,18.5,20.7,20.2,1002.1,91,100,102.3
20.1,17.9,22.7,20,19.3,18.8,1009.4,92,98,116.5
20.8,18.3,22.8,17.4,18.2,16.5,1015.3,77,85,0
22.1,19.2,25.6,17.2,19,17,1015.6,73,63,0
22.8,21.2,25.4,19.6,20.5,19.1,1013.4,80,92,8.3
23.5,21.5,25.2,20.5,21.7,20.8,1013.1,85,91,1.4
24.8,22.9,29.2,21.4,22.5,21.4,1014.2,81,62,0
24.7,23.3,27.3,21.6,22.8,21.9,1011.8,85,44,0
25.3,22.2,28.5,19.7,22.1,20.4,1007,75,53,0
25.5,23.8,28.6,20.1,21.1,18.7,1003.7,66,85,1.5
23.8,22.8,25,21,21,19.5,1005.9,77,91,1.7
20.5,18.8,23.5,19.8,18.6,17.4,1011.2,82,90,0.4
19.8,18.6,21,19.3,19,18.6,1014.5,92,100,6
19,18.1,20.2,19.4,17.6,16.6,1018.1,86,99,1.9
19.2,17.4,21.4,18,16.8,15,1020.8,77,94,0
19.2,17.4,22.1,16.1,16.2,14,1021.4,72,89,0
18.8,17,20.9,16.6,15.8,13.6,1021.1,72,92,0
20.6,18.1,23.2,16.7,17.7,15.8,1019.7,74,89,0
20.9,18.4,24.5,17.9,17,14.3,1019.7,66,70,0
18,15.9,20.4,13.9,14,10.6,1021.9,62,64,0
19.5,17.2,22.4,14.2,15.6,12.7,1021.5,65,80,0
20.2,17.4,23.9,14.5,15.1,10.8,1020.8,56,15,0
20.1,16.8,24.7,12.9,13.8,7.8,1019.9,47,6,0
19.8,18.3,22.9,15.3,15.7,12.4,1019.6,63,28,0
20.4,17.9,24.6,14.6,15.7,11.7,1019.2,60,4,0
19.6,17.6,22.5,14,14.9,11,1018.6,58,3,0
19.5,17,22.9,12.9,15.9,13.1,1020,67,11,0
18.5,15.8,22.8,12.1,14.2,10.2,1019.7,61,13,0
18.8,15.5,23.4,11,14.1,9.8,1016.4,58,35,0
19.7,16.4,24.2,11.9,15.6,12.4,1013.4,65,54,0
21.3,18,26.2,14.5,17.9,15.7,1011.8,72,69,0
21.1,20,22.7,19,19.5,18.5,1010.8,86,89,3.7
21,20.2,21.8,19.4,20.4,20,1010,94,100,19.3
22.4,21,23.5,21.3,21.7,21.3,1007.8,94,100,177.3
22,20.9,23.9,20.7,20.6,19.8,1010.2,87,87,0
19,17.7,20.9,17.3,16.8,15.2,1015,78,95,0.2
18.4,15.8,21.8,14.7,16,14.1,1019.6,76,59,0.1
16.7,13.4,20.5,10.6,13.2,10.2,1022.5,66,41,0
16.8,15.3,17.9,11.9,14.2,12.1,1018.7,74,90,0
19.2,16.7,22.8,14.5,16.7,15,1016.3,77,34,0
19.9,19.2,22.2,16.3,17.6,16.1,1017.4,79,64,0
20.2,17.8,23.4,14.2,18,16.5,1016.8,80,55,0
16.8,13.4,20.8,11,13.5,10.7,1019.3,67,51,0
15.3,13.7,17.6,11.6,13.2,11.4,1020.8,78,92,1.9
15.6,13.6,18.1,14,14,12.6,1021.2,83,93,4.6
13.4,12.3,15.5,12.8,11.5,9.7,1022.2,78,94,0
14.9,12.3,18,12,12.5,10.4,1022.4,75,78,0
17.3,14.2,21.8,11.3,14.9,13,1020.7,76,52,0
19.4,16.2,23.1,12.5,16.9,15.2,1017.7,77,34,0
17.3,14.5,21.2,13.4,13.4,9.8,1019.2,62,70,0
13.7,11.9,16.1,11.6,10.4,6.8,1024.4,63,88,0
12.8,10.8,15.5,10.4,8.8,4,1026.1,55,88,0
14.7,11.5,18.9,8.9,10.3,5.4,1024.9,54,60,0
16.5,14,20,11.6,12.7,9.2,1022.6,63,50,0
17.7,15.6,20.9,11.8,14.9,12.7,1020.9,73,54,0
19.2,16.6,22.8,14.1,15.3,12.1,1021.3,65,67,0
16.1,14.3,19.3,15.3,13.6,11.5,1023.2,75,94,0.5
16.6,14.4,18.4,13.2,14.4,12.6,1023.5,78,90,0
18.7,16.4,21.7,15.4,16.5,15,1021.8,79,88,0
19.8,17.7,24,15.8,17.7,16.3,1019.7,80,79,0
18.8,17.7,20.8,16.2,17.6,16.8,1018.9,88,94,3
19.1,18,20.5,16.4,17.3,16.1,1018.6,83,90,0
19.3,17.5,22.3,15.8,17.3,15.9,1016.9,81,68,0
20.7,18.7,24.4,16.4,18.4,17,1017.1,80,65,0
17.3,15.1,20.7,14.3,14.1,11.5,1021.5,69,60,0
15.3,13.8,18,13.5,12.6,10.1,1023.1,71,82,0
14.4,11.7,18.6,8.5,11.1,7.9,1023.5,65,14,0
15.9,12.9,20.1,10.1,12.7,9.8,1022.6,67,60,0
17,15.6,18.9,14.5,14.5,12.4,1020.6,75,96,0
16.9,15.6,18.3,14.5,15.5,14.6,1017.4,86,100,2.7
18,16.7,19.7,15.9,17.1,16.4,1016.5,91,100,1
17.7,17,18.5,16.4,16.7,15.9,1019.5,90,97,2
16.9,14.6,20.5,13.1,13.5,10.7,1020.8,67,63,0
17,15.2,20.1,13.1,12.7,8.7,1020.1,58,77,0
14.4,12.9,16.5,11.4,11.1,7.6,1021.4,64,98,0.4
14.2,13,15.2,11.5,12.7,11.2,1019.9,82,100,3.1
15.2,14.3,16,13.8,14.6,14,1016.4,93,100,2.6
16.9,15.6,18.6,14.2,15.9,15.2,1015.9,90,94,5.4
15.6,13.4,19,12.1,11.5,7.3,1019.8,58,55,0
14.8,13.4,16.2,10.9,11.9,9.1,1021.7,69,82,0
14.8,13.1,16.6,10.2,11.5,8.2,1023.4,65,83,0
14.3,13.3,15.1,12.2,12,9.8,1024.2,74,97,0
13.4,12.2,14.4,11.5,12.2,11.2,1023.1,87,100,2.7
14.4,13.4,16.4,12.6,13.7,13.1,1019.6,92,98,0.4
13.5,10.5,16.4,6.6,10.2,6.6,1021.4,64,19,0
14.8,12.6,18.2,7.9,12.5,10.4,1020.7,75,23,0
17.8,14.7,21.2,11.8,15.8,14.3,1020.3,80,60,0
19.4,16.5,24.2,10.3,16.8,15,1020.2,76,52,0.1
17.5,16.3,20.1,14.1,15.9,14.8,1018.9,84,92,1.3
15.7,13.9,16.7,13.5,14.4,13.3,1020,86,98,8.5
14.8,11.8,18,9,11.5,8.2,1021.7,65,43,0
15.3,13.9,16.8,11.9,13,10.9,1020.2,75,93,0.5
16.4,15.6,17.7,14,15.8,15.3,1019.9,93,99,5.1
16.4,15.9,17.1,14.9,15.3,14.5,1018.7,88,97,0
18.2,16.4,20.4,15.5,17.5,17.1,1016.8,94,96,0
21.2,18.5,25.1,17.8,20,19.3,1014,89,83,0
22.1,20.6,24.4,18.8,21,20.4,1013.5,90,85,0
22.6,21.2,24.9,20.4,21.2,20.5,1013.6,88,75,0
21,19.3,23.1,18.4,20.1,19.6,1013.9,92,85,0
21.1,18.8,24.8,18.3,20.1,19.6,1013.7,91,83,0
19.1,16,22,17.4,18.4,17.9,1015.2,93,85,4.4
14.3,12.8,16.2,14,13.3,12.5,1018.8,89,100,9.1
13.3,12.6,14.3,12.1,12,11,1018.3,86,99,2.1
14.3,12.4,18,11.5,12,9.9,1020.4,75,93,0
13.7,13,14.6,12.1,12.1,10.6,1019.9,82,96,2.2
15.3,13,18.5,12.6,13.7,12.3,1017.3,83,96,0.6
15,14,15.9,13.5,14,13.3,1013.8,89,100,15.9
16.5,14.7,19.2,12.8,15.1,14,1013.5,85,41,1.2
16.4,14.8,18.6,11,14,12,1018,76,72,0
15.2,13.1,18.3,12.4,13,11.1,1019.8,77,90,0
16.6,14.7,20.1,13,13.7,11.4,1018.2,72,72,0
17,15,19.6,13.4,14,11.5,1019.8,70,80,0
16.9,14.8,19.6,13.3,12.9,9.2,1022.4,61,38,0.2
17.1,13.9,21.4,9.6,10.8,3,1024.3,43,7,0
16.4,13.1,21.2,7.8,9.3,-0.8,1023.8,33,0,0
15.4,12.4,19.6,7.3,10.5,4.7,1024.6,50,35,0
15.5,13.1,19.1,11.7,11.5,7.5,1023,60,49,0
17.3,14.9,20.8,12,14.1,11.4,1019.1,69,68,0
20.3,17.3,25.3,15.8,17.5,15.7,1017.3,75,60,0
19.5,17.2,23.1,15.5,16.1,13.5,1017.4,70,35,0
20.2,17.2,24.8,14.7,17.4,15.4,1016.2,75,12,0
18.4,17.3,19.7,15.2,16.2,14.6,1017.8,79,82,0
19.2,16.6,23.6,15,16.1,13.8,1016.7,71,61,0
19.6,16.9,23.2,16.3,17.8,16.6,1014.1,83,85,0.1
19.1,18.2,19.8,18.5,18.2,17.6,1013.6,91,99,1.4
18,17.2,18.8,16.1,17.4,17,1012.5,94,100,6.5
20.2,18.3,23,17.6,19.5,19.1,1013.7,93,99,0
20.9,19.2,25.3,19.5,19.9,19.4,1014.4,91,93,0
17.4,15.5,19.5,16.7,15.8,14.7,1016.7,84,97,0
16.4,15.3,18.3,14.8,14.4,12.9,1016.5,80,100,0
19.8,16.8,22.8,15.6,18.5,17.7,1013.8,88,85,0
18.9,17.5,21.1,15.6,17.6,16.7,1014.5,88,90,0.3
18,16.9,19.8,16.1,16.8,16,1013.9,88,99,0
17.6,16.8,19,17,17.1,16.7,1012.8,94,100,2
17.1,16.3,17.8,16.2,16.5,16.1,1011.3,94,100,1.1
15.9,12.5,17.5,16.4,15.4,15,1013.4,94,100,25.1
14,11.5,16.3,10.8,11.6,9.2,1018,73,99,0.3
14.2,11.7,16.7,11,11.8,9.7,1018.4,75,75,7.5
16.5,15,17.8,12.1,12.6,8.8,1018.5,61,82,0
17.9,16.7,20.2,16.2,15.9,14.4,1017,80,97,0
20,17.8,24.2,17.2,18.9,18.2,1014.6,90,98,0
20.7,19.2,22.6,19,18.7,17.5,1015.7,82,96,0
18.8,17.6,21.2,15.4,16,13.9,1015.9,73,74,0
17.9,16.8,19.1,16,16.6,15.6,1014.1,86,100,12.6
21.3,18.2,26.3,17.6,19,17.7,1016.3,81,74,2
19.2,17.7,22.2,16.9,16.3,14.2,1017.7,73,45,0
19,17.2,21.8,15.7,16.7,15.2,1013.1,79,78,0
18.6,17.8,19.4,17,17.4,16.5,1012.7,88,100,16.4
18.4,17,19.6,16.2,16.5,15.2,1014.1,82,99,0
20,18.7,22,17.9,18.4,17.5,1014.3,86,100,0
20.3,18.9,21.5,17.8,19.2,18.5,1014.3,90,99,6.2
20.2,18.9,21.2,18.7,17.1,14.9,1015.4,72,99,0
18.8,17.8,19.8,16.8,16.7,15.2,1017.8,80,100,0
21.1,18.5,24.7,16.9,17.1,14.3,1019,66,82,0
19.3,16.4,22.7,14,14.5,10.2,1021.3,57,84,0
19.2,16.6,21.7,15.1,14.6,10.7,1020.6,59,76,0
20.5,18.6,23.8,14.8,17.1,14.6,1017,70,77,0
21.9,19.8,23.9,18.2,20.6,19.9,1014.1,88,91,0.7
24,21.9,28,20.8,22.7,22.1,1011.9,89,94,0.9
24.4,20.6,27,20.3,23,22.3,1010.7,88,88,8.1
22.9,19.7,26.3,21.5,20.5,19.2,1011.3,80,91,25.3
23.7,20.6,27.7,20.5,22.2,21.4,1010.8,88,89,0
25.8,23.8,28.3,22.1,23.8,22.9,1011.2,84,72,0
25.9,24,29.2,22.3,23.9,23,1012,84,78,0
25,22.8,27.5,21.4,23.1,22.3,1011.8,85,86,0
25.2,21.8,28.6,22.5,23,21.9,1011.5,82,82,0.7
24,22.6,26.7,21.2,21.9,20.8,1012,82,86,0
23.2,22.2,24.2,21.4,21.9,21.2,1013.5,89,97,1.9
24.7,23.2,28,22.6,23.2,22.5,1014.4,88,84,0
25.7,23.3,29.9,23,23.5,22.5,1012.6,83,47,0
25.8,23.6,29.6,21.5,23.5,22.4,1010.4,82,39,0
26,23,29.9,19.8,23.1,21.7,1009.6,78,38,0
24.6,22,27.9,19.5,21.6,20.1,1010.9,76,29,0
25.6,21.7,30.8,18.5,21.8,19.8,1012,71,17,0
24.7,23.1,27.1,21.1,21.7,20.2,1013.2,76,68,0
25.2,23.3,28.7,21.7,22.7,21.5,1012.1,80,64,0
24.5,23.7,25.8,22.2,22.4,21.3,1011.4,83,89,0
25.4,23.7,28.1,22,23.9,23.2,1009.5,88,81,2.5
26.7,24.2,30.2,22.2,24.3,23.2,1008.3,82,61,0
27.4,25.3,29.6,24.1,25.1,24.2,1007.1,83,80,0
24.8,22.2,27.4,25.8,23.4,22.7,1006.5,88,93,88.2
25.1,21,30.1,20.3,23.4,22.7,1008.2,87,84,67
23.9,21.6,25.6,23.9,23,22.6,1009.8,92,95,149.7
25,23.5,27.2,21.6,23.5,22.8,1010,88,91,0
26.3,24.5,28.9,23.5,24.9,24.2,1009.3,89,72,0
27.2,24.7,30.8,22.9,24.8,23.7,1009.3,82,53,0
27.8,24.8,31.7,23.2,24.9,23.6,1009.8,78,49,0
27.9,25.8,31,24.2,24.9,23.6,1011.2,78,68,0
23.5,22.1,26.8,22.5,21.9,21.1,1013.5,87,90,22.7
23.1,22,24.2,20.7,21.3,20.3,1012,84,98,0
25.2,23.4,27.5,21.7,24.1,23.6,1008.2,91,91,8.7
27.8,25.5,30.3,23.7,25.4,24.5,1007.3,83,79,0
28.1,26.6,30.6,25,25.8,24.8,1007.8,82,78,0
27,26.2,27.6,25.6,25.7,25.1,1008.6,89,86,9.5
26.2,24.4,27.8,23.9,25.1,24.6,1009.1,91,86,19.2
27.7,25.5,30.8,25,25.7,24.8,1008.9,84,71,0.5
26.9,25,31.3,25.1,25.1,24.4,1008.9,86,79,19.5
26.1,23.7,27.1,24,24.9,24.4,1008,91,90,32.4
27.6,24.7,29.5,24.2,25.8,25,1006.6,86,83,16.2
25.8,22.6,27.7,24.9,24.8,24.4,1007.6,92,88,88.9
27.9,25.3,29.8,24.3,25.9,25,1007.8,84,79,17.8
28.3,27.2,30,25.7,26,25.1,1008.3,83,85,0.7
25.1,23.4,28,23.3,24.2,23.8,1009.4,93,94,215.7
27.2,24.4,30.5,22.5,25.1,24.2,1008.1,84,80,0
25.5,24.1,28,24.5,24.2,23.6,1008.2,90,95,52.7
25.4,24,27.9,23.3,24.3,23.9,1008.7,91,86,11.7
25.9,24.5,28.6,24.1,24.4,23.7,1009.4,88,71,4
27.2,24.8,30.3,23.8,25.5,24.8,1010.6,87,74,1
27.7,26,30.4,25.1,25.9,25.1,1011.1,86,70,0
26.6,24.5,29.6,23.9,25,24.3,1011.2,87,89,6.3
27.9,25.2,31,24.9,25.5,24.4,1009.4,82,78,0.2
28.2,26.7,31.2,25.3,25.8,24.8,1008.1,82,83,0.2
25.7,23.6,28.3,25.6,24.2,23.5,1008.4,88,86,43.6
26.3,24,29.4,22.7,23.7,22.5,1009.1,80,85,0
26.1,23.4,29.1,22.9,23.5,22.2,1008.9,80,91,22.7
26.1,24.5,29.3,23.4,24.6,24,1008.1,88,91,13.8
26,24.9,28.4,24,24.8,24.3,1006.7,91,89,20
26.4,24.7,28.4,23.8,24.9,24.3,1006,89,88,61.1
25.8,24.8,27.2,24.6,24.9,24.6,1005.7,93,97,82.1
27.3,24.7,29.6,23.7,25.7,25.1,1003.4,88,94,35.2
26.8,24.7,28.7,23.8,25.1,24.3,1003.3,86,88,36.2
28.7,26.6,31.3,24.6,26.5,25.6,1004.3,84,77,1.5
28.1,26,30,26.2,26.1,25.3,1005.4,85,79,6.5
28.2,26.7,31.6,25.4,26.1,25.3,1005.7,84,73,0.1
28.1,26.2,30,25.8,26.3,25.5,1004.5,86,82,7.1
26.6,25.2,28.1,26,25.4,24.8,1003.5,90,89,23.2
25,23.9,26.1,25,23.4,22.6,1005.3,86,94,0
26.4,24.3,28.9,0,23.5,22.1,1005.6,78,70,0
26.4,24.9,29.1,0,23.9,22.7,1005,80,84,0.5
26.3,25.2,28.7,0,24.7,23.9,1004.8,87,94,8.8
26.2,24.7,29.2,24,25,24.5,1005.2,90,91,30.2
26.4,24.5,28,24,25.3,24.8,1006.5,91,94,75.9
27.1,25.7,28.8,24.5,25.7,25.1,1008.8,89,90,24.1
28.2,25.6,30.7,24.4,26.4,25.7,1010,87,82,2
28.6,26.3,31.6,24.3,26.1,25,1009.1,81,64,0.1
28.8,26.5,32.2,24.5,25.9,24.7,1008.6,80,49,0
29.2,27.1,32,24.5,25.8,24.4,1006.6,76,42,0
29.3,26.9,32.1,24.2,25.6,24.1,1004.9,74,45,0
29.5,27.6,32.5,25.1,26.2,24.8,1005.3,76,69,0
29.5,27.4,32.6,25.5,26.6,25.4,1006.4,78,76,0
28.9,26.7,31.6,25,26.2,25.1,1006,80,83,2.6
28,25.2,30.2,24.1,25.5,24.5,1006.3,81,84,14.4
26.2,24.4,28.2,23.2,25.3,24.9,1007.1,93,97,95.2
27.9,25.4,30.8,24.4,26.1,25.4,1006.5,86,91,16.3
29.1,26.8,31.6,25.6,26.5,25.4,1007.6,81,71,0.6
29.5,27.6,32.3,25.5,26.4,25.2,1007.9,78,59,0
29.5,27.6,32.3,25.2,26.4,25.1,1006.9,78,52,0
29.5,26.5,32.1,24.6,26,24.5,1005.1,75,60,2.5
29.6,27.6,32.4,25,26.2,24.8,1003.9,76,57,3.1
29.6,26.5,32.4,25.8,26.3,25,1004.4,77,76,5.4
29.6,27.8,32.1,25.7,26.3,24.9,1005.2,76,68,0.9
29.6,27.4,32.6,25.5,26.4,25.1,1005,77,65,0.8
29.7,27.5,32.6,25.5,26.2,24.7,1004.7,75,58,0.1
29.6,27.4,32.7,25.8,26.3,24.9,1005,76,51,0
28.8,27.5,31.8,25,25.9,24.6,1005.9,78,59,0
26.7,24.2,29.1,25.4,25.3,24.6,1005.8,88,85,55
25.1,23.5,26.9,22.6,24.1,23.7,1007.8,92,97,77.6
25.3,24.3,27.4,24.1,24.5,24.2,1009.1,93,92,47.4
25.6,23.6,27.2,23.5,24.5,24,1008.9,91,90,39.6
26.4,24.2,30,24.3,24.9,24.3,1009,89,86,21.1
27.6,24.4,31,24.3,25.4,24.5,1010.8,84,56,2.7
28.8,26,32.3,25.3,26.1,25,1012,81,27,0
28.3,26.2,31.8,24.9,25.5,24.3,1011.3,79,58,0.1
26.8,25,28.2,25.4,25.2,24.5,1009.4,88,85,2.8
27.1,24.8,29.5,23.5,24.9,23.9,1008.6,83,79,0
26.3,24.1,28,24.1,25,24.4,1008.2,90,86,27
28.2,24.7,31.6,24,25.9,24.9,1008.1,83,69,1
28.3,24.3,31.4,23.9,26.1,25.2,1008.5,84,79,4.7
29,27.2,31.9,25.5,26,24.7,1009.2,78,44,0
29,26.9,31.7,25.5,25.8,24.4,1009.5,77,29,0
28.9,26.4,31.7,25.5,26.1,24.9,1009.2,80,27,0
28.9,26.4,32,24.8,26.1,24.9,1007.7,79,54,0
29.4,27.3,32.1,25,26.4,25.2,1005.7,79,59,0
29.5,27.4,31.9,26.5,26.6,25.5,1003.2,80,49,0
29.7,27.9,32.5,26.6,27,26,1001.5,81,70,0
25.8,23.8,29.3,22.9,24.5,23.9,1004,89,90,95.7
27.5,25,31,23.5,25.2,24.2,1005.8,83,67,0
28.7,25.7,31.8,24.3,26.2,25.1,1001.4,82,73,0
28.8,27.9,30,25.4,26.4,25.5,997.6,82,95,0
29,27.4,31.7,25.7,26.6,25.7,1001.8,83,72,2.1
29.2,26.1,32.4,25.8,26.7,25.7,1002.5,82,55,5.5
29.5,27.3,32.7,26.5,27,26,998.7,82,57,0
26.7,24.1,28.8,24.6,25.6,25.1,997.3,91,90,47.1
27.8,25.6,30.9,25.3,26.1,25.3,1001.1,87,85,9.1
28.2,27,29.7,25.3,25.6,24.5,1002.8,80,84,0.2
28.6,26.7,31.4,25.3,25.9,24.8,1001.2,80,69,0
26.7,24.5,28.6,24.8,25.4,24.8,997.9,89,88,41.3
26.2,25.1,27.2,25,25.5,25.2,994.6,94,94,46.8
27.1,25.7,28.3,24.5,25.4,24.7,994.4,87,90,4.9
26.8,25.5,28.6,25.3,25.4,24.9,997.5,90,86,17.6
28.3,26.1,31.8,24.9,26.4,25.6,999.1,85,69,0
28.8,26.3,32.3,24.4,26.5,25.7,1001.6,84,42,0
29.1,27.2,32.1,26.3,26.8,25.9,1002.8,83,43,0
28.9,26.6,31.7,24.7,26.4,25.4,1003.1,81,34,0
28.8,26,32,26.2,26.6,25.7,1003.6,84,65,0.2
29.4,27.4,32.2,26.1,27,26,1004.5,82,48,0
29.4,27.5,32.5,25.9,26.8,25.7,1004.2,81,52,0
28.8,25.8,32.8,25.8,26.4,25.4,1004,82,83,9.3
28.3,26.4,31.3,24.6,25.7,24.6,1005.2,81,79,0
26.6,25.2,27.5,25,25,24.4,1006.5,88,92,14.5
25.7,24.2,27.9,24.3,24.8,24.5,1008,93,96,67.5
26.8,25,29.6,24.1,25.2,24.5,1008,87,92,11.3
26.7,24.6,29.1,24.5,25.2,24.6,1008.6,88,80,13.6
25.9,24.2,29.3,24.1,24.6,24,1010.3,89,75,15.8
25.1,23,27.8,23.8,24,23.6,1012.1,91,94,56.4
27,24,30.7,22.9,25.2,24.5,1012.3,86,65,0
27.7,25.1,31,23.8,25.5,24.6,1012.2,84,42,0
27.8,25.7,31.9,24.1,25.7,24.8,1012.2,84,71,0
28.2,25.6,31.9,23.6,25.8,24.8,1011.5,82,34,0
28.1,25.8,31.4,24.7,25.5,24.3,1010.4,80,32,0
28.1,25.3,31.1,23.1,25.5,24.4,1009,81,33,0
28.8,26.2,33,24.5,25.6,24.3,1009.3,77,49,0
29.1,27,32.8,25,26.2,25,1010.2,79,40,0
28.5,26.5,32.5,25.5,26,25,1009.5,82,53,1.6
27.1,25.8,29.7,24.8,25.2,24.4,1008.3,85,76,11
25.8,24.2,27.8,24.2,24.4,23.9,1010.3,89,91,26.5
26,23.8,28.3,24,24.2,23.3,1012.4,86,91,7.7
27.2,23.9,29.8,24.2,25,24,1012.1,83,74,0
26.2,24.2,29,24.7,24.8,24.1,1011.6,89,80,3.9
27.6,24.5,31.1,23,25,23.8,1010.9,80,68,0
28.4,26.2,31.5,24.4,25.7,24.5,1010.3,80,60,0.5
26.7,24.5,29.2,24.2,24.8,24,1011.6,85,79,29
27.3,25,30.6,25,24.9,23.9,1011.8,82,45,0
28.1,25.7,31.4,24.4,25.2,24,1010.8,79,52,0
28.2,25.6,30.8,24.9,25.3,24.1,1008.6,78,82,4.1
28,25.6,31.2,24.5,26.2,25.4,1009.5,86,66,7.9
28.8,26.2,31.3,24.4,26.3,25.3,1010.7,82,42,0
30,26.6,33.9,25.2,25.7,23.8,1007.1,71,58,0
28.1,24.7,29.9,27.2,22.9,20.2,1001.9,62,86,1.9
24.5,22.9,25.6,21.8,22.6,21.7,1004.2,85,97,1.9
27.3,24.2,30.9,22.1,24.4,23.1,1008,79,57,0
28.1,25.7,31.2,23.5,25.2,23.9,1008.6,79,47,0
28,26.1,31.3,24.4,25.4,24.3,1008.3,80,56,0
28.5,26.2,31.7,24.4,25.5,24.3,1009.2,78,41,0
28.4,26.4,32.3,24.6,25.6,24.4,1010,79,45,0
29.1,26.8,32.8,25.2,25.7,24.3,1010.5,76,31,0
29.1,26.9,32.7,24.9,26,24.7,1009.8,77,46,0
29.2,27.2,32.7,25.2,26,24.6,1008.8,77,51,0
28.7,26.6,31.8,24.7,25.8,24.6,1007.8,79,61,0
26.2,24.2,28.1,24.6,24.7,24,1006.9,88,84,33.2
26,24.4,27.4,23.8,25.2,24.8,1005.5,93,96,91.5
27.5,25.2,28.9,24.7,25.4,24.5,1006.2,84,94,21
27.7,25.8,29.9,24.5,25.4,24.4,1010.3,82,55,0
26.6,24.6,28.7,22.3,23,21.3,1012.1,73,73,0.1
26,24.6,27.6,22,22.1,20,1012.6,70,84,0
25.2,23.8,26.4,22.9,24.2,23.8,1012.1,92,82,72.1
26,23.7,29.2,23.4,24.8,24.3,1011.5,91,77,49.1
27.4,24.5,30,23.5,25.6,24.8,1008.4,86,35,0
27.3,24.8,30.3,22.5,23.4,21.5,1006.7,71,36,0
22.8,19.6,25.3,21,21.4,20.7,1003.2,89,96,100.2
22.3,21,24,20.4,21.4,20.8,1012.3,91,99,50.4
21.8,20.4,25.3,19.8,19.8,18.7,1014.1,82,93,0
22.8,20.4,26.7,19.2,20.2,18.7,1013.6,78,89,0
23.6,21.3,26.7,19.9,20.7,19,1012.3,76,86,0.2
24.4,21.6,28.4,19.4,21,19.1,1010.2,73,61,0
24.8,22.2,28.4,20.4,20.8,18.6,1008.8,68,66,0
24.9,22.6,27.4,20.4,20.4,17.8,1008.4,65,76,0
23.6,21.6,25.7,21.3,20.5,18.8,1006.2,75,97,4.5
25.7,23.7,26.7,20.6,24.1,23.4,1007.4,87,92,22.1
25.5,24.4,26.6,23.1,24.2,23.6,1012.1,89,77,2.8
25.3,23.8,27.5,23.4,23.2,22.2,1012.8,84,75,7.4
25.5,23.8,28.5,21.7,22.5,21,1013.8,77,18,0
25.7,23.7,28.5,21.3,23.5,22.4,1014.1,83,39,0
25.9,24.4,28.8,21.8,23.2,21.9,1014,79,39,0
23.8,20.5,25.1,21.8,21.2,19.6,1014.1,78,61,11
19.5,17.7,20.8,18.7,16.1,13.7,1017.8,69,90,0
19.5,16.9,23.4,14.6,15.3,12.1,1018.5,63,33,0
21.3,17.6,25.2,14.3,17.2,14.4,1019,65,34,0
22.7,19.6,26.7,15.6,19,16.7,1018.3,70,16,0
23.4,19.7,27.3,16,20,18,1016.7,72,52,0.2
23.4,21.2,26,20.3,21,19.6,1016.2,80,82,0.7
23.8,21.9,26.7,20.4,21.2,19.9,1016.1,79,89,0.3
22,19.8,24.3,20.2,19.7,18.3,1016.6,80,93,10.6
21.1,19.2,22.5,18,18.8,17.5,1017.6,80,90,2.6
21.9,20.4,23.6,18.4,19.7,18.3,1016.8,80,72,0
23,21.7,25.2,19.5,20.7,19.3,1016.9,80,74,0
22.6,21.7,24,20.7,20,18.5,1016.8,78,74,0
23,21.7,25.5,19.5,20.5,19.1,1016,79,75,0
22.7,21.3,23.8,20.3,20.6,19.4,1016.6,82,95,0
21.2,19.8,23.1,19.8,18.7,17.1,1015.8,78,90,0
19.5,17.5,21.9,17.5,16.6,14.5,1014.5,73,80,0.7
18.7,16.6,22,15.5,15.2,12.6,1016.2,68,62,0
19.4,16.7,21.9,13.5,16.9,15.3,1018.1,77,77,0
21.3,19,24.8,15.3,18.9,17.4,1018.5,79,26,0
22.8,20.7,25.6,17.4,20.3,18.9,1019,79,41,0
22.1,19.6,25.7,17.4,18.2,15.7,1019.3,67,39,0.1
20.8,18.4,23.7,15.1,17.2,14.7,1019.6,68,22,0
20.5,17.8,24,15.2,17.1,14.7,1018.8,69,29,0
19.2,16.4,23,14.8,15.7,12.8,1021.3,67,73,2.2
14.2,10.2,17.1,12.2,8.6,1.3,1026.2,42,3,0
12.1,8.5,16.1,5,7.1,-0.1,1026.9,43,3,0
14.6,10.3,19,5.9,9.7,3.8,1024.4,48,3,0
16.8,13.5,20.8,8.8,12,7.2,1021.6,54,7,0
17.3,13.9,20.9,7.8,12.3,7.3,1017.5,53,4,0
17.9,14.9,22,9.9,14.2,11.1,1016,65,1,0
19.6,16.3,22.9,10.7,15.4,12,1015.7,63,48,0
20.3,18.8,23.4,15.7,17.3,15.1,1015.9,73,46,0
20.6,18.5,23.7,15.4,18.3,16.9,1014.4,80,35,0
20.7,18.9,23.8,16,18.7,17.6,1014.3,83,39,0
20.3,19.6,20.9,17.7,18.7,17.7,1015.3,85,86,0
22.3,20.6,25.3,19.1,20,18.7,1014.3,80,74,0
22.6,21.2,25.3,19,21.2,20.4,1012.6,87,84,0
22.1,20.8,23.6,20.3,20.9,20.2,1012.6,89,93,0
22.4,20.4,25.8,20,20.9,20.2,1012,88,90,0
20.8,20.2,21.7,19.7,19.4,18.5,1012.4,87,93,1.1
15.4,13,20.6,16.9,14.8,14.3,1016.2,93,99,20.5
13.3,11.1,16.1,10.9,11.5,9.9,1021.3,80,98,2
11.3,9.5,13.9,9.1,9.1,6.7,1024.3,74,89,0.3
9,7.8,10.5,8.1,7.5,5.7,1023.9,80,100,1.3
7.5,6.2,8.7,8.2,6.8,6,1023.7,90,100,16.7
6,4.3,8.7,4.2,4.2,1.5,1026.4,74,99,7.2
7.8,5.3,12,4.2,3.8,-3.2,1026.8,46,47,0
8.6,4.8,13.4,3.3,4.1,-3.8,1027.6,42,18,0
9.5,5.7,14.1,1.3,5.3,-1.2,1028.5,48,24,0
12,7.5,16.2,2.5,8.5,4,1026.7,59,44,0
15,10.2,19.5,5.2,10.1,4.5,1024.9,51,49,0
13.9,12.4,15.6,9.8,8.5,1.3,1024.3,44,96,0.2
13.3,11.5,16.7,8.3,6.7,-4.2,1023.4,30,79,0
12.3,9.5,16.3,3.8,6.5,-3,1022.3,35,20,0
12.9,10,16.8,4.2,8.6,3.2,1023.9,53,0,0
13.7,10,17.6,3.6,10,5.9,1023.7,61,7,0
14.5,11.9,17.2,7.2,10.7,6.8,1021,61,25,0
16.1,13.7,20.3,10.1,12.9,10.1,1020.4,69,51,0
16.5,13.4,20.3,8.3,10.9,4.2,1023.1,48,49,0
12.5,9.6,15.7,5.5,6.2,-4.3,1025,31,6,0
11,7.4,15.6,6.9,5.3,-4.6,1022.6,34,13,0
12.4,8.8,16.6,2,7.3,0.1,1022.6,44,18,0
14,10.6,18,5.4,9.9,5.1,1022.5,57,35,0
16.4,13.2,22.6,8,12.7,9.3,1019.8,64,33,0
17.4,15.6,21.2,13.3,12.9,8.6,1016,57,73,0
17.4,14.4,22.1,9,13.5,10.1,1015.2,62,5,0
18.8,15.6,22.7,10.5,14,9.7,1016.4,57,32,0
18.2,15.5,22,9.7,12.9,7.8,1018.2,51,72,0
14.6,12.3,17.9,9.5,10.3,5.4,1020.7,55,29,0
14.5,12.7,17.3,9.7,11.2,8,1019.3,65,34,0
15.7,12.9,19.6,7.6,12,8.5,1019.2,63,18,0
15.3,13.4,18.1,8.8,12,8.7,1021.4,65,8,0
15.7,12.9,19.7,8.2,10.5,4.3,1023.9,50,21,0
13.1,10.6,17,5.5,6.1,-6.5,1025.5,25,0,0
12.1,9,15.9,3.1,6.7,-1.8,1024.1,39,0,0
13.6,10.3,17.4,5.5,9.8,5.5,1022.9,59,0,0
15.1,11.6,19.7,5.5,11.1,7,1021.8,61,0,0
14.8,12.3,18,6.8,11.3,7.8,1019.5,64,11,0
14.7,12.3,18.3,8.7,12.5,10.5,1016.7,76,13,0
15.7,12.3,20.9,5.5,12.9,10.4,1016.3,72,0,0
16.3,14.4,19.7,7.9,12.3,8.3,1017.4,60,36,0
16.7,14.9,20.6,11.8,13.2,10.1,1018.6,66,68,0
16.7,15.3,19.5,11.2,14.4,12.5,1020.1,77,80,0
15.8,14.6,18.8,12.7,13.9,12.4,1023,80,77,0
15.5,13.1,19.4,11,12.8,10.3,1025.1,72,60,0
12.1,10.2,14.2,8,10.1,7.9,1027.3,76,95,5.8
13.8,12.1,15.7,10.2,11.4,9,1025.8,74,91,0
15.7,13.5,19.2,9.8,13.2,11,1021.9,74,67,0
18.6,15.3,22.9,10.8,15.7,13.6,1019.9,74,30,0
15.4,14.4,18.1,12,13.4,11.7,1022,79,52,0
16.7,14.2,20.9,10.1,14.2,12.2,1022.3,75,72,0
18.2,15.6,22.1,11,15.4,13.3,1023,73,61,0
14.8,12.4,17.3,9.9,10.6,6,1025,56,61,0
13.4,10.1,16.7,6.2,9.9,6.1,1022.3,61,20,0
14,11.6,17.2,6.6,10.5,6.8,1018.8,62,42,0
14.7,11.5,19.1,6.7,10.6,6,1016.7,57,11,0
16,13.6,18.6,9.2,13.3,11,1014.5,73,50,0
17.7,16,21.5,12.1,15.2,13.4,1014.8,76,61,0
16.2,13,20.3,10.1,11,5.3,1019.1,50,5,0
14.9,12.9,17.7,8.6,11.9,9,1021.5,68,37,0
16.2,14,20.6,11.5,12.9,10,1021.9,67,36,0
17.3,15,21.8,11,13.8,10.7,1021.2,66,21,0
17,15.1,20.7,13,13.8,11.1,1019.7,69,72,0
18.2,14.8,22.5,10.7,15.1,12.8,1017.6,72,18,0
18.1,16.2,21,13,15.6,13.8,1019.1,76,56,0
18.4,16.4,22.5,15,15.7,13.6,1018.7,74,52,0
19.6,17.4,23.4,14.9,17.7,16.4,1016.1,82,69,0
20.9,18.6,25.6,15.4,19,17.9,1015.1,84,41,0
21.3,19.3,24.9,16.5,19.8,18.9,1015.5,87,81,0
21.2,19.9,24.3,18.1,20.1,19.6,1015.5,91,85,0
21.4,20.3,24,19.9,20.6,20.1,1013.8,92,94,0
20.8,18.1,25.6,19.6,19.1,18.1,1014.8,85,81,0
17.8,16.1,19.2,16.9,15.6,14,1018.4,79,99,0
16,14.7,17.6,14,14,12.5,1019.5,80,99,0
17.3,15.5,18.7,14.4,15.1,13.4,1016.7,78,90,0
18,16,21.3,16,16.4,15.1,1015.2,83,78,0.2
16.1,15,17,13.1,13.6,11.5,1016.9,74,98,0
15.8,14.5,17.3,14.4,13.9,12.3,1015.9,80,100,0.3
14.1,12.5,15.6,12.3,12.4,10.8,1016.2,81,100,1.8
14.8,13.5,15.5,13,13.8,13,1013.4,89,100,6.3
18.1,14.8,22.7,14.1,17.4,16.9,1010.6,93,98,3.5
22.5,17.8,24.8,13.9,21.2,20.5,1008.5,89,98,1
15.5,13.2,18.5,12.8,12.2,9,1014.4,65,91,0
12.1,9.1,13.4,11.5,8.6,4.4,1019.8,59,100,0.4
11.4,7.9,14.4,7.5,8.1,4.1,1023.7,62,99,1.3
14.9,12.5,18.9,11.4,10.5,5.6,1023.9,54,66,0
14.4,13.9,15.7,11.6,11.7,9,1019.7,70,95,0
16.4,14,18.9,12,13.7,11.5,1018.6,73,98,0.1
18.5,16.8,22.6,15.8,16,14.2,1018.5,77,62,0
18.8,16.1,23.2,13.7,15.9,13.7,1015.9,73,32,0
20.8,17.8,25.2,14,18.7,17.4,1013.7,82,35,0
21.7,18.7,26.4,14.9,19.1,17.6,1012.1,78,47,0
22,19.5,25.1,0,20.2,19.2,1010.3,84,82,0
21.9,20.7,23.7,19.5,20.7,20.1,1010.5,90,88,0
20.7,17.5,23.8,18.9,18.9,17.8,1013.3,84,89,0
17.4,16.8,18.5,16.5,15.1,13.4,1016.2,77,91,0
18.7,16.8,21.1,0,16.8,15.4,1015.7,81,94,0
21.9,19.3,25.7,0,19.9,18.8,1013.9,83,80,0
22.4,20.5,26.2,20.1,21.1,20.4,1010.9,89,91,0
23.8,21.4,27.2,19.8,22.4,21.6,1010.8,88,89,0.2
24.4,22.7,27.9,21.7,22.7,21.9,1012.2,87,80,0
15.6,12.3,23,15.4,13.3,11.4,1019.5,76,91,0
13.1,10.2,15.3,10,11,9,1021.1,77,100,0
15.6,13.9,19.1,13.8,13.8,12.3,1018.8,81,99,0
16.3,15.5,18,14.9,15.1,14.2,1017.6,87,99,0.4
15.9,15.2,17.6,14.9,14.7,13.7,1016.9,87,100,0
14.8,14,15.5,13.7,13.8,13,1016.8,89,100,4.7
15.6,14.7,16.9,14.2,14.5,13.6,1017.2,88,100,0.7
18.4,15.9,21.8,15.1,17.7,17.2,1016.1,93,96,0.7
20.2,17.8,23.6,18.3,19.6,19.3,1013.9,95,98,0
17.9,17.1,19.2,16.8,17.2,16.8,1014.2,93,100,0.1
19.8,17.4,23.3,17.1,18.3,17.3,1014.1,86,85,0
20.8,18.3,24.8,17.9,19.6,18.9,1014.3,89,89,2.5
17.6,16.4,19.8,15.4,15.6,14.1,1018.1,80,97,0.1
17.3,16.4,19.4,15.8,14.3,11.8,1018.9,71,98,0
17.9,15.9,21,16.2,15.7,14,1017,78,77,0
17.5,16.1,19.2,16.4,16.1,15.1,1018,86,97,0
16.8,15.6,18.5,15,14.4,12.5,1018.8,76,98,0
17.6,15.7,20.4,15.2,15.5,14,1016.8,80,95,0
18.9,17.5,21.5,16.4,17.4,16.4,1015.3,86,96,0
18,15.8,21.7,15.1,15.6,13.9,1015.8,77,87,0
19.5,17.4,22.2,17.3,17.1,15.5,1013.5,78,89,0
19.7,16.9,21.6,18.7,18.8,18.3,1013.3,92,97,14.4
18.9,16.3,21.9,16.2,17.2,16,1014.2,84,91,0
18.6,17.2,20.5,16.3,16.7,15.3,1012.7,81,89,0
18,16.9,19.1,16,17.1,16.5,1010.4,91,100,47.7
19.4,18.3,21.6,17,18.9,18.6,1010.3,95,95,10.4
20.6,17.1,24.2,16,17.7,15.7,1012,74,42,0
19.8,18.2,22.5,17.2,18.1,17,1012.4,84,81,0
22.7,19.3,26.3,19,21.5,21,1009.9,90,98,0
26.4,25,27.6,24.4,24.2,23.2,1008.4,83,89,0
23.5,21,26.4,24,22.8,22.4,1012.1,94,97,20.2
21.1,19.8,23,19.3,19.8,19,1014.8,88,91,0.2
21.4,19,24.4,19.5,20.3,19.7,1013.5,90,91,5.4
23.8,21.8,27.2,21.5,22.8,22.3,1013.5,92,72,0
25.8,23,29.3,21.2,23.4,22.2,1013.4,82,42,0
24.1,20.4,28.8,19.6,20,17.2,1015.6,68,38,0
20.6,18.4,24.4,18.1,15.8,12.1,1017.7,59,77,0
22.7,19.4,27.4,18.3,19.8,18.1,1014.4,76,76,0
24.2,21.9,28.4,19.6,22.2,21.2,1013,84,71,0
24.5,22.9,28,20.5,22.6,21.7,1011.8,85,85,0
25.1,22.9,28.7,0,23.5,22.7,1010.3,87,80,0
26.1,23.2,30.1,21,23.8,22.7,1008.8,83,68,0
23.8,21.8,26.2,20.5,22.1,21.3,1009,86,74,19
24.8,22.5,28.2,20.3,23.1,22.2,1010.9,86,73,0
24.3,22.6,26.5,22.7,23.3,22.9,1010,92,85,1.6
26.4,24.8,29.7,23,25,24.3,1007.8,89,88,5.8
23,20.6,25.9,22.5,22.2,21.9,1008.5,94,96,15.1
20.2,17.4,23.7,17.7,18.4,17.3,1012.8,84,66,19.8
22.5,19.1,26.6,16.5,18.2,15.3,1014.6,65,59,0
22.7,21.1,25,18.6,17.7,14.1,1015,59,91,0
22.1,20.7,23.4,20.5,19.7,18.4,1014.5,80,92,1.1
22,21.1,23.2,20.4,20.5,19.7,1013.7,87,94,5.3
23.2,22,24.8,20.3,21.8,21,1013.1,87,90,0
25.1,22.8,28.9,21.2,23.6,22.9,1012.7,88,85,0
25,23.9,26.1,23.3,23.8,23.2,1013.4,90,94,0.2
24.8,23.3,27.2,22.1,21.7,19.9,1014.5,75,84,0
24.1,22.8,26.1,20.7,21.6,20.4,1014.9,80,88,0.7
24.8,22.6,27.8,21.9,23.5,22.9,1012.2,90,90,1.5
26.4,24.4,30.1,23,24.9,24.2,1010.9,88,72,0
26.9,24.5,31.1,22.5,24.8,23.9,1010.9,84,59,0
26.6,25,29.9,23.8,24.9,24.1,1008.8,86,61,0.2
27.8,25,31.4,23,25.1,23.9,1007.5,80,29,0
28.4,25.5,32.1,23.5,25.8,24.7,1006.3,81,39,0
27.9,26.4,31.2,23,25.4,24.4,1005.8,82,83,0.5
25.6,23.8,28.3,23.2,24.1,23.4,1005.2,87,79,61
26.8,24.8,29.3,23.4,24.8,23.9,1003.9,85,74,0
28.1,25.7,31.2,24.2,26,25.2,1001.8,85,51,0
30,27,33.4,25.8,26.9,25.6,999.4,79,32,0
31,28,35.2,25.3,27.6,26.4,997.8,77,36,0
29.9,28.6,32.6,26.6,27,25.8,999.2,79,76,0
29,25,31.7,26,26.5,25.5,1000.8,82,81,28.4
27.7,24.8,31.1,24,25.6,24.7,1003.7,85,82,3.2
28.3,25.6,32.7,24.4,25.7,24.6,1005.5,81,71,4.7
28.2,26.5,32.1,25.8,26.1,25.3,1004.6,84,76,13
26.5,25.3,28.7,24.7,25,24.4,1002.6,88,88,21.8
25.3,23.6,26.5,24.1,24,23.4,1005.7,90,98,81.8
24.8,22.8,25.8,22.1,23.6,23.1,1009.3,90,98,115.6
25.6,23.6,28.5,23,24.1,23.4,1010.2,87,86,44.5
26.5,25.2,28,22.8,25.1,24.5,1009.4,89,89,13.9
26.9,26,27.9,0,25.4,24.7,1010.9,88,88,2
27.6,26.3,29.9,24.3,25.3,24.3,1011.6,83,81,0
27.5,26.3,29.1,24.4,25,23.9,1009.7,81,78,1.2
26.8,24.3,28.8,24.7,24.8,24,1006.5,85,92,13.3
24.1,22.9,25.4,24,23.2,22.7,1006.5,92,100,11
23.4,22.5,24.8,22.1,22.8,22.4,1008.9,94,96,39.2
25.3,23.7,28.4,23,24.4,23.9,1008.9,92,88,11.2
26,24.2,29,23.5,24.8,24.3,1007.8,91,86,25.1
27,25.6,29.8,24.5,25.7,25.1,1007.2,89,80,0.6
27.3,25.7,29.6,21.1,25.9,25.3,1007.6,89,67,0
28.3,26.2,31.3,22.5,26.1,25.3,1007.2,84,56,0
28.7,26.5,32.2,24.5,26.2,25.1,1005.2,81,60,0
29.1,26.8,32.4,25.4,26,24.7,1004.2,78,49,0
29.1,26.7,32.4,25.6,26.3,25.1,1005,79,59,0
28.6,27.4,32.2,25.6,26.4,25.5,1006.1,83,68,1.7
27.4,25.6,29.4,26.5,26.1,25.6,1005.6,90,74,28.8
28.5,26.7,31.5,25,26.1,25.2,1004.7,82,70,0.3
28.8,26.5,31.9,25.3,26.3,25.3,1005.5,82,70,8.5
29.3,27.4,32,25.3,26.4,25.2,1006,79,61,0.1
29.2,27.3,31.5,25.6,26.6,25.5,1006.1,81,65,0
29.4,27.4,33.8,24.9,25.7,24.1,1004.5,73,51,0
28,25.7,30.7,24.1,24.7,23.3,1001.5,76,82,1.1
29.2,25.8,32.6,23.2,25.2,23.4,1000.3,72,42,0
29.3,26.3,33.8,25.9,26.7,25.6,998.8,81,47,3.2
29.1,26.5,32.9,25.2,26.1,24.8,997.5,78,76,0
28.3,26.1,31.3,26.1,26.3,25.5,999.2,85,87,26.2
27.4,25.3,30.1,25.2,26,25.4,1001.9,89,92,28.1
26.8,25.8,27.5,26.4,25.6,25.1,1003.6,90,91,1.8
27.2,25.5,29.5,24.8,25,24,1005.8,83,84,0.1
27.6,25.8,31.1,24.5,25.7,24.9,1007.6,85,78,3.3
27.4,24.6,28.7,24.2,25.7,25,1007.9,87,92,9.7
28.6,27.4,29.7,26.2,26.3,25.4,1007.5,83,85,0.9
28.9,27.7,30.2,26.3,26.3,25.3,1005.7,81,89,0.1
29.1,27.7,30.9,26.3,26.4,25.3,1005.7,80,87,0.1
29.1,28,31.7,26.2,26.3,25.1,1007.2,79,78,0
29.1,27.7,32,25.6,26.4,25.3,1007.7,80,74,0
29.1,27.2,31.5,25.5,26.1,24.9,1008.7,78,63,0.4
29.2,27.7,31.8,26,26.2,25,1011.3,78,57,0
28.8,26.7,31.8,25,25.7,24.4,1010.8,77,60,0
28.8,26.3,32.3,24.3,25.6,24.3,1008.5,77,24,0
29,26.4,32.6,24,25.6,24.2,1007,76,23,0
29.1,26.6,32.8,24.7,25.8,24.4,1007.1,77,17,0
29,26.7,32.3,24.8,25.6,24.2,1006.4,76,16,0
29.3,26.7,33,25.7,26.1,24.7,1006.3,77,22,0
29.7,26.6,33.8,24.6,26,24.5,1007.4,75,26,0
30.2,27.6,33.9,25.6,26.5,25,1007.9,75,34,0
28.7,26.5,31.8,26.1,26.5,25.6,1006.7,84,64,13.6
28.9,26.8,31.7,25.7,26.6,25.6,1004.2,83,73,4.3
26.8,25,28.9,24.8,25.7,25.3,1001,92,91,105.9
26.3,24.8,27.4,24.2,25.3,24.8,997.6,91,96,49
27.1,24.5,29.5,24,25.6,25,1001.5,88,90,61.6
26,25,28,24.9,25.3,24.9,1006.1,94,90,55.2
26,24.8,27.6,24.3,25,24.6,1007.9,92,83,25.2
26.2,25.1,29.1,23.4,25,24.4,1008.2,90,65,11.4
26.7,24.4,30.8,23.1,25.1,24.4,1007.6,87,68,18.6
26.4,25.3,29,24.5,25,24.4,1006.9,89,74,11.3
25.3,23.1,26.9,22.5,24.5,24.1,1006.3,93,85,35.9
26.7,24.8,29.6,24.1,25.4,24.9,1005.1,90,72,16
27.7,25.1,31.4,25.1,25.8,25.1,1004.8,86,73,8.1
28.1,25.8,30.7,25.3,25.7,24.7,1004.4,82,81,2.8
27.5,25.4,30.3,25,25.2,24.3,1003.5,83,78,14.2
26.6,24.9,28.6,24.5,25,24.3,1000.4,88,92,58.2
27.5,23.9,29.9,23.7,25.7,24.9,1005,86,88,34
27.8,26,31.4,24.4,25.9,25.1,1006.1,85,54,0.1
28.7,25.6,31.9,24.8,26.5,25.6,1003.2,84,34,0
29.3,28,31.3,26.5,27,26.1,997.8,83,90,0.2
27,24.1,28.6,23.9,25.7,25.2,1001.7,90,97,45.1
27.7,25.1,30.4,24.1,25.9,25.1,1006.8,86,90,6
27.4,25.3,28.8,25.5,25.9,25.2,1010.1,88,85,18.6
27.6,24.7,30.7,24.3,26,25.4,1012.4,88,61,8.6
28.5,26.2,32,25.9,26,24.9,1012.6,82,26,0
28.5,25.9,31.7,24.6,26,25,1012.1,81,40,0
29,26.8,32.8,25.4,26.2,25.1,1011,80,42,0
29.2,26.7,32.7,24.8,26.1,24.8,1010.7,78,23,0
28.7,27.5,32.2,25.3,25.7,24.5,1009.9,78,50,0
29,26.9,32.5,24.7,25.9,24.6,1008.6,77,34,0
28.9,26.7,31.8,24.7,25.8,24.5,1007.9,78,25,0
29.6,26.9,34,24.6,25.9,24.3,1007.4,74,30,0
30,28.1,34.1,25.5,26.4,24.9,1003.9,75,53,0
25.1,23,29,23.3,23.9,23.4,999.3,91,99,250.3
24,22.1,26.8,22,23.4,23.2,1009.1,95,100,261.3
27.2,24.4,30.6,23.2,25.8,25.2,1011.5,90,79,4.5
27.7,25.6,31,23.7,25.5,24.6,1011.5,84,41,0
27.2,25.3,29.7,22.9,25.2,24.3,1011.4,84,43,1.4
28,25.6,31.1,23.8,25.6,24.6,1011.3,82,39,0
28.9,26.2,32.1,24.6,26,24.8,1010.2,79,23,0
29.3,27.3,32.6,24.9,26.4,25.2,1010.1,79,35,0
29.1,27.5,32.3,25,26,24.7,1011,77,39,0
28.6,25.9,31.9,24.3,25.7,24.5,1011.4,79,46,0.2
28.8,26.3,32.1,24.1,25.5,24.1,1011,76,29,0
28.4,26.6,30.8,23.8,25.3,24,1011.3,78,35,0
28.5,26.2,31.3,23.3,25.3,23.9,1011.6,76,29,0
28.8,26.5,31.9,22.8,25.2,23.5,1010.5,74,22,0
29.3,26.7,32.2,24,25.9,24.4,1007.8,75,27,0
28.9,25,32.6,25,26.3,25.2,1005.3,81,54,16.4
27.7,25.4,32,23.9,25.1,24,1005.8,80,62,3.8
27.6,25.7,30.8,25.3,24.4,23,1008.4,77,68,0
27.7,24.9,31.6,22,23.1,20.9,1009.2,67,26,0
27.6,25.1,32,22.6,22.5,19.8,1008.3,64,19,0
27.5,24.8,31.6,22.3,22.2,19.4,1008.2,63,6,0
27.4,25.7,31.3,22.5,23.6,21.8,1008.1,72,58,0
27.5,25.8,30.6,23,24.3,22.9,1007.6,76,58,0
27.8,25.5,31.2,22.6,24.2,22.5,1007,73,67,0
28.7,26.3,32.4,24.2,24.5,22.5,1005.4,70,80,0
27.1,25,28.8,25.6,23.9,22.3,1002.4,76,94,11.6
26.3,25,27.5,24,24.9,24.3,1003.6,89,97,29.5
26.8,25.9,28.2,25,25.6,25.1,1008,90,95,7.6
26.2,25,27.5,25,24.9,24.3,1008.9,89,90,6.3
24.1,22.7,25.5,22.5,22.6,21.9,1009.2,88,98,19.4
23.6,21.9,25.6,20.5,21.1,19.7,1010.1,79,90,1.7
25.1,22.6,28.6,21.1,22.1,20.6,1009.6,76,86,0.1
24.4,23,25.3,22,22.9,22.1,1009,88,97,18
24.6,23.7,26.3,23,23.8,23.5,1009.4,94,98,33
24.3,23,25.2,23.4,23.1,22.5,1011.5,90,97,2.9
23.8,22.7,25.2,21.6,21.9,20.8,1011.4,83,97,3.3
23.6,22.8,24.5,21.5,22.5,21.9,1009.1,90,100,44.2
24.5,23,27.3,22.6,23,22.2,1006.9,87,83,6.7
25,22.2,28.7,20.5,21.8,20.2,1008.9,75,53,0
24.6,21.8,28.1,18.5,21.5,19.9,1011.9,75,38,0
25.7,23.4,29.2,20.6,22.8,21.4,1014.5,78,19,0
26,23.5,29,19.8,21.8,19.5,1016.6,68,43,0
25.1,23.9,27.3,21.4,20.8,18.4,1017.1,67,68,0
24.8,23.6,27.2,22.4,21.7,20,1015.2,75,86,0
25.2,23.4,28.2,21.5,22.7,21.4,1013.2,80,53,0
25.7,23.5,29,21.2,23.5,22.4,1012.5,83,43,0
25.8,23.6,28.9,21.3,23.2,22,1013.9,80,44,0
25.8,24.5,28.5,23.3,22.8,21.3,1015.9,76,46,0
25.4,23.8,28,20.6,21.9,20.1,1016.5,73,28,0
25.2,23.8,28,21.6,22.1,20.5,1016,75,43,0
25.2,23.5,28.1,21.8,22,20.3,1016.4,74,32,0
24.7,22.8,28.2,20.8,20.8,18.5,1017.7,69,56,0
24,22,26.5,19.1,20.2,17.9,1017.8,69,85,0
24,22.8,26.9,20.3,21.2,19.7,1015.9,77,64,0
24.7,22.9,28.4,20.1,21.8,20.3,1013.2,77,33,0
25,22.7,28.3,19.6,22.6,21.3,1011.8,80,42,0
25.4,24,27.3,20.1,23.5,22.6,1011.4,85,79,0.3
24.6,23.4,26.2,22.8,23.5,23,1011.9,91,96,5.9
22.9,20.8,24.3,20.8,21.5,20.8,1011.4,88,99,15
25.2,22,27,21.6,24.1,23.6,1007.7,91,93,20.7
27.6,26.4,29.9,24.8,25.6,24.7,1008.9,84,86,0
26.1,22.9,29.5,24.7,23.9,22.9,1012.2,83,85,1.8
22.7,21.4,23.7,20.3,20.2,18.8,1016.1,79,94,0
24.2,22.3,26.9,21,21.4,19.9,1016.9,77,76,0
24.3,23,24.8,22.5,22.6,21.8,1017.1,86,95,7.1
25.3,23.1,28.2,21.5,23.2,22.3,1016.2,84,77,8
23.7,23.1,24.2,22.4,21.3,20,1016.3,80,92,5.1
23.5,22.7,25.1,21.5,20.6,19,1016.8,76,97,0
23.4,21.6,25,20.4,20.4,18.7,1018.4,75,92,0.2
23.8,22.2,26.2,19.5,20.3,18.3,1018.9,72,77,0
24,21.2,26.6,18.1,20.7,18.9,1017.9,74,32,0
24,22.1,26.9,19.6,21.1,19.5,1015.5,76,25,0
24.4,22.5,27.7,19.5,21.7,20.4,1013.3,79,33,0
22.8,21,25.5,21.1,20.1,18.5,1014.7,77,94,0.8
21.2,19.7,23.6,20.5,18,16,1017.1,72,85,0
21.6,19.1,24.6,16.5,18.4,16.4,1017.3,73,36,0
22.3,19.6,25.4,15.7,18.8,16.7,1016.8,71,32,0
22.8,19.9,26.3,15.8,19.5,17.6,1014.3,73,16,0
24.1,21.3,27.6,18.1,20.8,18.9,1014.4,74,22,0
22.1,19.9,25.7,17.3,18.1,15.4,1018.4,66,69,0
20.6,18.5,22.7,16.2,17.5,15.5,1020.5,72,58,0
20.9,17.3,24,15.9,17.7,15.5,1020.2,72,50,0
15.3,12.4,18.4,13.2,11.5,7.7,1022.6,61,85,0
13.8,11.8,15.7,10.6,10.7,7.5,1022.9,66,89,0
16.9,15.4,19.6,13.2,14.2,12,1020.9,73,99,0
15,12.7,19.5,11.5,11.7,8.5,1021,65,62,0
15,11.9,19,11,11.4,7.9,1019.5,63,63,0
18.1,15.6,21.4,11.7,15,12.6,1018.7,70,53,0
16.9,14.8,20.2,11.1,11.9,6.8,1020.9,52,10,0
15.4,12.4,18.8,8.7,10.8,6,1021,54,3,0
16.6,13.6,20.7,9.5,11,5,1022.2,47,7,0
16.3,14,20.1,9.5,9.5,0.7,1023.5,35,18,0
15.7,13.1,18.9,9.6,10,3.1,1022.5,43,65,0
17,14.8,19.6,10.7,10.5,2.8,1022.2,40,78,0
17.6,14.5,21.3,9.3,10.7,2.6,1020.6,38,31,0
16.9,14.7,20.3,8.9,9.7,0.3,1021.1,33,30,0
15.7,13,18.8,7.2,9.7,2.3,1021.7,41,6,0
16.9,14,19.8,8.9,12.8,8.8,1021.9,60,24,0
17.8,15,20.8,10,14.5,11.7,1021.5,68,16,0
19,16.5,23.2,13.7,16,13.7,1018.8,72,29,0
19.3,16.5,22.7,11.8,16.3,14,1017.3,72,6,0
18.7,17.7,21,13,16.3,14.6,1017.1,78,46,0
18.8,17.2,22,14.4,16.1,14.1,1016.8,74,35,0
18.8,17.2,21.3,13.7,16.1,14.2,1017.1,75,54,0
18.3,16.8,21.1,14.5,15.6,13.7,1018.3,74,79,0
17.9,15.3,21.4,11,14.5,11.6,1019.3,67,34,0
15.4,12.8,18.7,9,10.6,5.1,1022.7,51,11,0
13.3,10.7,17.2,8.1,7.1,-2.7,1023.4,33,1,0
14.7,11.5,18.7,5.9,9.4,2.7,1021.2,45,0,0
16.9,12.9,20.9,6.7,12.8,9,1022.2,61,0,0
17.9,15.8,21.2,10.8,14.7,12.1,1024.1,69,1,0
18.5,15.4,22.6,8.8,13.1,7.7,1024.4,52,0,0
17.4,14.9,20,9.1,13,8.8,1022.2,58,28,0
18.4,17.2,19.6,13.9,15.5,13.4,1019.4,73,93,0
20.9,18.9,23.6,17.9,19.1,18,1019.4,83,83,0
20.9,19.3,23.5,15.7,19,17.9,1019.1,83,75,0
20.3,18.3,23.8,15.5,18,16.4,1018.9,79,50,0
19.4,17.9,22.2,16.5,17.1,15.5,1018.3,79,56,0
21.2,18.3,25.9,14.1,18.7,17.2,1016.9,79,21,0
19.7,18.6,20.5,14.3,17.9,16.7,1016.7,83,80,0
21.8,19,25.9,16,19.1,17.6,1015,77,45,0
22.4,20.8,26.2,16.4,20.6,19.6,1012.1,84,54,0
20.1,18.8,22.1,18.8,19.1,18.6,1011.4,91,92,0
21.5,19,24.5,14.8,19.4,18.2,1012.1,82,48,0
12.4,11,19.6,11.2,10.5,8.6,1020.3,78,100,1.1
10,7.7,11.8,8.6,8.3,6.3,1023.2,78,100,0
8.1,5.7,11.6,7.8,5.9,2.8,1025.6,70,83,0
8.8,5.8,11.2,5.1,6.8,4.2,1024,74,93,0
12.2,9.3,15.1,8,9.7,7.1,1021.9,71,73,0
14.5,11.8,17.7,9.2,11.3,8.1,1020.7,66,65,0
13.1,12,14.7,10.8,11.2,9.2,1019.3,78,96,0.9
12.5,10.5,14.9,10.4,10.9,9.2,1019.7,81,94,1.3
11.1,9.5,13.4,7.9,9.1,7,1023.1,76,97,3.5
8.6,6.5,10.5,6.4,7.9,7,1023.1,89,95,14.3
9.6,6.2,12.7,4.4,7.3,4.5,1024,70,77,0
12,9.7,14.5,9,9.7,7.3,1022.3,73,90,0
13.9,12.4,15.8,9.5,12.1,10.4,1019.3,80,85,0
13.9,12.6,15,8.8,12.2,10.7,1018.3,81,97,0
14.4,11.8,16.1,11.4,13.1,11.9,1019.2,85,95,0
12.9,10.2,15.3,9.6,10.8,8.7,1021.2,76,91,0
14.7,12.8,17.3,12,13,11.6,1018.8,82,66,0
15,12.8,17.6,9.3,12.9,11,1017.8,77,64,0
11.1,9.7,13,9.2,8.6,5.7,1022.6,70,100,0
11.2,9.8,14,9.8,8.7,6,1023.7,71,97,0
11.8,9.1,14.3,8.1,9.3,6.5,1021.9,70,77,0
13.9,11.8,17.2,8.2,12.2,10.6,1020.6,81,37,0
15.7,13.8,18.8,9.9,14.2,13,1019.5,85,73,0
16.5,14.5,19.5,13.8,14.8,13.5,1019.2,83,66,0
15.3,13.9,18,12.3,13.2,11.4,1021,78,35,0
15.5,12.6,19.2,8.4,13.6,12,1021.1,80,41,0
17.2,14.8,21,11.5,14.6,12.7,1020.5,75,65,0
16.9,14.8,20.1,13.9,14.7,12.9,1019.7,78,68,0.1
14.6,12.3,17.5,8.6,11.9,9.3,1019.8,71,15,0
15.4,14,18.7,11.1,12.7,10.2,1019.1,72,55,0
16.6,14,20,10.6,14.5,12.8,1014.6,78,39,0
18.4,15.5,22.6,12.4,16.1,14.6,1012.3,79,29,0
15.8,13.8,17.2,14,14.3,13,1015.5,84,91,0
14.8,13.5,17,12.6,12.9,11.2,1017.6,79,89,0
13.8,11.6,15.8,10.5,12.1,10.5,1017.5,81,88,0
10.1,7,14.4,8,7.3,3.5,1019.3,64,90,0
8.5,7.3,9.9,7,6.6,4.2,1018.5,75,100,0
8.7,7.3,9.8,7.5,7.8,6.8,1016.7,88,99,1.9
8,7.2,8.7,8.6,6.7,5.1,1019.4,82,98,0
8.4,6.8,9.9,7.5,6.5,4,1021.8,74,99,0
10.2,7.3,14,7.2,7.6,4.5,1023.2,68,68,0
11.8,8.1,16.2,6.6,9.1,5.9,1023.5,68,36,0
12.8,11.2,15.3,8.7,10.2,7.5,1023.7,70,89,0
14.8,12.4,19.2,11.5,12.4,10.3,1023.8,75,75,0.1
13.6,12.7,15.3,11.7,12,10.5,1022.6,82,92,0.7
11.4,8.9,13.7,10,9.8,8,1021.1,80,70,0
11.6,6.8,17.4,2.4,7.3,1.4,1023.7,51,3,0
13,9.4,17.8,4.6,9.8,6.1,1022.7,64,12,0
15.9,12.4,20.8,8.6,12.4,9.2,1019.4,66,11,0
17.1,13.5,22.1,8.7,14.3,12.1,1017.4,73,4,0
17.3,12.7,23.2,11.3,13.3,9.5,1019.5,62,17,0
12.7,9.3,17.7,6.7,9.3,5.4,1023.4,62,13,0
13.6,11.5,17.4,8.9,9.7,5.2,1025.9,58,80,0
13,12,14.3,11.1,8.7,3.2,1028.6,53,95,0
12.1,10.6,14.6,7.4,9.5,6.5,1027.8,69,66,0
13.2,11.2,16.9,8.7,9.6,5.6,1023.2,60,75,0
16.7,13.4,20.9,9.3,13.3,10.4,1021.3,67,30,0
14.7,12,18.8,10,9.5,3.1,1027.3,47,60,0
13.7,11,18.7,8.9,8.6,1.9,1028.6,46,6,0
14.3,10.9,18.1,6,10.1,5.3,1025.2,56,29,0
17.2,13.7,21.8,10.6,12.2,7.1,1020.3,53,52,0
20,16.7,25.4,13.9,17.7,16.2,1018.1,79,53,0
20,17,24.2,15.2,18.5,17.6,1016.2,87,34,0
19.7,17,25,16,18.4,17.6,1014.1,88,47,0
16.9,15.8,18.7,14.6,16.5,16.3,1014.6,96,75,0.5
18,15.7,20.3,16.7,17.1,16.5,1013.1,91,90,0.6
20.4,17.9,23.6,17.3,19.2,18.6,1013.1,90,76,0
18.3,15.9,20.8,15.3,12.6,6.5,1022.6,48,76,0
15.4,12.2,20.8,8.3,8.3,-2.5,1028.7,30,10,0
15.1,12.3,18.7,8.5,9.5,2.2,1028,43,0,0
16.2,12.6,20.7,7.4,11.4,6.4,1025.8,53,1,0
18.6,14.2,23.6,9.2,13.2,8.1,1023.3,53,7,0
20,17.1,25.3,11.9,16.8,14.6,1020.3,72,6,0
21.1,17.2,26.7,13.1,18.4,16.6,1019.6,76,10,0
19.4,18.2,21,14.8,17.7,16.6,1020.6,84,68,0
20.5,17.1,25.5,14.8,17.5,15.4,1020.7,73,45,0
19.5,18.3,21.8,14.5,17.8,16.8,1020.7,85,63,0
20.3,17.8,23.9,14.8,17.4,15.5,1020.1,74,59,0
21.9,18.1,27.2,13.5,19.3,17.9,1018.9,79,24,0
22.4,20,26.7,16.5,20.5,19.4,1017,83,70,0
22.3,20.6,26.4,19.3,20.9,20.1,1013.9,88,69,0
22.8,20.2,27.3,17,20.4,19,1014.2,80,44,0
22.8,20.6,27,16.9,20.6,19.4,1015.3,82,30,0
22.4,19.3,27.7,16.3,20.1,18.9,1017.3,81,53,0
20.3,18.8,23.4,18.1,17.9,16.3,1019.2,78,71,0
20,18,23.1,17.6,16.8,14.5,1018.5,71,79,0
21.6,19.4,25.5,17.1,19,17.4,1017.1,78,72,0
22.2,17.5,28,18.4,19.7,18.2,1019.3,79,85,0
14.3,11.6,18.1,14.1,11.6,9.1,1027.1,72,91,0.2
17.4,13.3,22.9,11,12.7,8,1023.2,56,29,0
19.5,16,23.9,11.6,16.7,14.8,1018.9,75,17,0
21.5,17.5,25.6,14,18.8,17.2,1017.3,77,40,0
20.6,19.6,22,17.7,19.1,18.1,1016.1,85,93,0
22,20,24.7,20,20.5,19.7,1012.6,87,83,0.4
19.8,16.9,21.9,19.2,18.8,18.1,1013.5,90,82,2.8
19.4,14.6,25.5,13.3,14.9,11.1,1017,61,51,0
19.9,17.6,23.8,13.4,16.7,14.5,1017.7,72,64,0
20.7,18.6,24.5,16.5,17,14.4,1017.6,68,57,0
21.4,18.9,25.5,17,18.2,16,1016.7,72,64,0.1
21.7,19.7,25.2,18.3,18.7,16.8,1017.1,74,76,0
22.6,20.8,25.4,19.6,20.2,18.9,1014.9,80,83,0
24.1,21.9,28.5,20.7,22.3,21.4,1011,85,62,0
24.9,22.3,28.9,19.5,22.5,21.2,1010.2,81,56,0
25.5,23.3,30.5,20.4,23,21.9,1011.2,81,58,0
24.4,23.4,26.6,21.2,23,22.3,1013,89,75,0.5
22.8,21.4,24.5,21.5,21.3,20.5,1015.6,87,84,0.2
22.3,21.4,23.9,19.9,20.7,19.8,1014.8,85,95,0
24.1,22,27.9,21,22.5,21.8,1013.4,88,84,0
24.3,22.9,27.7,22.1,23,22.5,1012.2,90,81,0
25.4,22.3,29.8,20.5,23.2,22.1,1010.7,83,67,0
26.2,25,27.9,23.5,23.9,22.9,1011.8,83,83,0
26.3,24.2,29.7,21.5,23.9,22.8,1012,82,63,0
25.9,22.1,29.1,22.7,23.1,21.8,1011.6,79,78,0
22,21,22.8,20.5,17.8,14.9,1017.3,64,97,0
22.5,20.5,25.9,18.8,17.6,14.1,1018.4,59,88,0
23.4,21.7,27,20.4,20.3,18.5,1016.2,74,92,0
24.1,22.6,26.9,22,22.3,21.4,1014.6,85,92,0
24.7,22.9,28.3,21.4,22.9,22.1,1013.3,86,67,0
25.8,23.1,30.1,21,24,23.1,1012.7,86,66,0
26.4,23.6,30.8,20.3,23.5,22.2,1012.1,78,46,0
26.8,23.7,31.8,21,23.6,22.1,1011.4,77,41,0
27.4,24.8,31.1,22.2,24.2,22.7,1010.5,76,61,0
27.5,25.5,31,23.3,24.1,22.5,1009.1,75,65,0
26.2,24.5,27.3,25,24.7,24.1,1010.3,88,84,28.1
23.6,22.5,25.6,22,22.3,21.7,1012.9,89,93,11.9
23,22,23.7,21.8,22,21.5,1015.2,92,98,5.9
25.2,22.8,29,22.6,23.5,22.7,1015.3,87,71,0
26.2,23.8,30.6,22.9,23.9,22.8,1013.2,82,35,0
26.4,24,30.7,22.9,24.2,23.2,1012.3,83,42,0
27.3,24.9,31,24,24.9,23.8,1012.1,82,45,0
27.7,25.1,31.5,22.8,24.9,23.6,1011.9,79,35,0
27.9,25.1,31.4,23,25,23.8,1011.2,79,25,0
28.2,25,33,22,24.3,22.5,1010.9,73,29,0
28,25.6,31.7,22.7,25.4,24.3,1011.7,81,46,0
28,25.8,31.7,25,25.6,24.5,1012,82,52,0.2
28.4,26.2,32.4,23.7,25.5,24.2,1012,79,48,0
28.5,26.4,32.4,24.3,25.5,24.2,1011.1,78,64,0
28.6,25.6,33.2,24.5,24.9,23.3,1011.3,74,53,0
29,26.6,33.6,24.4,25.5,24,1010.5,75,53,0
28.8,26.9,33,25.6,25.6,24.2,1009.2,76,76,0.5
27.7,25,31.5,24.4,25,23.9,1008.8,80,74,0.7
28.3,26.1,32,25,25.7,24.6,1006.3,81,74,9.4
29.3,27.9,32.2,26.9,26.8,25.8,1004.3,82,84,0
28.9,26.4,32.9,27.8,26.7,25.8,1005.5,83,85,0.2
27.2,24.7,29.8,24.2,25.8,25.2,1007.2,89,83,75
29.5,26.6,32.6,26.1,26.7,25.6,1007.4,80,70,0
27,24.9,32,26.2,25.4,24.8,1008.7,88,71,13.2
26.8,23.5,30.5,22.9,24.7,23.7,1010.4,84,55,17.7
28.1,25.9,31.1,24.6,25.7,24.7,1011.5,82,61,0
25.7,23.9,27.3,23.5,24.4,23.9,1010.5,90,89,81
26.9,25.5,29.1,23.5,24.8,23.9,1008.2,84,79,4.3
27,24.5,30.4,24.2,25.2,24.4,1008.1,86,86,8.1
26.8,25.2,29.4,24.3,25.4,24.8,1009.1,89,92,3.9
26.5,24.5,30,24,25.2,24.7,1005.9,90,90,38.6
28.9,26.8,30.6,24.8,26.7,25.8,1000.4,84,86,11.6
29,26.2,30.7,26.7,26.7,25.8,1001.4,83,91,26.5
29.5,27.9,31.9,26.4,27,26,1002.6,82,89,5.2
28.2,25.3,31.7,27,26.3,25.6,1003,86,82,7.3
28.4,26.4,30.5,24.5,26.2,25.3,1004.9,84,76,0
26.7,24.3,28.4,25.4,25.4,24.8,1007.3,90,91,31.2
28,25.7,30.9,24.8,26.3,25.7,1007.7,87,83,0.2
29,27.9,31.1,26,26.7,25.7,1007.7,83,78,0
28.8,27.4,31.4,26.6,26.7,25.9,1006.4,84,82,0.9
29,27.5,31.6,25.9,26.9,26.1,1006.5,85,82,0.1
29.3,28.4,31.3,26.6,26.5,25.3,1007.1,79,76,0
29.1,26.9,31.5,25,26.1,24.9,1007,78,73,1.3
29.5,28.2,32,26.4,26.2,24.9,1007.5,77,71,0
29.1,28,31.9,25.7,26,24.7,1008.5,78,68,0
29.6,27.5,32.9,25.3,25.9,24.4,1008.7,75,42,0
29.8,27.8,32.9,24.9,26.2,24.7,1009,75,42,0
29,25.7,32.2,24.7,26.2,25.1,1008,80,57,15.5
29.2,27.5,32.4,25,25.9,24.5,1006.2,76,43,0
29.5,26.5,32.8,24.5,26.4,25.2,1005.1,78,60,0
29.9,28.4,32.4,27.2,26.7,25.4,1006.4,77,70,0.2
29.3,27.6,31.1,26,26.7,25.6,1005.8,81,79,1.1
29.6,28.4,32.1,26.6,26.7,25.6,1005.3,79,67,0.9
29.3,27.6,31.8,25.3,26.8,25.8,1005,82,76,2.2
28.8,26.5,30.1,25.8,26.7,25.9,1004.2,85,88,16.4
28.1,25.9,30.1,27,26.5,25.8,1003.6,87,90,26.7
27.9,25.6,31.8,25,26.4,25.8,1003.8,89,85,91.9
27.8,26.3,31.1,25,26.3,25.6,1005.7,88,86,1.1
27.9,25.7,30.7,24.5,26.6,26.2,1006.1,91,95,22.2
28.1,26,30.1,26,26.7,26.1,1004.8,89,91,12.7
29.2,27.9,31.7,26.1,26.9,26,1004.2,83,67,0
29.1,27,32.6,26,26.8,25.9,1005.9,83,60,6.2
28.4,26.5,31.6,26.1,26.5,25.7,1007.2,86,67,11.9
28.1,26.8,30.7,25.1,26.3,25.5,1007,86,76,8.4
28.2,25.6,31.8,25.5,26.6,25.9,1005.9,88,80,4.6
27.7,25.4,29.2,25.2,26.2,25.6,1004.1,88,78,16.1
28.4,26.4,31.8,25.7,26.8,26.1,1003.3,88,63,5.4
28.7,27.1,31.8,25.5,26.5,25.6,1003.3,84,63,0.4
27,26,28,25.3,25.8,25.3,1002.7,90,94,24.1
27.1,25.7,28.9,24.8,25.8,25.3,1004.1,90,93,39.4
28.5,24.7,31.9,23.9,26.5,25.6,1006.7,85,63,11.1
28.9,26.4,32.1,24.9,26.7,25.8,1007.1,84,64,7.6
29.5,27.3,32.6,24.8,26.6,25.4,1006,79,45,0
29.8,28,32.7,25.8,26.7,25.4,1005.2,77,52,0
30,28.2,32.9,25.9,26.8,25.5,1006.3,77,51,0
30,28.3,32.8,25.8,26.6,25.3,1006.8,76,47,0
30.1,28.2,32.5,25.6,26.9,25.6,1005.8,78,44,0.1
28.1,26,30.9,25.6,26.2,25.4,1007.2,86,68,12.2
27.8,25.2,31.4,24.5,25.5,24.5,1009.9,83,69,2.6
29,26.7,32.8,25.3,26.5,25.6,1009.9,82,57,2.2
29.3,27.1,32.7,25.1,26.6,25.5,1007.6,81,47,0
30,27.6,33.7,25.9,26.1,24.4,1005.5,73,39,0
28.1,25,31.6,24.6,25.8,24.8,1002.9,83,85,45.4
26.9,25.1,28.5,24.5,25.8,25.3,1002.5,91,98,69.2
27.7,26.7,29.2,25.2,26.4,25.8,1006.2,89,90,13.4
28.6,26.1,31.8,24.9,26.8,26.1,1008.3,87,69,0
28.2,26.9,30,25.3,26.4,25.7,1006.6,87,56,11.3
29.7,27,33.2,25.1,27.1,26.1,1001.6,82,51,0
30.6,28.3,33.8,26.7,27.8,26.8,999.6,81,66,0
29.2,28.1,30.4,27.4,26.9,26.1,1001.2,84,85,2.1
29,28,30.5,26.6,26.6,25.7,1002.2,83,91,0.2
29.1,27.8,31.3,25,26.7,25.8,1002.2,82,88,0.5
28.5,26.6,30.1,26.5,26.7,25.9,1002.8,86,86,7.1
29,27.2,32.5,26.2,26.9,26.1,1003.5,85,82,1.1
28,26.8,32.2,25.3,26.3,25.6,1002.6,87,78,0
28.2,24.8,32.1,24.7,26.1,25.3,999,85,79,14
26.7,24.6,29.6,24.3,25.3,24.7,999.2,89,92,45.1
26,24.8,27.1,24,25.2,24.9,1002.6,94,94,40.6
27.7,25.8,30.8,25,26.3,25.7,1005,89,78,0.5
28.4,26.4,31.8,25,26.6,25.9,1005.4,87,60,3.2
28.7,25.7,32.4,25.5,26.5,25.6,1006.7,84,49,8.9
29.4,26.7,32.5,25.7,27,26.1,1007.7,83,48,11.2
29.6,27.3,32.3,26.2,26.7,25.5,1006.9,79,49,0.3
29.8,28.1,32.5,26,26.8,25.7,1006.4,79,53,0
28.8,26.3,31.3,25.5,26.6,25.8,1006.1,84,66,5.9
29.6,27.6,32,26.3,26.6,25.4,1005.9,78,52,0.6
30,28.4,32.5,26.8,26.8,25.5,1005.8,77,63,0
29.8,27.4,32.7,26.4,26.7,25.4,1006.5,78,60,2
29.7,27.6,32.5,26.2,27.1,26.1,1005.5,81,65,3.6
29.8,27.9,32.9,27,27.3,26.4,1002.2,82,66,1.2
29.7,27.2,33,25.9,26.6,25.4,1000.5,78,67,0.1
29.6,27.9,32.4,25.5,26.1,24.6,1001.5,75,77,0
29.5,27.6,32.8,25.9,25.7,24.1,1003.7,73,72,0
29.6,27.2,33.9,25.4,25.8,24.2,1003.8,74,68,1.2
29.6,26.6,33.6,25,26.2,24.8,1000.2,76,80,0
29.1,26.5,32.1,25.5,26.2,25,998.4,79,88,5.1
29.1,27.1,32.1,24.5,25.5,23.9,1000.8,74,92,0
29.7,26.9,34,26.2,25.8,24.1,1003.7,73,54,0
30.1,27.3,34.9,25.5,25.6,23.6,1005.4,70,50,0
29.3,27.3,32.7,25.5,25.7,24.2,1007.2,74,58,0
28.8,27.5,32.1,25.4,26.1,25,1009.4,80,70,0
28.6,27,31.9,25.6,26.2,25.2,1008.8,82,70,0
28.8,26.9,32.5,25.2,25.9,24.7,1007.5,79,67,0
28.2,26.2,30.9,25.1,25.9,25,1007.5,83,79,5.3
27.4,25.9,29.2,25.3,25.7,24.9,1009.3,87,73,0.9
29.1,26.6,32.5,24.5,25.9,24.6,1008.6,77,63,0
29,27.3,32.2,26.2,25.7,24.3,1007.8,76,68,0
29.2,26.5,33,24,25.6,24.1,1006.1,74,53,0
29.2,27,30.8,25.3,25.9,24.6,1003.7,77,83,0.8
28,24.8,30.2,26.3,26.2,25.4,1004.7,86,89,80.6
26,25,27.8,24.3,25.2,24.8,1007,93,99,119.7
27.1,25.2,29.5,23.1,26,25.5,1007.4,91,87,67.3
28.4,26.1,31.4,24.2,26.2,25.3,1006.4,84,63,0
28,24.4,32.2,24.3,25.9,25,1004.5,84,63,38.8
28.2,25.2,32.8,23.3,26.1,25.2,1003.6,84,67,0.1
27.9,25.5,31.4,21.2,21.7,18.2,1004.4,57,18,0
28.1,24.1,32,19.7,20.7,16.2,1004.3,49,29,0
28.6,26.8,31.9,23.6,22.4,19.1,1004.9,57,75,0
27.4,24.8,31.3,22.5,23.3,21.4,1007.4,70,77,9.1
27.4,24.8,30.6,23.1,24.5,23.1,1008.5,78,65,0
29,25.7,33.1,22.8,24.6,22.6,1006.4,69,49,0
29.3,27.2,32.5,24.7,25.1,23.2,1004.9,70,79,0
29.4,26.9,33.7,22.8,25.6,23.9,1004.2,73,59,0
29.5,27.3,33.4,24.3,25.3,23.5,1004.4,71,49,0.1
29.3,26.4,33.8,24.2,25,23.1,1005.7,70,47,7.2
28.9,26.2,31.9,23.5,23.4,20.8,1007.5,62,71,0
27.4,24.7,31,23.6,21,17.2,1009.5,54,76,0
23.8,21.3,25.5,21,18.9,15.8,1010.5,61,89,0.7
25.8,22.5,29.2,19.6,20.8,18,1008.7,62,69,0
25.5,23.3,28.2,21.7,22.7,21.3,1004.7,78,88,25.2
26.6,24.8,28.8,22.8,25.4,24.8,1010.3,90,89,50.7
26.4,24.5,27.8,24.4,25.3,24.8,1013.6,91,83,12.8
27.5,25.2,30.5,23,25.5,24.7,1012.8,85,47,0
27.7,25.9,30.9,24.3,26.1,25.4,1012.8,87,49,2
28.4,26.3,31.4,25.2,26.2,25.3,1013.7,84,60,0.1
27.5,25.4,29,25.5,25.5,24.7,1014.8,85,75,0.7
27.8,26.1,31.2,24.5,25.6,24.7,1014.6,83,60,0.3
26.9,24.2,29.8,24.2,25.1,24.3,1014.3,86,68,14.3
27.6,25.7,30.8,23.2,25.3,24.3,1013.6,83,64,0.2
26.8,25,29.4,23.5,25.1,24.3,1013.1,86,61,22.6
26.3,23.5,29.6,23,24.7,24,1012.8,88,74,24.1
27.6,26.2,30.6,23.9,25,23.9,1012.8,80,54,0.3
26.6,24.1,28.9,24.3,24.2,23.1,1013.3,81,64,0
24.8,22,27.5,18.2,21,18.9,1015.4,69,49,0
25.7,23.4,29.2,23.2,22.3,20.6,1016.3,74,62,0
25.6,21.9,30.2,19.7,22,20.2,1017.3,73,47,39.2
25,22.8,27.2,21,21.4,19.5,1018.6,72,51,0.2
24.8,22.7,27.6,20.3,21.3,19.4,1018.1,72,36,0.1
24.9,22.8,28.4,21,21.3,19.4,1017.4,72,36,0
25.4,23.7,28.2,21.2,22.1,20.3,1016.3,73,27,0
25.9,23.7,29,21.4,23.2,21.9,1014.5,79,41,0.1
26.2,24.2,28.8,22.7,23,21.5,1014.8,76,45,0.1
26.2,24.3,29.4,23.9,22.8,21,1016.5,73,54,0.6
25.4,23.9,28.3,22.2,22.7,21.4,1017.6,79,61,1.9
25.8,23.7,29.7,21,21.6,19.4,1017.6,68,28,0
24.7,22.8,27.7,21.9,20.6,18.3,1017.8,68,16,0
24.6,23,27.3,19.5,19.9,17.2,1018.2,64,25,0
24.5,22.2,27.6,20.7,20.6,18.3,1017.7,69,20,0
24.9,22.8,28.2,20.5,21.4,19.6,1016.8,73,17,0
25.1,22.9,29.1,19.8,22.3,20.9,1015.9,78,44,0
25.3,23.5,28.4,22.2,22.8,21.5,1015.9,80,60,0
24.5,21.6,25.2,22.4,22.9,22.1,1018,87,87,91.8
25.2,24.4,26.9,23.1,22.8,21.7,1019.7,81,64,0
25.5,24.2,27.7,22.4,22.9,21.6,1019,79,63,0
25.2,23.8,28.2,21.5,23,21.9,1017.2,82,46,0
25.2,23.6,27.9,21.6,22.8,21.7,1016.7,81,46,0
25.5,22.9,28.6,20.2,23.1,22,1017.3,81,21,0
25.6,23,29.1,20.6,21.2,18.7,1018.8,67,19,0
23.5,21.2,26.2,19.1,19.2,16.6,1020.7,66,69,0
21,19.3,22.8,18.8,18.3,16.6,1021.2,76,92,1.9
22.8,19.8,25.8,17.5,19.7,17.8,1020.3,74,36,0
24.1,22.4,26.1,19.5,21,19.3,1018.3,75,42,0
24.6,23,27.4,20.1,21.9,20.5,1016.6,78,28,0
24.7,22.9,27.3,20.4,22.3,21.2,1015.4,81,49,0
23.8,20.5,27.4,19.6,19.3,16.4,1017.4,64,31,0
21.8,18.8,25.2,16.7,17.8,15.1,1020.5,66,35,0
21,18.1,24,16,16.6,13.5,1021.2,62,48,0
21.6,18.3,24.8,15,16.8,13.3,1020.5,60,39,1.1
20.7,18.1,23.8,15.8,16.2,12.8,1020.5,61,51,0
20.9,17.6,24.3,13.9,15.5,11.3,1020.6,55,26,0
21.1,17.6,24.2,14,15.4,10.9,1018.6,53,52,0
18.3,16.5,21.1,17,14.8,11.9,1017.1,67,92,0
18.6,15.9,22.6,13.4,13.9,9.9,1015.2,57,41,0
18.4,15.5,22,11.7,13.6,9.4,1017.3,56,4,0
19,15.6,22.6,10.9,14.4,10.4,1019.2,58,6,0
20.2,18.3,22.7,12.6,16.2,13.1,1019.7,64,74,0
20.4,18.2,23.8,13.9,15.3,11,1019.1,56,43,0
20.2,17.3,23.4,12.1,15.7,12.2,1018.1,61,50,0
20.6,18.7,24,13.6,14,7.9,1019.3,45,64,0
19.2,17,21.6,11.2,14.6,10.7,1019.8,58,27,0
18.3,17,19.7,12.8,15.7,13.8,1018.2,75,88,3.1
19.2,15.6,23.5,12.3,15.4,12.3,1016.3,65,24,0
20.1,17.8,23.5,13.5,16.7,14.4,1016.9,70,9,0
20.4,17.6,23.7,13.7,15.4,11,1019.5,57,33,0
17.1,14.4,20.2,11,11.5,5.5,1022.1,47,3,0
16.8,13.6,20.6,9.2,10.4,2.6,1023.3,39,6,0
17.3,15,20.6,9.6,11.7,5.8,1024.6,47,53,0
18.2,15.8,21.1,11.4,12.5,6.9,1025.5,48,73,0
18.1,15.5,20.9,10.4,12.2,5.9,1025.8,46,20,0
17.6,15.5,20.9,11.6,14,10.8,1022.5,66,15,0
18.6,15.7,22.4,11.5,15.5,13.1,1017.9,72,10,0
19.1,16.3,23.2,10,14.3,9.9,1016.7,57,5,0
19.2,16.4,23.1,11.7,15,11.5,1017.8,63,7,0
19.2,17,22.4,12,15.8,13.3,1017.7,69,29,0
19.5,17.6,22.6,14,16.3,13.9,1018.1,71,43,0
18.5,15.7,21.8,10.3,14.8,11.7,1017.2,65,13,0
18.7,16.3,21.8,11.5,16.3,14.6,1016.5,78,39,0
19.3,16.5,23.3,12.6,16.7,14.9,1017.4,76,27,0
19.9,17.5,23.3,13.4,17,14.9,1018.9,74,29,0
20.4,18.9,23.6,14.8,17,14.7,1019.1,70,52,0
20.2,18.8,22.7,16.5,17.7,16.1,1018.8,78,61,0
19.9,19.1,22.7,16.9,18.1,17,1019.8,84,69,0
21.3,19.4,24.4,16.1,19.2,17.9,1020.5,81,38,0
20.6,19.1,24.8,15,18.6,17.4,1019.7,82,17,0
19.9,18.7,22.3,17.1,17.8,16.5,1020.6,81,72,0
20.4,18.8,23.5,15.9,18.3,17.1,1021.2,82,55,0
20.6,18.5,24,15.5,18.3,16.9,1020.2,80,28,0
20.3,19.1,23,15.5,17.6,15.8,1020,76,27,0
19.8,18.6,21.5,15.5,17.6,16.2,1019.7,80,71,0
19.9,18.4,22.9,15.4,17.7,16.2,1018.5,79,55,0
20.4,18,23.5,14.3,18.2,16.8,1017.5,80,59,0
17.6,14.8,21,16.6,14.4,11.7,1021.5,69,90,0
15.7,13.6,18.4,13.9,13,10.5,1024.5,71,90,0.2
17.6,15.4,18.9,14,15.5,13.9,1022.6,79,85,0
18.8,17.7,20,16.7,17.2,16.2,1020.1,85,91,0.1
19.4,18.1,20.9,17.8,17.8,16.7,1017.5,85,94,0.7
19.5,18.7,20.2,18.2,18.8,18.3,1015.8,93,98,0
22.2,19.4,24.9,18.7,21.3,20.8,1013.3,92,93,6.9
16.4,13.3,20.8,15.2,14,11.9,1017.4,75,90,1
13.2,11.4,15.6,15.1,9.6,5.5,1024.5,60,79,0
13.5,10.5,16.7,9,9.8,5.7,1026.9,59,31,0
14.1,12,15.9,10.7,9.5,4,1027.9,51,73,0
13.8,11,17.7,7.8,7.8,-0.6,1028.4,37,20,0
14.5,11.1,18.4,6.8,10.4,5.7,1025.6,56,39,0
17.3,14.4,21.2,10,14.4,12,1022.6,72,56,0
18.9,15.9,23.5,12,15.8,13.4,1021.4,71,33,0
18.8,15.5,23,12,14.3,10.5,1023.7,59,61,0
15.2,12.5,18,8.4,10.9,6.3,1027.6,56,31,0
15.8,13.2,17.9,10.8,12.9,10.4,1025.2,70,42,0
18.1,16,21.7,13,16.1,14.7,1018.3,81,77,0
20.5,17.9,24.4,15.4,19,18.1,1013.9,86,46,0
20.3,18.5,22.8,15.4,19.2,18.5,1014.2,90,64,0
19.6,18.3,21.3,17.5,18.1,17.1,1014.2,86,93,0
15.3,9.4,20,17,13.9,12.7,1016.2,85,93,9.7
9.3,8,10.6,8.4,7.9,6.2,1020.6,82,100,2.7
9.2,6.9,11.8,8.8,6.9,4,1021.5,71,98,3.1
11.2,7.8,14.3,7.7,7.7,3.4,1020.8,59,70,0
12.8,10.9,14.8,8.9,9.2,4.9,1021.7,59,82,0
13.1,9.6,17.7,4,7.5,-0.8,1024,40,6,0
14.7,11.4,18.3,5.2,12.1,9.6,1020.8,72,30,0
17.8,15.1,21.5,12.2,16,14.7,1016.6,83,26,0
19.2,15.8,23.4,11.9,17,15.5,1016.4,80,18,0
18.2,17.1,20.5,13.3,16.3,14.9,1016.2,81,69,0
19.6,17.6,22.9,15,17,15.3,1015.1,77,54,0
19.4,18.2,21.9,15.3,18.1,17.3,1015.1,88,78,0
18.8,15.4,21.7,17.6,17.5,16.7,1014.5,88,96,3.8
15.3,13.4,16.9,13.7,13.3,11.6,1018,79,91,0.8
15.1,13,16.4,13.7,13.5,12.1,1019.1,83,95,1
12.8,10.9,14.3,12.1,11.3,10,1021,83,97,0.8
10.6,9,11.4,10,8.5,6,1023.5,74,98,3.2
13.2,10.5,16,10.1,9.3,4.9,1024.5,57,70,0
15.3,13.4,17.6,9.9,12.7,10.5,1022.9,73,83,0
17.1,15.1,20.2,13.2,14.8,13,1020.4,77,86,0
18.8,16.9,21.7,16.3,17.5,16.7,1017.3,88,79,0
19.3,17.7,23.7,15.6,18.2,17.5,1015.8,90,53,0
19.2,18.3,20,15.7,18.4,17.9,1015.5,92,94,0
19.5,18.4,21.8,17.9,18.7,18.1,1014.5,92,97,0
21.3,19.4,24.9,18.8,20.3,19.8,1013.4,91,80,0
21.9,20.4,24.9,19,20.7,20,1015.3,90,76,0
18.4,16.8,21.3,18,17.8,17.4,1016.9,94,98,0.7
15.7,13.6,17.2,16.3,15.2,14.9,1018.8,95,100,1.1
14.5,13.3,15.9,13.3,13.6,12.8,1019.3,89,100,0
13.8,11,15.9,14.3,12.8,11.9,1018.8,88,100,0.4
10.1,8.8,11.8,11.1,8.6,6.8,1022.2,80,97,0.3
9.6,7.6,12.9,7.4,7.5,4.9,1023.6,73,97,1.1
10.9,7.8,14.9,5.5,6.9,1.2,1026.2,53,69,0
10.8,7.3,14.6,4,6.4,-0.2,1027.1,47,26,0
13.4,10.1,16.4,6.5,9.3,4.5,1025.9,56,76,0
15,12.9,18.1,12.2,10.5,5.6,1024.3,54,90,0
16.7,14.6,19.9,13,12.3,8.1,1022.7,57,90,0
14.7,13.6,16.3,13.7,13.3,12.2,1024,86,98,9
15.6,13.1,18.5,11.2,13.9,12.6,1024.5,82,88,0
17.4,15.2,21.4,14.6,15.7,14.4,1023.6,83,90,0.4
18.9,15.8,23.8,13.6,16,13.9,1025.2,74,55,0
18,16.4,21.6,14.9,13.3,8.9,1025.6,57,55,0
18.7,15.2,23.1,13.7,15.5,13.1,1020.7,71,39,0
20.2,17.2,24.8,13.6,17.3,15.4,1018.4,75,23,0
17.3,16,18.8,13.9,15.2,13.7,1022.2,79,70,0
18.6,16.2,21.7,14.7,15.8,13.7,1019.2,74,84,0
20.3,18.5,22.9,16.7,18.7,17.6,1013.8,84,88,0
19.8,16.6,23,19.1,19.1,18.7,1012.9,94,91,47.5
16.7,16.3,17.5,16.2,15.8,15.2,1014.9,91,99,0.3
17,15.8,18.1,16.2,16.7,16.5,1012.3,97,100,4.7
18.5,17.8,19.3,17.2,18.3,18.1,1011.2,97,100,0.9
20.6,18.8,22.5,18.5,20.3,20.1,1011.4,97,99,0
19.6,17.5,23.4,16.9,18.7,18.1,1014.1,91,92,22.2
17.4,15.8,19.7,15.7,16,14.9,1016.2,85,95,11.1
17.8,16.5,19.1,16.2,15.9,14.5,1014.2,81,95,0
17.4,14.8,19,18,16.4,15.7,1014.3,90,100,1.1
14.4,13.1,16.1,12.7,13.4,12.6,1016.8,89,100,0
15.9,14.4,16.9,14.7,14.8,14,1018,89,100,0.1
16.9,13.5,21.6,14.4,15.3,14.1,1016.2,84,86,0.6
17.4,16.5,18.5,15.2,16.7,16.2,1013.1,93,99,1.3
18.4,17.3,20.5,17.4,17.5,16.9,1013.1,91,99,3.8
18.5,17.5,19.4,17.4,17.3,16.5,1014.8,88,94,0.1
18.9,18,20,17.8,17.5,16.5,1015.1,86,91,0
18.2,17.3,19.3,16.8,17.4,16.9,1012.7,92,100,0.1
20.6,18.4,23.7,18.1,20,19.6,1010.2,94,98,0.7
15.1,13.2,18.6,16,13.3,11.7,1016.7,80,98,21.6
13.2,12,14.5,12.1,11.7,10.4,1019.5,83,99,1.6
12.5,11.2,13.8,11.8,12,11.5,1019.2,94,99,20.9
15.1,12.4,17.1,12.7,14.4,13.8,1018.3,92,100,4.7
17.3,15.7,18.7,15.4,16.8,16.5,1016.5,95,100,0
20.2,18.2,22.8,17.5,19.8,19.5,1015,96,96,0
22.4,20.6,25.5,19,21.8,21.4,1013.7,94,91,0
19.5,18,22.6,18.1,19.2,18.9,1012.4,96,98,0
21.4,18.7,23.9,18.6,20.9,20.6,1011.4,95,92,0.4
23.5,20.9,26.7,21.1,22.6,22.2,1011.3,93,84,0.1
19.6,18.4,21.3,18.4,18.7,18.2,1012,92,97,1.5
17.3,15.6,19.3,16.8,16.4,15.9,1016.5,91,98,14.1
16.8,15.1,17.9,15.8,14.6,12.9,1019.5,78,97,1.4
17.7,15.5,20.4,14.7,15.9,14.7,1016.9,83,91,2.5
20.4,17.5,23.6,16.9,19.3,18.6,1014.3,90,90,0
20.5,16.3,23.4,19.5,19.8,19.4,1014.4,93,99,3.4
17.5,16.1,18.3,15.7,15.3,13.6,1016.3,78,99,2.3
18,16.5,19.6,15.8,17.1,16.5,1016.4,91,99,25.6
19.8,18.3,22.2,17.5,19.4,19.2,1014.1,96,99,27.6
20.8,19.5,22.9,18.7,20.2,19.9,1013.7,95,88,2.7
22.1,18.8,26.6,16.8,20.7,20,1014.3,89,18,0
23,18.9,28.1,15.4,20.1,18.5,1014.7,78,29,0
22.7,19.8,27.2,18.2,20.4,19,1013.9,81,61,0
23.4,21.7,27,19.6,22,21.2,1012,88,81,0
24.2,21.5,28.1,20.9,22.6,21.8,1011.1,87,84,4.3
22.8,20.4,26.3,20.2,21.9,21.4,1011.3,92,89,68.7
21,20.1,21.7,19.8,20.3,19.9,1012.4,93,97,8.2
22.6,20.3,26.6,19.4,21.1,20.3,1012.6,87,84,0
23.9,22.3,26.1,20.4,22.9,22.4,1011.4,91,85,0.1
25.2,22.8,28.5,21.9,23.7,23,1011.3,88,58,0
24.4,22.3,27.1,22,22.9,22.2,1012.4,88,71,0
22.4,21.4,24.1,21.1,20.9,20,1012.7,86,91,0
23.5,21,27.7,20.2,21.4,20.3,1011.2,83,91,0
24.5,22.2,26.4,21,22.8,21.9,1007.3,86,81,0
25.1,22.5,31.5,21,23,22,1008.3,84,56,1.1
23.6,22.4,26.7,21.2,20.8,19.2,1011.9,77,86,0
22.9,21.4,25.2,20.6,21.3,20.5,1010.4,86,92,0
23.4,22.4,24.8,22,22.7,22.4,1006.5,94,96,56.5
23.2,22.4,25,21.8,22.5,22.2,1006.6,94,93,13.9
24.5,22.7,26.8,21.3,23.2,22.6,1008.5,90,90,3.1
24.2,21.9,27.8,21.5,22.6,21.9,1010.6,87,67,9.7
24.6,22.7,27.4,20.7,23.1,22.4,1012.1,88,72,0
25.2,23.8,27.1,22.5,24,23.5,1010.7,90,90,4
25.8,22.7,28.8,23,24.1,23.4,1008.2,87,80,78.4
23.5,21.1,25,20.4,22.7,22.3,1008,93,94,53.5
25.6,22.3,30,20.3,23.5,22.5,1010.1,84,43,0
24.7,23.4,27.1,22.3,22.6,21.5,1012.5,83,68,0
25.3,23.2,29,21.6,23.1,22,1012.1,82,69,0
26.8,24,30.5,24.5,24.2,23,1010.4,81,46,0
25.9,23,30.6,23.2,22.9,21.3,1011,77,59,0
22.6,21.2,24.2,20.2,19.1,17,1014.7,70,94,0
24.2,21.6,27.3,20.2,20.6,18.6,1015,71,79,0
24.7,23,28.3,21.8,21.7,20.2,1013.5,77,81,0.1
24.3,23.1,27.2,21.5,22,20.9,1011,82,82,0
24.9,23.3,27.7,22,22.5,21.3,1010.1,81,82,0
24.1,23.4,25.2,22.6,22.8,22.2,1010.4,89,95,3.4
24.4,23.3,25.9,23.5,23.2,22.6,1009.9,90,99,0
25.3,23.8,27.1,23.5,24,23.4,1006.2,90,99,76.8
26.4,24.1,29.4,24.1,24.2,23.2,1006.2,83,86,0
25.1,23.2,26.7,25,24.3,23.9,1006.8,93,96,13.1
23.2,21.6,24.7,22.4,22.4,21.9,1007.7,93,100,14.1
22.4,21,24.5,20.7,21.6,21.2,1007.5,93,99,30.1
23.1,22.1,24.5,21.5,22.4,22,1007.1,94,100,4.1
24,22.7,26.9,21.8,23.2,22.8,1006,93,96,9.2
24.7,23.1,26.5,21.9,23.3,22.6,1006.1,88,79,0
24.8,23.5,26.7,22.5,22.8,21.9,1007.7,84,91,1.4
24.8,23.8,26.3,22.2,23.8,23.3,1007.6,91,98,1.8
27,24.9,29.7,24.6,25.9,25.4,1004.8,91,86,0.7
28.3,25.6,31.8,24.4,26.3,25.5,1003,85,69,0
28.9,26.9,32,24.6,26.6,25.7,1003.3,83,60,0
26.5,25.7,27.6,25.2,25.2,24.7,1004.8,90,90,0
26.9,25.3,29.5,25,25.6,25.1,1004.9,90,94,0.8
25.9,24.6,28,24.4,24.9,24.4,1005,92,94,97.6
27,25.1,30,24,24.3,23.1,1004.7,80,79,0
26.8,25.3,29.3,23.9,24.5,23.4,1005,82,83,0
24.9,23.6,26.1,22.9,23.7,23.1,1006,90,96,10.7
27.3,24.4,29.5,23.8,25.9,25.3,1007.2,89,96,6.5
27.3,24.3,31.2,23.9,25.4,24.6,1007.1,86,96,17.4
26.5,24.5,28.3,25,25.4,25,1009.2,91,94,17.5
28.4,26.2,31.7,25.8,25.8,24.7,1011.1,81,59,0
28.6,26,32.9,24,26,25,1012,81,45,0
28.5,26.5,31.9,25,25.7,24.6,1009.2,80,43,0
29,26.4,32.6,24.4,25.8,24.4,1006.3,77,41,0
29.8,27.5,32.8,27.2,26.2,24.7,1004.6,75,46,0
30,27.9,33.2,25.8,26.3,24.7,1004.5,74,67,0
30,27.6,33,26.2,26.7,25.4,1005.3,77,71,5.3
29.6,27,32.5,25.8,26.5,25.2,1007,78,83,1.2
29.4,26.8,32.8,25,25.6,23.9,1007.9,73,70,0
29.9,27.7,33.2,25.9,26.3,24.8,1006.5,75,52,0
29.7,28,32.7,25.9,26.6,25.3,1005.1,78,69,0
29.6,27.5,33.4,25.6,26.7,25.6,1005.9,79,71,0
29.6,27.8,32.6,26.2,26.5,25.2,1006,78,78,0.8
28.6,26.6,32.1,25.4,26.3,25.4,1004.5,83,83,1.2
28,26.1,31.2,25.3,26.2,25.5,1003.6,86,84,7.9
28.7,26.7,33,25.6,26.7,25.9,1001.9,85,73,0.7
28.7,26.7,31.6,26,26.5,25.7,999.6,84,83,20.5
27.1,25.7,30.1,25,25.3,24.5,1002,86,88,27.7
27.1,24.8,29,23.8,25.3,24.5,1007.8,86,91,26.6
28.9,27.4,31.9,25.3,26.3,25.2,1008.7,81,61,0
29.2,26.9,33,24.1,26.2,25,1005.8,79,45,0
29.6,27.8,32.6,25.2,26,24.6,1005.7,75,45,0
29.5,27.4,32.7,25.4,26.3,25,1008.2,77,52,5
29,26,32.4,25.1,26.1,24.9,1010,79,57,16
29.5,27.8,32.3,25.1,25.9,24.4,1010.6,75,44,0.1
29.7,27.5,33.3,25.5,26.2,24.7,1010.6,75,30,0
29.6,27,33.1,24.9,25.8,24.2,1010.1,73,21,0
30,27,34,24.6,26.4,25,1008,75,24,0
30.1,28.3,33.4,25.8,26.4,24.9,1008.2,74,44,0
29.8,27.5,33.1,24.9,25.3,23.3,1009.3,69,24,0
29.7,27.2,33,25.2,25.5,23.8,1008.3,71,25,0
29.6,26.7,33.2,24.4,25.7,24.1,1007.3,73,33,0
29.9,27.4,33.3,24.7,26,24.3,1007.4,73,49,0
30.2,28,33.4,25.4,26.1,24.4,1008.2,72,68,0
29.7,26,33.4,25.3,25.6,23.9,1009.1,72,56,0.8
29.8,26.5,33.4,24.7,26,24.5,1008.5,74,50,0.6
30.1,27.8,33.7,25.6,26.5,25,1006.4,75,38,0
30,28,33.5,25.5,26.9,25.7,1005.1,78,58,0
29.9,28.3,33.4,24.8,26.9,25.8,1004,79,76,0
29.9,27.5,33.8,25,26.3,24.9,1002.9,75,75,0
30.1,28,33.5,25.8,26.5,25.1,1002.7,75,57,0
29.7,27,33.6,25.5,26.3,24.9,1004.7,76,66,0.1
29.9,27.8,33.5,23.8,26.5,25.1,1005.9,76,71,0
30.2,28.1,34.2,25.8,26.5,25,1005.1,74,79,0
28.5,26.7,31.7,25.9,25.7,24.5,1002.9,79,79,17.9
28.9,26,32.7,24.6,25.9,24.7,1001.9,79,76,29.4
27.3,25.1,29.7,23.8,25.2,24.3,1000.3,84,91,22.5
25.8,24.8,28.1,24.3,24.2,23.4,993,87,96,97.4
25.4,23.8,26.2,23,24.4,24,994.6,92,100,110.5
25.7,24.7,26.5,24.3,24.8,24.4,996.6,92,100,52.6
25.2,24.2,26.6,23.4,24.4,24.1,992.2,93,100,118.5
25.9,24.3,28.1,21.4,24.5,23.8,993.7,88,96,71.5
27.6,25.1,31.1,24.3,25.9,25.2,1000.1,88,85,12.3
28.8,26.8,32.4,25.3,26.8,26,1000,85,71,0
29.1,27,32,25.9,26.8,25.9,1002.1,83,76,4.3
29.4,27,32.5,26.4,26.9,25.9,1004.5,82,80,1.8
28.9,27.6,30.8,26.1,27,26.2,1005.3,86,85,1.5
28.1,26.2,32.8,26.2,26.4,25.7,1003.2,87,90,23.3
28,26.1,31.3,24.4,25.8,24.9,1002,83,76,0
28.1,26.5,31.5,25.8,26.2,25.5,1002.9,86,82,3.2
29.1,26.8,32.5,25.5,26.1,24.9,1002.2,79,74,0
27.3,25.2,29.7,25.8,25.5,24.8,1000.2,87,85,37.9
27.2,24.5,29.6,23.6,25.4,24.6,1000.1,86,89,29.1
27.4,25.3,30,24.8,25.6,24.8,1002.4,86,85,14.1
28,25.7,31.2,25.2,25.6,24.6,1003.7,82,74,1.1
28.9,27,32.8,25.3,25.7,24.4,1002.2,77,68,0
28.5,26.1,32.2,25.2,25.9,24.8,1003.2,80,48,0
29.5,27,33.6,24.4,26.3,24.9,1005,77,60,0
29.3,27.8,32.6,26.2,26.3,25,1004.5,78,55,0
29.2,26.7,32.2,24.7,26.3,25.1,1004,79,27,0
29.3,27.6,32.2,25.3,26.4,25.3,1003.7,79,68,0
28.5,28,30.1,26,26.4,25.5,1002,84,93,0.4
27.4,24.5,29.9,25.3,26,25.5,1002,89,92,17.4
27.1,25.8,28.9,25.2,25.9,25.4,1002.9,91,90,17.5
26.9,25.5,28.7,23.8,25.6,25,1003,90,87,2.8
26.8,24.7,30.4,22.6,25.6,25.1,1004.7,90,84,20.6
28.6,25.9,32.2,24.5,26.4,25.5,1005.1,83,70,0.2
28.9,26.7,32.7,25.1,26.2,25.1,1002.4,80,64,0
28.8,26.8,31.4,25.1,25,23.3,997.7,73,77,2.9
26.7,25.3,28.6,24.1,25.2,24.5,997.8,88,97,45.8
27.9,26.1,30.8,25.1,26.2,25.5,1006.5,87,81,6.3
27.3,25.5,29.9,24.5,25.4,24.6,1006.3,86,76,0.6
28.1,26.4,31.6,24.9,25.1,23.8,1005.9,78,43,0
28.2,26.2,32,24.2,25.3,24.1,1007,79,36,0
27.9,25.6,32.2,23.9,25.1,24,1008.2,80,35,0
27.9,26.2,30.9,23.2,25.6,24.6,1008.2,82,63,0
28.1,26.7,30.9,25.1,25.8,24.8,1007.8,83,68,0
28.3,26.4,31.1,24.9,25.9,24.9,1006.8,82,82,0
28.9,26.8,32.8,22.6,26.1,24.9,1006.8,80,57,0
28.6,26.2,32.4,23.9,25.6,24.3,1006.8,78,64,0
28.4,26.5,31.3,23.8,25.7,24.6,1008.4,80,58,1.2
27.8,24.6,30.8,23.7,25.8,25,1010.3,85,51,22.2
28.6,26.5,31.2,24.3,26.1,25.1,1008.8,82,58,0.8
27.5,24.6,31.4,23.4,24.8,23.6,1007.4,80,73,8.9
27.4,24.4,30.7,22.2,23.3,21.3,1008,70,64,0
27.6,25.5,31,22.7,23.6,21.7,1008.2,70,70,0
28.2,25.5,31.4,22.8,24.3,22.5,1006.7,71,33,0
29.2,26.4,33.1,24.2,25.6,24.1,1007.6,75,59,0
29.4,27.3,33.3,26,26.2,24.8,1009.8,77,55,0
29.2,27,32.1,25.4,26.1,24.8,1010.3,78,58,2.6
29.2,27.6,32.3,26,26,24.7,1009.4,77,59,0
29.1,27.3,32.3,26,25.8,24.5,1008.3,77,55,0
29.1,27.5,32,24.9,25.3,23.7,1009.7,73,78,0
27.8,25.2,30.4,23.2,24.9,23.7,1011.5,79,79,5
27.4,24.7,30.7,23.8,24.7,23.6,1012.4,80,67,23
27.6,25.5,31.6,23.8,24.9,23.7,1010.5,80,65,0.3
28.4,25.6,32.6,23.6,24,21.9,1008.7,69,51,0.4
26.1,24.4,28.2,24.1,24.4,23.7,1009.4,87,94,32.4
25.6,24.2,27.1,23.3,24.7,24.3,1012.2,93,97,71.5
26.4,23.9,28.6,22.9,24.9,24.3,1012.7,89,92,61
26.9,24.4,30.4,23.5,24.5,23.4,1010.5,82,74,3.5
27.7,24.9,31.2,22.4,24.1,22.5,1007.5,74,67,0
27.1,25.3,29.9,22.7,24.2,22.9,1007.3,78,90,5.5
25.1,23.4,26.6,23.4,23.4,22.6,1006.4,86,99,33.5
25.5,23.2,27.3,23,24.5,24,1004.6,91,94,56.3
26.3,24.8,28.3,24.5,24.8,24.1,1008,88,83,4.3
25.1,23.9,26.3,24.4,23.7,23.1,1010.7,89,87,5
26.1,24.4,28.9,22.5,23.8,22.7,1010.7,82,44,0
25.3,23,28.3,22.5,23.4,22.4,1010.9,84,87,13.8
24.7,23.3,26.7,21.4,21.8,20.3,1013.1,76,86,1.8
25.1,23.1,27.2,21.1,21.6,19.7,1014.7,73,59,0
25.4,22.8,28.8,19.5,21.5,19.4,1013.4,70,23,0
26.1,23.3,29.8,21.1,20.8,17.7,1010.6,61,34,0
26.5,23.5,30.6,19.2,20.3,16.5,1009.4,55,53,0
26.2,24.3,30,21.2,20.7,17.5,1008.4,59,78,0
26.9,24.8,30,22.4,20.2,16.1,1007.7,52,69,0
26,23.6,29.3,21.3,18.8,13.9,1008,47,72,0
25.9,23.4,29.4,19.5,19.2,14.8,1008.8,51,74,0
23.1,20.8,26,22.1,19.3,17,1009.8,70,90,0.1
21.5,20.3,23.3,19.7,20.1,19.4,1011.4,88,100,120.9
21.7,20.9,22.2,16.9,21.2,21,1013.7,96,100,284.8
22.2,20.7,23.9,20.4,21.3,20.8,1014.4,92,96,7.4
23.4,21.2,26.1,20.6,22.1,21.4,1014.1,89,91,7
24.1,23.3,25.2,22,22.5,21.7,1015.8,87,94,0
24,22.6,26.6,20.8,21.1,19.4,1017.4,76,65,0
23.7,22.1,26.5,20.4,20.7,18.9,1018,75,67,0
23.7,22.6,25.9,21.2,21.1,19.7,1018.8,79,70,0
24.7,22.9,27.2,20.7,22,20.7,1019,79,52,0
25.2,23.5,28.8,21.4,22.6,21.3,1016.9,79,59,0
25.3,23.6,28.5,22.5,22.7,21.5,1013.3,80,44,0
26.7,22.2,31.2,21.1,23.4,21.8,1010.9,75,46,0
19,16.7,22.4,15.6,12.1,4.3,1016.6,39,89,0
16.3,13.9,18.9,12.9,9.9,2.1,1020.9,39,72,0
17.9,13.5,21.7,10.5,12.3,6.7,1021.7,49,21,0
20.4,16.3,24.1,11.6,15.4,11.5,1020.2,57,17,0
21.3,17.1,25.2,13.5,17.1,14,1018.1,64,24,0
21.5,19.3,24.2,16.2,18,15.7,1017.7,70,27,0
21.2,19.1,23.3,16.1,17.7,15.4,1018.2,70,36,0
21.1,19.1,23.3,15.5,17.6,15.1,1018.8,69,29,0
21.4,19.7,24.1,17.8,18.1,15.9,1019.9,71,69,0
22.6,20.1,25.7,16.9,19.4,17.4,1020.1,73,62,0
22.8,21.8,25.3,19.4,20.5,19.2,1019.6,80,88,0.3
22.9,21.3,25,20.5,20.2,18.7,1019,77,80,0
22.7,21.1,24.9,18.3,19.6,17.7,1018.4,73,34,0
22.4,21,24.6,19.5,20.2,18.9,1016.5,81,87,13.2
21,20,22.4,19.5,19.7,19,1014.5,89,94,27.4
21.3,19.4,24.6,17.9,18.4,16.5,1015.9,74,56,0
21.3,18.2,25,14.7,18.4,16.5,1017.5,75,64,0.1
21.9,19,24.8,17.6,19.3,17.7,1018.3,77,42,0
21.5,20.2,22.6,20.1,20.2,19.5,1017.9,88,87,14.8
22.1,20.3,24.3,19.2,20.3,19.3,1016.4,84,76,0
23.2,21.6,26.4,19.7,21.1,19.9,1015.5,82,63,0
22.9,21.5,25.7,20.1,20.9,19.8,1014.6,83,56,0
22.1,19.5,25.2,18,19.2,17.3,1016.1,74,40,0
19.9,17.5,22.6,14.6,16.8,14.6,1018.5,71,47,0
19.9,17.2,22.2,13.9,16.7,14.4,1018.8,71,65,0
21,19.1,23.7,16.1,17.6,15.3,1017.8,70,48,0
20.1,17.6,23,13.7,16.5,13.9,1018.7,67,13,0
20.3,18.4,22.4,15.3,17.3,15.2,1019.3,73,48,0
20.2,18.5,22.7,15.2,17.3,15.3,1018.7,74,25,0
20.7,18.8,23.7,15.1,17.8,15.9,1018.5,74,40,0
18.6,16.3,21.8,13.3,14.8,11.8,1019.9,65,63,0
16.5,14.8,18.3,12,12.6,9,1022.3,61,81,0
15.7,13.6,17.9,10.5,11.7,7.6,1024.3,59,52,0
17.2,15.1,19.7,11.4,13.5,10.2,1024.2,63,30,0
19,16.1,22.6,12,14.4,10.6,1025.8,59,14,0
18.5,15.3,21.3,10.8,14.5,11,1026.4,62,30,0
19.4,17.4,21.4,15.1,16.5,14.4,1023.4,73,52,0
22,18.2,26.3,17,18.4,16,1022.3,70,49,0
20.9,18.4,22.9,14.9,16.9,14.1,1022.8,66,68,0
20,18.6,21.6,16.3,17.3,15.5,1022.2,76,57,0
19.9,18,21.6,16.5,17.3,15.5,1020.3,76,40,0
21,19.2,23.5,15.2,18.4,16.8,1019.1,77,54,0
22.2,19.4,26.2,16.2,19.7,18.2,1018.5,79,20,0
21.6,16.1,26.6,16.5,18.1,15.7,1020.2,71,43,0
16.5,14.1,19.3,11.2,11.3,5.8,1024.6,49,23,0
17.3,14.3,19.8,10.1,13.6,10.3,1022.7,64,20,0
18.8,16.4,22,13,16.1,14.1,1020,75,17,0
19.5,16.7,23.2,11.2,13.3,7.4,1019.9,47,0,0
17.6,14.4,20.8,9.5,12.4,7.2,1018.8,52,0,0
17.5,15.4,20.4,10.2,14.2,11.6,1018.2,69,8,0
18.5,15.5,21.2,10.6,15.1,12.3,1016.2,68,61,0
20,18.5,22.3,16,17.4,15.6,1015.8,76,85,0
19.4,18,21.7,16,17,15.3,1018.4,77,90,0
17.1,15.8,18.3,15,15,13.4,1021.7,79,96,0.4
16.4,14.5,18.4,13.4,14.1,12.1,1022.9,76,83,0.4
16.9,14,19.6,10.2,13.5,10.6,1022.2,67,17,0
16.9,13.8,19.1,9.7,13.2,10,1022.9,64,32,0
14.8,13.1,17.6,14,13.7,12.8,1021.3,88,98,9.6
16.5,14.6,18.6,14.5,15.6,14.9,1017.5,91,99,4.5
18,16.6,19.8,15.9,16.9,16.1,1016.9,89,86,0.4
19.5,16.8,22.8,13.4,17.6,16.3,1018.4,83,34,0
18.4,16,21.3,11.7,15.5,13.2,1019.3,72,11,0
17.9,16.5,20.1,13.5,15.6,13.9,1022.1,78,41,0
17,15.5,18.5,13.5,14.1,11.8,1023.7,72,52,0
17.3,15.2,19.6,12.7,15,13.1,1021.9,77,55,0
17.6,15.3,20,11.9,15.3,13.5,1022.6,77,48,0
17.5,15.4,19.2,13.8,14.7,12.5,1022.1,73,69,0
18.4,16.8,21.2,14.2,16,14.2,1020.1,77,82,0
18.3,16.4,20.5,13.1,16.1,14.5,1018.7,79,67,0
17.8,15.3,20.3,11.8,15.6,14,1018.4,78,53,0
18.2,16.1,20.9,12,14.8,12,1020,68,33,0
19,16.6,22,13,16.1,13.9,1019.3,72,58,0
19.1,17.2,22,12.1,15.1,11.8,1017.9,64,55,0
19.3,17.2,22.6,13.7,16.7,14.8,1016.4,75,61,0
20.3,18.5,23.7,14.5,18.6,17.4,1016.2,84,52,0
19.6,18.2,21.6,14.9,18.1,17.2,1016.6,86,59,0
19,17.2,21.9,15,17.4,16.3,1017.2,85,77,1.1
17.6,16.2,19.3,14.4,15.2,13.4,1018.8,77,84,0
17.6,15.4,18.5,14.8,15.9,14.7,1019.2,83,99,0.1
10.6,9.3,15.7,9.5,9.9,9.2,1024.4,91,100,17.3
12.7,9.3,15.3,8.2,11.8,11,1023.9,89,99,0.3
17.2,14.9,19.2,13.5,16.2,15.4,1019.4,89,94,0.1
18.2,15.8,21.6,14.6,16.2,14.8,1020.5,81,75,0
15.4,14.8,15.8,14.2,13,11,1023.2,75,97,0
16.7,14.6,18.7,14.1,14.6,12.9,1022.2,79,90,0
17.4,15.7,20.1,13.4,15.1,13.5,1023.4,78,88,0
17.2,16,18.8,15.5,14.8,12.9,1024.6,76,90,0
17.4,14.9,19.9,12.3,15,13.2,1023.7,77,55,0
18.1,16.1,20.9,15,16.1,14.7,1023.8,81,49,0
19.1,16.7,21.9,13,17.2,15.9,1021.7,82,20,0
19.4,16.8,22.7,12.8,17.6,16.5,1017.8,84,48,0
20,18.3,22.8,16.4,18.5,17.5,1014.1,86,50,0
20.7,18.8,23.4,15.2,19.4,18.6,1011.6,88,59,0
20.6,18,23.1,16,19.7,19.2,1011,92,82,4.4
16.8,12.8,18.5,15.7,15.8,15.1,1013.2,90,100,11.8
9.8,6.8,13.4,8.2,7.3,3.7,1019.5,67,82,10
10,6.1,13.6,3.4,5.9,-0.2,1023.5,50,38,0
12.9,10.7,14.9,6.8,10.2,7.1,1021.6,68,78,0
14.7,14,15.7,13.7,13.2,12,1019.1,84,100,0
15,12.9,16.2,13,13.8,12.9,1020.1,88,100,0.5
15.9,14.5,18,14.3,14,12.5,1022.6,80,80,0
16.1,13.5,17.8,9.6,13.4,11.1,1023.7,72,47,0
17.3,15.3,19.9,12.6,15,13.3,1020.8,77,53,0
18.8,16.3,22.2,13.3,16.4,14.7,1019.2,78,26,0
18.8,17.1,21.4,14.2,16.9,15.6,1018.1,82,66,0
19.8,17.4,23.1,14.3,18.1,17.1,1017,85,78,0
19.7,18.1,21.7,14.7,17.9,16.8,1017.6,84,77,0
20.1,18,23,14.9,18.2,17,1017.1,82,79,0
20.4,18.5,23,16.1,18.6,17.5,1014.2,84,86,0.2
20.1,18.4,23.6,12.2,17.8,16.3,1015.8,79,76,0.4
20.6,18.3,24.6,14.4,17.4,15.3,1018.6,73,47,0
18.4,15.5,21.7,12.1,14.3,10.8,1017.8,61,5,0
19.4,15.9,23.7,14.3,16.1,13.6,1016.3,70,0,0
19.6,18.1,22,13.8,16.9,15,1016.5,75,56,0
20.3,18.4,23.2,15.4,18.1,16.7,1012.9,80,78,0
21.5,18.7,24.4,17.6,19.8,18.9,1008.6,85,73,0
23.9,22,26.2,19.4,21.8,20.7,1005.8,83,79,0
24.4,23.3,26.5,18.4,22.5,21.5,1006.1,84,88,0.1
23.6,22.6,24.7,22.1,22.5,22,1007.6,90,100,0.2
24,23.1,24.9,21.9,22.4,21.6,1007.5,87,98,0
22.5,18.5,25,22.4,21.4,20.9,1010.6,91,99,2.8
17.7,16.6,18.9,16.3,14.6,12,1017,70,100,0
17.7,16.1,19.1,15.4,14.5,11.8,1018.6,68,99,1.4
14.8,12.8,17.3,13.5,12.8,11.1,1022.1,79,98,3.8
14.3,12.6,15.8,12.3,12.4,10.6,1024.3,79,98,9.8
14.6,13.5,15.7,12.5,13.4,12.4,1021.5,87,100,1
16.8,13.2,21.6,8.5,14.3,12.5,1019.8,77,52,0
18.1,15.9,20.6,12.5,15.7,14,1019.2,77,69,0
19.7,17.7,22.3,14.4,17.7,16.4,1017.9,82,73,0
20.2,18.8,22.2,16.5,18.6,17.6,1015,85,89,0
19.6,18.8,20.5,18.4,18.5,17.7,1011.9,89,100,0
20.7,19.3,22.3,18.5,19.9,19.5,1010.4,93,94,0
23,20.6,26.5,18.7,21.6,20.9,1009.2,88,74,0
24.5,23.2,26.7,20.9,22.6,21.7,1007.9,84,86,0
24.6,23.5,26.3,21.9,23.2,22.5,1008.3,89,89,0
23.8,21.3,25.5,20.4,22.6,22,1009.4,90,92,1.9
20.6,19.6,21.8,19.5,19.9,19.6,1011.2,94,100,2.3
17.3,15.5,20.1,16.3,15.9,14.9,1013.5,86,99,12.1
16.7,15.2,18,14.8,15.8,15.1,1014.7,90,100,0.6
17.8,16.5,19.5,17,17.3,16.9,1013.1,95,100,0.4
16.5,15.3,17.4,15.7,15.6,15,1015.5,91,99,0
16.5,14.7,17.5,15,15.8,15.4,1015.4,93,100,3
17.6,16.2,18.7,15.2,17.2,16.9,1013.7,96,100,2.4
17.6,15.6,18.9,16.5,16.6,16,1013.6,90,91,8.4
17.5,14.8,19.7,15,15.3,13.6,1015.4,78,77,0
17.5,16.5,18.4,15,16.5,15.8,1013.3,90,98,10
19.3,18,21.3,16.1,17.7,16.7,1015,85,85,2.7
17.8,15.2,20.3,14.4,16.1,14.8,1017.8,83,93,5.2
17.4,16.7,18.2,15.8,16.4,15.6,1015.8,89,97,0.1
17.9,16.4,18.6,15.6,17.3,17,1015.1,95,100,11.6
18,17.5,18.6,16.8,17.6,17.3,1014.7,96,100,0.4
19.2,17.7,21,17.1,18.7,18.4,1013.2,95,97,0
23.7,19.7,26.4,18.4,22.5,22,1010,91,86,0
25,24.1,25.7,21.3,23.5,22.7,1008.6,88,89,0
25.5,23.5,27.8,20.7,23.5,22.5,1009,84,58,0
25.5,24.3,27.3,21.1,23.4,22.4,1008.9,83,79,0
20.5,15,25.5,22.5,19.6,19.2,1009.7,92,98,61.2
15.4,14.3,16.4,13.4,14.8,14.3,1012.9,93,99,62.3
15.7,14.1,16.6,14.7,14.7,13.9,1013.5,89,100,9.9
16,14.6,16.7,14.3,15.2,14.7,1011.9,92,97,17
18.1,16.3,19.4,15.4,17.6,17.3,1010.8,95,100,16.1
22.1,18.8,25.3,18.2,21.6,21.3,1009.2,96,97,0.2
21.7,19.7,24.5,20.2,21.4,21.1,1010.7,96,99,3.2
18.9,17.7,20.1,17.6,17.9,17.3,1014.6,90,100,2.2
18.7,17.4,20.3,16.6,17.2,16.2,1014.9,86,98,1.5
20.8,18.4,24.3,16.2,19.3,18.4,1013.2,86,66,0
21.7,20.2,24.5,17.5,20.1,19.2,1014.1,86,70,0
21.6,20.4,23.9,17.1,20,19.1,1015.7,85,80,0
20.3,19.3,22.2,17.8,17.2,15.1,1017.4,72,84,0
21.4,18.5,24.9,17,18.6,16.8,1016.1,76,72,0
23.4,20.1,27.2,17.3,21,19.7,1013.9,80,51,0
22.3,20.1,25.6,17.6,19.2,17.3,1013.3,74,74,0
22.4,20.4,26.3,19.8,21,20.3,1010.8,88,86,0
23,20.4,28,20.2,21.8,21.2,1008.8,90,89,52.4
20.8,18.5,23.1,18.4,19,17.8,1012.2,83,81,0.9
21.4,19.8,25.8,18,17.9,15.5,1014.4,70,82,0
21.9,19.8,24.4,18.2,19.3,17.8,1015.7,78,85,0
24.1,22.2,28,20.1,21.9,20.8,1015.4,82,73,0
25.6,22.7,29.9,21.2,23.5,22.6,1013.9,84,45,0
26.1,23.5,29.4,22.1,24.3,23.5,1012,86,82,0
27.3,24.7,32.4,19.4,23.5,21.7,1012.1,74,48,0
23.7,22.5,25.4,19.5,21.1,19.7,1014,79,66,0
22.5,21.6,23.9,20.8,20.6,19.6,1013.3,84,94,0
23.1,22.1,24.2,20.7,22.2,21.7,1012.8,92,96,7.6
25.1,22.6,28.4,20.5,23.5,22.8,1011.8,87,84,0
26.1,23.4,29.8,22.7,24.4,23.6,1009.7,86,80,0
21.5,19.8,25.9,20.7,20.5,20,1011,91,96,13.5
20.7,19.4,22.4,19.3,19.9,19.4,1010.1,92,98,45.7
21.6,20.7,22.2,20.6,20.9,20.6,1009.5,94,100,3.5
21.9,21.3,22.3,21.5,21,20.5,1010,91,98,0
22.9,21.9,24.5,21,22,21.5,1010.5,92,96,0
25,22.8,27.9,21.9,24,23.5,1009.5,92,87,0
26.3,24,29.9,22.5,24.7,24,1009.3,87,64,0
26.4,24.2,29.9,23.9,24.5,23.7,1009.9,86,55,0
27.2,24.3,31.2,22.2,24.9,23.9,1011,83,57,0
25.7,24.1,27.1,24,24.4,23.8,1011,90,90,5.3
24.1,23.1,24.9,22.6,23.4,23.1,1008.7,94,95,5.8
25.2,23.8,27.5,23.5,24.6,24.3,1006.1,95,90,68.3
25.1,23.6,27.2,23.8,24.5,24.2,1006.3,95,93,24.2
22.6,20.8,24.5,20.1,22,21.7,1007.8,95,100,69.2
21.6,19.7,22.8,19.3,20.4,19.8,1006.8,90,100,2.7
21.5,19.5,23.7,20,19.4,18.1,1008.9,82,98,7.5
22.2,20,24.4,19.4,19,17,1010.8,73,98,0.3
23.3,21.8,25.7,20.1,18.9,16,1011.7,64,97,0
24.9,22,28.8,20.2,19.4,15.8,1010.8,58,52,0
24.7,22.8,28.4,20.1,22.5,21.5,1008.7,82,76,0.2
26.4,23.2,29.9,20.8,24.3,23.3,1007,84,61,0
26.7,24.8,30.3,23.6,24.6,23.6,1007.1,83,74,0
25.4,23.6,27.4,24.5,24.1,23.5,1009.3,89,81,33
25.5,23.2,29.1,21,22.9,21.6,1010.9,79,59,0
26.5,24.1,30.1,22.1,24.4,23.5,1010.1,84,49,0
27.8,26.2,30.2,24.3,25.9,25.1,1007.5,85,85,0
25.3,23,28,25.4,24.5,24.1,1007.1,93,95,24.6
24,22.6,26.3,22.4,22.9,22.4,1007.7,91,98,7
24.2,23.6,25.1,23.3,23.1,22.5,1007.7,90,96,0.1
24.2,23.4,26.3,22.4,22.7,21.9,1008.6,87,88,0.7
25.2,23.3,28.3,21.6,21.1,18.7,1010,69,52,0
25.3,23.8,28.1,20.7,23.2,22.2,1010.1,83,69,0
26.5,24.4,30.2,22.3,24.1,23,1010.8,82,43,0
27,25.1,30.5,23.2,24.6,23.5,1010.8,82,47,0
26.9,25.4,29.8,23,24.6,23.5,1010.2,82,70,0
27.9,25.9,31.9,24.1,25.7,24.7,1009.1,84,73,0
27,24.9,31,25.4,25.5,24.8,1008.1,88,93,36.4
26.1,24.8,29.8,24,25,24.5,1007.9,91,97,9.6
25.9,24.5,29.1,24.1,25,24.6,1008.9,93,88,34.4
27.7,25.1,29.8,24.3,25.8,25.1,1008.6,86,91,36.8
24.9,22.3,28.4,24,23.9,23.4,1006.4,92,96,113.6
24.3,22.3,27.1,21,22.1,21,1007.3,82,94,0
23.8,22.7,25.3,22.3,22.7,22.2,1008.9,91,96,5.9
24.9,22.1,28.5,21.8,22.8,21.8,1010.1,84,66,2.7
26,24.3,29.4,22.5,23.7,22.6,1011.2,82,60,0
26.5,24.6,29.3,22.6,24.1,23.1,1011.2,82,82,0
25.7,25,26.9,24.5,24.5,24,1010.8,90,97,7.4
26.6,25,29.1,24.5,25.2,24.6,1010.8,89,89,0.8
28.1,26.2,31.2,25,26.4,25.8,1009.2,88,76,0.1
28.5,26.5,31.3,24.8,26.5,25.7,1008,85,58,0
28.5,26.7,32.3,24.7,26.2,25.2,1008,83,60,0
28.9,27.1,32,26.3,26.7,25.8,1006.9,84,74,1
28.6,27.7,30.8,26.4,26.7,25.9,1007.3,86,77,3.3
28.2,26.2,30.6,25.8,26.4,25.7,1008.1,86,77,2.9
28.3,27,30.5,25.9,26.4,25.6,1007.1,85,79,2.6
27.8,26,31.3,25.7,26.1,25.3,1005.3,87,84,3.2
28.2,26.4,30.2,25.3,26.5,25.7,1004.2,87,88,12.5
28.6,27.1,30.6,25.4,26.5,25.7,1003.6,84,91,6.2
27.5,25.4,29.2,26.6,26.2,25.6,1003.5,90,91,62.4
26.9,25.1,28.4,24.8,25.7,25.2,1003.2,90,93,36.4
27.5,25,30.3,24.2,26.2,25.7,1003.3,90,86,44.8
28.3,26.2,31.1,25.6,26.6,25.9,1004.9,87,67,12.7
29.1,27,32.5,25.8,26.8,25.9,1005.9,83,39,0.8
29.7,27.1,32.7,25.4,26.4,25.1,1002.3,77,53,0
30.1,27,33.8,26.7,26.7,25.4,998.2,76,73,0.7
28,26.5,30,25.8,26.4,25.8,1002.9,88,75,12.5
29.2,27.7,32.2,25.8,27.1,26.3,1006.7,85,49,0
29.3,27.2,32.2,25,26.8,25.8,1005.3,82,58,0
29.7,27.6,33.4,25.8,26.6,25.4,1004.3,79,62,0
29.2,26,32.7,25.6,26.5,25.3,1006.2,80,63,2.2
29.2,27.2,31.4,25.7,26.4,25.3,1010.3,80,68,3.8
29.6,28.2,32.2,26.5,26.7,25.5,1011.9,79,65,0
29.8,27.6,32.7,26.5,26.9,25.7,1010.5,79,63,0.8
29.9,28.3,32.2,26.4,26.9,25.8,1007.8,78,71,0
29.8,28.6,32.5,26.2,26.5,25.2,1007.6,76,63,0
29.7,28.2,32.3,25.4,26.1,24.7,1008.2,75,61,0.1
29.9,28.3,33.2,25.8,26.4,24.9,1007.8,75,67,0
30.1,28.2,33.2,25.9,26.7,25.3,1007.3,76,59,0
30.1,28.7,33,26.2,26.7,25.3,1007,76,57,0
30.1,27.6,33.1,25.9,26.6,25.3,1008.3,76,63,0.8
29.9,28.4,33.2,26,26.5,25.1,1009.1,76,56,0
30,28,33.3,25.6,26.2,24.7,1010,74,40,0
29.5,27.5,32.8,24.7,25.8,24.3,1009.9,74,43,0
29.4,27.3,32.9,24.2,25.7,24.1,1007.5,73,55,0
29.4,27.3,32.9,24.5,25.6,24.1,1006,74,56,0
29.4,26.7,32.8,23.5,25.5,23.8,1006.2,73,66,0
29,26.8,32.4,24.4,25.4,23.9,1005.8,74,47,0
29.7,27,33.1,24.7,26.4,25.1,1002.7,77,61,0
28.7,25.3,31.6,26.7,26.3,25.4,997.4,83,96,31.4
25.8,24.4,27.1,23.1,24.8,24.3,999.5,92,95,129.3
25.9,25,27,24.3,25.3,25,1005.1,95,90,99.5
28.3,25,32.1,24.1,25.8,24.7,1001.3,82,64,0
26.6,23.5,29.6,25,24.8,24,990,86,97,209
26.1,25,28.3,23.6,25.1,24.7,1006.3,92,94,26
26.2,23.8,29.8,23.4,24.9,24.4,1007.7,90,87,52.4
28,25.6,32.3,23.5,25.5,24.4,1003.8,81,61,0
27.5,26,30,24.2,25.2,24.2,1003.1,82,73,0
28.4,26.5,33.1,24.4,26,24.9,1003.5,82,85,6.6
27.6,25.6,30.7,25.3,25.9,25.1,1003.4,87,84,29.8
26,24.6,27.8,24.5,24.8,24.3,1002,91,91,70.5
25.7,24.2,27,23.5,25,24.7,1003.5,94,95,63
27.2,25.3,30.2,24.4,26.2,25.8,1005,92,88,26.1
26.8,25.3,29.5,24.3,25.8,25.3,1004.5,92,77,34.9
28.1,26.3,31.8,24.5,26.4,25.7,1002,87,65,0.1
29.2,26.2,33.5,23.4,26.6,25.6,999.8,81,34,0
29.7,27.5,33.2,25.5,27,26,997.3,81,46,0
29.8,27.8,33.3,25.6,27.2,26.2,998.2,81,52,0
28.2,25.9,30.6,26,26.4,25.6,1001.5,86,77,35.1
27.9,25.2,30.2,23.7,26.1,25.4,1003.9,87,87,18.5
27.4,25.3,28.8,23.2,25.9,25.3,1004.6,89,86,59.3
28.8,27.9,30.4,26,26.4,25.5,1004.9,83,86,2
29.3,28,32.1,26.3,26.5,25.3,1005.1,80,74,0
29.4,27.9,33.1,25.8,26.9,26,1004.2,82,71,0
28.1,26.4,31.8,26.8,26.4,25.7,1003,87,90,8.8
27.8,26.4,30.9,25.3,25.8,25,1003.3,84,74,0.2
28,25.5,31.4,25.2,26,25.1,1006.1,84,73,4.1
28.1,24.9,30.7,25.5,26.2,25.5,1007.8,86,77,7.8
29.5,27.6,32.8,25.6,26.6,25.4,1009.9,79,52,0
28.8,27,32.2,25.5,26.3,25.3,1010.2,82,67,0
27.8,26.4,31.7,24.7,25.3,24.3,1009.9,82,85,0.6
26.9,25.4,29.6,24.2,25,24.2,1010.1,85,74,1.5
26.6,24.3,30.9,24.4,25,24.3,1010,87,80,50.6
26.1,23.8,29.1,23.2,24.6,23.9,1009.2,88,83,6.3
26.3,25.2,29.6,24,24.6,23.9,1009.4,87,84,2.3
27.2,24.5,30.4,23,24.6,23.5,1009.5,80,59,0
27.5,25.7,31.3,24.5,25.3,24.3,1009.3,83,56,1.2
28,25.2,30.5,25.2,25.8,24.8,1009.3,83,83,2.5
27.8,25.5,31.2,26,25.7,24.8,1010.4,84,66,4.7
28.2,26,31.5,25.3,26,25,1011.8,84,52,3.9
28.8,26.4,32.2,25.8,26.2,25.1,1012.6,81,30,0
28.3,26.8,31.3,26.2,26.1,25.2,1013,84,78,0
26.6,25.1,30,24.2,24.4,23.4,1013.3,83,86,0.6
25.3,22.8,27.3,22.2,24.3,23.9,1013.5,92,92,64.2
25.6,23.9,27.6,23.6,24.2,23.7,1013.7,89,83,23.6
27.6,24.8,31.3,22.8,25.5,24.5,1013.6,84,45,0
28.6,26,32.6,24.2,25.6,24.3,1012.9,79,20,0
29.2,26.7,32.9,25,26,24.7,1012.2,78,19,0
29.4,27.5,32.6,25.6,26.1,24.8,1011.4,77,35,0
28.2,26.7,31.1,25.5,25.3,24,1011.1,78,71,0
27.1,24.6,30.3,23.8,24.6,23.4,1010.7,81,90,15.3
27.5,24.9,29.1,24.4,24.8,23.6,1010.2,79,94,7.9
27.4,25.1,28.7,23.5,25.2,24.2,1009.5,83,93,12.5
28.3,26.6,30.5,26.5,25.3,24,1008.5,78,69,0
28.7,26.8,31.5,23.9,24.4,22.4,1007.6,69,78,0
25.3,23.2,27.1,23.7,24,23.4,1003.4,89,97,245.2
26.2,25,28.8,21,24.8,24.2,1005.3,89,91,7.5
25.6,24.4,27.5,24.3,24,23.3,1008.4,87,79,31.6
25.3,23.8,28.6,23.4,24,23.4,1010.2,89,97,77
25.7,23.3,29,22.3,22.4,20.6,1011,74,57,0
25.3,22.5,28.7,19.3,20.8,18.3,1012,66,20,0
25.4,22.7,29.6,20.1,21.1,18.7,1011.8,67,18,0
25.4,22.7,29.6,18.8,20.6,17.8,1010.1,63,15,0
26.2,23.4,30,19.7,21.1,18.2,1009.2,63,29,0
26.5,24,30.4,19.8,21,17.8,1009.9,60,41,0
26.6,24,30.2,20.5,19.1,14,1011.5,47,19,0
25.4,23.2,29.1,18.8,16.7,9.7,1012.5,37,3,0
24.4,21.5,28.3,17.8,16.4,10,1013.7,40,3,0
24.1,21,28.1,16.6,17.1,11.7,1015.4,47,5,0
24.1,21.1,27.8,15.8,18.7,15.1,1016.1,58,5,0
24.5,21.7,28.4,17.6,20.2,17.7,1016.9,66,19,0
24.7,22.3,28.5,18.9,20.3,17.8,1016.7,66,15,0
25,22.8,28.4,18.9,20.8,18.3,1015.9,67,16,0
25.7,22.6,29.9,18.8,20.6,17.5,1015.7,62,40,0
25.3,22.6,28.7,18.5,20.3,17.3,1015.4,62,18,0
24.8,22.6,27.5,18.8,19.8,16.7,1015,61,27,0
24.9,22.3,28.4,18.4,20.3,17.6,1014.6,64,29,0
25.4,23.4,29.2,19.7,21,18.4,1013.7,66,24,0
25.6,23,29.3,18.8,21.8,19.8,1011.8,71,18,0
26.4,23.1,30.6,18,19.1,14.2,1010.8,48,26,0
24.7,22,28,17,17.2,11.6,1011.4,44,17,0
23.7,20.3,27.4,15,17.8,13.4,1014.9,53,3,0
24.5,22,29.3,17,20.3,17.9,1019.1,68,10,0
25.1,22.5,29.3,16.3,18.6,14.1,1021.1,52,11,0
23.3,21.6,26,16.9,18.9,16,1021.6,64,25,0
22.9,21.3,25.7,17.9,18.8,16.2,1020.4,66,25,0
23.2,20.7,26.9,16.5,19.3,16.9,1019.2,68,21,0
23.4,21.2,26.9,17,19.8,17.7,1017.2,71,18,0
23.6,21,27.5,17,20,17.9,1016,70,39,0
24,21.5,27.2,17.4,20.3,18.1,1015.8,70,40,0
24.2,22,27.9,18.3,21.3,19.7,1016,76,24,0
24.9,22,29.9,17.6,21.1,19,1016.5,72,14,0
24.6,22.3,28.6,19.8,19.9,16.9,1016.6,64,19,0
24.8,21.8,29.2,15.5,19,15.2,1015.2,56,30,0
24.6,22.1,28.9,17,19.3,15.9,1014.5,59,71,0
23.9,22.2,27.3,18.5,20.9,19.3,1015.4,76,84,3.8
24.8,22.4,27.5,19.6,21.8,20.3,1014.7,77,71,0
23.4,22.1,26,21,21.8,21,1014.1,87,82,7.3
24.5,22.7,27,19.9,20.2,17.5,1014.1,67,81,0.1
23,20.3,26.5,16.1,16.5,11.4,1014.9,48,32,0
23,20.3,25.7,16,19,16.4,1015.1,67,54,0
23.9,22.1,26.3,19.2,20.9,19.3,1013.5,76,80,0
23.7,21.5,25.2,20.4,21.7,20.7,1011.6,83,92,0
24.8,23.2,27.5,21,22.6,21.5,1011.4,82,73,0
24.4,23,26.8,19.6,20.8,18.8,1015.3,72,46,0
22.4,18.7,26.3,17.4,18,15,1020.3,63,40,0
18.7,16.4,21.7,13.7,12.7,6.8,1024.1,47,18,0
18.4,15.1,22,12,12.5,6.4,1024,46,13,0
20.7,16.8,23.9,11.8,16.2,12.8,1020.7,61,26,0
23,20.7,26,15.1,19.1,16.6,1018.1,68,78,0
22.5,19.2,25.1,18.6,18.1,15,1019,63,87,0
16.5,13.1,19.8,13.9,9.9,1.3,1025.4,37,49,0
14.2,10.5,17.3,6,8.2,-0.3,1023.9,37,8,0
18,14.1,20.8,8.8,13.9,10.1,1020,60,76,0
20.1,18.5,23.6,17,16.6,14,1018.5,69,71,0
18.4,14.9,21.5,15,14.6,11.4,1020.2,64,83,0
14.8,12.9,16.6,11.5,10.8,6.7,1023.7,59,93,0
16.9,14.7,19.5,13.8,12.2,7.6,1023.8,54,86,0
18.2,15.4,22.2,13.8,12.2,5.9,1024.3,45,41,0
16.9,14.7,19.8,10.9,10.5,3.1,1024.9,40,65,0
17.4,15.2,20.4,12.9,12,6.4,1022.4,48,62,0
17.7,15,21.8,14.6,10.3,0.8,1021.2,34,19,0
15.7,12.9,18.4,7.7,9.8,2.3,1022.7,41,0,0
17,14.1,20.3,8.6,13.2,9.9,1024.2,64,42,0
18.8,15.6,22.3,10.3,14.8,11.5,1026.6,64,36,0
17.9,14.8,19.9,10.8,14,10.6,1026.6,63,43,0
18,16,19.8,12.8,14.7,12.1,1022.3,69,79,0
20.2,18.1,23.9,15.6,16.6,14,1020.9,68,46,0
20.7,17.6,25.3,13.6,17.9,16.1,1021.8,75,8,0
20.2,18.9,22.5,13.7,17.7,16.1,1022,77,18,0
20.7,18.5,23.6,14.6,18.3,16.8,1021.8,79,22,0
20.3,18.5,23.4,15,17.1,14.9,1021.4,72,27,0
19.7,17.6,22.7,14.2,16.7,14.5,1021.1,72,13,0
19.6,17.5,22.6,13.8,16.3,13.9,1021.1,70,8,0
19,17,22,12.9,16,13.9,1021.6,73,13,0
18.2,15.4,21.4,10.6,13.9,10,1023.4,60,13,0
16.1,13.3,19.2,9.7,12.1,8.2,1024.1,60,12,0
16.4,13.8,19.8,8.9,13.3,10.7,1023.6,69,17,0
16.9,14.2,20.4,8.8,13.4,10.3,1023.2,66,8,0
17.8,15.2,21.2,9.6,14.8,12.5,1022.8,72,11,0
18.6,16.5,21,11.1,16.3,14.6,1021.2,78,44,0
19.4,18.5,20.7,15.4,17.9,17,1017.7,86,94,0.2
21,19.3,23.8,16.6,19.7,19,1015.2,89,72,0
20.8,19.1,23.8,15.4,19.2,18.3,1015.7,86,48,0
21,19.4,24.2,15.6,19.2,18.2,1015.3,84,45,0
20.2,18.3,24.2,14.5,18.7,17.7,1015.2,86,41,0
18.4,13.3,21.3,16.3,15.1,12.3,1017.5,69,51,0
15.2,12.1,18.6,7.9,11.3,7.3,1022.8,59,19,0
15,11.4,18.4,7.2,10.8,6.2,1025.4,56,12,0
16.4,13.5,19.6,8.8,13.1,10.3,1023.2,68,15,0
16.6,13.6,19.3,10.5,13.6,11.1,1021.7,70,11,0
17.3,15.2,20.2,10.5,14.7,12.7,1020.5,75,27,0
18.1,15.8,21.7,11,16,14.5,1018.2,80,24,0
17.9,16.3,20.5,11,16,14.6,1017.5,81,26,0
18.6,16.6,21.4,12,15.9,14,1017.4,75,19,0
18.8,17.4,21.7,11.7,16.6,15,1016.5,79,29,0
19.2,17.5,22.4,13.7,17.4,16.2,1016.2,83,18,0
19.4,17.3,23.3,13.2,17.7,16.7,1016.5,85,30,0
18.1,14.4,21.1,13.5,15.7,13.8,1020.2,77,68,0
15.1,12.7,16.9,11.5,12,8.9,1022.3,67,92,0
18,15.4,21.8,14.2,14.6,11.9,1021.1,68,43,0
15.1,11.7,18.4,8.1,11.2,7,1024.1,59,14,0
16.3,14.5,18.3,9,13.3,10.6,1020.8,69,64,0
17.1,14.7,20.8,9.5,12.6,8.3,1019.2,57,26,0
16.5,15.3,19,8.7,13.7,11.2,1018.5,71,25,0
17.2,15.2,19.3,11.5,14.9,13.2,1018,78,49,0
18.5,16.7,21.2,13.8,16.9,15.8,1016.3,84,85,0
16.8,14.8,19,14,13.3,10.3,1018.7,66,93,0
13.3,12.2,15.2,12.1,10.4,7.3,1023.2,67,100,0
14.3,11.5,17.2,10.5,10.5,6.5,1024.3,59,86,0
16.1,14.4,18.1,11.1,13.3,11,1020.7,72,61,0
16.2,13.9,18.9,12.7,13.8,11.7,1021.8,75,64,3.5
15.7,13.7,18.1,9.3,12.2,8.8,1025.4,64,54,0
16.9,14.7,20.5,11,14.4,12.3,1023.5,74,38,0
17.1,14.9,20.3,11.2,14.2,11.9,1021.8,72,29,0
15.7,14,17,11.2,13.1,10.7,1021.7,73,96,0
15.1,13.7,17.2,13.4,12.2,9.4,1022,69,83,0
15.9,14,18.1,12,12.8,10.1,1019.9,69,34,0
16.8,14.6,19.7,11.4,14.1,11.9,1018.8,73,5,0
18.2,16.2,21.5,14.5,16.2,14.8,1016.7,81,74,0
18.6,16.8,21.2,14.1,17.1,16.2,1013.8,86,69,0
18.6,16.6,21.2,12.8,17.3,16.5,1012.2,88,74,0
19.8,17.3,22.6,17,18.9,18.3,1007.9,91,93,0.4
21,16,25.4,19.9,19.5,18.5,1005.5,86,90,0.4
11.6,7.8,16.1,11.4,8.5,4.9,1015.6,63,90,0
8.1,6.3,9.3,6.2,5.4,1.4,1022,63,98,0
9.7,7.9,11,7.5,8,6,1021,78,100,3.3
10.9,9,12.3,9.4,10.2,9.4,1020.4,91,100,13.9
12.8,11.4,14.1,11.2,12.2,11.7,1018,94,100,0.3
12.2,7.9,14.6,13,11.3,10.4,1017.6,90,100,2.9
7.8,6.5,9,6.9,5.9,3.3,1022.6,74,100,0
9.3,7.5,10.5,6.7,8.1,6.8,1021.7,84,100,0
9.5,8.4,10.8,9.6,8.4,7.2,1021.3,86,100,0.3
7.8,6.8,8.6,6.8,6.5,5,1023.8,82,100,0
8.2,5.5,10.6,5.9,6.8,5.3,1025,82,100,3.8
10.9,8.8,13.5,8.2,9,7.1,1024.9,78,100,0.3
12.8,10.8,17,10.6,10.7,8.7,1024.6,76,84,0
14.2,11.7,17.9,8.5,12,10,1023.5,76,71,0
14.6,12.1,17.5,9.6,12.2,10,1022.6,74,39,0
15.5,12.5,18.9,8.5,12.7,10.1,1023.4,71,30,0
14.9,11.3,19.7,7.8,11.8,8.7,1024.2,67,34,0
14.8,12.9,18.6,10.8,12.6,10.5,1023.7,76,51,0
14.7,13.1,16.8,11.8,12.9,11.2,1023.2,80,81,2.8
18.2,15.1,23,13.1,15.7,13.8,1020.5,76,53,0
19.4,16.8,23.3,16.1,17.6,16.4,1018.4,83,38,0
17.4,15.6,20,13.8,15.7,14.5,1020,83,52,0
16.4,15.2,18.5,13.5,15.1,14,1022.1,86,93,0
15.4,14,17,13.7,13.7,12.2,1022,81,97,0
15.6,13.9,17.2,13.2,14.2,13.1,1018.6,85,95,5
16.4,15.5,18,15.5,15,13.8,1016.6,85,98,0
16.2,14.7,17.7,14,14.6,13.4,1015.6,83,92,4.4
18.4,16.2,21,15.5,17.6,17,1011.5,92,92,2.5
18.1,15.1,21.9,14.7,15.7,13.9,1011.5,77,62,15
15.9,13.9,18.2,13.5,13.7,11.9,1015.4,77,66,0
17.1,14.8,19.4,14.1,14.9,13.2,1013.7,78,78,0
20,17.9,21.8,15.7,19.3,18.9,1012.1,94,96,1.3
16.6,14.9,21.1,15,16,15.5,1013.8,93,100,0
17.4,15.4,19.8,15.3,17,16.7,1014.4,96,99,0
22.3,19.4,25,17.3,21.3,20.8,1011.6,92,93,0.3
19.4,17,23.6,19.2,18.8,18.5,1011,94,96,1.3
18.4,16.8,19.7,16.7,17.9,17.6,1009.7,95,97,73.2
21.9,18,26.7,17.6,20.6,19.9,1007.8,89,76,0
23.5,21.5,24.5,20.2,22.1,21.4,1006.4,88,86,0.6
22.7,21.2,24.3,19.4,21.3,20.5,1009.9,87,85,0
17.8,16.1,22.6,16.3,16.1,14.8,1014.9,83,98,0.2
18.1,16.4,20.5,15.3,16.4,15.2,1015.9,83,97,0
17.3,16.6,18.4,16.5,15.9,14.9,1016.9,86,99,0
17.5,15.9,19.3,14.7,15.7,14.4,1017.8,82,91,0
18.8,17.4,22.4,15.8,17.3,16.3,1018.8,86,96,0
16.4,14.9,18.7,14.9,14.7,13.3,1020.2,82,97,0
18.1,15.7,21.4,14.5,16,14.5,1017.9,80,93,0
21.2,18.6,25.8,17,19.5,18.5,1016.2,85,67,0
22,19.8,25.8,17.6,20.5,19.7,1015.4,87,64,0
19.2,18.3,20.5,18.3,18,17.1,1017.1,88,92,0
20.9,18.1,24.6,16,18.3,16.6,1017.7,77,41,0
22.2,20.2,26.4,17.6,20.4,19.4,1015.1,84,64,0
22.5,19.8,26.6,18.2,20.6,19.5,1015.7,83,62,0
19.1,17.7,22.2,16.2,16.4,14.5,1019.7,75,61,0
18.2,16,21.2,14.6,15.1,12.7,1022.2,71,55,0
19.1,16.6,22.3,14.4,16.2,14.1,1020.3,73,34,0
19.7,17.5,24.1,15.5,17.4,16,1020.9,79,61,0
18,16.3,21,15.1,15.4,13.4,1021.1,74,90,0
18.8,16.8,21.8,16.8,16.2,14.2,1017.9,75,80,0
22.2,19,26.5,16.5,20.2,19.1,1014.7,83,53,0
21.8,20.2,24.1,21.8,20.7,20.1,1014.6,90,90,0
22.2,19.8,25.7,19.7,21,20.4,1016.2,90,74,0
19.1,17.5,22,18.7,16.4,14.3,1020.2,74,99,0
18.2,16.4,19.8,16.2,15.6,13.6,1020.4,74,98,0
19.8,17.8,22.9,16.7,16.9,14.8,1017.3,74,81,0
21.4,19.2,24.7,18.3,19.5,18.4,1015.5,83,88,0
23.5,21,28.7,19.8,21.9,21.2,1014.9,87,68,0
23.8,21.3,28,22,21.9,21,1014.6,84,49,0
21.7,20.8,24.2,19.2,20.4,19.7,1013.8,88,72,0
22.3,20.3,24.7,19.5,20.5,19.6,1011.3,85,95,0
23.2,21.2,26.6,19.3,21.7,20.9,1010.3,87,92,0
20.4,19,22.1,18,18.7,17.7,1012,84,99,1
20.7,19.5,22.1,19.2,19.3,18.5,1011,88,100,0
22.1,20.2,26.6,20.3,21.3,20.8,1008.4,93,95,13.6
22.5,19.8,25.1,19.8,21.8,21.4,1007.4,94,96,69
18,16.3,19.9,15.5,14.2,11,1013.6,64,67,0
18.6,14.4,23,12.3,15.3,12.7,1016.1,68,36,0
20.2,17.1,23.7,13.6,16.1,13,1017.3,64,68,0
22.1,17.5,27.4,12.2,16.5,12.2,1015.3,56,14,0
23.3,20.2,27.3,16.7,20.6,19.1,1013,78,46,0
24.8,22.6,28.9,20.4,22.8,21.9,1011.9,84,73,0
25.2,22.4,28.9,20.5,23.3,22.4,1011.9,85,73,0
25.7,24.8,26.6,23.3,24.2,23.6,1011.1,88,94,0.4
25.6,22.8,27,25.2,24.5,24,1009,91,97,6.3
22.2,21.5,23.8,21,21.4,20.9,1009.5,93,100,1.2
22.1,20.3,25,20,21.3,20.8,1010.5,92,95,3.1
20.2,18.9,21.8,21,19.5,19,1013.4,93,100,8
19.1,18.2,20,18,18.4,17.9,1014.4,93,100,17.5
21.8,19.8,24.8,18.5,20.8,20.3,1014,92,94,0
23.7,22.2,27,20.8,22.8,22.4,1012.8,93,89,0
26.1,22.4,29.9,22,24.2,23.4,1011.3,86,77,0
27,25.5,29.7,23.2,24.9,24,1011,84,84,0
22.5,21.5,25.7,21.8,21,20.3,1013.6,88,97,0
22.5,20.5,25.1,19.7,20.9,20.1,1012.1,87,91,0.6
22.9,21,26.8,21.7,22.2,21.9,1010.4,94,100,86.2
23.2,21.3,25,20.2,22.5,22.1,1010.4,93,99,21.3
25.5,23.2,29.4,21.9,24.2,23.7,1011.5,90,74,35.9
24.3,22.2,27.5,22.6,23.5,23.1,1012.3,94,91,9.7
21.9,21.1,22.8,20.7,21.1,20.7,1010.9,93,100,10.5
22.7,21.5,25.8,21.6,22.3,22,1009.5,96,98,58.9
22.3,19.9,25,20,20.7,19.8,1012.1,86,94,0.1
21,19.7,23,18.5,19.2,18.1,1013.5,83,97,0.5
21.7,20.1,24.1,19.5,21,20.5,1011.3,93,96,0.6
24.7,22,29.2,21.1,23.8,23.3,1010,92,77,0
26.5,24.5,29.9,22,25,24.4,1009.7,89,51,0
26.9,24.8,30.2,22,25,24.3,1008.6,86,55,0
26.5,23.9,30.3,22.2,24.8,24.1,1007.9,87,73,7.3
24,19.8,27.3,22.8,23.1,22.6,1008.8,92,97,7.5
21.6,19,24.7,18,18.8,17,1010.1,75,90,0.6
23.4,21,27.2,18.8,19.6,17.3,1009.7,69,63,0
24.4,22,28.5,20.9,21.7,20.2,1009,78,65,0
25.5,23.1,28.9,21.4,22.9,21.7,1008.3,80,48,0
25.2,23.8,28.5,22.5,22.7,21.5,1009.2,80,80,0
24.3,23,27.5,21.5,21.8,20.6,1008.1,80,83,0.4
25.8,23.8,27.5,22.8,23.5,22.4,1002.6,82,94,14.9
27.9,26,30.4,23.5,25.2,24,1004.1,80,79,0
28.4,26.9,31.1,25.3,26.2,25.3,1008.4,84,84,0
26.5,24,29.3,25.6,23.3,21.5,1009.6,75,89,0
23.5,21.8,25.8,20.2,19.1,16.2,1010.6,64,95,0
24.7,22.3,28,21,22.1,20.7,1008.8,79,59,0
26.2,23.6,29.9,21.7,24.1,23.1,1009.2,83,64,0
26.7,25.4,27.4,24.6,25.5,25,1007.9,90,94,23.2
28.1,26.8,31.1,25.3,25.6,24.6,1007.6,82,79,0
25.8,23.5,28.1,25.6,24.4,23.7,1009.7,89,93,31.1
25.4,23.7,28.2,22.7,23.5,22.7,1013,85,92,0.1
24.3,22.8,26.2,23.2,22.6,21.8,1013,86,94,5.9
23.3,22,24.8,21.5,22.2,21.6,1012.5,90,94,12.6
25.5,23.9,28.1,22.6,24,23.4,1012.4,88,80,8.1
26.5,24.6,30,23.7,24.7,23.9,1010.1,86,68,0
27.2,25.4,30.3,24.3,25.7,25,1007.9,88,71,0
27.7,25.9,31.7,24.5,25.5,24.6,1009.6,84,61,0
28.2,26.1,31.9,24.4,25.9,24.9,1010.2,83,39,0
28.5,26.3,31.7,25,26,25,1010,81,56,0
29.2,27.1,32.8,25.5,26.4,25.3,1009.5,80,43,0
29.7,27.5,33.1,25.4,26.4,25,1009.1,77,25,0
29.8,27.8,32.8,25.9,26.6,25.3,1009.5,77,37,0
29.7,27.8,33.4,26.4,26.4,25,1010.8,76,57,0
29.7,27.2,32.9,26.5,26.3,24.9,1010.4,76,46,3.4
29.7,27.6,32.9,26,26.4,25.1,1009.8,77,52,0
30,27.8,33.7,25.9,26.4,24.9,1009.8,75,42,0
29.8,27.8,33.8,25.9,26.5,25.2,1009.3,77,41,0
30.2,27.8,34.3,26,26.3,24.7,1010.1,73,26,0
30.4,28.1,34.3,26.1,26.2,24.4,1011,71,24,0
30.4,28,34,25.9,26.6,25,1011.3,73,30,0
30.7,28.5,34.8,26.9,27.1,25.6,1011.9,75,34,0
29.7,27.6,33.2,26.6,26.4,25.1,1012.5,77,53,6
29.9,28,33.6,26.5,26.4,25,1010.4,75,61,1
29.9,28.1,32.9,27,26.8,25.6,1007.3,78,69,0
29.2,27,31.2,27.4,26.9,25.9,1005.9,83,84,16.8
27.2,25.1,29.3,25.4,25.4,24.6,1006.5,86,82,30.3
28.1,26.1,31.2,25.2,26,25.1,1005.8,84,85,11.1
27.6,25,30.5,24,26,25.3,1007.9,87,88,24.5
29.1,27,32.7,25.3,27,26.1,1007.9,84,40,0
29.2,26.3,32.5,24.7,26,24.7,1004.7,77,29,0
30,27.4,34,25.4,26.5,25,1001.9,76,50,0
29.7,27.7,33,25.5,26.7,25.5,1002.6,79,70,0
29.8,27.3,32.6,26.2,26.7,25.5,1003.7,78,73,3.4
29.9,28.2,32.7,26.9,26.8,25.6,1004.7,78,65,2.7
30.3,28.5,33.5,28.5,27,25.8,1005.6,77,63,0
29.8,26.8,32.9,26.7,26.7,25.5,1006,78,69,4.8
29.8,26.6,32.9,25.5,27,25.9,1006.1,80,68,13.5
30.3,28.2,33.7,26.6,27.1,25.8,1003.4,77,59,0
31.1,28.6,35,27.5,28.1,26.9,998.6,79,69,5.6
27.8,25.6,31.7,26.8,26.3,25.7,997.6,89,93,71
26.8,25.1,29.3,24.6,25.4,24.8,1000.8,89,100,73.9
27.6,25.5,29,24.9,26.1,25.5,1005,89,100,17.4
27,24.2,29.7,25.5,25.5,24.8,1008.1,88,91,22.9
28.7,25.8,32.1,25,26.5,25.6,1010.9,83,74,0
29.2,27.3,32.2,25.7,26.7,25.6,1011,82,63,0
29.4,26.9,32.9,25.6,26.3,25,1009,78,60,1.6
28,26.4,30.2,26,25.9,25.1,1004.8,85,84,13.7
27.1,25.2,31,24.3,24.8,23.7,1006.4,82,86,22.5
28.6,26.9,32.1,25.5,26.3,25.3,1008.7,83,64,0
29.2,26.3,32.5,24.8,25.7,24.2,1006.8,75,52,0
27.9,25.7,30.4,25.3,25.4,24.4,1003.9,81,87,40.7
26.8,24.9,28.6,25.7,25.6,25.1,1010.1,90,90,21.2
28.5,26.4,31.8,25.3,26.5,25.6,1009.7,85,57,0
29,26.3,32.6,25.4,26.4,25.3,1007.2,81,43,0
28.4,24.1,33.2,25.4,26.3,25.4,1005.3,84,46,38.7
26.5,24.8,28.4,25.1,24.1,22.9,1001.5,81,89,41.4
27,24.6,28.4,24.3,25.6,24.9,1007.8,88,99,56.2
28.8,27.1,32.1,26,26,24.9,1009.3,80,77,0.6
28.7,27.4,31.5,26.8,25.8,24.6,1007.8,79,72,2.3
28.9,27.8,31.6,26.8,25.9,24.7,1007.7,78,70,0.3
29,27.2,31.6,25.4,25.7,24.3,1009.8,76,49,0
29.2,27,32.2,25.3,26,24.7,1010.7,77,50,0.5
29.1,27.3,32,25.6,26,24.8,1008.1,78,67,0.1
29.5,28,32.1,26.5,26.7,25.6,1005.2,80,63,0
28.6,25.9,30.4,27.1,26.3,25.4,1005.1,83,84,18.6
29.1,27.4,31.6,26.3,26.6,25.6,1005.4,82,86,3
27.6,25,28.7,24.5,26,25.4,1005.2,88,96,32.7
29.1,27.5,31.8,26.4,26.5,25.4,1007.2,81,81,0
27.5,25.1,29.9,24.8,25.9,25.2,1008.9,88,85,21.7
28.4,25.1,31.5,24.4,25.9,24.9,1007.3,82,70,5.4
28.9,27.3,31.9,26.1,25.7,24.4,1007.1,77,73,0
29,27.7,31.4,25.8,26,24.8,1008.1,78,79,0
29.3,27.6,32.2,24.8,25.9,24.5,1007.9,76,74,0
29.7,27.4,32.7,25.6,26.2,24.7,1008.1,75,59,0
29.5,27.3,32.7,26.5,26.3,25,1008.5,77,62,0
29.2,27.2,32.5,25.4,26.3,25.2,1007.3,80,68,0
29,26.1,32.9,25,25.6,24.1,1004.3,76,77,15.3
27.1,26.2,29.1,24.9,25.7,25.1,1003.1,89,89,25.5
28.3,25.9,31.4,24.8,25.9,24.9,1008.6,82,76,15.6
28.3,25.9,31.4,25,26.4,25.7,1011.4,86,88,4.3
29.1,26.6,32.7,25.8,26.2,24.9,1010.3,79,43,0.8
29,27,32.6,25.6,26.3,25.1,1008.2,80,52,3.5
28.8,26.9,31.6,26.3,26.7,25.9,1006.9,85,82,6.1
29.2,27.3,32.1,26.1,26.3,25.1,1007,79,60,0
29,26.3,32.3,25.7,26.3,25.2,1007.3,81,51,2.7
29.2,27.1,31.7,25.8,26.7,25.7,1006.2,82,51,0
28.7,25.3,32.6,26.1,26.4,25.5,1003.9,83,55,0.5
29.2,26.7,32.5,26.2,26.7,25.8,1001.6,82,85,0
29.7,28.5,32.8,27.8,27.2,26.3,1003.7,83,84,0
27.5,25.7,30.3,25.4,26.3,25.8,1006,91,86,56.2
27.9,26.3,30.7,26,26.3,25.7,1008.7,88,77,37.5
26.6,24.2,28.3,23.8,25.7,25.3,1011,93,95,70.3
26.2,24.5,29,25.5,25.1,24.7,1011.1,91,86,37.9
28.1,25.2,31.1,24.4,26.1,25.2,1010.8,85,71,4.2
28.7,27.1,30.8,26.2,25.8,24.7,1010.3,79,71,0
27.9,25.3,30,25.6,25.9,25.1,1010,85,78,9.3
29,27,32.3,25.6,26.5,25.5,1010.2,82,47,0
29.1,26.8,31.9,25.2,26.3,25.2,1009.4,80,51,0
29.5,27.7,32.9,25.7,25.7,24.1,1009,73,46,0
28.8,27.2,31.9,25.6,24.9,23.1,1007.4,72,30,0
28,25.9,31.2,24.9,23.8,21.7,1006.5,69,68,0
26.7,23.8,30.9,20.4,21.1,17.8,1007,59,44,0
27.8,25.5,31,22.6,23,20.5,1005.9,65,55,0
27.8,26,31,22.4,22.7,20,1005.2,63,76,0.6
26.5,25.2,28,23.6,24.4,23.4,1006.5,84,94,22.2
26.6,25,28.4,24.5,24.3,23.2,1009.4,82,85,12
27.1,24.7,30.6,23.1,23.9,22.3,1011,75,79,0.8
28.6,25.7,32.1,23,23.5,21,1009.1,64,63,0
28.5,25.4,31.5,22.3,22.5,19.4,1004.7,58,47,0
27.3,25.8,29.8,25.8,21.3,17.9,1006,57,80,0
26.1,24.3,28.5,21.7,22.3,20.3,1011.4,70,83,0
27.7,25.4,30.7,22.5,24.1,22.5,1013.3,74,76,0
27.1,25,30.7,24,24.9,24,1013.6,83,62,9.5
26.4,24,29.5,22.7,24.3,23.3,1014.7,83,74,27.7
26.4,24.5,29.5,23.1,23.5,22.2,1015.3,78,78,7.9
26,24,28.8,22.6,22.6,20.9,1014.1,74,76,0
26.3,23.8,29.4,22,22.6,20.7,1012.5,72,44,0
25.9,23,29.4,22.8,23,21.5,1012.1,77,72,5.5
25.7,24.2,28,22.6,22.6,21,1013,76,63,3.7
26,24.4,29.1,22.1,22.5,20.8,1013.4,73,38,0
25.6,24.3,28.5,22,22.1,20.2,1013.5,73,38,0
25.2,22.7,27.8,21.8,21.2,18.9,1013.9,69,40,3.5
25.5,23,28.3,19.8,21.3,18.9,1014.8,67,25,0
25.8,23.8,28.4,21.2,22.1,20.1,1015.3,71,50,0
26.3,25,29.1,23.2,22.7,20.9,1016.2,72,49,0
26.9,25.3,29.7,22.9,23.3,21.5,1016.6,73,37,0
27.4,25.3,30.6,22.6,23.8,22.1,1015.4,73,20,0
27.2,25.4,30.6,22.9,24.3,22.9,1014.9,78,29,0
27.4,25.4,30.7,22.6,24.5,23.2,1014.4,78,20,0
26.9,25.6,29.4,23.1,23.8,22.4,1014.4,77,49,0
26.9,25.7,29.5,24.2,24.2,23,1012.4,80,54,0
27.1,25,30,22.5,24.7,23.6,1010.7,81,41,0
27.1,26,29.3,23.7,24.9,23.9,1010.9,83,55,0
28.4,25.3,32.7,22.1,22.8,19.9,1011.5,61,7,0
26.6,24.4,29.1,22,22.1,19.6,1015.1,66,55,0
25.9,24.8,27.9,22.5,22.1,20.1,1016.6,71,42,0
26,24.3,28.4,21.7,22.7,21.1,1015.1,75,30,0
26.7,25,29.5,22.5,24.1,22.8,1014,80,52,0
26.6,25.2,30.1,22.6,24.5,23.5,1013.6,84,65,8.8
25.9,23.8,29.7,23,23.3,22,1014.4,80,81,13.8
25.5,24,27.3,22.8,22.5,21,1015.5,76,85,0.1
25.4,24.4,27.1,21.9,21.1,18.6,1016,66,73,0
24.7,23.6,26.2,21.8,21.5,19.8,1013.9,75,76,0
24.7,24.3,25.2,23,23.3,22.6,1011.1,89,99,18.6
24.2,22.6,25.5,23.7,23.2,22.7,1010.3,92,98,35.3
23,20.8,26.1,19.7,17.6,13.6,1014.4,56,60,0
21.1,18.6,23.3,15.2,14.5,8.5,1017.2,44,72,0
21.5,19.8,22.6,18,17,13.6,1018.2,62,89,0.7
22.8,21.2,24.9,19.4,18.9,16.5,1017.3,68,88,0
23.2,21.1,25.5,19.5,19.7,17.5,1016.2,71,54,0
23.6,20.9,27.3,18.3,20,17.8,1015.1,71,59,0
23.9,21.8,27.2,19.5,19.8,17.2,1016.2,67,43,0
23.4,21.5,26.4,18.4,19.5,17,1017.3,68,47,0
22.8,20.7,25.7,16.7,16.9,12.6,1018.2,53,43,0
21.5,19.4,23.7,15.7,16.8,13.4,1018.6,60,53,0
22,19.7,25.2,16.5,18.1,15.6,1015.9,67,22,0
23,19.1,27.5,15,18.3,15.1,1010.5,63,45,0
23.7,20.8,27,16.3,19.4,16.7,1008.9,66,57,0
25.3,22.2,29.3,17.5,20,16.7,1012.4,60,51,0
23.6,22.1,26,17.7,20.1,18.1,1019,71,59,0
22.2,21,24.8,19.1,18.5,16.2,1020.8,69,33,0
21.8,20.1,24,16.8,18.4,16.3,1020.8,71,18,0
22.1,20.2,24.3,16.2,18.9,17,1020.3,74,15,0
23,20.5,26.4,16.3,20.5,19.1,1018.4,79,11,0
22.8,20.9,26,16.4,19,16.6,1017.9,68,39,0
21.4,20.4,23.4,19.1,17.7,15.1,1017.5,67,84,0
22,20.5,24,17.3,18.7,16.5,1017.5,71,73,0
22.9,20.4,26.5,16.7,18.5,15.6,1016.6,65,46,0
22.7,20.6,25.2,16.5,19.3,17.3,1017.4,72,73,0
23.1,21.9,25.7,19,19.8,17.8,1016.5,72,86,0
20.9,19.1,23.2,19.8,19.3,18.4,1016.1,86,95,9.8
21.7,18.9,25.6,16.1,19.1,17.5,1014.6,78,41,0.8
22.1,19.8,25.2,15.5,17.5,14.3,1016,62,18,0
22,20.1,25.1,15.3,18.5,16.3,1016.4,71,43,0
21.7,20.6,24.2,16.5,18.9,17.2,1016.5,76,44,0
21.4,19.4,24.4,17.6,18.2,16.1,1016.7,73,15,0
21.4,19.6,23.6,15,18.6,16.8,1016.5,76,18,0
20.4,18.8,22.1,17.8,18.4,17.2,1015.8,82,79,16.3
22.2,19.2,25.4,17.2,20.4,19.5,1016,85,38,1.3
22.8,20.5,26,16.8,18.7,15.9,1018.5,67,25,0
21.1,19.5,23.2,15.7,17.6,15.2,1019.3,69,18,0
21,19,23.8,14.7,18.4,16.8,1017.1,77,18,0
21,19.6,23.2,15.3,18.5,17,1016.1,78,32,0
22.2,19.2,26,14.7,18.2,15.5,1017.1,67,23,0
21.2,19.8,23.3,15.6,17.8,15.6,1018,71,25,0
20.7,19.7,22.6,16,17.8,15.8,1017.3,74,30,0
20.1,19,22,15.7,17.2,15.2,1015.5,74,31,0
20.7,19.1,23.3,16.5,18.1,16.4,1015.1,77,46,0
20.4,19.2,22.1,16.7,18.2,16.8,1016,80,85,0.7
19.9,18.6,21.4,16.2,17,14.9,1016.8,73,85,0
19.6,17.7,22.3,14.9,14,8.8,1019.2,51,21,0
18.1,15.2,22.1,9.8,11.4,3.8,1019.1,40,3,0
19.1,16.2,21.8,9.6,15.4,12.4,1018.4,65,60,0
17.3,14.3,19.8,14.9,10.2,1.2,1021.8,34,53,0
16.6,13.8,19.3,7.7,11.6,6.1,1020.6,51,10,0
18,17.2,19.7,11,14.1,10.8,1019,63,83,0
18.9,17.1,21.2,13.3,14.7,11.2,1020.1,61,59,0
19,16.4,21.8,12.4,15.5,12.8,1020.4,68,20,0
18.5,16.7,20.8,12.9,15.5,13.2,1018.6,72,32,0
19.2,16.9,22.3,13.7,16.3,14.3,1017.3,74,27,0
17.4,14.9,20.3,12.3,13.1,9.1,1019.2,59,36,0
16.3,13.8,19.5,11.2,11.5,6.5,1021.8,52,14,0
16.7,14,19.5,9.8,12.6,8.6,1020.6,59,17,0
16.6,14,18.8,12.1,12.2,7.6,1020.8,56,72,0
15.4,12.5,19.2,8.5,9,0.4,1021.4,36,8,0
15.4,12.1,18.3,8.1,11,6,1018.2,54,34,0
17.4,16,19.4,12.2,14.2,11.5,1018.2,69,68,0
17.3,15.3,19,10.9,13.5,10.2,1021.9,63,61,0
16.4,14.9,18.6,12.5,12.3,8.4,1023.2,60,82,0
14.8,12.4,17.3,11.5,11.2,7.6,1023.7,62,70,0
15.9,13.9,18.6,10.5,12,8.2,1024.1,60,40,0
16,13.8,18.2,9.1,12.6,9.4,1023.2,65,43,0
16.5,15,18.4,11.4,13,10,1020,65,85,0
17.6,14.8,21.3,11.9,14,10.9,1017.8,65,29,0
17.1,14.9,20.1,9.2,12.6,8.2,1020.1,56,18,0
15.1,13,17.4,9.3,10.6,5.4,1022.3,53,17,0
15.2,13.8,16.9,9.3,11.8,8.6,1022.1,65,18,0
16.2,14,18.1,11.5,13.4,10.9,1020.1,71,32,0
17.5,16.2,19,12.5,15,13.2,1017.3,76,65,0
16.6,15.8,17.6,14.6,14.7,13.1,1018.3,80,94,0
16.6,15.3,19.7,12,14.3,12.5,1020.7,77,74,0
17.4,15.9,20.5,11.3,14.6,12.3,1020.7,72,45,0
14.9,11.9,18,10.1,10.8,6.3,1023,58,31,0
12.9,9.8,16.4,5,7.3,-0.8,1026.5,39,8,0
13.8,10.3,18,6.1,8.4,0.9,1025.1,42,4,0
14.8,11.1,19.2,3.9,9.5,2.6,1024,47,5,0
16,13.2,19.7,5.9,10.9,5.2,1021.9,50,3,0
16.7,13.4,20.6,7.4,12.3,8.1,1020.1,57,5,0
17.2,14.6,20.6,8.6,12.4,7.7,1023.2,55,2,0
14.1,12.3,16.3,6.9,10.2,5.8,1024.1,58,7,0
14.7,12.1,17.6,7.5,11.6,8.7,1020.6,68,9,0
17,13.9,21,7,13.2,9.6,1020.3,63,6,0
16.7,15.4,18,7.7,13.8,11.2,1020.4,70,52,0
18,16.2,21.2,12.1,15.2,13,1018.1,73,81,0
17.1,15.9,18.7,12,15,13.3,1020.4,78,77,0
16.3,15,17.6,13.6,13.9,11.9,1020.4,75,95,0
19.8,17.2,23.2,13.9,17.3,15.6,1020.2,77,65,0
17.9,15.9,21.4,13.2,16.2,15,1022.6,83,68,0
16.5,15.5,18.5,13.8,13.7,11.4,1025,73,90,0
15.1,13.3,17.2,12.1,11.8,8.5,1025.2,65,83,0
15.5,13.5,17.6,12.5,12.5,9.8,1022.5,69,83,0
16.9,15.6,18.5,14,14.6,12.8,1019.7,77,88,0
17.2,16.4,19,14.1,15.6,14.4,1019.4,83,89,0
17.9,16,20.2,15.9,16.4,15.3,1019.8,85,86,0
18.2,16.3,20.7,13.3,16.2,14.8,1020.7,81,31,0
17.3,16.1,19.5,13,15.3,13.7,1019.8,80,55,0
17.7,15.9,21.2,12.4,15.5,13.8,1017.7,78,62,0
14.8,12.7,16.6,11.4,12.4,10.2,1021.4,74,94,0
16.4,14.5,18.8,12.2,13.6,11.3,1022.4,72,41,0
17.6,15.4,20.6,11.6,14.5,12,1022.4,70,51,0
15.7,14.6,17.3,13.1,12.4,9.4,1021.6,67,91,0
17.1,15,20.9,13.6,13.6,10.6,1019.6,66,57,0
18.7,16.2,22.1,12.5,15.4,12.8,1020.1,70,32,0
17.7,16,20.1,10.9,13.4,9.5,1021.1,60,12,0
18.1,16.1,20.2,11.3,14.7,12,1018.3,68,31,0
19.1,18.2,21,13.1,17.1,15.7,1013.5,81,84,0
20.5,18.4,23,15.7,18.9,17.8,1011.9,85,71,0.7
22,20,25.3,16,20.4,19.5,1012.6,86,52,0.1
20.7,20.2,21.5,16.3,19.7,19,1012.4,90,80,0
21.7,19.6,24.7,18,20.1,19.2,1011.9,86,76,0.6
19.2,17.2,21.5,17,18,17.3,1013.6,89,93,2.2
16.9,16.4,18.2,15.9,16.1,15.5,1014.9,91,100,1.2
17.8,17.2,18.5,16.6,17,16.4,1015.5,92,100,0.7
17.3,16.8,18.4,16.6,15.7,14.6,1017.9,84,100,0.9
17,16.2,18.2,16,15.4,14.1,1017.1,83,100,0.1
19,17.2,21,16.6,17.9,17.2,1014,89,88,0
22.2,20.1,24.6,16.7,20.8,20.1,1012.9,88,80,0
20.2,16.4,23.7,18.7,19.1,18.5,1015.7,90,95,1.3
13.8,10.8,16.5,15.6,12.4,11.1,1020.6,84,100,3.8
10.8,9.9,12.4,11.3,8.7,6.4,1023.8,74,100,0.1
11,9.5,12.4,10.2,9.7,8.4,1022.5,84,100,0
14.5,11.8,16.2,10.9,13.7,13,1019.5,91,100,0.1
18.1,16.2,20.1,15.2,17.3,16.8,1018.6,93,97,0
16.9,15.9,19.2,16.2,16.4,16.1,1020,95,100,4.5
18.2,16.2,21.1,15.7,17,16.2,1020.7,89,85,0
19.1,16.9,22.8,16.5,17.8,17,1020,88,87,0
17.2,16.1,18.2,15,14.3,11.9,1022.8,71,96,0
18.5,16.4,21.2,13.5,14.5,11.3,1024.1,64,81,0
17.3,16.2,18.8,15,14.7,12.7,1023.4,74,94,0
19.7,17.2,22.7,16.3,17.2,15.6,1020,77,64,0
20.4,18.5,23.1,15.8,18,16.4,1020.7,78,84,0
18.5,17.4,21.1,13.7,14.5,11.1,1021.9,62,80,0.1
17.9,17.4,18.5,15.2,15.9,14.3,1019.6,80,97,0.4
21.1,18.4,24.6,17.6,19.5,18.5,1017,86,56,0
22.8,20.5,26.7,17.9,21.1,20.2,1017.5,86,55,0
23.6,21.1,27.7,17.3,21.5,20.5,1017.1,83,44,0
19.7,18.1,23,18,18,16.9,1019.7,84,82,31.9
18.4,17.5,19.6,17.2,15.3,12.9,1017.5,70,93,0
18.5,17,19.8,16.3,17.6,17.1,1012.5,91,98,2.4
22.2,19.2,24.8,16.8,21.1,20.6,1007.8,91,95,12.9
21.4,19.6,24.4,19.7,20.7,20.3,1008.2,94,97,48.5
20.8,18.7,24,16.4,18.5,17.1,1011,80,49,4.2
21,18.4,23.4,14.4,18.8,17.4,1013.9,81,43,0
20.3,19.2,21.8,18.1,19.2,18.5,1010.7,89,97,17.2
23.6,20.4,25.5,20,22,21.2,1009.5,87,83,0
24.8,23.2,26.6,22.4,23.1,22.3,1009.9,86,92,0.8
24.6,23.3,27,22.3,23.1,22.4,1011.3,88,95,0.2
22.4,19.7,25,21.5,19,16.7,1014.6,71,93,0
19.7,17.8,20.7,15.9,17,15.2,1015.9,76,91,0.6
22.7,19.8,26.8,17.8,20.6,19.5,1015.3,83,59,0.1
23.9,21.9,27.3,20.1,22,21.1,1014.5,85,83,0
23.5,21.9,25.3,19.7,22.3,21.6,1013.9,90,88,0.1
23.2,22.2,24.7,19.3,21.6,20.8,1014.1,87,92,0
23.2,22.3,25.1,21.2,21.5,20.6,1014.5,85,87,0
24.8,22.6,28.9,19.6,22.4,21.2,1014,81,65,0
21.7,20.8,23.7,20.2,20.6,20,1012.8,90,99,1.7
24.4,21.5,27.6,20.5,22.8,22,1009.5,87,86,0
26.6,25.6,28.5,23.5,24.4,23.4,1008.5,83,79,0
26.7,25.6,28.8,23.2,24.4,23.4,1008.9,82,68,0
26.1,23.2,29.2,23.1,23.9,22.9,1010.9,83,76,0
23.3,22.3,24.4,21.7,22,21.4,1012.9,89,93,0
23.9,22.6,26.4,21.8,22.7,22.1,1013,90,90,14.4
24.8,22.5,26.8,21.7,23.1,22.2,1012.3,86,75,0.3
26.1,24.6,28.4,22.2,24.1,23.2,1011.6,84,84,1.8
25.6,23.6,27.8,21.9,23.2,22.1,1012.3,81,81,2.4
24.8,23.1,28.7,19.8,22,20.6,1014.2,78,84,0
22.3,21.3,23.5,21,21,20.2,1014.4,88,100,16
23.2,21.8,26.1,21.2,21.8,21.1,1013.3,88,89,12.2
24.9,22.2,28.6,19.9,22.8,21.8,1013.1,84,72,0
24.3,23.5,24.9,22.8,22.7,21.9,1014.3,87,88,0.3
25.4,23.8,28.1,22.5,23.7,22.9,1013.5,86,80,0
25.7,22.1,29.7,23,23.8,23,1013.1,86,80,15.7
20.9,19.3,22.2,18.8,17.7,15.5,1014.9,71,97,0.9
21.3,20.2,24,19.3,18.3,16.3,1012.9,73,91,0
21.8,19.8,23,18.9,19.9,18.9,1012.5,84,99,0
22.5,21.7,23.2,21.3,21.7,21.3,1012.9,93,96,7
24.3,22.4,27.8,21.7,22.8,22.1,1014.1,88,68,0
23.8,21.4,27.2,21.6,22.2,21.4,1015.6,87,82,0.5
22.7,21.4,24.8,20,19.4,17.3,1016.5,72,82,0
24,22.2,27.3,20.4,21.8,20.6,1015.1,81,72,0
26,23.2,29.8,21.2,23.4,22.2,1012.4,80,49,0
25.3,23,29.7,22.3,23.2,22.2,1011.1,83,77,21
26.1,22.6,29.8,21.1,23.3,21.9,1013.1,78,51,0
26.7,25.6,29.1,24,24.9,24.1,1014.4,85,70,0
27.3,25.3,30.4,23.3,24.9,23.9,1013.4,82,63,0
24.7,20.1,29.1,23.6,22.1,20.7,1014.9,79,76,1.2
19.7,18.5,20.6,18.5,17.1,15.3,1017.7,76,100,0
22.2,20,25.3,19,19.6,18,1014.6,77,92,0
24,21.9,26.6,21.2,21.4,20,1012.1,78,74,0
25.6,22.6,29.2,20,22.4,20.8,1010.9,76,28,0
26.8,24.2,30.8,21.8,23.5,21.8,1009.9,75,55,0
26.6,25.6,30,24.4,24.4,23.4,1009.1,83,88,0.1
24.7,23.7,25.8,24,23.8,23.5,1007.7,93,100,82.7
24.6,23.4,26.8,23.6,23.8,23.4,1004.9,94,96,96.1
24.1,21.9,28,23.1,22.9,22.3,1004.8,90,93,7.4
22.9,21.6,24.7,21.6,20.8,19.6,1007.8,82,94,0
23.5,23.2,24.1,22.2,21.9,21.1,1006.9,86,97,0.5
23.9,22.5,26.3,22.7,23.1,22.7,1005.2,93,97,18.2
24.5,22,28.6,20.6,21.2,19.4,1007.4,74,78,0
25,22.6,28.2,20.5,20.6,18,1010.7,66,19,0
25.2,22.6,29.1,19.2,19.9,16.6,1011.9,60,26,0
24.9,23.1,28.3,20,21.1,18.9,1012.6,70,67,0
23.8,23.3,24.2,21.8,20.8,19.1,1011.8,75,94,0
21.2,19.7,23.6,20.7,20.1,19.6,1009.2,90,99,37
23.3,20.7,26.5,20.6,20.9,19.5,1011.4,80,79,0
25.6,22.9,29.5,21.3,22.5,21,1010.8,77,77,0.5
25.8,24.1,27.9,23,23,21.6,1011.6,78,88,1.7
25.9,23.9,28.5,23.2,23.4,22.2,1013.3,80,78,0.9
26.6,25,29.2,23.8,24.4,23.4,1011.9,83,76,0
28.1,26.4,30.4,24.6,25.5,24.4,1008.1,80,84,0
28.5,27.3,30.2,26.1,26.1,25,1007.2,81,82,0
28.7,27.6,30.9,26,26.4,25.5,1007.4,83,80,1.4
29.1,27.8,31.5,27,26.5,25.5,1006.5,81,82,1.5
26.6,25,29,24.2,25.4,24.8,1007.6,90,93,86.9
25.4,24.3,26.8,24.1,24.4,23.9,1007.8,91,94,13.3
23.9,23.1,25.3,24.1,22.7,22.1,1008.5,90,98,1.7
24,22.7,25.9,22.9,22.4,21.5,1008.6,86,96,0
24.8,24.1,25.2,24.5,23.7,23.3,1006.9,92,100,3.1
24.5,23.6,25.8,23.5,23.8,23.4,1006.3,94,98,33.3
23.3,22.8,24.2,22.7,22,21.3,1007.1,89,98,1.6
25.4,23.7,27.7,21.9,22.2,20.6,1008.1,75,52,0
25.7,24,28.7,22.3,21.8,19.7,1007.8,70,54,0
26.1,24.7,28.7,23.1,22.4,20.5,1005.7,72,81,0
25.8,24.6,27.4,24.1,23.9,23.1,1003.5,85,92,0.1
26.5,25.2,28.7,24.6,25,24.3,1000.6,88,89,2.2
26.1,24.4,28.3,24.1,23,21.4,997.4,75,88,0.6
26.4,24.2,30,22.9,22.5,20.5,998.7,71,86,0
26.7,25.2,30,23.3,22.9,21,1000.7,71,85,0
26.6,24.9,30.4,22.8,24,22.9,1003.7,80,66,0
27,25.5,29.8,24,24.4,23.3,1005.2,81,56,0
27.2,25.5,30.2,23.8,24.5,23.3,1006.1,80,51,0
27.3,25.4,30.4,23.6,24.5,23.2,1006.5,79,55,0
28.4,25.8,32.5,24,25.1,23.6,1004.5,76,34,0
28.9,26.5,32.3,25.1,26.1,24.9,1001.9,79,33,0
29.5,27.8,33.1,25.9,26.2,24.8,1002.3,76,52,0
29.4,27.6,32.8,25.5,25.8,24.3,1004.1,74,55,0
28,26.5,30.7,25.2,25.6,24.6,1006.1,82,68,5.3
27.6,25.7,30.3,25.3,25.4,24.4,1009.2,83,80,22
28.4,27.1,29.7,25.7,25.7,24.6,1010.7,80,79,1.2
29,27.5,32,24.7,25.3,23.7,1010,73,57,0
29.1,27.7,31.4,25.5,25.4,23.7,1009.3,73,69,0
28,25.6,29.5,24.4,25.2,24,1008.8,79,76,18.9
28.7,26.8,30.4,25,25.7,24.5,1006.5,78,80,2.1
28.5,27.3,29,26,25.9,24.7,1005.1,80,90,1
28.3,27,29.1,26.3,25.9,24.9,1006.2,82,92,2.9
28.1,26.3,30.2,25.5,26.4,25.7,1007.7,87,84,2.5
27.9,26.1,29.7,25.1,26,25.2,1008,85,82,10.2
28.4,26.8,30.6,26,26.1,25.2,1007.8,83,78,4.3
29.1,26.3,31.7,25.2,25.2,23.5,1007.6,72,46,0.5
26.7,24.7,29.5,23.2,24.4,23.4,1002.5,83,92,68
27.5,25.8,29.1,24.9,25.3,24.3,1004.2,83,93,14.9
28,26.8,30.7,24.8,25.1,23.9,1007.7,79,78,0.3
28.3,26.7,31.6,24.5,25.2,23.8,1007.9,77,53,0
28.3,26.6,31.5,24.5,25.1,23.7,1007.5,76,46,0
28.8,26.8,31.2,24.3,25.4,23.9,1007.1,75,61,0
29.3,27.8,31.6,25.5,25.7,24.2,1008,74,68,0
29.3,27.6,32.3,24.7,25.6,24.1,1008.7,74,50,0
29.1,27,32,25.9,25.5,24,1008,74,58,0.3
29.1,27.2,32,25.9,25.8,24.5,1007.2,76,51,0
29.8,27.6,33.2,25.3,26.3,24.8,1006.3,75,44,0
30.1,27.6,33.3,25.3,26.7,25.3,1005.1,76,59,0
26.5,24.8,29.7,24.5,25.4,24.9,1003.6,91,98,72.6
28.2,25.4,31.3,24.9,25.5,24.4,1002.5,80,75,7.2
29,26.7,32,25.3,25.9,24.6,1001.3,77,74,0.8
29,26.8,31.5,26,26.4,25.3,1000.1,81,85,0.5
27.5,25.3,30.2,24.6,25.6,24.8,1000.4,86,88,44.1
28.5,26.8,29.6,25.3,26.1,25.2,1001.7,82,86,19.4
28.9,26.5,30,26.6,26.3,25.2,1003.9,80,91,2.6
28.9,28.2,29.3,25.8,26.2,25.1,1006.2,80,92,1.9
28.7,28.2,29.4,26.6,26.3,25.4,1008,82,97,1
26.4,23.5,28.6,26.4,25.1,24.6,1006.9,90,95,52.9
26.9,24.7,29.3,25,25.2,24.5,1007.2,87,91,10.3
28.3,25.3,31.9,25,25.7,24.6,1008.5,81,62,0
28.8,26.3,32.1,24.3,25.9,24.7,1007.2,79,52,0
28.9,26.8,31.9,24.8,26.2,25.1,1004.3,80,64,0
28.6,27.7,30,26.1,26.5,25.6,1003.8,84,85,0
27.3,25.9,28.5,26.4,25.6,24.8,1005.8,87,82,0.4
26.5,25,28.7,24.7,25,24.3,1006.9,88,52,5.3
28.3,25.7,31.5,24.4,25.7,24.6,1003.9,81,56,0
28.7,26.2,32,24.5,25.8,24.5,1001.1,79,52,0
28.9,26.3,31.4,24.7,25.8,24.5,1002.1,78,52,0
29.7,28,32.4,26,26.5,25.2,1003.7,77,76,0
30,28,32.9,25.7,26.5,25,1002.4,75,46,0
29.1,27.5,31,26.7,26.3,25.2,1001.8,80,68,5.3
29.1,27.5,31.7,26.1,26.5,25.4,1004.1,81,71,3.1
29.2,26.7,32.2,26,26.6,25.6,1005.3,81,63,11.2
29.9,27.2,32.7,26.5,26.5,25.2,1004.5,76,46,1.5
29.9,27.8,32.7,25.9,26.6,25.2,1004.5,76,43,0
30,27.8,32.4,26.2,26.8,25.6,1005.2,77,64,0
30.3,28.3,32.9,26.5,27.1,25.8,1004.6,77,70,0.1
29.6,27.7,31.7,27,26.7,25.5,1003.8,79,80,3.9
29.6,27.7,31.7,26.5,26.2,24.8,1002.9,76,71,0
29,26.9,31.4,26.7,26.2,25,1002.1,79,77,6.2
29.3,27.2,32.5,25.8,26.1,24.8,1003.5,77,56,1.7
29.4,27.1,32.2,25.7,26.4,25.2,1005.1,78,42,1.1
29.9,28.2,33.3,25.9,26.5,25.1,1005.2,76,42,0
30,28.5,32.8,25.8,26.5,25,1004.9,75,39,0
30,27.5,32.2,25.9,26.8,25.5,1004.1,77,66,3.7
30.2,28.6,31.9,26.8,26.9,25.6,1003.1,77,81,0.1
30.2,28.7,32.8,26.5,27.2,26,1003.6,79,77,0
30.5,28.7,33.3,27,27.3,26,1004.7,78,80,0
27.1,25.3,29.6,24.6,25.7,25.1,1004.8,89,95,16.5
27.5,24.7,30.7,24.5,24.8,23.6,1002.9,80,88,8.6
28.2,26.6,30.5,25,25.5,24.4,1001.6,80,82,0
28.6,26.5,31.8,25.3,25.8,24.7,1001.8,80,82,0.8
27.9,24.6,31,23.7,25.8,24.8,1002.6,84,86,31.7
28.4,26.5,31.2,25.7,26.3,25.5,1004.5,84,88,21.7
29,27.3,31.5,26,26.2,25,1005.9,79,79,0
27.4,25.6,28.9,26,25.7,25.1,1005.8,87,90,8.7
26.3,25,28.1,24.9,25.2,24.7,1005.8,91,96,126.1
26.2,24.7,26.9,25,24.9,24.3,1008,89,95,5.3
25.8,24.4,28,24.1,24.6,24.1,1011.3,90,91,32.8
25.8,24.6,27.1,24,24.3,23.6,1012.7,88,78,3.5
26.5,25,28.7,23.6,24.6,23.7,1011.9,85,79,0
27.8,25.5,30.6,23.2,25.2,24.1,1011.3,81,51,0
28,26.2,30.4,24.2,25.5,24.4,1011.9,81,42,0
28.4,25.8,31.6,24,25,23.5,1011.3,76,34,0
28.5,26.4,31.2,25.4,25.6,24.3,1011.8,79,48,0
28.7,26.4,31.8,25.2,25.8,24.6,1012.9,79,61,0.5
27.4,24.6,30,25.5,24.7,23.6,1014.1,80,79,13
25.2,24,26.4,24.5,22.8,21.6,1015.4,81,83,0.3
26.3,23.8,29.5,22.9,22.8,21.1,1015,74,80,0
26.3,25.3,28,24.2,23.4,22,1013.5,78,92,0
26.4,25.6,27.7,24.5,23.3,21.8,1011.4,76,88,0
27,24.9,29.5,22.9,24.2,23,1009.8,79,35,0
28.4,25.1,32.1,23,24.1,22.1,1007.7,70,37,0
28.6,27.2,30.2,23.8,23.3,20.7,1003.2,62,81,0
25.1,23.9,27.4,22.8,23.2,22.2,1000.9,85,94,18.6
26.8,24.7,29.2,22.2,24.8,24,1004.8,85,74,4.2
26.9,24.7,29.5,24.4,24.9,24,1006.5,84,72,9.2
28.2,26,31.1,24.5,25.7,24.7,1010.7,82,30,0
28.3,26.6,30.5,24.6,25.3,24.1,1011.5,78,39,0
28.2,26.8,30.6,24.7,25.4,24.2,1010.5,80,61,0
26.8,25.9,27.9,25.3,25.3,24.7,1009.8,88,91,9.3
25.7,24.5,26.7,24.2,24.5,23.9,1009.8,90,96,128.5
26.4,25.8,27.5,23.9,23.9,22.8,1007.6,80,83,0.2
26.7,25.7,28.7,23.4,24.1,22.9,1007.6,80,85,0.1
26.3,25.5,26.8,24.6,24.8,24.2,1008.4,88,93,18.4
26.4,24.7,27.8,24.8,24.8,24.1,1009.8,87,85,12.6
25.8,24.5,27.4,23.9,23.5,22.5,1009.1,82,93,7.5
25.2,24.5,26.7,24,24.2,23.7,1008.7,92,93,53.7
25.7,23.8,27.3,23.6,24.3,23.6,1010.2,88,89,13
27.1,24.1,29.2,23.3,25.6,24.9,1011,88,83,0
27.9,25.4,30.8,23.5,25.3,24.3,1012.3,81,63,0
23.5,19.8,27,22,19.5,17,1015.7,68,79,0
21.1,19,22.9,18.5,18,15.9,1016.3,73,86,0
23.8,20.5,27.3,19,20.4,18.4,1015.3,72,41,0
25.8,24,28.9,21.4,23,21.6,1015.7,78,39,0
26.9,23.9,30.3,21.9,22.6,20.3,1015.5,69,19,0
26,24.5,28.4,22,22,19.8,1015.9,69,63,0
25.4,24.4,26.9,22.5,22.4,20.8,1015.4,76,61,0
26,25.1,27.9,23.2,23.4,22.1,1014.2,80,78,0
26.4,24.8,28.8,22.5,24,23,1012.8,82,54,0
27.3,25.1,30,23.1,24.9,23.8,1011.1,82,29,0
26.3,25.6,27.4,23.9,24.1,23.2,1011.5,83,76,0
25.4,24.3,26.1,24.2,23.6,22.7,1010.5,85,84,5.7
26.5,24.5,28.8,22.7,23.9,22.8,1009.5,81,44,0
26.3,22,30.2,22.5,22.7,20.8,1012.7,73,30,0
17.2,14.9,22.3,17.4,13.1,9.3,1021.3,60,95,0
17.5,14.8,19.5,12.2,12.4,7.6,1022.3,52,97,0
21.8,19.2,25.3,14.7,16.6,12.6,1021.8,56,44,0
22.5,20.2,24.6,16.6,18.1,15.1,1021.3,63,36,0
23.4,21.2,25.4,17.5,19.6,17.3,1019.2,69,31,0
24.3,22,27.1,17.8,21,19.2,1018,74,29,0
23.9,21,26.4,17.3,20,17.6,1016.6,68,42,0
24.2,22.5,26.2,20.3,21.3,19.6,1014.2,76,63,0
25.3,23.5,27.4,20.7,22.2,20.5,1014.3,75,63,0.6
24.4,23.8,25.1,21.7,22.6,21.6,1014,85,93,0
20.9,18.2,24.4,22.6,20,19.5,1013.2,92,98,54.5
19.6,18.6,20.1,16.9,18.4,17.7,1015,89,97,0.7
21.3,19.5,22.4,18.7,20.5,20.1,1013.6,93,100,8.6
23.2,21.9,24.6,20.5,22.4,22,1013.8,93,96,4.7
23.8,20.9,26.5,21.8,21.8,20.7,1017.5,83,83,0
19.5,17.1,21.2,16.7,16.5,14.4,1021.4,73,85,0
15.8,13.3,18.4,15.4,12.9,10.4,1023.5,71,90,0.1
14,11.3,16.2,12.5,10.9,7.7,1023.6,66,82,0.9
15.4,12.6,18.8,12,11,6.4,1022.6,55,63,0
18.2,15,20.7,11.5,14,10.3,1021.2,60,26,0
20.2,18,23,14.8,16.8,14.3,1019.6,70,41,0
21.3,18.8,23.8,15.5,18.3,16.3,1019.5,74,30,0
21.5,20.3,23.2,17.2,18.4,16.4,1019.3,73,35,0
22.3,20.5,26.1,17,19.9,18.4,1017.5,79,55,0
23.6,20.8,27.5,16.8,20.7,19.2,1016.3,77,27,0
21.8,20.5,23.7,18.3,18.5,16.4,1019.1,71,91,0
20.1,19.5,21.5,19.2,17,14.9,1019.9,72,89,0
19.7,18.1,21.6,15.1,16.6,14.5,1018.3,72,23,0
21.3,19.1,24.7,15.2,18.1,16,1016.8,72,27,0
21.8,19.8,23.9,15.2,18.7,16.7,1016.3,73,67,0
21.3,19.6,22.3,18.5,19,17.7,1015.1,80,83,0.3
22,20.5,23.6,19.3,19.7,18.4,1014.1,80,84,0
21.6,20.7,22.7,17,19.5,18.4,1013.3,82,69,0
22.1,19.9,24.4,16.1,19.9,18.6,1010.8,81,48,0
21.2,18,24.7,16.2,17.3,14.6,1013.3,67,34,0
18.7,16.6,21.5,12.8,14.6,11.2,1019.4,62,45,0
17.7,15.6,20.6,11.8,13.4,9.7,1022.4,60,59,0
17.9,15.2,21.1,11.2,14.1,10.9,1022.7,64,29,0
17.7,15.4,20.7,11.8,13.2,9.1,1025.3,58,28,0
16,14.1,18.9,10.9,11,5.6,1026.8,50,55,0
13.8,12.3,15.7,10.4,8.3,1,1028.3,42,52,0
13.5,10.8,16.4,7,9.1,3.7,1026.2,52,17,0
16.1,12.6,18.8,8.7,13,10.2,1021.8,68,23,0
18.4,16.2,21.9,11.9,14.3,10.9,1021.3,62,42,0
17,14.4,20.4,9.6,11.6,6.1,1022.2,49,13,0
15.9,13.3,19.4,8.5,10.5,4.2,1022.5,46,4,0
16.5,14,18.7,9.3,12,7.5,1021.7,56,86,0
18,16.9,19.5,14.1,14.8,12.3,1022.7,70,93,0
17.9,16.5,20.4,12.5,12.8,7.6,1023.7,53,37,0
17.2,14.4,20.6,9.4,12.5,7.9,1022.2,56,7,0
17.3,14.5,20.2,8.8,12.6,7.9,1021.5,55,1,0
18.5,17,21,12.1,14,10,1023.1,59,71,0
16,14,18.6,12.8,10.7,5,1025.4,48,45,0
14.9,12.4,17.5,8,10.7,6.1,1026.3,56,11,0
15.6,12.3,18,8.3,12.1,8.8,1025.9,64,15,0
16.9,15.4,18.4,10.6,14.1,11.8,1025.2,72,38,0
15.5,11.7,18.7,10,11.5,7.5,1027.1,59,28,0
12.8,10.1,16.4,6.8,8,1.6,1027.7,48,29,0
12.2,9.5,15.5,4.6,7.2,0,1027.3,44,0,0
13.7,10.7,17.3,5.8,8.8,2.6,1025.5,49,4,0
15.8,13,18.9,7,11.9,8,1023.2,61,3,0
16.6,14.1,19.9,8,11.5,5.9,1021.5,50,0,0
16.1,14.8,18.3,8.8,12.5,8.9,1021.5,64,3,0
16.7,14.6,19.1,9.1,13.3,10.4,1020.2,67,44,0
18.4,16.6,21.5,11.8,15,12.3,1018,68,37,0
19.3,16,23,10.8,14.8,11,1015.7,61,34,0
19.8,18.8,21.1,15.9,17.1,15.3,1013.9,75,92,0.5
19.4,16.9,21.2,17.7,18.5,17.9,1014,91,100,4.2
17.1,16,18.2,15.6,16,15.2,1017,89,95,0.7
16.9,14.8,19.5,11.7,14.1,11.8,1020.4,72,29,0
16.3,14.9,18.2,11.5,13.7,11.5,1021.5,73,46,0
16.1,15.2,18,11.7,13.7,11.6,1019.7,75,51,0
17.4,15.7,20.3,12.2,14.9,13,1018,76,61,0
18.4,15.9,21.3,11.9,15.8,13.9,1018.1,75,28,0
16.9,14.4,19.5,11.2,13.7,10.9,1020,68,51,0
16.8,15.7,19.1,13,14.2,12.1,1021.2,74,78,0
16.7,15.4,19.4,12.9,13.3,10.4,1022.7,67,78,0
16.3,14.3,19.4,11.8,12.9,10,1021.4,67,21,0
16.7,14,20.2,11.2,13,9.6,1018.5,64,7,0
17.8,15.3,20.6,10.1,12.3,6.3,1016.5,50,43,0
18.4,17.2,19.7,12.9,14,10.2,1015.4,59,93,0
19.9,17.9,22.6,13.7,16.2,13.4,1015.8,66,83,0
16.6,15.7,18.5,14.9,15.4,14.6,1016.7,88,96,10.6
16.6,15.2,18.3,15.8,15.1,13.9,1017.4,84,85,0.2
15.5,13.8,18.6,10.2,12.6,10.1,1019.7,70,31,0
14.9,12.3,18.2,7.6,10.6,5.9,1022.3,56,27,0
13.7,12.1,15.2,8.9,10,6,1023.4,59,78,0
15.7,12.9,19.2,8.6,10.4,4.3,1023.8,48,39,0
14.2,11.5,16.6,5.8,8.8,1.8,1022.7,44,7,0
15.8,13.8,18.2,8.5,12.3,9.1,1021.6,65,33,0
16.1,14.8,17.6,11,13.3,10.6,1019.8,72,83,3.8
18.4,16.6,20.8,14,16.5,15.2,1017.3,82,75,1
18.4,17.5,20.8,15.4,17.4,16.7,1018,90,90,0.4
19.6,17.7,22.8,15.1,17.2,15.5,1019.5,77,40,0
20.6,18,24.6,14.6,18.3,16.9,1021,80,50,0
18.2,16.9,20.3,16.5,16.1,14.6,1023.7,80,55,0
17.4,16.1,19.3,13.5,14.9,13,1022.9,75,77,0
16.4,15.8,17.6,14.2,14.2,12.4,1023.5,77,88,0
14.7,14.3,15.8,13.8,12.2,9.9,1026,73,95,0
15.4,13.8,17.9,13.1,12.4,9.7,1024.9,69,46,0
16.8,14.4,20.4,10.7,14.6,12.9,1022,78,27,0
17.4,15.4,20.5,11.2,15.2,13.6,1021.7,79,31,0
16.5,15.4,18.4,12,14.2,12.3,1020.2,76,56,0
17.2,15.4,19.4,14,15.3,13.8,1017.4,80,90,0
20,17.5,23.7,14,18.1,16.9,1016.3,83,43,0
17.2,15.9,18.9,14.7,15.7,14.6,1018.1,85,86,0.7
16.2,15.4,17.1,14,14.3,12.8,1018.8,80,90,0
15.6,14.1,17.6,13.8,13.3,11.4,1018.9,76,96,0
15.5,14.6,16.4,14.4,14,12.8,1019.8,84,100,1.6
15.4,14,16.7,13.8,13.6,12.2,1019.8,82,100,0.2
14.4,13.1,15.2,13,12.8,11.3,1020.1,82,98,0
13.2,11.7,14.8,12.3,11.1,9.1,1019.8,76,98,0
13,11.6,14,10.2,10.9,8.8,1020,76,97,3.7
13.8,11.7,15.4,11.2,12,10.5,1019.8,80,96,0.4
11.9,10.6,13.9,10.9,10.2,8.4,1021.2,79,99,5.1
12,10.2,14.2,10.1,9.6,6.9,1022.2,71,99,0
13.4,11.3,15.3,10.5,10.6,7.7,1021.3,69,93,0.1
15.9,13.3,19.2,9.4,13.1,10.6,1020.3,71,54,0
16.2,14,18.3,11.1,13.3,10.9,1018.1,71,73,0
18.9,16.5,22.8,14.1,17.2,16,1015.5,83,62,0
20.3,17.6,24,15.2,18.6,17.5,1014.5,85,41,0
19.4,16.4,24,15.2,17.9,16.9,1014.2,86,63,0
15.9,14.9,16.5,14.4,14.9,14.1,1014.1,89,99,1.7
18,15.9,19.8,15.4,17.3,16.8,1011.6,93,100,0.1
18.3,16.1,21.6,14,15.6,13.5,1015.1,74,78,0
15.1,14,16.1,14,12.5,10.2,1018.7,73,94,0
14.3,13.3,15.2,13.8,12.7,11.3,1018.9,82,100,0
15.3,14.1,16.3,14,14.3,13.6,1016.4,89,99,0.9
16.3,15.2,17.8,14.9,15.7,15.2,1016.1,93,100,8.6
14.7,13.9,16.1,14.4,13.8,13,1018.5,90,100,17.5
14,12.9,14.8,13.1,12.8,11.7,1019.6,86,100,3.9
14.3,13,15.3,12.6,12.8,11.6,1018.4,84,100,0
17.3,15,18.9,14.8,16.7,16.3,1014.8,94,99,0
21.9,18.4,25.8,17.4,20.4,19.7,1012,88,82,0
22.5,21.5,24.7,20,21.3,20.7,1011.5,89,84,0
17.2,15.1,21.5,17.5,16.5,16,1013.6,93,97,3.3
14.8,13.1,15.8,15.4,14,13.3,1016.5,91,98,1.7
14,13.2,14.8,14.2,12.8,11.9,1017.3,87,100,0.2
15.6,14.1,16.8,13.5,14.5,13.7,1015.8,89,100,0.4
16.9,15.8,18,16.1,16.2,15.8,1015,94,100,0.1
20.1,17.7,23.3,17.2,19,18.4,1015.2,91,71,0
19.7,17.6,21.6,17.4,18.8,18.2,1015,92,92,0
19.2,17,21.4,16.8,17.7,16.7,1014.1,86,92,0
21.8,19.3,25.5,17.2,20.1,19.2,1012.4,86,63,0
21.7,20,25,18.4,20.4,19.7,1013.7,89,65,0
20.7,18.9,23.6,19.4,19.3,18.5,1014.3,87,62,0
21.4,19.5,24.8,18.8,20,19.2,1014.2,87,70,0
21.7,19,25.3,19.9,19.6,18.4,1014.2,82,79,0
23.2,20.7,26.8,17.4,20.4,18.8,1013.7,77,24,0
23.2,20.9,27.2,18.2,20.6,19.2,1013.7,79,36,0
21.6,19.6,23.8,19.4,19.8,18.8,1013.6,84,89,0
22.9,21,25.6,19.3,21.2,20.3,1013,86,86,0.3
23.5,21.9,26.8,21.2,21.7,20.7,1013.4,85,83,0.2
17.5,16.2,22,18.9,16.2,15.3,1017.1,87,100,3
18,16.1,19.4,15.4,15.5,13.6,1018.1,76,93,0
18,16.7,19.2,17.7,15.5,13.5,1018.3,76,99,0
17.4,16.6,18.8,16.3,14.8,12.8,1019,75,98,0
18.5,15.9,22.1,16.3,15.5,13.1,1018.8,71,76,0
20.5,17.2,24.4,15.2,17.7,15.8,1015.8,75,14,0
20.6,19,23,17.1,18.6,17.3,1014.7,81,57,0
20.1,18.1,21.2,17.9,18.1,16.8,1014.6,82,100,0.5
20.5,19.6,21.8,19.6,19.2,18.4,1012.8,88,95,26.6
22,18.7,25.8,17.2,20.2,19.1,1012.9,84,61,1.3
16.5,14.8,19.5,17.7,15.1,13.9,1017.5,85,100,7.7
16.6,13.8,19.9,14.2,13.6,11.1,1021.4,70,90,0
18.7,16.1,22,14,15.6,13.2,1020.4,71,66,0
19.1,17.3,22.3,14.9,16.6,14.8,1018.9,76,61,0
20.5,18.1,23.4,16.2,16.9,14.4,1017.7,69,78,0
19.6,18,21.7,15.2,15.1,11.4,1020.8,60,85,0
17.9,16.8,19.4,15.8,14.7,12.1,1021.7,69,81,0
19.2,17.1,22.8,14.8,15.1,11.8,1019,63,44,0
20.9,18.4,24.9,15.6,18.4,16.7,1016.4,78,45,0
22.3,19.3,25.6,16.6,19.6,18,1014,78,55,0
22.4,20.4,25.1,19,19.6,17.9,1013.8,76,69,0
21.4,18.9,24.9,18.9,17.6,15,1015.6,68,46,0
21.4,19.4,24.8,16.6,16.2,12,1014.7,57,49,0
21.7,19.6,25.3,16.7,19.1,17.4,1012.6,77,67,0
23.2,20.5,27.6,18.4,20.3,18.6,1014.1,76,67,0
20.7,19.2,23.9,19.4,17.6,15.5,1015.8,72,87,0
21.2,19.5,23.6,19.1,18.8,17.2,1014.1,78,91,0.1
24.2,20.8,28.6,20.5,21.7,20.5,1011.4,81,67,0
24.3,21.5,26.6,22.1,22.6,21.7,1008.9,86,91,70.9
21.2,20.4,21.9,20.1,20.4,20,1009.6,93,97,59.9
21.3,20.8,21.7,21,20.7,20.5,1009.7,95,99,31
22.1,21,24.2,20.6,21.3,20.9,1008.4,93,94,11.6
23,21.5,26.3,20.3,22,21.6,1008.6,92,96,7.3
22.5,21.6,23.5,22.1,21.8,21.5,1009.2,94,96,36.8
22,21.3,23.3,21.3,21.4,21,1010.6,94,100,7.6
21,20.3,21.8,21.3,20.4,20.1,1011.3,94,100,28.3
20.8,19.9,21.9,20.3,20.3,19.9,1010.8,94,97,20.4
22.9,21,26,21.2,22.2,21.8,1008.5,94,92,11.1
22.6,20.9,24.6,21.3,21.8,21.3,1006.2,92,92,9.6
23.5,19.6,28.3,18.2,19.6,17.1,1009.9,70,16,0
23.9,21.3,27.9,19.1,21.5,20.2,1011.3,80,56,0
24.6,23.1,26.1,21.9,23.3,22.7,1010.1,89,84,0
24.4,22.2,27.1,23.6,23.3,22.8,1009.7,91,97,27.1
22.9,21.7,25.6,21.3,21.8,21.3,1008.9,91,80,55.9
24.2,21.3,27.4,20,21.5,20.1,1010.5,79,31,0
25.9,23.4,28.9,22.6,23.7,22.7,1010.4,83,70,0
27.1,26.2,28.6,24.5,24.6,23.5,1009.4,81,82,0
27.5,26.1,29.2,25.3,25.3,24.3,1009.5,83,83,0
27.1,26.2,28,25.4,25,24.1,1011.4,84,91,0
26.8,25.6,29.4,24.5,25.2,24.5,1011.5,87,75,0
22.8,21.1,25.9,21.1,21.1,20.1,1013.2,85,94,1
23,21.2,26.1,21.1,21,20,1014.6,83,93,0.3
25,23,28.9,21.7,22.4,21.1,1013.9,80,51,0
25.9,23,29.7,21.5,23.4,22.2,1011.5,81,28,0
26.5,23.6,29.8,22.1,24.2,23.2,1010,82,21,0
27.9,24.8,31.8,23.1,25.1,23.9,1009,79,23,8.5
26.8,25.2,29.1,24.5,24.1,22.8,1009.4,80,72,0
25.9,24.6,28.8,22.5,21.8,19.5,1010.2,68,26,0
25.6,23.8,28.6,21.5,21.7,19.6,1010.4,70,6,0
25.5,23.9,28.3,22,22.4,20.8,1011.9,76,19,0
26.2,24.3,29.9,22.5,23.2,21.7,1013.5,77,39,0
26.4,24.5,29.3,22.6,23.4,21.9,1013.8,77,46,0
26.1,25,28.4,23.6,23.4,22.1,1012,79,69,0
26.6,25.4,29,23.8,24.5,23.6,1008.6,84,83,0
25.5,24,26.6,25,24.4,23.9,1006.4,92,94,179
24.5,23.5,26.4,22.5,23.9,23.6,1005.1,95,98,258.4
25.6,23.6,28.2,23.3,24.4,23.9,1005.7,91,93,11
24.9,23.4,26.1,22.6,24.4,24.2,1005.6,96,96,205.5
28.3,25.2,30.1,24.5,26.5,25.8,1003.8,87,89,1.3
26.5,23.7,29.1,26.5,25.1,24.5,1004.2,89,91,22.1
24.4,23.6,25.6,21.8,21.7,20.3,1009.6,78,88,0
25.1,22.3,28.4,20.8,19.3,15.6,1011.4,57,46,0
25.2,23,27.7,21.4,21.3,19.2,1010.3,70,64,0
24,22.8,25.5,23,22.2,21.2,1009.1,85,92,4.9
24.6,22.8,27,22.8,23.3,22.6,1008.5,89,98,1.7
25.4,24.6,26.8,24,24.4,24,1008.8,92,95,5.1
25.7,24.5,27.9,24.2,24.8,24.3,1009.6,92,94,70.6
26.3,24.8,28.7,24.5,25.2,24.7,1010.6,91,85,0
27.3,26,29.4,25.3,25.7,25,1010.7,88,66,0
27.8,25.8,30.1,24.7,25.8,25,1009.6,85,65,0
28.4,26.6,31,25.1,25.8,24.7,1008.3,81,63,0
28.7,26.8,30.7,25.7,25.9,24.6,1007.7,79,71,1.2
29,27.8,31.4,25.8,25.9,24.5,1006.8,77,72,0
29.3,26.9,31.5,26.2,26.1,24.8,1006.7,78,88,5.9
29.4,28.4,31.2,27,26.3,25,1006.4,77,80,0
29.1,27.6,31.4,26.1,26.2,25,1006.7,79,78,2.7
29.5,28,31.3,26.7,26.4,25.1,1007.7,78,87,2.7
29.6,28.6,31.5,26.6,26.3,24.9,1008.2,77,80,0.3
29.3,26.1,31.7,26.2,26.5,25.3,1006.3,80,78,5.9
29.5,28,31.2,26.7,26.5,25.3,1003.1,79,82,0
26.1,24.8,28.1,25.6,24.9,24.3,1002.2,91,95,38.4
25.6,24.9,26.4,25.1,24,23.2,1002.9,87,97,0
26.1,23.5,28.7,23,22.6,20.7,1004.3,73,84,0.8
26.6,25.1,29.2,23.2,22.3,19.9,1004.9,68,78,0
27.1,24.7,29.8,22.8,23.1,21.1,1002.9,70,67,0
28.2,26.6,31.1,24.5,23.7,21.5,1001,68,73,0
26.6,25,27.7,25,24.6,23.7,1001.5,85,93,8
26.4,25,27.2,25.2,25.5,25.1,998.7,93,99,34.3
26.4,25.2,27.3,25.8,25.4,25,997.6,93,96,29.3
26.3,25,27.7,25.2,25,24.4,999.2,90,97,3.8
25.2,24.5,26,24,24.4,24,1000.9,93,100,54.3
25.6,24.7,27.5,25.1,24.8,24.4,1001.8,93,100,51.7
27.1,26,29.4,25.2,25.9,25.3,1003.1,90,93,27.1
26.6,25.8,28,24,25.6,25.1,1004.4,92,92,17.2
27,25.8,28.8,24.5,26,25.6,1006.5,92,85,3.2
27.8,26,29.7,25.7,26.2,25.5,1007.9,88,84,0
28,26.4,30.4,25.3,26,25.1,1008.4,85,57,0
28.5,27,31.1,25.8,26.3,25.3,1007.4,84,50,0
29,27.1,32.7,25.7,26.2,25,1006.5,80,37,0
29.1,26.7,32.3,25.9,26.1,24.7,1006.3,78,51,0.6
28.7,27.7,30.9,26.3,26.5,25.5,1005,84,63,1.6
28.9,27.6,31,26.4,26.5,25.5,1004.8,82,59,0.9
29.5,27.5,32.2,26.1,26.6,25.5,1004.7,80,46,2.8
29,26.3,32.2,26.1,26,24.8,1002.1,78,64,13.8
29.1,26.3,30.9,25.5,26.5,25.5,1003.3,82,80,1.6
29.1,26.9,31.4,26.1,26.3,25.2,1007.3,80,67,1
28.6,26.3,31.1,25.2,26.3,25.4,1010,83,72,13.4
29.5,27.3,32.3,26.2,26.6,25.4,1010.1,79,54,0
29.2,27,31.8,25.4,26.3,25.1,1008.7,80,65,2.2
28.8,25.7,31.4,25.4,25.8,24.5,1008.1,78,65,23.6
29,26.5,31.5,26.1,26.1,24.9,1006.8,79,65,3
29.6,28.2,32,26.6,26.2,24.8,1005.3,76,68,0
29.7,28,32.2,26.5,26.4,25,1004.6,76,52,0.4
29.7,28.1,32.6,26.3,26.3,24.8,1004.9,75,51,0
30,27.5,33.1,25.8,26.1,24.4,1003.9,73,28,0
30.5,27.5,33.5,26.2,26.6,25,999.5,74,39,0
31.1,26.9,34.8,26.2,26.7,24.9,992.5,71,47,14.2
30.2,28.8,32.4,26.5,27.1,25.9,994.5,78,83,0
29.1,24.7,29.7,27.1,26.6,25.6,999.9,82,88,30.5
27.4,24.6,29.3,25.7,25.7,25,1001.3,87,95,114.9
28.8,27.4,29.6,26.2,26.5,25.6,1003.8,83,94,5.4
26.8,24.4,29,26.2,25.7,25.2,1006.9,92,90,204.2
28.7,26.9,31.3,24.8,26.4,25.4,1006.9,83,65,0.4
28.8,27.1,30.9,25.2,26.3,25.2,1004.7,82,80,2.6
29.1,27.2,31.6,25.2,26.2,24.9,1003.5,79,78,0
28.7,27.2,31.6,25.5,26.7,25.9,1003.8,85,85,6.5
28,26.2,30,26.2,26.4,25.7,1003.3,87,75,5.8
28.8,25.6,32.4,24.7,26.1,25,1003.5,81,61,6.4
29.4,26.6,32.7,25.1,26.3,25,1004.4,78,52,0
29.4,27.2,32.1,25.7,26.3,25,1004,78,29,0
29.8,27.8,33.2,25.8,26.9,25.6,1003.2,79,39,0
29.8,27.7,32.5,25.7,27,25.9,1003.9,80,44,0
30.1,28.2,33,26.4,26.7,25.3,1005.2,76,69,0
29.6,25.4,32.2,26.6,26.9,25.8,1003.2,81,69,29.4
25.5,23.8,28,23.7,24.7,24.3,1003.6,93,100,334.2
25.5,24.2,27.9,23.2,24.6,24.3,1006.9,93,100,80.4
24.3,23.6,26.1,24.3,23.9,23.6,1007,96,98,47.6
25.3,24,26.8,24,24.6,24.2,1008.3,94,95,31.2
26.6,24.5,29.4,24.9,25.3,24.8,1010.2,90,76,2.3
27.4,25.6,30.3,25.1,25.7,24.9,1010.1,87,84,0.5
28.6,26.7,32.3,25.9,26.3,25.3,1008.4,83,54,0
28.5,25.9,31.6,25.7,25.7,24.5,1006.6,80,32,0
28.3,26.1,31.9,25.2,25.1,23.7,1004.9,77,58,0
28.4,26.8,31.3,26,25.1,23.6,1004.7,76,63,0
29,26,32.2,25.5,26,24.7,1005.2,78,44,0
29.6,27.6,33,26,26.6,25.4,1005.4,79,45,0
29.4,27.9,32.1,26.1,26.3,25,1006.1,77,48,0
29.2,27.4,32.1,26.8,25.9,24.5,1006.3,76,57,0
29.3,27.9,31.8,25.7,26,24.6,1006.7,76,59,0.2
29.1,27.4,32.1,25.9,26.3,25.1,1006.9,79,68,0
29.1,27.4,32.9,26.1,26.1,24.9,1006.6,79,71,0.4
28.6,26.4,30.9,25.5,25.5,24.2,1006.4,77,69,3.4
28.2,24.4,31.3,23.6,24.9,23.5,1007.1,77,47,24.9
28.9,27.2,31.5,25.6,24.9,23.2,1006.3,72,50,0.5
29.2,27,32,24.5,24.6,22.4,1005.7,68,43,0
28.5,26,31,25.3,24.6,22.8,1006.5,72,74,7.3
27.3,25.4,28.5,25.4,25.1,24.1,1008.7,83,78,14.6
27.6,24.1,30.2,24,25.2,24.1,1010.7,82,52,17.7
28.6,26.7,31.1,25.4,25.8,24.6,1010.7,79,46,0
29.2,27,33.1,26.1,26.1,24.8,1008.9,78,41,0
27.8,26.1,29.8,25.6,25.2,24.1,1008.7,81,68,11
27.5,25.5,29.7,25.1,24.2,22.6,1007.6,75,66,0.6
25.9,25.1,26.8,24.9,24.1,23.3,1007.1,86,93,21.4
25.7,24.7,26.8,24.5,24.8,24.4,1007.7,92,97,70.8
26.9,25.3,28.2,24.7,25.8,25.4,1010.4,91,87,26.5
26.9,23.9,29.6,24.9,25.7,25.2,1013.3,91,80,73.8
27.2,24.7,29.6,22.1,25.3,24.5,1013.9,86,60,7
28.2,26,30.6,24.7,25.5,24.3,1012.6,80,49,0
29.4,27.1,32.5,26.1,26.4,25.2,1009.8,79,15,0
30.1,27.8,33.1,25.9,27,25.8,1007.5,79,15,0
28.4,25.5,30.9,25.5,26.3,25.4,1007.6,84,58,10.3
26.6,23.8,30.2,24.3,24.3,23.3,1007.5,82,74,36.2
26.7,23.3,30,23.1,22.9,21.1,1009.5,72,59,0
27.2,25.5,29.5,23.6,24.1,22.6,1012.3,76,55,0
25.9,24.3,26.6,24.8,24.4,23.7,1013,88,79,48.7
26.9,25,28.4,25,24.4,23.3,1013.5,81,64,0
26.9,25.9,28.5,23.7,23.7,22.2,1014.8,76,40,0
26.6,25.2,28.3,23,23,21.2,1015.3,72,72,0
24.7,23,26.7,22,23.9,23.5,1013.8,93,91,71.7
25.5,24.4,26.4,23.8,24.7,24.4,1014,94,83,20
27.2,25.2,29.6,23.2,25.6,24.9,1015.3,88,51,0
28,26.6,30.8,24.6,25.6,24.6,1016.2,82,40,0
28.5,26,31.8,23.8,25.7,24.6,1015.1,80,27,0
28.4,26.4,30.8,24.3,25.4,24.1,1014.3,78,36,0
27,24.4,29.2,23.6,24.8,23.8,1013.6,83,78,8.9
27.8,25.8,30.7,23.8,24.1,22.3,1012.4,72,45,0
26,24.3,27.6,22.9,22.6,20.8,1011.7,73,70,0
25.5,24.3,27.9,21.8,21.7,19.7,1012.4,71,35,0
25.7,24.2,27.7,21.2,21.2,18.7,1015,66,31,0
25.9,24,27.9,20.2,21.2,18.5,1016.5,64,21,0
26.2,24.4,28.6,21,21.8,19.4,1017,67,23,0
26.2,24.6,28,21.5,22.1,20,1016.4,69,26,0
26.1,24.7,28.4,21.5,22,19.7,1016.2,68,19,0
26.5,23.9,29.9,20.7,22.6,20.6,1014.3,71,15,0
26.9,24,29.6,20.3,22,19.3,1011.7,64,38,0
26.5,24.8,28.6,21.2,22.3,20,1012,68,85,0
25.4,24.4,26.2,22.5,21.2,18.9,1014.2,67,94,0.1
25.6,24.8,26.6,22.9,22.5,21,1013.9,76,78,0
27,24.1,30.3,21,22.9,20.9,1012.4,70,51,0
26.1,25.3,27.2,21.8,22.5,20.6,1012.6,72,82,0
23.8,21.5,25.6,22.6,22.3,21.6,1011.2,88,92,28.4
23.3,21,24.3,21,21,19.7,1013.9,80,94,0.4
23.5,22.6,24.8,21.5,21.9,21,1016.1,86,98,17.2
23.9,22.5,25.3,21.9,21.5,20.2,1015.5,80,89,1.1
23.1,22,23.8,21.4,20.7,19.4,1014.2,80,97,0
22.4,21.4,23.6,20.8,21.3,20.8,1013.5,90,100,70.5
23.6,22.8,24.5,19.1,22.9,22.5,1014.8,94,94,37.1
25.2,23.4,27.8,21.4,23.7,23,1016.7,88,71,0
26,25,27.9,22.7,24.1,23.2,1016.4,85,50,0
25.8,24.3,27.8,21.9,23.8,22.9,1015.7,84,33,0
26,24.5,28.4,22.3,23.8,22.8,1016.4,83,41,0
25.9,23.9,29,21.3,23,21.6,1018.2,78,48,2.1
24.1,22.9,25.2,21.5,20.8,19.1,1021.1,74,80,0
24,22.9,25.4,21.7,20.6,18.6,1020.2,72,67,0
24.4,23.6,25.3,21.6,21.7,20.2,1016.5,78,80,0
24.1,22.7,24.7,22.6,22.3,21.4,1013.6,85,81,6.2
24.9,23.8,26.3,21.9,22.5,21.3,1015.3,81,76,0.2
24.5,22.7,26.5,22.1,22.3,21.2,1016.7,82,85,1.1
23.9,22.8,25.2,22.5,22.1,21.2,1016.3,85,92,3.2
22.7,19,25.3,21.6,20.8,19.8,1015.6,84,89,4.8
18.5,16.5,21.3,13.7,12.4,6,1018.5,44,24,0
18.1,14.4,22.3,10.7,13.3,8.8,1018.8,55,23,0
20.9,18.2,23.1,14.6,17.7,15.5,1017.1,72,53,0
23.3,21.4,25.2,18.2,21.1,19.9,1016.3,81,47,0
24.1,22.5,25.9,19,21.9,20.8,1014.8,82,67,1.7
24,22.8,25.8,20.2,22,20.9,1015,83,83,0.4
21.7,20.4,23,19.6,19.7,18.6,1017.5,83,83,3
22.5,20,24.5,17.8,19.6,17.9,1020,76,73,1.2
21.6,20.7,22.5,21.1,20.3,19.6,1019.2,89,99,15.7
22.3,20.5,24.8,18.5,19.4,17.7,1018.4,76,82,0
22,19,24.7,16.2,18.7,16.6,1017.2,72,37,0
22.9,21,24.6,18.3,20.1,18.6,1016.7,77,48,0
23.7,22.1,25.7,19.6,21.3,20,1016.3,80,54,0
23.7,21.7,25.6,19.2,21.3,20,1016.9,80,49,0
23.3,22,25.2,19.1,20.5,18.9,1018.4,77,71,0
21.6,20.4,22.6,19.3,18.7,16.9,1018.5,75,95,0
19.5,18,22.1,18.2,18,17.1,1018.1,86,94,38.8
21.7,19.3,23.6,18.3,19.1,17.6,1016.5,78,91,1.3
21.1,17.4,23,20.7,19.5,18.6,1012.9,86,96,15
17.3,14.2,20.8,14.8,14.3,11.9,1014.9,72,42,1.1
16.1,12.9,19.1,9.6,12.9,10,1018,67,13,0
19.1,16.2,21.3,12.6,16.4,14.5,1018.6,75,53,0
20.8,19.8,22.6,17.5,17.6,15.5,1018,72,74,0
21,18.9,22.9,15,18.1,16.2,1017.2,74,44,0
21.2,20,22,17.8,18.6,17,1016.7,77,88,0
21.5,18.9,23.6,17.2,19.3,17.9,1017.8,80,79,0
14.9,12.9,19,11.4,12.7,10.7,1023.7,76,87,0
15.8,12.2,18.1,9.1,13.2,10.9,1024.5,73,89,0
18.3,16.8,20.3,13.7,16,14.3,1022.8,77,80,0
19.4,16.9,22.7,14.1,16.9,15.2,1019.4,78,40,0
19.8,18.6,21.7,15.2,17.4,15.8,1015.5,78,51,0
18.7,14.1,22,13.9,15.6,13.2,1017.4,71,16,0
12.5,10.6,14.4,10.7,8.6,3.9,1024.6,56,86,0
12.4,11,14.3,11.3,8.3,3.4,1027.7,54,81,0
13.8,9.9,17.1,6.2,9.4,4.2,1025.7,54,26,0
16.3,14.1,18.3,9.8,12.4,8.7,1022.5,61,77,0
17.5,14.3,20.8,12.5,12.2,6.9,1021.7,51,48,0
13.2,11.2,15.9,6.7,8,0.8,1023.9,43,16,0
12.6,9.7,16,5.8,7.9,1.7,1025.1,48,5,0
13.6,10.1,17.2,5.1,8.7,2.7,1025.9,48,5,0
15.4,13.1,18.4,7.7,10.6,5.3,1024,52,46,0
15.5,12.4,18.7,7.6,11,6.4,1021.2,55,4,0
16.5,13.7,19.5,7.3,11.7,6.7,1019.5,54,3,0
17.4,14.4,19.8,7.6,13.2,9.3,1018.1,60,39,0
19.4,18.3,20.6,15.6,15.6,12.7,1017.2,65,83,0
19.4,14.1,24,13.9,15.3,12,1018.5,63,79,0
12.8,10.2,15.8,7.4,8.4,2.9,1020.6,51,20,0
12.5,8.9,16.5,3.6,6.7,-2.6,1020.3,36,0,0
14,11,17.6,4.9,8.9,2.4,1021.1,46,0,0
15.6,11.9,19.1,4.8,11.9,8.3,1018.6,62,14,0
17.9,16.2,20,9.9,15.1,13,1015,73,59,0
19.3,17.6,21.3,12.7,16.6,14.6,1014.4,75,72,0
19.4,18.1,21.1,15,17.6,16.4,1016.5,83,72,0
18,15.9,20.7,12.4,15,12.5,1020.9,71,9,0
16.7,13.8,19,10.5,13.6,10.9,1023,69,50,0
17.4,16.6,17.9,14.7,15.1,13.3,1019.6,77,96,0.2
16.8,15.6,18,15.7,15.8,15.2,1018.4,91,99,16.3
17.7,16.1,19.7,15.7,16.8,16.1,1018.6,91,95,7
18.1,16.9,18.7,17.2,17.3,16.7,1017.2,92,97,15.1
14.6,11.4,17.2,14.8,13.5,12.6,1020.4,88,99,22.7
12.7,11.3,13.7,12.5,11.3,10,1023.9,84,99,0.9
12.8,11.6,13.7,10.6,11.2,9.6,1026.9,81,99,0
12.9,11.1,15,12.4,11.3,9.8,1025.4,81,100,0
12.3,10.6,15,11.2,10.2,8,1024,76,68,0
13.1,11.6,14.9,8.7,10.8,8.5,1024.8,74,94,0
14.7,12.8,17.2,12.7,12.5,10.6,1023.5,76,48,0
16.5,13.6,20.2,12,14.2,12.4,1023.2,77,26,0
17.3,16,18.3,12.2,15,13.3,1022.6,78,83,0
18.4,16.6,20.5,15.9,16.8,15.8,1020.2,85,92,5.6
18,16.7,19.8,16.4,15.6,13.8,1020.3,77,92,0
12,10,16.7,12.2,9.7,7.1,1026,72,97,1.3
11.6,9.4,14.6,10.2,8.4,4.6,1028.1,62,91,0
11.9,9.9,14.2,10.8,8.4,4.1,1029.6,59,91,0
8.8,7.1,10,7.7,6.6,3.6,1030.7,70,93,0.3
11,8.1,14.5,5.6,8.2,4.7,1028.5,65,48,0
13.2,9.9,17.1,6,9.4,5.1,1026.1,59,32,0
13.2,10.1,16.5,4.8,9.3,4.6,1026.3,56,54,0
14.2,11.9,16.8,7.4,11.1,7.9,1025.7,67,71,0
16,13,19.6,9.7,12.6,9.4,1024.2,66,63,0
15.4,13.4,16.3,10.5,13,11,1020.3,76,93,2.7
15.8,15,16.9,14.5,15.3,14.9,1015.6,94,99,4.2
17.2,16.3,18.2,15.2,16.9,16.6,1014.5,96,98,0
16.2,15.4,18.2,15,15.7,15.3,1014.5,95,100,0
19.5,15.3,23.5,13.2,18.9,18.5,1012.1,94,97,1.6
17.5,12,23,17.8,16,14.8,1013.9,84,70,4.4
13.3,10.3,16.7,9.4,10.1,6.7,1020.4,64,29,0
14,13.2,14.7,10.2,11.1,8.3,1020.4,68,93,0
14,13.5,14.9,13,12.8,11.8,1017.5,87,100,6.4
15,14.3,15.8,13.6,14.5,14.2,1016.8,95,100,3.2
15.2,14.7,15.9,15.2,14.7,14.3,1018.4,94,100,2.4
14.5,13.9,15.1,13.8,13.7,13.1,1019.9,91,99,5.4
14.8,14,15.3,13.9,13.7,12.8,1018.8,88,100,2.7
15,14.6,15.5,14.4,14.4,13.9,1016,94,100,4.4
14.4,13.2,15.4,13.6,14,13.7,1017.8,96,98,34.1
12.7,11.4,13.9,12.7,12.1,11.6,1019,93,99,38.5
12.6,10.9,13.8,10.9,11.4,10.3,1021.5,86,91,7.8
14.1,13.3,15.4,11.1,12.3,10.7,1019.7,80,93,0.6
14.2,13.5,14.9,13.3,13.5,12.9,1013.4,93,100,18.5
15,13.7,16.5,10.7,14.2,13.6,1011.2,91,84,17.1
15.3,12,19,11,12,9,1015.6,66,22,0
16.1,13.6,18.9,13.5,11.8,7.4,1019.3,57,29,0
15.3,13.4,16.4,14.2,12.6,10.2,1017.9,73,93,9.4
14.5,12.3,15.7,13.1,13.8,13.2,1018,92,100,14.5
12,10.5,13,10.9,10.8,9.6,1023.5,85,100,4.7
13.4,11.7,14.7,11.9,12.4,11.4,1022.9,88,100,1.9
16.4,14.2,18.2,13.6,15.7,15.1,1020.6,92,98,0.6
16.2,13.9,18.4,15.9,15.7,15.4,1019.2,95,98,16.6
13.7,13.2,15.2,12.9,13.1,12.6,1020.6,93,99,36.1
13.9,13.2,14.8,13,13.1,12.4,1021.7,91,99,9.8
14.5,13.6,15.2,13.1,13.5,12.8,1021.7,90,100,0.1
16,14.4,18.6,12.9,14.5,13.4,1020.3,85,80,0.2
16.3,15,17.3,13.9,15.7,15.3,1018,94,93,27.7
16.9,15.5,17.9,14.6,16.4,16.1,1018.8,95,94,81.4
17.6,16,19.7,14.8,16.4,15.5,1017.6,88,83,0
15.9,12.2,18.9,14.2,13.3,10.8,1021.6,73,78,3.6
13.5,11.5,16.6,9,8.8,2.9,1025.3,49,61,0
13.5,9.6,16.7,11,10,6.2,1024.1,62,70,1.1
14.9,13.6,16.8,11.5,10.6,5.7,1022.1,55,95,0.3
14.1,12.9,15.6,11.5,12.3,10.6,1019.9,80,100,1
15.3,14.5,16.3,13.8,14.2,13.4,1018.1,88,99,2.4
16.5,15.3,17.6,15.6,16.1,15.8,1016.8,96,100,12.1
14.8,14,16.9,14.5,14.3,13.9,1013.5,94,99,1.2
18.5,16.5,22.9,14.9,18.2,18,1010.3,97,100,47.3
17.2,15.3,19.3,12.6,14.9,13.1,1016.9,78,89,0
15,13.2,17.1,13.2,12.5,10.2,1018.2,74,92,0.1
14.2,12.7,15.6,12.6,13.4,12.8,1015.3,92,100,16.7
16.2,15,17.8,14.7,15.5,15,1017,93,100,19.3
14,11.3,16.2,13.6,11.7,9.3,1021.4,74,100,4.1
14.4,11.9,17.1,8.7,11.6,8.9,1021,70,89,0
15.9,14.6,18.2,13.8,14.7,13.8,1016.2,88,98,31.4
19,16.5,23.8,16.3,18.5,18.3,1012.2,96,96,7.3
21.1,19.7,23.7,19.8,20.8,20.6,1011.4,97,97,1
23.9,21.8,25.1,21.6,22.9,22.4,1010.2,92,94,0.2
24.7,23,25.9,22.3,23.1,22.2,1009.4,87,92,0
23.2,19.7,25.8,22.5,22.5,22.1,1010.6,94,97,1.3
17.2,16.2,20.9,17.1,16.7,16.3,1013.3,95,100,65.5
17.7,16.5,19.8,15.9,16.6,15.8,1014.7,89,93,3.2
18.4,17.1,20.3,15.5,18,17.8,1010.8,96,98,98.6
17.3,16.1,18.6,16.8,16.7,16.3,1011.7,94,100,1.2
16.7,16,17.8,15.2,14.9,13.5,1014.9,82,99,0
16.9,15.7,19.6,15.1,14.8,13.1,1016.4,79,70,0
17.8,16.2,20,14.4,14.9,12.7,1016.4,72,68,0
19,16.6,22.2,13.4,15.5,12.8,1016.7,68,29,0
19.5,17.6,21.9,14.1,14.7,10.5,1015.5,57,68,0
19.6,18.6,21.5,15.6,15.3,11.9,1014.1,61,82,0
20,17.6,22.7,17.3,17.6,16.1,1012.7,79,97,1.7
17.7,17,18.6,15.8,16.4,15.4,1012.7,87,92,37.1
18.9,17.3,20.3,17.2,18.2,17.7,1010.9,92,96,37.2
21.3,19.8,24.1,18.5,20.4,20,1009.8,93,97,8.9
23.2,20,26,19,22.1,21.6,1008.9,91,96,57.7
25.8,24.6,26.7,23.1,24,23.2,1007.6,86,93,0.5
25.9,25.3,26.6,24.2,24.2,23.4,1007.3,86,91,0
25.8,24.6,27.1,21.8,24.2,23.4,1009,87,94,0
25.9,24.6,26.5,23.6,24.3,23.5,1009.2,87,97,0
26.1,25.3,27.3,23.9,24.3,23.5,1008,85,94,0.3
26.4,25.5,28,24.3,24.3,23.4,1008.9,84,87,0
26.3,25.4,26.7,24.6,24.2,23.3,1010.2,84,95,0
21.3,17.3,25.8,22.2,20,19.2,1012.7,88,97,6.6
18.7,17.4,19.9,16.1,18,17.4,1015.6,92,97,5.1
20.4,19.4,21.1,19.2,19.9,19.7,1015.3,96,100,1.2
22.8,21,26,20.3,21.7,21.1,1015.5,90,80,0
24.2,21.7,28.1,19.9,22.3,21.3,1014.4,85,69,0
23.1,20.9,26.6,21.5,21.4,20.5,1012.9,86,74,0
24.4,22.1,27.9,20.7,22.7,21.9,1011.4,86,84,0
23.5,22.4,25.2,22.6,22.2,21.5,1012.5,89,91,0
24.1,22.2,27.6,22.6,22.3,21.5,1014.5,86,88,0
25.3,22.8,29.2,21.6,23.4,22.5,1014.6,85,77,0
25.8,23.9,29.5,23.6,24.3,23.7,1015.1,88,70,0
25.9,23.9,28.4,23.2,24,23.2,1013.4,85,53,0
26.8,25.1,30.4,23.6,24.8,23.9,1013.5,84,62,0
25.6,23.4,28.4,23.9,23.9,23.1,1013.8,86,79,0
21.5,20.7,23.6,20.3,20.5,20,1014.3,91,100,14.8
23.6,21.3,26.2,21.4,22.1,21.3,1014.4,87,91,0.5
23,22.5,23.9,23.3,21.7,20.9,1016.6,88,98,1.4
23.6,22.2,25.8,21.8,21.2,19.8,1016.9,80,69,0
25,23.2,28.3,21.5,22.8,21.8,1015.3,83,67,0
25.8,23.6,29,22.6,23.6,22.5,1013.2,82,65,0
25.3,24,26.9,23,23.9,23.3,1012.2,89,85,9.4
25.5,23,27.8,21.4,23.7,22.9,1012.8,86,59,0
25.4,24.3,27.1,22.6,24,23.4,1013.2,89,79,3.5
26.6,24,28.4,23.3,24.8,24,1010.7,86,80,13.7
27.8,25.9,29.7,23.3,25.2,24,1008.5,80,67,0
28.5,27.3,30.2,25.4,25.6,24.4,1007.1,78,74,0
27.7,24,29.7,25.6,25.6,24.8,1005.4,84,85,22.6
27.6,26.1,29.1,24,25.9,25.1,1005.9,86,84,0
27.7,25.7,30.6,24.3,25.9,25.2,1006.1,86,84,0.1
25.3,22.5,28.7,25.3,23.8,23.1,1006.5,88,81,90.6
24.3,21.5,27.9,18.4,20.5,18.3,1011.9,70,40,0
24.2,22.2,26.8,19.5,21.2,19.5,1015.3,75,57,0
24.7,23,27,20.8,21.3,19.5,1013.2,73,63,0
25.4,23.3,28.5,21.5,23.2,22.1,1008,82,78,0
25.1,23.1,27.4,24.2,23.9,23.3,1003.4,90,94,31.2
25,24,27.4,22.3,23.8,23.3,1005.1,90,91,56.1
26.3,24.5,28.4,23.5,24.6,23.8,1006,86,73,0.9
26.1,25.1,27.5,25,24.6,23.9,1005,88,99,1.6
25.6,25.3,26.5,25.3,24.1,23.5,1005.1,88,91,1.1
25.5,24.7,26.8,24.2,24.3,23.8,1007.9,90,90,2.1
25.4,24.5,26.6,24,24.6,24.2,1009.8,93,92,38.6
25.5,24,26.7,24,24.6,24.2,1009.6,92,97,51.6
26.9,24.8,28.3,25,25.1,24.3,1008.3,86,94,38.5
28.4,27,30.1,24.8,26,25,1006.8,82,83,8.6
28.9,28,30.5,26.1,26.3,25.3,1006.4,81,85,0.1
28.9,27,31,25.9,26.5,25.6,1007.8,83,85,0.3
29,27.9,31.2,26.2,26.4,25.3,1006.7,81,77,0
29.2,28,30.9,26.2,26.4,25.3,1004,80,83,0.2
28,25,29.1,26.9,26.3,25.7,1001.6,88,91,21.6
26.9,25.5,28.9,24.6,24,22.6,1002.1,78,86,0
25.9,24,29.1,21.6,22.4,20.5,1004.6,73,61,0
26.4,24.8,28.9,22.7,22.4,20.3,1006.1,70,55,0
26.9,24.5,29.8,22,22.8,20.7,1007.4,69,53,0
26.7,25,29.4,24.3,24.2,23,1008.3,81,81,14.8
27.4,25.5,29.7,24.5,25.6,24.8,1008.2,86,78,30.6
27.8,26.4,30,24.8,25.3,24.2,1008.7,81,71,7.8
28.4,26.6,31.1,24.4,25.4,24.1,1010.7,78,36,0
29,27.3,31.1,25.2,25.7,24.4,1011.9,76,66,0
29,27.4,31.7,25.5,25.8,24.4,1011.8,77,71,0
28.9,27,30.9,25.6,25.8,24.4,1010.3,77,80,0
29.1,28.1,30.9,26.7,25.9,24.5,1007.9,76,78,0
29,28.4,29.5,27.2,26.2,25,1006.6,79,88,1.6
26.3,24.9,29,24.4,25.3,24.9,1005.4,92,98,346.7
28.8,28,29.4,24.7,26.7,25.9,1003.4,84,100,3.8
29.1,28.5,30,26.9,26.6,25.5,1004.8,81,94,0
29.1,27.7,30.3,26.4,26.8,25.9,1007.3,83,85,9.8
29.6,27.9,31.7,26.1,26.6,25.3,1008.3,78,82,2.4
29.5,28,32,25.9,26.5,25.3,1009.4,79,57,0
29.4,27.3,32.3,24.9,26.5,25.3,1009.5,79,29,0
29.6,27.4,32.8,25,26.5,25.3,1009.1,78,31,0
30.1,28.4,32.7,26.5,27.4,26.3,1008.7,81,36,0
29.6,27.9,31.9,26.9,27.2,26.3,1007,83,77,2.4
29.6,28.3,31.8,27,26.7,25.5,1005.8,79,63,0.2
29.9,27.9,32.5,26.1,26.6,25.2,1006.1,77,54,0
29.5,28.4,31.4,26.3,26.6,25.4,1007.7,79,67,2.9
29.6,28,31.6,26.5,26.5,25.2,1008.9,78,67,1
29.8,28.7,31.5,26.2,26.4,25,1007.1,76,67,0
30.1,29,32,27.1,26.8,25.5,1005.7,77,75,0.4
30.1,28.9,32.5,26.8,26.9,25.7,1006.1,77,72,0
30,28.8,32.6,26,26.6,25.3,1007,76,56,0.1
30,28.8,32.3,26.3,26.6,25.3,1007,76,64,0.8
29.6,27.7,32.2,25.9,26.4,25,1006,77,65,0.1
30.2,28.6,33,27,26.5,25,1004.7,74,79,0
30.5,28.9,33.3,26.6,26.8,25.3,1005.4,74,67,0
30.2,29,32.8,26.8,27,25.7,1007.3,77,75,0
30.4,28.6,33.2,26.8,26.9,25.5,1007.7,76,59,0
30.2,27.6,33.6,25.8,26.9,25.7,1006,77,57,0
29.8,27.4,32,26.1,27.4,26.5,1004.7,83,67,9.9
29,27.5,30.6,26.4,26.3,25.3,1004.6,81,74,6.8
30,27.9,32.7,25.1,26.7,25.4,1004.6,77,70,0.3
30.2,28,33,26,27.1,25.9,1004.2,78,66,0
29.1,25.4,32.1,27.2,26.4,25.3,1002.4,81,76,13.3
27.5,24.4,29.8,24.5,25.3,24.4,1003.9,83,85,26.5
28.8,26,30.7,24.4,26,24.8,1009.3,79,80,8.9
29.5,27.6,32.2,25.6,26.4,25.2,1011.4,78,46,0
28.9,26.5,32.1,24.5,25.9,24.6,1009.6,78,28,0
29.2,27,31.9,24.2,26.1,24.8,1008.5,78,29,0
29.2,27.2,31.4,25.3,26,24.7,1009.4,77,48,1.1
29.7,28.2,31.9,25.7,26.1,24.6,1009.6,74,72,0
29.6,27.7,32.6,25.4,26.1,24.7,1007.2,76,50,0.2
29.3,27.4,31.8,25.3,26.3,25.1,1004.4,78,71,0
28.9,27,30.7,25.9,26.3,25.2,1008.2,81,92,4.7
27.2,25.5,29.2,25,25.8,25.2,1011.3,89,89,38.2
27.9,25,31.3,25,25.7,24.8,1011.5,84,59,13.4
28.8,26,31.9,25.1,26,24.8,1011.4,79,40,6.5
29.5,27.5,32.8,25.5,26.3,25,1011.7,77,26,0
29.5,28,32,25.9,26.4,25.1,1012.1,78,57,0
29.5,27.8,31.7,26,26.8,25.7,1012.5,80,77,0
29,26.5,31.9,25.6,26.8,25.9,1012.9,84,78,9.3
29.4,27.3,31.7,26.6,26.9,26,1011.7,82,65,1
30,28,32.5,26,26.6,25.3,1010.8,76,34,0
29.6,27.3,32.3,25.7,26.5,25.3,1010.8,78,36,1
30.1,28.1,32.8,25.7,26.7,25.3,1010.8,76,52,0
30,28.4,32.3,26,26.6,25.3,1010.9,76,61,0
29.9,28,32.8,26.3,26.6,25.3,1010,77,51,0
30.1,27.8,33.2,25.7,26.6,25.2,1008.2,75,33,0
30.1,27.4,33.3,25.6,26.2,24.6,1005.8,73,28,0
30,27.9,32.5,26.2,26.8,25.5,1004.1,77,55,0
30.5,27.8,33.7,25.9,26.7,25.1,1004,74,63,2.6
30.2,28.3,33.7,26.7,26.2,24.6,1003.7,72,55,1.2
28.6,26.5,30,26.8,26.2,25.2,1003.9,82,85,4.2
27.2,24.2,28.8,26.4,25.7,25,1003.1,88,88,56.8
28.8,26.3,31.7,25.2,26.4,25.5,1002.7,83,72,0.7
29.1,27,31.8,26,26.7,25.7,1004.5,82,77,3.5
29.9,27.1,32.6,26.2,27.1,26,1006.2,80,76,0.9
27.5,26.3,29.5,25.7,26.5,26.2,1006.7,93,93,41.5
28.7,26.4,31.5,25.7,26.3,25.4,1006.8,83,84,3.1
27.4,25.6,29.1,25.9,26.2,25.7,1006.8,90,91,19.5
28.2,25.1,32.1,24.3,26.1,25.3,1005.6,85,90,63.4
28.4,26.5,30.7,25.4,26.4,25.6,1003.4,85,94,15.1
26.8,25.7,28,24.7,25.7,25.2,1001.2,91,100,64.5
27.2,23.7,30,23.1,24.3,23,1000.7,79,78,43.5
28.7,26.4,31.7,24,25.7,24.4,1002.8,78,65,0
29.4,27,32.1,24.6,25.9,24.5,1004.6,75,45,0
29.4,27,33,24.8,26.3,25,1006.3,78,24,0
29.1,27.3,31.4,24.9,25.9,24.5,1008.2,77,30,0
28.8,27,31.3,24.7,25.9,24.7,1010.5,79,64,0
27.2,25.4,28.8,24.9,25.6,24.9,1013.4,87,79,13.9
28.8,25.7,32.1,25.5,25.8,24.6,1013.2,79,56,1.2
29.3,27.3,31.7,25.4,26.1,24.8,1012.3,77,56,0
28.5,27.2,30.1,24.8,26.2,25.3,1011.7,83,76,5.1
28.9,26.9,32.1,25.6,26,24.8,1011.5,79,66,0
28.2,26,30.9,25.6,26.1,25.3,1010.6,84,78,29.2
27.4,25.9,29.1,24.8,25.3,24.5,1010.6,84,83,1.6
28.6,26.4,31.5,24.9,25.8,24.6,1009.5,79,55,0
26.3,23.5,28.5,25,24.2,23.3,1004.6,84,88,57.8
25.7,23.8,28.2,23.5,24.1,23.3,999,87,99,172.4
28.9,27.8,31.4,24.5,26.8,25.9,1008.6,84,85,1.6
26.3,23.7,30.8,24.8,25,24.4,1011.4,89,84,29.7
26.9,24.1,29.9,22.4,25,24.1,1012.5,85,59,0.7
28.7,26.3,32.4,24.2,26,24.9,1013.7,81,30,0
28.8,26.6,31.6,24.2,25.6,24.2,1012.6,77,44,0
29,26.5,32.1,23.5,25.9,24.6,1011,78,46,0
29.6,27,32.4,24.9,26,24.6,1010.1,75,59,0
29.8,28,32.7,25.5,26.1,24.6,1008.3,74,68,0
29.9,28.3,32.9,25.9,26.4,24.9,1007.9,75,69,0
29.5,27.6,32.8,25.7,26.3,24.9,1008.8,77,73,0
28.7,25.5,32.8,25.5,25.8,24.5,1009.7,79,60,13.1
29.4,27.5,32.7,25.6,25.6,24,1009.9,73,62,0
29.1,27.3,32.1,25.4,25.8,24.4,1010.3,76,39,0
29.5,27.5,33.1,25.2,25.8,24.3,1010.4,75,26,0
28.3,24.6,32.3,24.8,25.5,24.3,1007.2,80,44,17
28.2,25.6,31.2,24.1,25.3,24,1004.5,78,47,0
29.3,26.3,33.2,23.7,24.2,21.7,1003.8,64,45,0
29.5,26.7,32.9,23.8,24,21.3,1004.6,62,35,0
29.2,25.5,33.9,24.6,24.4,22.2,1007.4,68,61,24.1
25.3,23.8,27.5,22.4,23,21.9,1008.9,81,98,27.6
25.1,23.9,26.1,23,23.5,22.7,1010.1,87,100,66.3
27.3,25.3,29.7,24.2,24.4,23.1,1010.4,79,91,1
28.6,26.8,31.1,24.6,24.5,22.6,1009.8,70,83,4.3
27.7,26.1,28.7,25,25.6,24.7,1009.7,84,92,25.4
28.2,27,29.9,25.1,26.1,25.3,1013.1,85,84,0
28.4,27,31.5,25.3,25.9,24.8,1013.7,81,61,0
28.3,26.2,31.8,24.3,25.3,24,1012.6,78,26,0
28.3,26.6,31.4,23.6,25.2,23.9,1010.9,77,51,0
28.3,25.6,31.7,22.8,24.5,22.7,1011.6,72,42,0
27.4,26.6,29.2,24.4,24.4,23.1,1014.1,77,72,0.6
26.9,25.9,29.4,23.9,23.7,22.2,1015.2,76,56,0
26.7,25.5,29,22.6,22.5,20.4,1013.1,69,61,0
25.1,22.3,28.4,20.5,20.5,17.9,1008.5,65,90,1.7
25.6,23.9,27.1,21.4,23.9,23,1004.8,86,100,100.1
26.8,24.8,30.1,24.7,24.7,23.8,1010.5,84,91,53.8
26.3,25,27.4,24.2,25.2,24.7,1012.7,91,89,25.3
27.1,25,29.9,24.8,24.9,23.9,1012.9,83,67,1.7
27.7,26.1,30.9,24,25.6,24.7,1013.5,84,77,0.5
27.6,26.6,30.4,24.7,25.5,24.6,1014.4,84,54,0
28.1,25.7,31.6,22.9,24.8,23.3,1013.8,76,15,0
28.2,25.8,31.2,22.5,24.9,23.5,1012.8,76,18,0
28,26.3,30.5,23.8,24.9,23.6,1012.6,77,56,0.4
27.6,25.3,31.7,23.5,24.3,22.9,1012.5,76,71,4.3
26.2,24.7,29.1,22.7,23.4,22,1012.1,78,89,6.2
24,22.8,25.1,21.4,20.9,19.1,1013.3,75,99,0
23,22.3,24.1,20.5,19.8,18,1014.5,74,96,0.2
22.7,21,24.2,20.2,19.9,18.3,1017.4,77,90,1.9
23.6,21.6,26.5,20.5,20.1,18.2,1018.6,72,89,0
23.7,21.4,26.8,18.7,19.9,17.7,1017.7,69,74,0
23.5,20.9,25.9,18.4,19.7,17.4,1017.5,69,72,0
24.1,22,26.7,20.6,20.1,17.8,1018.6,68,76,0
23.6,22.4,26,20.2,19,16.1,1019.4,63,82,0
23.9,21.2,27.6,16.7,17.2,12.2,1018.2,48,14,0
23,21,25.8,15.6,18.4,15.4,1017.8,63,22,0
23.2,21.3,26.1,16.9,18.8,16,1017,64,16,0
23.8,21,27.5,16.9,20.3,18.2,1016.8,72,8,0
24.3,21.7,27.7,17.3,20.3,17.9,1017.5,68,6,0
23.9,22.7,26.5,18.9,20.7,18.9,1017.6,74,30,0
23.3,21.9,25.8,18.3,19.7,17.6,1018,70,19,0
23.2,21.5,25.9,17.8,20.1,18.3,1018.6,74,42,0
23.4,22.1,26,17.9,20.7,19.2,1017.6,78,25,0
24.2,21.7,27.4,17.9,21.4,19.9,1015.2,77,19,0
24.1,22.2,26.6,18.6,21.3,19.8,1015.2,77,39,0
23.5,21.6,26.7,19.6,19.9,17.8,1017.7,71,80,0
21.6,20.4,24.4,18.2,18,15.6,1020.4,69,87,0
21.9,20.4,24,17.8,18.6,16.6,1020,72,84,0
21,19.8,22.8,18.1,17,14.1,1019.4,65,86,0
21.7,18.7,25.4,14.5,15.3,9.8,1019.3,48,53,0
21.5,19,24.7,13.6,12.9,3.7,1020.8,31,23,0
19.7,16.6,22.6,10.1,14,8.8,1021.5,50,3,0
20.3,18,23,13.8,16.5,13.7,1022,66,13,0
21,18.6,23.6,14.5,17.3,14.7,1020.9,68,17,0
21.6,18.8,25.2,13.7,17.8,15.3,1018.2,68,11,0
21.5,19.5,24.8,13.9,14.5,8,1017.8,43,30,0
19.6,16.8,22.7,12.3,13.6,8.1,1019.8,48,7,0
19.6,16,23.2,10.5,12.3,4.7,1020.1,39,1,0
19.6,16.6,22.8,9.6,12.4,4.9,1020.9,38,3,0
18.1,15,21.5,11.7,10.5,1.1,1024.7,32,0,0
16.1,12.8,19.8,8.8,9.7,1.5,1026.7,37,0,0
17.3,13.4,21.3,8.4,11.5,5.3,1025.3,45,8,0
19,15.9,22.7,11.2,13.9,9.3,1023.7,54,5,0
19.2,15.9,23,11,13.1,7.1,1023.3,46,0,0
17.3,14.8,20.4,10.3,11.6,5.4,1023.9,46,0,0
17.8,15,21.5,10.2,13.4,9.3,1022.7,59,2,0
18.4,15,22.1,8,12.4,6.3,1023.3,46,3,0
18.7,15.8,22.3,10,14.2,10.3,1023.6,60,2,0
18.6,16.1,22.2,11.7,14.8,11.6,1022.7,65,22,0
19.2,17,23.4,12.4,16.5,14.5,1022.2,75,10,0
19.5,16.6,23.2,11.6,13.9,8.8,1022.8,52,2,0
18.4,15.7,21.7,10.3,13.8,9.7,1023,58,2,0
18.4,15.7,21.4,10.1,14.5,11.1,1021.7,64,1,0
19.4,17.6,22.3,13.3,16.2,14,1020.5,71,43,0
19.7,17.7,24.1,12.8,15.7,12.5,1021.1,65,27,0
17.9,16.7,19.7,13.5,15.3,13.3,1021.6,75,50,0
19.1,17,21.5,14,15.6,12.9,1020.1,68,26,0
20.9,18.6,24.3,13.9,15.6,11.3,1019.9,55,34,0
19.6,18,22,13.9,16.7,14.7,1020.2,73,27,0
18.5,17.5,20.4,15.3,15.9,13.9,1019.3,75,70,0
18.9,16.7,22.5,15.1,15.7,13.2,1019.3,70,34,0
16.6,14.6,18.9,12.3,13.2,10.3,1020.9,67,54,0
17.2,15.3,19.7,13.4,14.3,11.9,1019.5,71,37,0
18.1,16.7,20.4,13.5,15.6,13.7,1019,76,67,0
18.6,17,21.3,14.3,15.8,13.7,1018.8,74,34,0
18.3,15,21.7,12.5,14.9,12.2,1018.3,68,17,0
14.9,13,16.6,11.5,11.2,7.4,1022.3,61,92,0
13.2,11.7,14.5,12.3,9.7,5.8,1024.4,61,100,0
11.8,10.7,13.6,10.2,8.8,5.2,1025.1,64,94,0
13.2,11.6,14.9,10.6,9.2,4.5,1023.2,56,90,0
15,13.8,16.2,11.4,10.3,5,1023.8,52,89,0
14.9,12.8,17.2,11.8,10.4,5.2,1022.9,54,73,2.5
9.6,7.6,13,8,8,6,1021.7,78,94,4.5
9.1,6.1,12.8,5,6.1,2,1022.7,61,58,0
8.7,6.9,10.1,5.2,6.8,4.2,1025.4,74,95,0.4
11.1,8.3,13.8,6,8.4,5.1,1024.2,67,64,0
13.6,10.7,16.3,6.9,10.9,8.1,1021.4,70,66,0
14.6,11.3,18.3,8.5,10,4.6,1023.8,52,27,0
11.8,9.3,14.6,4.6,7.9,2.9,1025.7,55,16,0
12.3,8.7,15.4,5.1,8.8,4.5,1025.1,59,18,0
14.4,11.2,18,7.3,11.1,7.7,1023.1,65,9,0
14.3,11.4,17.5,6.6,9.3,3,1023.1,47,6,0
14.1,11.2,17.3,6.3,7.5,-2.5,1023.8,32,0,0
14,11,17.8,6,8.2,-0.3,1021.3,40,2,0
15.9,13.4,19.7,8,11.3,6.5,1018.7,55,24,0
16.6,13.2,20.6,7.1,11.3,5.6,1018.1,50,12,0
17.5,15.8,22,11.2,12.6,7.7,1017.7,53,42,0
17.4,15.6,20.3,10.6,12,6.2,1016.4,49,8,0
16.6,14.6,19.3,10.3,13.7,11.2,1014.9,71,44,0
19.2,16.9,22.9,14.7,16.8,15.2,1016,78,57,0
16.3,14.9,18.9,14.8,14.6,13.2,1019.2,82,83,0
15.4,14.3,16.8,13.2,13.5,11.9,1016.6,80,98,0
16.3,14.6,18.5,14,14.9,13.8,1011.1,85,94,0
15.8,14,17.7,14,13.3,11.1,1014.3,74,97,0
14.3,12.8,15.8,12.3,12.3,10.5,1016.4,78,91,0
10,8.3,13.4,10.3,8.6,7.1,1017.3,82,100,2.5
8.7,8,9.6,7,7.1,5,1019.6,77,100,0.1
11.1,8.6,12.9,7.7,9.1,7,1021,76,98,0
12.6,11.2,15.1,10.6,10.2,7.6,1021.8,72,95,0
11.7,10.3,13.8,9.6,8.9,5.6,1023.6,66,99,0
11.4,9.8,12.6,9.5,9,6.5,1024.6,72,99,0
13.7,11.4,17.2,10.8,11,8.3,1023.1,71,62,0
14.5,12.8,17,10.8,12,9.6,1020.4,72,84,0
15.1,13.4,18.2,12.8,13.1,11.4,1019.2,79,88,0
14.1,13.1,14.8,12.6,11.7,9.5,1019.6,74,99,0.3
11.9,9.7,14,9.5,9.4,6.8,1021.1,71,98,0.6
12.9,11.4,14.2,10.6,10.4,7.9,1020,72,99,0
13.8,12.4,16.3,11.5,12.1,10.7,1018.9,82,97,0.6
12.1,11.3,13.3,10.8,10.6,9.1,1020.3,82,100,0.1
13.4,11.5,16.1,10.8,11.5,9.7,1016.8,79,84,0
13.7,12.1,16.2,11.3,11.7,9.8,1016.2,78,96,0
11,8.6,14,9.6,7.4,2.7,1022.7,57,97,0
10,7,13.3,6.6,6.1,0.3,1025,51,35,0
11.2,8.1,14.9,4.5,7.1,1.4,1022.9,52,19,0
12.3,11.2,13.4,7.2,9.6,6.5,1019.9,68,83,0
13.3,12,14.9,10.6,11.8,10.4,1018.1,83,100,0.5
14.1,12.6,15.5,12,12.4,10.9,1018.9,81,96,0
15.9,13.7,19.6,12.6,14.1,12.7,1018.1,82,84,0
15.2,14.3,16.7,13.8,13.7,12.5,1017.8,85,88,0
14.9,14,16.2,13,13.3,11.9,1019.1,82,99,0
14.7,13,16.7,12,12.5,10.5,1019,76,82,0
15.4,14.3,16.2,12.3,13.5,11.9,1014.9,80,95,0
17.6,14.4,23.1,15.2,15.8,14.5,1015.6,83,94,0
13.6,12.7,14.9,12.4,10.7,7.6,1022.4,67,100,0
13.5,12.6,14.9,12.1,11.2,9,1020.6,74,95,0
16.1,13.6,19.2,12.5,13.8,11.8,1018,76,89,0
15.8,14.7,16.7,13.7,14.5,13.4,1015.3,86,97,0.4
18,16.2,18.8,15.6,17.3,16.9,1013.7,93,100,1.1
20.7,18.4,24.8,17.8,19.3,18.6,1013.9,88,51,0
17.2,15.8,19.5,15.7,15.9,15,1016,88,93,0
17.4,15.7,20.4,15.5,15.7,14.4,1017.2,83,71,0
16.9,14.7,19.4,12,13.6,10.7,1020,68,85,0
15.2,14.2,17.3,13.9,12.3,9.7,1021.1,70,97,0
13.2,11.6,14.5,12.9,10.7,8.2,1021.9,72,97,0
12.3,9.5,15,7.9,8.5,3.9,1024.2,57,95,0
12.3,11.4,13.5,11.3,8.6,4.1,1024.5,57,100,0.1
14.6,10.8,19.5,5.5,9.6,3.4,1023.2,49,32,0
16.9,13.8,21.6,9.6,10.9,3.9,1022.6,44,59,0
16.3,15,18.6,13.1,11.5,6.5,1021.8,53,88,0
16.3,15.2,18.9,14.3,12.3,8.5,1019.3,60,91,0
16.6,15.3,18.4,14,13.2,10.1,1016.4,66,94,0
15.7,14.8,17.2,13.2,14.3,13.2,1015.7,85,100,0.3
15.4,13.9,17.2,12.2,13.2,11.4,1014.5,77,97,0
15.3,14.4,16.3,13.3,13.7,12.5,1013.2,83,99,2.5
14.9,14.3,15.9,13.4,13.6,12.5,1015.1,86,100,1.7
14.5,13.6,15.4,12.9,12.8,11.4,1014.9,82,100,0
15.5,13.8,17,13.2,14.7,14.2,1012.7,92,100,0
19.5,16.3,23.2,16,18.6,18.1,1009.7,91,91,0
23.2,21.5,25,20.3,21.5,20.7,1009,86,92,0
23.2,22,25.5,21.4,21.9,21.3,1011.3,89,89,0
22.9,19.4,27.1,21,21.9,21.5,1013,92,74,0
17.5,17,19.5,16.6,17.1,16.8,1013.9,96,100,0.4
19.8,16.7,25,15.5,19.3,19,1010.4,95,97,0.1
24.3,23.1,25.7,22.7,23,22.4,1011.1,89,90,1.7
18.4,16,23.3,17.1,17.7,17.3,1016.6,94,99,3
16.3,15.3,17.1,14.7,13.3,10.5,1020.1,70,98,0
14.9,13.5,16,12.4,13.2,11.7,1019.9,81,100,3.7
16.9,15,18.9,14.1,15.2,13.9,1018.2,83,97,0
18.9,17,21.6,16.4,17.7,16.9,1016.9,88,98,0
17.5,16.6,18.5,16.2,16.1,15.2,1016.4,86,100,0.1
17.7,16.5,18.4,15.8,16.4,15.5,1016.5,87,98,0
19.7,16.7,23.3,16,17.9,16.8,1016.8,84,84,0
19.6,17.5,21.8,17.8,17.6,16.2,1017.6,81,95,0
18.7,16.5,21.1,15.2,16.3,14.6,1014.2,77,83,0
22.2,19,25.9,17,20.3,19.2,1013,83,80,0
23.7,21.7,27.5,19.9,22.2,21.4,1013.6,87,89,0
24.3,22.4,26.4,21.3,22.9,22.3,1011.7,89,86,0
19.8,18.5,24.2,18.5,18.6,17.9,1012.7,89,100,0
21.9,18.6,25.7,17.9,20.9,20.4,1009.7,91,91,0
25.9,25,26.7,23,23.7,22.6,1007.6,82,86,0
24.2,22,26.2,23.8,23.3,22.9,1008.8,92,100,4.4
19.8,18,22.8,18.5,18.8,18.2,1013.3,91,99,0.2
18,17,18.8,17,17.4,16.9,1014.2,94,100,2.7
18.8,17.1,21.2,16.5,17.8,17.3,1013.7,91,100,0.1
20.9,18.8,23.1,18.5,20.1,19.6,1013.4,92,99,0
22,20.8,24.7,21.1,21.3,20.9,1013.3,94,99,0
20.4,18.9,21.1,19.9,19.2,18.5,1013.6,89,100,0.7
21.8,18.6,25.3,17.4,19.4,17.9,1012.2,79,81,0
21.3,20,22.8,19.6,19.3,18,1013.7,82,97,0.2
19.1,17.4,21.1,16.9,17.3,16.1,1013.9,83,96,13.9
19.9,18,21.9,17.3,18.2,17.2,1012.9,85,98,0
21.8,20.6,24.1,19.8,20.1,19.2,1012.9,85,94,0.3
21.8,21.1,22.8,20.9,21.1,20.7,1011.1,94,97,65.8
23.1,21.4,25.3,20,21.7,21.1,1008.5,89,92,11.4
22.8,20.8,25,20.4,21.7,21.1,1007.4,90,93,4.3
20.5,19.5,21.7,19.5,19.6,19.1,1008.8,91,100,1.9
22.8,20.4,26.2,19.8,21.6,20.9,1011.4,89,97,40.3
21.3,20.1,22.9,21,19,17.6,1016.2,80,100,1.3
21.1,19,23.8,16.9,17,14.1,1016.9,65,57,0
20.9,19.1,24.2,16.4,16.9,14.1,1014.9,66,85,0
21,19.8,22.4,19.4,19,17.8,1011.7,82,93,0.6
21.1,20,22,19.6,20.2,19.7,1010.6,92,100,1.6
21.1,20.4,21.8,19.8,20.4,20.1,1007.8,94,100,44.4
22.1,20.4,24.4,19.9,21.1,20.6,1007.6,91,100,1.2
20.3,19.4,21.5,19.9,19.4,18.8,1009.6,91,100,19.4
21.8,19.3,25.2,18.8,19.8,18.6,1010.8,82,84,0.3
22,21.5,22.9,20.3,20.4,19.5,1010.6,86,95,0.4
23.1,21.4,25.9,20.6,21.5,20.7,1010.1,87,92,0.6
21.9,20.9,22.8,21,20.9,20.3,1009.4,91,100,1.3
22.5,21,26.8,21.2,21.3,20.7,1007.2,90,90,48
21.1,19.4,24.4,17.8,17.9,15.7,1009.2,72,58,0
21.2,17.9,24.5,14.6,16.9,13.9,1011.7,63,74,0
22.8,20.6,25.6,18.3,19.1,16.7,1012.3,69,47,0
23.6,20.6,27.3,16.8,19.6,17.2,1011.7,69,29,0
25.1,22,29.4,18.7,21.5,19.5,1011.8,72,39,0
25.1,23.6,28.2,21.1,23.3,22.4,1011.3,85,78,0
25.6,24,28.2,22.8,23.9,23.1,1011.7,86,76,0
26,24.5,27.9,23.9,24.4,23.7,1010.4,87,70,0
27.6,26,30,23.6,24.8,23.6,1008.2,79,80,0
27.1,24.7,28.7,23.9,25.1,24.2,1006.5,85,89,36.4
27.7,26.5,29.1,24.7,25.2,24.1,1007,81,88,0
27,25.7,28.1,24.8,24.9,24.1,1010,84,84,1.4
25.2,24.4,27,24,24.1,23.5,1011,90,92,72
25.8,24,28.8,23.8,24.4,23.7,1007.2,89,92,40.2
23.4,21.3,24.7,23.1,22.3,21.8,1007,91,94,16.5
20.6,18.7,22,18.2,19.5,18.9,1008,90,99,34
23.5,21,26.3,21,21.9,21.1,1009.5,87,95,0
23.7,23,25.4,22.2,21.7,20.7,1011.1,84,88,0
24.7,23,27.3,21.2,22,20.5,1009.3,78,69,0
24.8,23.4,27.6,21.5,22.1,20.6,1008.1,78,81,0
24.7,23.2,27.1,22.3,22.2,20.9,1009.5,79,89,1.1
24.1,23,24.9,22.6,23.2,22.8,1009,92,97,9.9
25.9,24.1,28.8,22.7,24.2,23.5,1006.3,87,80,0
26.5,25,29,24.1,24.8,24.1,1005,87,79,5.1
25.9,24.3,27.1,24.5,24.7,24.1,1006.3,90,91,51.1
26.5,24.3,28.2,23.7,25.1,24.6,1007.5,89,95,150
28.2,27.4,29.2,25.6,25.9,24.9,1007.3,83,89,0.2
28.4,27.5,29.7,25.4,26,25,1006.9,82,84,0.8
27.6,25.2,30,25.8,26.1,25.5,1006.8,89,85,3.2
26.9,24,30.5,24.5,25.3,24.6,1007.4,87,82,19.7
25.7,23.3,28.6,24.2,24.3,23.6,1008,89,91,45.8
25.2,23.8,28.3,22.9,23.9,23.3,1009.9,89,72,21.9
27.7,25.1,30.7,22.7,25.9,25.2,1010.3,87,50,0
28.4,26.4,31.2,24.3,26.3,25.4,1010.2,84,61,0
28.9,26.8,31.9,24.9,26.2,25.2,1009.9,81,57,0
29.2,27.3,32.1,25.5,26.6,25.6,1008.2,82,64,0
28.7,27.3,31.6,26.5,26.8,26,1008.8,86,81,4.2
29.2,27.7,32.1,26.9,26.4,25.2,1009.1,79,84,0.1
28.2,26.8,28.9,25.5,26.1,25.2,1008.6,84,86,11
29,27.3,31.3,25,25.9,24.6,1006.9,78,80,0.4
29,27.1,30.8,25.1,26,24.7,1003.7,78,73,1.6
29.1,28.3,30.2,26.8,26.5,25.4,1000.1,81,85,0.9
26.3,23.8,29.1,23.5,25.4,25.1,998.3,93,96,174.7
27,25.5,28.6,23.9,25.5,24.9,998,88,94,0
27.8,26.9,29.3,25.5,26.1,25.5,998.8,88,89,2.3
27.6,26.3,30.1,25.5,26.1,25.6,997.9,89,86,23.5
27.4,25.6,29.7,24.9,25.9,25.3,998.1,89,86,15.1
27.4,25.7,30.6,24.9,26,25.4,1001.9,89,82,29.6
28.5,26.6,31.4,25.1,26.6,25.8,1003.7,86,64,4.1
29.3,26.8,31.9,25.2,26.9,25.9,1001.3,83,48,0
29.5,27.8,32.9,26.8,27.3,26.4,995.2,83,79,0.1
26.5,25.1,28.8,24.9,25.2,24.6,995.7,90,88,56.4
28.1,26.5,29.9,23.8,26.7,26.1,1003.1,89,77,0.3
28,26.2,30.9,25.8,26.5,26,1005.5,89,72,8
27.4,26.1,30.2,24.7,25.9,25.3,1004.1,89,71,9.6
27.4,25.4,30.2,24.8,25.6,24.8,1004.4,86,76,7.5
27.9,25.5,30.7,24.8,25.8,25,1007.2,84,72,4.9
28.7,26.3,31.5,25.7,26.1,25.1,1008.1,81,59,0.6
28.5,26.7,31,25.9,26.4,25.5,1006.7,84,72,0.5
28,24.9,31,25.2,25.7,24.8,1006.1,83,61,18.8
28.9,26.9,31.9,25.1,26.1,24.9,1007.4,80,70,2.4
28.2,26.2,31,23.6,25.9,25,1008.6,83,80,11.1
28.7,27.1,30.9,25.3,26.1,25,1008.6,81,55,0.9
29.1,27.3,32,25.7,25.9,24.7,1006.6,78,62,0
27.2,25.4,28.6,24.7,25,24,1003.3,83,85,13.9
25.8,23.8,27.7,22.8,24.1,23.4,1005.2,87,84,70.3
27.7,25,30.1,23.3,25.2,24.2,1008.9,82,76,0
28.5,27,30.8,25,25.3,23.8,1010.7,76,51,0
28.7,26.8,31.5,24.3,25.3,23.8,1009.7,75,32,0
28.9,27.2,31.6,24.7,25.3,23.8,1008.2,75,49,0
29.2,27.7,32.2,25.7,25.8,24.4,1005.5,76,53,0
29.2,27.7,31.3,25.9,25.9,24.5,1004.5,76,59,0
29.3,27.8,31.6,25.8,26.1,24.8,1006.8,77,47,0
29.6,27.9,32.5,26.3,26.7,25.5,1006.6,79,67,0
29.4,28.4,31.4,26.7,26.4,25.2,1004.2,79,70,0
29.4,27.8,31.6,26.1,26.1,24.7,1003.3,76,85,0
29.4,28.1,31.6,26,25.9,24.5,1005,75,73,0
29.2,27.2,31.1,26.3,26,24.7,1006.6,77,65,5.5
29.4,27.2,32.1,26,26,24.6,1007.2,76,60,1.9
29.8,28.1,32.7,26.3,26,24.4,1006.5,74,48,0
29.7,28,32.3,25.7,26,24.4,1005.4,74,54,0
29.6,28.2,32.4,26.4,25.9,24.3,1006,73,63,0
29.5,28.2,32.5,26,25.9,24.4,1005.5,74,63,0
29.6,27.8,32.9,25.6,25.5,23.7,1004.9,71,40,0
29.8,27.5,33.2,25.7,26.5,25.1,1004.8,76,35,0
30.2,28.2,33.5,25.1,27,25.8,1004.9,78,41,0
30.2,28.1,33.7,25.9,26.5,25,1005.2,74,59,0
29.8,27.5,33.8,25.9,26.3,24.8,1004.7,75,53,0
29.3,26.4,32.7,24.5,25.7,24.2,1003.4,75,60,0
29.8,27.8,33.1,25.8,26.6,25.3,1001.7,77,63,0
29.2,27.5,32.5,24.5,25.9,24.6,1001.5,77,73,0.2
26.4,24.1,28,23.2,25.4,25,1002.6,92,92,75.2
26.4,24.9,28.3,24,24.7,24,1003.8,87,89,23.2
27,25.8,29.1,24.8,25.4,24.7,1004.5,87,78,6.5
28.2,25.4,31.9,23.8,25.6,24.5,1001.9,81,52,0
29.4,27,32.5,25.5,26.6,25.5,999.8,80,71,0
29.2,26.2,32.3,25.4,26.4,25.3,1002.1,80,64,11.4
27.7,25.5,31.2,24.9,26,25.3,1002.4,87,82,29.9
26.1,25.3,27.2,24.2,25.2,24.8,1003.4,92,99,69
26.5,25.2,28.3,24.7,25.5,25,1003.8,91,87,29.6
28.3,26,31.2,24.1,25.1,23.8,1002.5,77,67,0
28.4,26.6,32.2,24,25.7,24.6,1000.6,80,54,5.5
27.7,23,32.4,22,24.9,23.7,1001.4,79,82,7.3
29.5,26.6,33.8,25.1,25.7,24,1001.5,73,88,26.3
27.9,26,31.2,24.6,25,23.6,1000.2,78,90,5.1
28.8,27.1,31.4,24.5,25.1,23.5,1000.3,73,81,0
28.3,27.3,30.8,24.9,25.5,24.3,1001.9,79,81,0
27.2,25.5,28,24,25.6,25,999.7,88,86,14.8
26.6,25.2,28.3,25.2,25,24.3,997.6,88,94,35
28.6,27.6,30.9,24.3,26,25,1005.1,81,76,0
28.4,27,31.4,24.5,25.8,24.6,1006.5,80,45,0
28.6,27.2,31.3,25,26,24.9,1005.4,81,57,0
28.8,27.2,31.4,25.2,26,24.9,1004.8,80,61,0
28.6,27.7,30.2,25.9,26.2,25.2,1005,82,83,0
28,26.3,30.3,24.8,25.9,25,1005.8,84,92,3.9
28.8,27,31.2,25.4,26,24.8,1004.2,80,46,0
30.2,27.9,34.4,25.1,26.4,24.8,998.6,73,65,0
30.3,28.6,32.4,26.3,25.6,23.6,993.1,68,85,0
27.5,26,28.7,27.5,25.4,24.5,993.8,84,91,5.9
25.9,24.6,27.4,25.9,25,24.7,998.8,93,98,83.8
25.2,23.5,27.2,22.9,23.6,22.9,1005.5,87,92,23.7
26.9,25.1,29.9,22.9,24.2,22.9,1008.6,79,69,0
27.9,25.7,30.6,24.3,25.7,24.8,1010.1,84,70,4.4
27.6,25.9,28.8,26,25.4,24.5,1011.3,84,88,11
27.8,25.4,30,24.2,25.2,24.1,1013.2,80,74,5.2
28,26.5,31,24.3,25,23.7,1013.8,78,35,0
28.1,26,30.5,23.8,25.1,23.8,1012.3,78,22,0
28.5,26.5,31.3,23.9,25.3,24,1010.9,77,24,0
28.9,26.9,31.6,24.4,25.6,24.2,1011.2,77,23,0
29,27.1,32,24.6,26.2,25.1,1012.4,80,34,0
28.3,25.8,30.9,25,25.5,24.3,1012.4,79,72,1.9
27.3,26,29.7,24.9,23.8,22.1,1010.7,73,76,0
25.4,23.4,26.9,22.2,22.8,21.6,1011.9,79,88,3.4
26.3,24.9,28.3,22.7,23.6,22.4,1013.2,79,86,0
25.8,24.3,28.4,24.2,24.5,23.9,1013.1,90,88,15
27.2,25.1,29.8,23.2,24.7,23.6,1010.5,81,72,0.8
27.1,25.1,30.2,24.5,25,24,1009.6,83,81,3.5
26.8,25,29,22.8,24.5,23.5,1010.8,83,64,0
26.2,24.7,27.2,24.1,24.8,24.2,1013,89,84,34
27.6,25.8,30,23.7,24.8,23.6,1013.9,79,57,0
27.8,26.2,30.6,24.1,24.8,23.5,1012.4,77,55,0
27.9,25.7,30.2,24.4,24.9,23.6,1009.4,78,64,1.6
28,26.6,30.3,24.4,24.9,23.6,1008.5,77,73,0
27.8,27,29.4,24.8,25.2,24.1,1009.2,80,78,2.2
26,24.2,27.5,23.9,24.4,23.6,1009.4,87,96,19.9
26.9,25.6,28.2,24,24.6,23.6,1010.1,82,82,0.9
27.7,26.7,29.7,24.7,25.1,24,1010.8,80,55,0
27.6,26.2,30.3,23.9,24.8,23.6,1011.1,79,24,0
27.1,26.3,29,23.8,25,24,1011.4,83,43,0
27.4,26.2,29.6,23.8,25,24,1012.7,82,31,0
27.8,26,30.5,23.3,25.3,24.2,1013.4,81,21,0
28.5,26,31.5,23.4,24.3,22.4,1013.1,70,15,0
28.1,26.2,31.2,23.1,24.2,22.4,1013.9,72,49,0
26.6,25.1,28.4,22.5,23.6,22.2,1014.4,77,70,0
25.7,24.2,27.5,20,22.4,20.7,1014.3,74,80,0
25,23.1,27.4,20,21.8,20.1,1014.2,75,69,0
26,24.7,28,22.2,23.2,21.9,1014.3,78,78,0
26.8,25.5,29.5,23,23.8,22.4,1014.4,77,65,0
26.7,24.9,29.1,22.8,24.4,23.4,1012.8,83,67,79.2
25.4,23.8,27.1,22.5,23.3,22.3,1013.3,83,82,78.1
25.7,23.7,27.6,22.2,22.8,21.3,1014.1,77,50,5.5
25.8,24.5,27.6,22.1,22.5,20.9,1015,75,44,0
25.3,24,26.9,21.1,22,20.3,1016,74,44,0
25.7,24.4,27.3,22,23.1,21.9,1016.4,79,79,0
26.3,24.7,28.6,21.6,23.5,22.2,1013.3,79,46,0
25.6,24.5,27.8,22.3,23.7,22.8,1011.4,85,68,3.6
24.4,23.4,26.5,21,21.5,19.9,1015.1,76,83,0
24,21.7,26.4,18.5,20.1,17.8,1017.1,69,59,0
24.4,22.1,27,18.2,18.5,14.6,1017.4,55,13,0
23,20.6,25.6,19.8,17.3,13.2,1017.6,55,13,0
23.2,20.7,26,18.6,19,16.4,1015.3,66,11,0
23.9,22.1,26.5,17.8,20.3,18.1,1013.4,71,19,0
24.6,22.3,27.2,18.5,21,19,1013.2,72,28,0
25.3,23.2,27.5,18.6,21.1,18.8,1011.4,68,73,0
26.1,23.6,29.1,18.6,20.8,17.7,1008.4,61,67,0
25.9,23.4,29,21.7,20.5,17.3,1007.1,59,81,0
23.9,21.4,26.4,19.1,20.2,18,1010.4,70,86,0.5
23,21.2,25.3,17.1,18.9,16.3,1013.9,66,70,0.2
22.7,20.5,25.2,16.2,18.4,15.5,1016.5,64,59,0
22.2,20.4,23.4,16.3,18.2,15.5,1017.9,66,72,0
23.6,22,26.1,19.8,19.9,17.7,1018.6,70,71,0
22.7,21.3,23.9,19.8,19.5,17.5,1019.5,73,90,0
23.3,21.3,26.6,0,18.7,15.6,1017.8,63,36,0
22.5,20.4,24.7,17,19.1,16.9,1017.8,71,21,0
22.9,20.4,25.7,16.1,19.5,17.5,1016.4,72,22,0
23.8,22.5,26,18.1,21.2,19.9,1015.7,79,64,0
23.9,22.1,26.5,18.5,21.5,20.3,1015.9,80,29,0
24,22.6,26.5,19.1,21.7,20.5,1015.5,81,30,0
24.1,22.5,25.9,18.7,21.8,20.6,1015.5,81,49,0
24.9,23.8,27.1,22.3,22.8,21.8,1015.3,83,64,0
25.2,23.6,27.4,20.2,22.6,21.4,1014.4,80,60,0
24.8,23.8,26.9,20.2,22.6,21.6,1014.6,82,73,0.2
23.9,22.3,25.8,21.8,21.9,20.9,1015.2,83,89,1.5
23.2,21.8,24,21,21.8,21.1,1013.8,88,93,2.8
23.9,22.4,26.3,20.5,21,19.5,1014,77,72,0
23.2,22,24.9,18.2,20.4,18.9,1016.3,77,47,0
23.2,21.6,25.8,18.4,21,19.8,1014.8,81,41,0
24.1,21,28,16.3,18.1,13.7,1013.4,56,22,0
22.7,20.2,25.4,17.1,16.4,11.5,1015.2,49,14,0
19.2,17.3,22,13.6,14.8,11.3,1017.6,60,17,0
18.1,15.2,20.9,11.8,13.8,10,1019.7,60,32,0
19.7,16.6,22.8,11.8,15.9,13,1020.4,66,16,0
20.8,18.4,23.7,13.1,17.3,15,1020.4,70,20,0
20.4,17.7,23.4,13,16,12.7,1021,62,5,0
20,17,23,12.7,15.3,11.6,1022.7,59,20,0
20.7,18.2,23.1,13.7,17,14.5,1022.8,68,51,0
19.9,18.4,21.5,15.5,15.3,11.6,1022.7,59,86,0
19,16.7,21.9,13.2,14.8,11.4,1022.1,62,48,0
19.6,17.3,21.7,13.8,15.6,12.5,1021.9,64,83,0
20.5,18.6,22.7,15.5,16.3,13.1,1022.1,63,84,0
19.9,17.5,22.4,16.4,14.4,9.7,1020.3,52,68,0
18,16.5,20.1,14.6,15.6,13.8,1019.3,77,89,1.8
17.5,15.9,19.1,15,16.1,15.2,1018.3,87,88,8.8
21,18.4,24.8,14.3,18.2,16.5,1017.6,76,53,0
20.1,18,22.9,13.8,15.4,11.6,1018,58,26,0
18.6,16.2,20.8,12,15,12.2,1019.5,67,23,0
19.3,17.6,20.9,13.8,16.1,13.7,1019.7,70,53,0
19.7,18.5,21.4,14.9,16.9,15,1017.6,74,42,0
20,19,22,14.9,17.6,16,1015,78,45,0
20.3,18.4,22.7,13.3,17.7,16,1014.5,77,17,0
20.2,19.3,22,15.6,17.6,15.9,1016.8,76,43,0
19.7,18.9,21.1,14.3,17.6,16.3,1017.6,81,60,0
19.8,18.7,20.7,15,17.6,16.1,1016.6,80,78,0
21.3,20.1,23.8,16.8,19.1,17.9,1015.8,81,60,0.1
21.8,19.8,25.1,15.8,19.8,18.7,1015.5,83,34,0
21.3,20.2,22.8,17.2,19.6,18.7,1013.6,85,67,0
20.9,19.8,21.9,16.8,19.1,18.1,1014.5,84,81,0
18.4,16.6,19.9,16.7,15.6,13.5,1016.4,73,93,0
16.3,15.1,17.4,13.9,14.1,12.4,1017.9,78,100,0
16.3,14.5,17.6,13.9,14.3,12.6,1017.7,79,93,0
15,11.6,17.6,14.7,12.7,10.5,1019.2,75,100,0
11.5,10.4,13,10.7,9,6.2,1022,70,100,0
11,9.4,12.9,9.8,7.5,3.1,1025.4,59,98,0
10.9,9,13.6,8.2,6.7,0.7,1025.9,50,52,0
12.2,8.8,15.2,6.5,7.9,2.3,1024,51,28,0
14,12.6,15.9,10.8,9.3,3.5,1022,49,94,0
13.6,12.4,15.1,11,8.8,2.9,1022.9,49,98,0
12.4,10.6,13.8,10.7,7.7,1.2,1024.3,47,98,0
10.3,7.7,13.2,4.3,5.3,-2.9,1026.1,40,40,0
11.8,9.7,13.3,5.9,7.5,1.7,1024.9,50,81,0
14.3,12.5,15.6,7.7,10.9,7.3,1022.1,63,99,0
16.6,14.7,18.9,10.6,14.1,12.1,1020.4,75,76,0
17.3,16,20,13.4,14.9,13.1,1019.8,77,38,0
17.9,15.2,22.3,10.6,15.7,14.1,1019.1,79,2,0
16.6,15.2,18.1,11.3,13.8,11.4,1021.6,72,83,0
15.3,14.5,16.6,13.1,12.8,10.6,1022.1,73,90,0
15.8,14.8,17.2,10.9,13.2,11,1020.6,73,71,0
16.3,14.6,19,11.8,13.9,12,1020.1,76,85,0
12.9,11.9,15.1,11.2,10.9,8.9,1021.8,77,100,0
12.7,11.2,14.3,10.4,10.9,9.1,1021.6,79,100,0.3
11.2,8.8,12.9,8,8.6,5.6,1020.2,69,94,0.3
11.8,11,12.6,8.8,10,8.2,1018.2,79,98,0.1
12.8,11.8,13.6,10.7,11.5,10.3,1019.7,85,100,1.1
13.9,12.5,16.3,10.9,10.3,6.5,1023.6,61,92,0
14.5,12.9,17.4,10.8,11.1,7.7,1024.3,64,59,0
14.1,13.3,15.5,10.6,11.2,8.4,1021.9,68,80,0
15.3,13.9,17.6,10.9,12.4,9.8,1019.8,70,82,0
16.5,14.8,18.7,12.1,14.5,13,1018.4,80,83,0.1
16.7,15.2,19.4,12.2,15.3,14.3,1019.8,86,67,4.2
15.8,14.4,18.3,10.9,13.5,11.6,1021.8,77,34,0
16.7,13.9,19.6,9.4,13.4,10.6,1021.4,68,59,0
17.4,16.4,19.6,14.4,15,13.1,1019.2,76,84,0
19,17,22.1,15.7,16.4,14.5,1017.8,75,71,0
19.4,16.1,23.3,13.1,17.3,15.9,1018.4,81,38,0
17.3,15.6,20.2,14.3,15.5,14.1,1019.3,82,92,0
14.7,12.7,16.3,12.6,12.3,10.2,1021.2,75,98,6
14.4,12.8,16.2,12.3,13,11.8,1020.8,85,93,1.7
17,14.3,20.6,10,14.8,13.2,1021.1,79,27,0
16.2,14.7,18.6,10.3,14.3,12.7,1022,80,54,0
15.6,13.1,18.6,12.6,12.7,10,1022.8,70,79,0
13.2,11.2,15.6,9.7,10.3,7.3,1024.7,67,83,0
14,12.8,15.9,9.2,11.2,8.4,1021.6,69,49,0
15.9,13.3,19.2,9.8,12.8,10.1,1018.9,69,46,0
16.9,14.1,20.5,9.9,13.9,11.5,1017.8,71,29,0
17,15.4,19.7,11,14.4,12.3,1014.6,74,72,0
17.5,16.4,19.2,13.5,15.2,13.3,1011.5,77,93,0
18.6,17.4,20.5,14.1,17.3,16.4,1009.3,87,94,27.2
18.1,17.6,18.7,16.6,17.5,17.2,1009,94,99,15.6
17.5,16.1,18.4,16.9,17,16.7,1009,95,100,23.8
18.3,16.1,21.5,15.6,17.8,17.5,1006.3,95,99,41.3
19.5,18.2,21.7,18.2,18.1,17.3,1007.8,87,91,8.4
16,14,18.3,14.8,14.7,13.7,1012.9,86,96,25
14.8,14,15.5,13.5,14,13.3,1013.3,91,100,6
16.4,15,17.7,14.5,15.3,14.4,1012.7,89,97,0.2
14.3,13.2,16.4,13.3,13.3,12.5,1015.9,89,98,18.7
14.9,14.4,15.5,12.2,13,11.4,1014.7,80,96,0.7
17.8,14.8,21.5,14,16.7,16,1010.4,89,91,0.3
18.1,15.7,21.5,15.5,17.3,16.7,1012.6,92,96,6.4
15.3,14.5,15.9,14.5,14.3,13.6,1014.3,89,99,0
15.9,14.2,18,13.6,14.7,13.9,1013,88,98,11.6
15.8,15.1,17.1,15,14.5,13.6,1012.8,87,97,0.1
14.5,13.6,15.4,13.9,13.8,13.2,1013.9,92,100,4.3
12.7,10.8,14.1,12.4,11.8,11,1016.7,89,100,5.8
10.5,9.3,11.3,9.7,9.6,8.7,1018.5,88,97,13.9
11.3,8.9,12.8,9.3,9.9,8.6,1019.1,83,100,6.8
12.7,11.2,13.9,11,11.4,10.1,1020.1,84,100,2.7
14.5,13.2,16.1,12.6,13.4,12.4,1017.1,87,100,0
14.5,13.9,15.6,13.4,13.8,13.3,1016.7,92,100,0
15.4,14,17.9,12.5,14.1,13,1016.6,86,94,0
16.9,13.6,19.9,13.8,15.7,14.9,1014.9,88,98,0
17,16.3,19,16.5,16.2,15.7,1014,92,96,0.1
18.6,16.9,20.7,16,18.1,17.8,1012.5,95,100,0
17.2,15.2,19.7,18.6,16.6,16.1,1014.7,94,98,0.2
15.7,15,16.8,14.2,14.6,13.8,1019,88,98,0
15,12.8,17.3,13,13,11.2,1019.9,79,92,0
15.5,14.3,17.2,13.8,13.9,12.6,1019.2,83,94,0
18.5,15.3,21.5,14.9,16.5,15.1,1017.8,81,71,0
20.3,18,23.2,15.8,19.2,18.5,1018.5,89,77,0
18.1,15.5,20.7,18,16.8,15.8,1020.8,87,89,0
16,14.7,18.1,13.3,14.2,12.7,1021,81,80,0
15,13.3,16.3,14.6,13.1,11.3,1022.4,79,98,0
13.3,10.9,15.1,11.1,11.6,10.1,1022,81,100,2
13.8,12.5,15.7,12.5,12.3,11.1,1020.5,84,97,1
12.2,10.6,14.2,11.5,10.4,8.7,1023.5,79,100,2.6
12.9,10.8,15.6,10.6,10.6,8.4,1025.3,74,98,0.2
14.9,12.6,18.6,10,12.2,9.6,1022.7,71,45,0
15.7,14.4,17.7,11.7,13.3,11.2,1019.6,75,84,0
16.8,14.8,19.4,14.8,14.3,12.3,1018.5,75,64,0
16.9,15.6,19.5,12.5,14.2,12.1,1018.3,73,55,0
17.3,14.7,20.3,12.1,14.9,13.1,1018.2,77,85,0
16.4,15.3,17.6,12.7,13.3,10.5,1019.5,68,88,0
15.5,14.6,16.5,13.8,13.1,11.1,1017.8,75,99,0
16.4,14.7,19.1,14.2,14.3,12.6,1017.1,78,57,0
17.6,15.3,19.9,12.9,15.2,13.3,1017.4,76,83,0
20,18.1,22.7,15.9,17.8,16.3,1016.5,80,89,0
20.7,19.4,22.9,18.3,18.9,17.8,1013.1,84,92,0
22.5,20.4,24.5,20.3,21.6,21.1,1008.3,92,96,1.2
23.7,22.4,24.9,22.7,22.8,22.4,1008.6,93,97,0
17,15,22.5,17.3,16.4,15.9,1015,93,99,51.5
14.8,13.4,15.7,14,13.8,12.9,1020.1,89,100,1.9
13.5,11.8,15.2,12.3,12.4,11.4,1023.5,87,99,3.5
14.9,13.8,16.7,12.1,11.8,8.7,1021.6,67,98,0
16.7,14.9,20.2,14,14.4,12.5,1016.3,77,98,0
17.8,16,20.3,15.7,16.3,15.2,1014.7,85,88,1.4
19,17.4,21.5,15.3,16.1,13.9,1015.8,73,81,0
19,17.4,20.9,15.6,16.1,14,1015.2,73,91,0
19.7,17.7,22.4,16.8,17.6,16.2,1011.7,80,92,0
21.3,19.2,25,19.5,19.6,18.6,1006.8,85,80,0.1
20.1,18.9,21.5,17.5,19.1,18.5,1006.6,90,90,1.1
19.7,18.9,20.8,18.5,19.3,19.1,1007.2,96,93,65.6
22.2,19.7,24.8,18.6,21.6,21.2,1006.1,94,94,41.4
22.1,21.3,23.8,20.3,21.1,20.6,1008,91,93,39.4
18.1,16.7,21.7,16.8,16.7,15.8,1008.8,87,95,34.3
17.1,16.2,18.1,15.7,16.3,15.8,1010.5,92,99,34.6
17.9,16.9,18.8,16.7,17.1,16.6,1012.4,92,98,4.8
18.3,17.5,19.6,17.4,17.4,16.8,1014.8,91,100,0
20,17.9,23.2,17.6,18.3,17.3,1015.3,85,87,0
21.1,18.6,24.9,18.1,17.2,14.3,1014.5,67,70,0.4
21.5,19.6,25.4,16.4,16.1,11.8,1011.8,55,76,0
21.9,20.7,23.9,18.8,20,18.9,1011.2,83,92,1.9
21.4,20.6,23.7,19.5,20.3,19.7,1012.5,90,85,37.7
22.1,20.1,25.8,17.9,20.7,19.9,1011.5,87,49,0
23.3,20.1,27.3,18,21.3,20.3,1009.4,84,33,0
23.8,22,26.8,19.5,20.8,19.1,1010,76,31,0
23.7,21.6,26.8,18.8,21,19.6,1011,79,22,0
24,21.8,27.1,19.2,22,21.1,1011.5,84,55,0
22.9,20.8,27.5,20.4,21,19.9,1011.9,84,69,8.6
20.1,19.3,21.4,18.1,17.6,16,1014.2,77,98,0
20.9,19.5,23.4,18.7,18.5,17,1013.8,78,86,0
21.7,20.3,23.8,18,19.2,17.7,1012.7,78,81,0
22.8,21.1,25.3,19,20.8,19.8,1010.7,83,84,0
22.5,21.6,23.9,21.3,21.6,21.2,1009.4,92,100,0.1
22.3,21.6,23.4,21.1,21.6,21.3,1008.1,94,100,16.1
23.9,22.3,25.8,21.8,23.2,22.8,1006.7,94,84,1
25.6,23.5,28.7,21.6,24.4,23.9,1006.4,90,79,0
27.3,25,30.4,23.9,25.5,24.8,1007.8,87,77,0
27.7,25.4,30.9,24.3,25.4,24.4,1010.6,83,39,0
27.6,25.1,30.7,23.2,25.5,24.6,1012.3,84,33,0
26.3,24.8,29.3,24.2,24.1,23.1,1013.7,83,66,0
26.4,24.4,29.7,22.9,23.8,22.6,1012.7,81,38,0
27.1,24.7,31,22.9,25,24,1011.7,84,42,0
27.9,25.1,31.6,23.4,25,23.8,1011.3,79,28,0
28.2,26.2,31.9,23.8,25.4,24.3,1011.5,80,36,0
27.9,26,31.1,24.3,25.1,23.9,1009.5,79,58,0
27.6,25.8,30.8,24.2,25,23.8,1008.3,80,68,0
28.1,26,31.5,24.8,25.1,23.8,1009.5,78,48,0
28.5,26.1,31.9,23.6,25.5,24.2,1012.8,78,46,0
26.9,25.5,29.5,24.9,24.6,23.5,1015.2,82,58,3.4
27.6,25.5,31,23.3,24.2,22.7,1013.2,75,22,0
27.6,25,31.3,22.9,24.1,22.4,1010,74,8,0
28.4,26,31.3,23.8,25.1,23.7,1008.9,77,30,0
27.3,26.1,28.6,25.2,25,24,1010.1,82,75,0.9
27.1,25.5,30.1,23.9,23.5,21.8,1010.3,73,51,0
27,25.3,29.9,23.5,24,22.6,1009.1,77,53,0
27.1,25.7,30.2,23.9,24.4,23.2,1008.7,80,84,0
26.9,25.6,30.3,24.3,24.8,23.8,1008.3,83,88,0.7
28,26,30.9,24.5,25.3,24.2,1005.8,80,84,0
29,27.8,31.1,26.1,26.4,25.3,1001,80,89,0.4
27.3,24.3,30.9,26.8,25.5,24.7,1001.6,86,90,34.7
26,24.8,28,23.5,24.2,23.4,1005.2,86,91,3.6
25.5,24.6,26.8,24.5,24.4,23.9,1006.6,91,99,12.2
25.8,25,27.4,24.3,25,24.7,1005.6,94,98,30.2
25.9,25.2,27.6,24.8,24.7,24.2,1005.4,90,100,1.3
26.2,24.7,28.3,24.2,24.3,23.4,1006.8,85,89,0
26.6,25.7,28.8,24.6,25.1,24.5,1007.1,88,87,5.2
27.5,25.9,29.6,25.2,26.1,25.5,1008.8,89,84,17.7
27.8,25.8,29.3,25.2,25.9,25.1,1009.1,85,86,3
29,27.6,31.3,25.5,26.6,25.7,1005.8,82,75,0.1
27.5,25.3,29.5,26.5,26.1,25.5,1002.1,89,82,35.7
28,25.7,31.6,24.9,24.9,23.5,1002.4,77,70,0
27.2,26,29.4,24.2,24.7,23.6,1004.7,81,68,0
26.4,24.7,28,24.5,24.8,24.1,1004.5,87,86,17.9
27.4,25.5,30.3,24.1,25.9,25.3,1003.8,88,73,0
28.8,26.6,31.6,25.6,26.2,25.1,1003.7,81,63,0
27.7,25.1,29.4,26.1,25.6,24.8,1004.9,85,85,3.8
25.3,23.9,27.5,23.5,23,21.8,1006.3,81,95,2.9
25.7,24.6,27.3,21.6,21.9,19.8,1004,70,78,0
26.1,24.1,28.9,23.5,23.8,22.7,1002.8,82,89,0.8
27.4,25.6,30,23.4,24.2,22.8,1001.7,76,56,0
26.5,25.9,27.7,24.5,24.1,23,1002,81,83,0
25.3,24,26.2,23.9,23.4,22.4,1003.3,84,93,0.2
25.5,24.9,26,24.1,24.2,23.7,1003.4,90,100,1.3
26.2,25,28.7,24.7,25,24.6,1004.1,91,71,3.8
28.9,25.3,32.2,23.1,26.2,25.1,999.1,80,49,0
29.7,26.4,32,26.8,26.1,24.6,992.2,74,90,7.1
27,25.5,28.7,24.1,24.5,23.4,987.4,81,97,17.5
26.5,24.6,28.2,24.3,25.5,25.1,996.7,92,97,208.1
28,25.7,29.7,24.2,26.3,25.7,1000.3,87,93,42.2
28.1,26.7,29.8,25.5,26.6,26,998.8,88,92,6
28.5,27,31.8,24,26.6,25.9,997.5,86,82,0
27.6,25.9,31.7,25.7,25.5,24.6,998.4,85,83,3.8
28,26.5,31.4,24.9,25.6,24.7,1000.2,82,71,0
28,26.7,30.4,25.5,25.7,24.8,1001.9,83,72,0.2
28.9,27.4,32,25.5,26.5,25.6,1002.2,83,76,0
28,26.8,29,26.2,26.3,25.6,1005.2,87,84,32.9
28.4,27.4,30.6,25.8,25.7,24.6,1007.2,80,72,0
28.2,26.9,31.4,24.9,25.6,24.6,1007.5,81,74,0.9
28.6,26.5,31.6,24.1,25.7,24.4,1007.3,79,35,0
29.5,26.8,32.3,25,25.3,23.5,1003.9,71,32,0
27,24.2,31.5,23.1,24.8,23.8,1003,83,93,18
27.8,24.6,30.4,24.6,25.3,24.2,1007.3,81,87,18.9
28.2,26.7,30.5,24.8,25.5,24.4,1010.4,80,62,0.4
28.5,26.6,31.6,24.4,25.5,24.3,1011.3,78,38,0
28.9,26.6,32,24.1,25.4,23.9,1008.9,75,34,0
28.7,27.1,31.3,24.4,25.3,23.9,1007,76,47,0
29,25.8,32.1,24.8,25.6,24.1,1008.1,76,50,3.9
29.5,28.1,32.3,25.6,25.7,24.1,1008.9,73,43,0
29.1,27.5,32.5,24.7,25.5,24,1008.8,74,40,0
28.8,27,30.9,24.5,25.6,24.2,1007.2,77,52,0
26.7,24.5,28.7,25.3,25.2,24.6,1007.1,88,79,59.4
26.8,25.3,28.8,24.7,25.3,24.6,1008.4,88,91,17
27.8,25.8,30.7,24.2,25.7,24.8,1009.9,84,79,10.1
28.8,26.7,31.9,24.4,25.4,24,1011.4,76,44,0.1
28.9,26.7,31.9,25.4,25.6,24.2,1010.7,76,55,0
29.2,27.6,32.3,25.5,25.9,24.5,1010,76,49,0
29.4,27.3,32.2,25.7,26.2,24.9,1008.6,77,53,0
29.2,27.8,31.6,25.9,26.3,25,1005.6,78,65,0
27.4,24.3,30.6,26.7,25.2,24.3,1003.9,83,80,27.5
27,25.3,29.7,24.5,25,24.2,1005.5,85,77,0.2
27.8,26,30.5,24.7,25.6,24.6,1005.9,83,73,0.3
28.9,26.1,32.5,24.2,25.8,24.5,1004.5,78,35,0
28.9,27.1,32.4,25.5,26.2,25.1,1003.3,80,49,0
28.8,26.7,31.4,25.4,25.8,24.6,1004.4,78,54,0
29.3,27.3,32.4,25.7,26.3,25,1006.3,78,50,0
28.8,26.7,31.7,25.9,26.1,24.9,1005.9,80,56,0
28.4,26,31.2,25.1,26.5,25.8,1006.2,86,78,8.2
29.2,27.2,32,26.3,26.4,25.3,1007.3,80,55,0.1
29.6,26.6,33,25.3,26.4,25.1,1005.9,78,35,0.1
29.6,27.9,32.8,25.9,26.5,25.2,1003.9,78,41,0
30,27.9,33,25.9,26.3,24.8,1002.1,75,34,0
29.6,27.2,32.4,26.6,27.3,26.4,1002,83,66,2.9
29.9,27,32.6,26.8,27.1,26,1002.8,80,47,2
29.7,28.1,32.5,25.6,26.7,25.5,1001.5,79,49,0
28.9,27,31.4,26.4,26.8,26,999.5,85,65,8.6
28,26.1,31.4,25.7,26.3,25.6,998.8,87,81,13.9
27.5,25.6,30.4,25.4,26.3,25.8,998.7,90,83,39.7
27.4,25.5,30.3,24.8,25.8,25.1,999.4,87,85,16.9
27.7,26.2,29.2,25.5,25.8,25.1,1002.2,86,88,8.6
26.7,25.1,28.9,24.9,25.5,25,1004.3,90,94,53
28.6,26.3,32,25.1,26.4,25.5,1003.9,84,70,0
29.5,27.2,32.4,25.1,27.1,26.1,1001.4,82,49,0
28.8,26.2,32.8,26.8,26.7,25.8,1001,85,77,7.6
29,26.6,32.4,25.1,26.2,25,1001.3,80,49,0
26.2,24.9,28.6,24.4,25.1,24.6,1001.2,91,97,46.7
25.9,25.2,26.9,25,25.2,24.8,1001.6,94,93,33.6
28.2,25.6,31,24.6,25.6,24.6,1002,81,61,0
28.8,27.6,30.6,26.2,26.4,25.4,1001.9,82,82,0
28.1,25.7,28.8,26.5,26.4,25.8,1000.9,87,96,21.2
25.7,24.6,28.3,23.8,25.2,24.9,1001.7,95,99,117.4
25.1,24.3,25.8,24.1,24.5,24.3,1003.4,96,98,74.3
25.8,25.2,26.6,24.7,24.9,24.6,1005.3,93,97,6.1
25,24.4,25.8,24.4,24.4,24.2,1007,95,98,40.5
26.6,24.5,29.9,23.7,24.5,23.6,1005.6,84,60,0
26.9,24.4,30.5,22.3,24.2,23,1004.5,79,30,0
26,24.7,27.8,24,24.5,23.9,1004.3,88,90,8.2
27.1,25.3,29.9,24.2,24.8,23.9,1005.9,83,79,0.6
26.6,25.7,28,24.2,24.8,24.1,1007.4,86,64,1.6
28.5,25.8,32.7,24,24.8,23.2,1003.8,74,48,1.1
26.6,25,28.8,24.5,24.7,23.9,997.9,86,96,47.9
26.2,24.7,27.6,24,24.7,24,1000.9,88,96,114.3
27.6,26.4,29.8,24.9,25.8,25,1006.7,86,85,0.8
26.3,25.2,28.5,25.3,25.3,24.9,1008.1,92,85,16.9
27.1,24.9,30,24.7,24.7,23.6,1009.2,81,69,4.2
25.7,24.2,26.8,24.7,24.8,24.5,1013.2,93,93,19.6
27.4,26.2,29.6,25,25.7,24.9,1013.5,87,84,0
27.4,25.3,30.5,23.9,24.3,22.9,1011.8,77,80,0
27.8,25.7,30.3,23.5,25,23.8,1010.6,79,52,0
28.1,26.6,30.4,24.9,25.2,23.9,1011.1,78,59,0
28.2,26.9,30.5,24.6,25.6,24.5,1011.6,80,68,0
27.9,26.6,30.6,25.9,25.3,24.1,1011.1,80,56,0
28.8,26.6,32.3,25.6,25.5,24.1,1007.8,76,54,0
27,25.3,28.4,24.7,24.7,23.7,1008.3,83,85,3.2
26.7,25.2,28.7,25.7,25.2,24.5,1010,88,79,10.3
25.6,24.4,26.6,23.9,24.4,23.8,1010.5,90,90,26.2
25.8,24.2,26.8,23,24.8,24.4,1011.8,92,89,46.3
27.1,25.7,28.6,25.1,25.6,25,1012.5,88,85,3.1
27.6,25.9,30.2,24.8,25.3,24.4,1011.4,83,80,4.2
26.2,23.5,27.9,23.4,24,23,1012.3,82,75,4.5
25.1,23.9,26.8,22.5,22.7,21.5,1014.2,80,78,0.6
26.6,24.1,29.3,22.2,23.1,21.4,1013.7,73,70,0
27.5,24.8,30.4,22.4,23.1,21,1010.9,68,53,0
25.5,23.5,27.7,22.5,22.7,21.3,1009.9,78,88,1.6
24.5,22.7,25.9,22.4,23.3,22.7,1012.1,90,92,20.3
26,24.5,28,23,23.3,22.1,1014.2,79,76,0
26,23,29.2,22.4,22.6,20.8,1015.5,75,48,27.4
24.8,22.1,27.5,18.4,19,15.1,1016.3,55,19,0
24.4,21.7,27.2,17.8,18.8,15.2,1012,57,30,0
24.8,21.3,28.5,17.5,17.9,13,1008.2,48,16,0
25.5,22.8,28.6,17.5,17.4,11.3,1011.7,41,1,0
25.2,22.6,27.6,18.1,20.9,18.3,1014.4,67,62,0
25.6,24.5,27.9,22.1,22.6,21.1,1014.2,76,70,0
25.6,24.5,26.4,22.4,23.8,23,1014.7,85,87,0.1
26.9,25.6,29.4,23.5,24.6,23.5,1015.5,82,67,0
26.9,25,29.2,22.4,24.3,23.2,1014.5,80,60,0
26.9,25.9,28.7,23.4,24.6,23.5,1014.1,82,72,0
27.2,26.3,29.1,24.3,24.4,23.2,1015.3,79,57,0
27.5,25.5,30.4,22.5,24.1,22.5,1013.5,75,28,0
27.5,25.8,30,22.4,24.5,23.1,1011.8,77,35,0
27.1,26.4,28.1,23.5,24.7,23.6,1011.8,81,80,0
27.2,26.1,29,24.6,24.8,23.7,1014,82,48,0
26.5,24.6,28.4,23.4,24.5,23.6,1014.2,84,56,6.4
25.8,23.3,28.6,23.5,23.6,22.5,1012.3,82,65,4.8
25.2,23.2,27.5,22.4,22.5,21.2,1012.2,79,40,3.1
22.7,20.3,24.8,21.1,20.3,18.9,1013.6,79,82,7.9
23.5,22.4,24.8,20.1,21.6,20.6,1016.9,84,97,6.1
24.7,22.5,26.5,21,22.3,21.1,1018.7,80,74,0
25.3,24,27.4,22.2,22.6,21.3,1016.9,79,51,0
25.6,24.4,27.9,21.2,23.3,22.2,1015.3,82,63,0.1
25.9,24.5,28.2,21.8,23.5,22.4,1014,81,61,0
26,24.6,28.3,21.7,23.7,22.7,1013.8,82,67,0
25.6,24.4,27.4,21.7,23.2,22,1014.6,80,65,0.2
25.8,24.8,27.9,22.7,23.2,22,1013.2,80,48,0
25.9,24.2,27.8,21.9,23.7,22.7,1012.9,82,44,0
25.7,24.1,28.2,21,22.7,21.2,1015,76,28,0
25.3,23.4,28.1,20,21.2,18.8,1017.5,68,53,0
24,20.8,26.6,18.1,19.7,17,1019.7,66,63,4.2
22.7,20.1,24.7,19.1,19.8,18,1021.2,76,55,1.1
23,21.3,24.7,18.1,19.2,16.9,1021.4,69,28,0
23.2,21.3,25.2,17.6,19.7,17.7,1019.7,71,42,0
24.1,21.9,26.4,17.8,21,19.4,1016.5,75,47,0
24.6,22.8,26.9,19,22,20.7,1015.5,79,34,0
24.6,23.6,26,20,21.8,20.4,1015.2,78,67,0
24.5,22.4,26.5,20.6,21.6,20,1014.4,76,79,0
21.3,20,22.8,18.2,18,15.8,1014.8,71,71,0.2
21.3,18.4,23.9,15,17.8,15.4,1014.6,69,33,0
23.1,21.4,25.3,18.6,20.6,19.2,1015.9,79,47,0
23.3,21.4,25.9,17.8,20.7,19.2,1018.9,78,33,0
22.9,21.3,25,18.3,20,18.2,1019.3,75,80,0.1
22.4,20.6,24.4,17.7,18.5,15.9,1019.9,67,72,0
23.2,21.8,25.4,18.6,19.4,17,1019.2,69,52,0
23.3,21.8,25.6,18,19.3,16.8,1018.7,67,79,0
21.5,19.9,23.6,17,17.5,14.7,1017.7,65,78,0
21.2,19,23.5,14.8,16.7,13.4,1017.2,62,15,0
21.6,19.8,24.3,15.5,18.6,16.7,1016.4,74,20,0
21.9,20.1,23.7,15.8,19,17.2,1016.3,75,33,0.1
22.4,21.5,24.2,19.8,21.6,21.2,1013.5,93,93,26.1
24,23.1,25.5,20.6,23.1,22.8,1011.7,93,79,12.7
24.3,23.3,26.5,21.6,22.8,22,1011.3,87,49,0
20.9,17.8,23.4,17.5,17.3,14.5,1016.5,68,55,0
18.9,16.6,20.7,14,15.5,12.9,1020.5,68,85,0
21,19.5,22.6,16.4,17.8,15.6,1018.9,71,89,0
22.3,21.5,24,17.9,20.4,19.3,1017.1,83,68,0
23.2,21.2,26.1,17.5,20.9,19.7,1017.3,81,35,0
20.1,18.7,22.7,17.5,17.3,15.4,1021.2,74,88,0
18.4,15,21.3,14.6,15.6,13.5,1022.3,74,70,1.4
19.6,17.2,22.1,14.4,16.3,13.9,1021.3,70,35,0
19.8,16.9,22.1,12.1,15.9,12.9,1020.8,65,31,0
20.9,18.6,23.7,15.5,17.9,16,1019.6,74,61,0
22.2,20.6,24.7,17.1,19.7,18.2,1017.6,78,34,0
22,21.3,23.2,16.6,19.5,18,1016.4,78,79,0
22.5,20.3,25.6,17.2,19.2,17.2,1015.1,73,45,0
20.6,18.4,22.6,16.6,17.2,14.9,1016.8,70,65,0
18.6,15.9,21.6,11.9,15.1,12.3,1017.4,67,10,0
19.2,17.3,20.9,13.5,16.5,14.7,1016.5,75,70,0
19.3,18.8,19.9,17.4,17.6,16.4,1015.6,84,93,0
12.2,10.6,18.8,12.1,11.7,11.2,1019.9,94,100,12.9
11.8,10.3,13,10.3,9.7,7.5,1022,75,99,0
14.8,12.6,17.3,12,12.6,10.7,1020,77,80,0
15.3,12.7,18,10.8,10.2,3.9,1021.6,49,10,0
13.8,11.9,16.7,7.5,7.3,-2.8,1023.6,32,38,0
12.6,9.8,15.7,5.7,6.7,-2.8,1023.8,35,12,0
13.6,9.6,16.2,4.3,9.9,5.7,1021.8,59,14,0
15.7,13.3,17.3,9.1,12.4,9.3,1020.3,66,70,0
16.9,14.9,19.6,12.3,12,7,1021.2,52,87,0
16.3,14.2,17.9,10.7,12.7,9.3,1024.1,63,55,0
16.6,14.7,18.6,11.8,13.2,10.1,1024.1,66,58,0
15.8,13.5,19.1,8.6,11,5.9,1022.8,52,8,0
14.7,10.8,18.4,6.3,9.4,2.9,1024.2,47,0,0
13.8,11.5,15.9,6.4,9.6,4.8,1026,55,6,0
15.2,12.3,18.7,6.8,11.1,6.8,1023.6,58,19,0
17,14.2,20.3,9.4,14.2,11.9,1021.2,73,13,0
17.6,15.2,20.6,10.3,15.2,13.4,1020,77,29,0
18.1,16.9,20,12.2,15.6,13.8,1019.6,76,78,0
18.6,17.4,20,14.6,16.1,14.4,1017.5,77,87,0
20.4,18.8,22.2,17.4,18.9,18,1015.2,86,84,0
17.3,12,19.9,15.1,15.2,13.5,1016.6,79,88,0
12.5,9.9,15.4,8.8,8.4,3.3,1021.8,54,31,0
13.6,9.9,16.7,5.9,10.1,6.2,1022.6,61,46,0
16.2,13.9,19.7,10.1,12.3,8.6,1020.9,61,41,0
13.9,11.2,17,7.5,8.8,2.1,1022.4,45,17,0
12.3,10,15.2,6.3,6,-4.6,1024.3,31,4,0
12,8.6,15.1,4.2,6.8,-0.8,1024,42,16,0
13.9,10,18.2,4,8,-0.6,1023.7,38,14,0
15.3,12.2,18.4,4.4,9.9,3.3,1025.1,46,3,0
15,12.4,17.6,6.8,11.4,7.8,1027,63,2,0
15.2,12.7,17.8,6.7,11.7,8.2,1025.4,64,1,0
15.9,13.7,18.4,8.2,11.8,7.7,1023.2,59,9,0
16.5,14.8,18.8,10.2,13.7,11.5,1022.6,73,8,0
16.7,14.1,20.2,8.9,13.7,11.2,1021.7,71,6,0
16.2,13.9,18.7,10.1,13.1,10.5,1019.9,69,36,0
17.2,14.4,20.7,9.8,14.7,12.8,1019.2,76,2,0
17.3,15.9,19.1,12.1,14.9,13,1018.7,76,29,0
18.3,16.4,20.7,12.9,16.1,14.4,1016.6,78,78,0
19.8,18.3,23.4,16.7,17.8,16.5,1015.4,82,53,0
19.3,17,22.4,13.3,16.9,15.2,1017.5,78,33,0
18.5,16.6,21.2,13,16.1,14.4,1019.9,77,26,0
18.1,16.6,20.3,12.7,15.8,14.1,1019.8,78,38,0
15.9,14.7,17.9,13.7,13.5,11.5,1021.6,76,81,0
14.7,13,17.1,10.7,11.9,9.2,1021.6,70,60,0
16,14.5,17.3,10.9,13.3,10.9,1021.2,72,82,0
16.7,14.9,18.7,12.2,13.9,11.5,1022.8,72,86,0
14.2,12.4,16,11.9,11.1,7.9,1024.1,66,82,0
13.3,9.7,16.4,6.3,9.9,6.2,1023.9,63,15,0
15.2,12.5,18.5,8.2,11.8,8.4,1021.7,65,6,0
16.6,13.9,20.2,9.5,13.1,9.9,1018.6,66,14,0
18.5,16.4,23.4,11,16,14.1,1015.1,76,49,0
18.2,16.4,21,11.9,16.3,14.9,1014.4,82,23,0
16.8,15.3,19.2,11.9,14.4,12.5,1017.2,76,75,0
16.8,15.5,19.2,12.3,14.7,13,1017.1,79,52,0
16.1,14.7,17.9,12.4,14.2,12.6,1018.4,80,91,0
13.9,12.7,14.8,12.2,12.2,10.6,1018.5,81,100,0
13.4,12,14.1,12.8,12.8,12.3,1017.2,93,99,10.5
11.9,10,13.7,10.2,10.1,8.3,1021,79,99,0.9
10.7,9.8,11.5,10.4,8.6,6.4,1023.9,75,99,0
11.9,8.7,15.2,5.6,9.1,6,1024.6,67,57,0
13.4,12.2,15.2,9.1,10.2,6.8,1024.5,65,89,0
14.5,12.1,17.7,8.3,10.7,6.6,1024.2,60,39,0
14.8,12.5,17.9,7.2,11.5,8.1,1022.5,65,36,0
15.7,13.7,17.9,9.2,12.7,9.9,1020.1,69,59,0
18.1,16.2,20.4,13.5,15.8,14.1,1016.6,78,64,0
19.5,17.9,22.8,14.4,18.6,18,1014.2,91,81,0.5
17.3,14,21.6,16.3,16.3,15.5,1015.3,89,91,0.7
13.3,12.7,14,11.9,12.4,11.6,1016.4,89,98,9.7
15.8,13.9,17.7,13.2,15.3,15,1012.9,95,98,10.4
17.2,15.1,20.1,15.5,15.5,14.2,1013.9,84,89,14.7
14.8,13.9,15.6,14.3,13.6,12.7,1015.5,87,96,10.3
14.1,12.5,16.3,12.7,11.8,9.6,1019.9,75,90,10.1
14,11.5,17.2,8.6,10.5,6.8,1022.6,62,8,0
14.2,12.7,17.3,9.3,11.5,8.9,1020.6,71,35,0
14.3,13.1,15.7,9.9,11.7,9.3,1018.9,72,85,0
15.2,13.1,18.1,11.8,11.6,8.1,1019.5,64,70,0.3
14.8,13.7,17.5,10.4,10.8,6.3,1020.2,57,90,0
15.7,14.3,18.6,12.9,13.2,11.1,1020.5,74,89,0
13.7,11.5,15.5,13.6,11.6,9.6,1021.9,76,95,0
9.5,7.6,11.6,10.1,7.8,5.7,1024.7,78,100,0.7
6.1,4.8,7.7,6,4.6,2.2,1028.3,78,97,3.6
10.3,5.8,13.9,5,5.2,-3.3,1029.4,40,45,0
12.4,9.6,16.2,4.7,6.7,-2.6,1026.9,37,6,0
14.1,10.7,19.2,5.3,9.9,5.3,1024,57,21,0
15.7,11.9,21.1,6.8,11.1,6.2,1023.3,55,4,0
16.7,13.7,21,8.1,12.6,8.6,1022.9,60,0,0
17.4,15,20.7,10.2,13.4,9.7,1022.4,61,30,0
17.5,15.9,20.2,12.3,13.4,9.6,1021.1,61,48,0
19.4,16.9,22.9,13.1,15.4,12.3,1019.3,65,52,0
20,18.3,23.1,14.9,17.8,16.5,1016.1,81,82,0
19.9,18,23,16.2,18.3,17.3,1015.2,85,51,0
18.3,17.3,19.4,15.8,17.1,16.4,1015.2,89,92,0
19.9,17.9,22.3,17.4,19,18.4,1012.7,91,89,0
22.1,19.6,25.1,17.4,21.1,20.5,1009.4,91,91,0
23.9,22.1,26,21,22.3,21.5,1007.1,87,90,0
22.7,17.4,25,21.7,21.6,21,1009.3,90,95,1.3
17.1,16.7,17.7,16.5,16.7,16.4,1010.9,96,100,4.9
20,17.2,22.2,16,19.3,18.9,1006,94,97,0
18.7,16.6,21.6,18.3,17.8,17.3,1008.6,92,99,1.7
17.2,16.3,18.4,16.2,16.6,16.2,1009.2,94,99,0.3
18.9,17.6,21.2,16.8,18.3,17.9,1009.6,94,98,1.6
16.7,15.3,19.1,16.7,15.3,14.2,1013.2,86,100,2.4
15.3,14.6,16.1,15.7,13.3,11.5,1016,78,100,0
14.7,13.5,15.9,12.8,13.2,12,1016.1,84,100,8
15.5,14.2,16.5,13.3,14.1,13.1,1015.8,86,100,3.2
17.6,15.8,19.2,15.3,16.5,15.8,1015.4,89,99,0
18.5,17.8,19.5,17.1,17.7,17.1,1014.1,91,100,0.3
19.8,19,21.8,17.8,19.5,19.3,1011.9,97,96,13.6
20.4,19.2,21.7,18.6,19.8,19.5,1011,95,95,0
22,19.8,25.4,19.3,21.1,20.7,1009.6,93,95,8.2
17.5,15.5,20.7,17.9,16.6,16.1,1014.1,92,100,2.7
16.6,15.4,18.6,15,14.8,13.4,1015.3,82,94,0.1
17.9,16.4,19.4,16.2,17.1,16.6,1014.6,93,98,0
21.1,19.1,23.9,17.7,20,19.4,1014.7,90,70,0
22.1,19.8,25.8,17,20.7,19.9,1015,88,33,0
20.2,19.5,21.6,18.9,19,18.3,1017,89,67,0
21.4,19.2,25.3,16.8,18.6,16.8,1017.8,76,47,0
20.5,19.1,22.7,15.9,16.1,12.8,1017.9,62,80,0
21,19.3,22.7,17.3,18.5,17,1015.5,78,86,0
23.2,21.5,25.5,20,21.6,20.8,1013.5,86,80,0
24,22.2,27,20.5,22.7,22.1,1013,89,74,0
24.6,21.1,28.3,21.3,22.8,21.9,1014.8,86,77,0
20.4,19.4,21.4,17,16.9,14.4,1017.1,69,83,0
21.5,18.4,25,17.9,19.2,17.8,1016.2,80,90,0.4
23.4,21.6,27,20,21.8,21,1014.5,87,68,0
22.8,20.7,25.7,19.6,21.7,21.1,1014.8,90,75,0
20.8,19.3,23.7,20.2,18.9,17.8,1015.1,83,98,0.8
20.5,18.8,22.4,18.5,19.6,19.1,1012,92,97,1
24.9,22,28.7,20.6,23.4,22.7,1011,88,86,0
26.2,25.1,28.4,23.9,23.9,22.8,1010.9,82,80,0
26.3,25.2,27.3,23.7,24.2,23.3,1009.3,83,85,0
21.8,20.8,26.2,21,21.2,20.9,1011.6,95,97,86.2
21.6,19.7,23.2,19.3,20.5,19.9,1013.5,90,92,20.1
21.3,20.6,22,20.4,20,19.4,1012.6,89,97,7.1
22.5,20.9,25.3,19.9,20.8,19.9,1012,86,90,0
24.1,22.5,27.3,21.2,22.8,22.1,1011.9,89,79,0
25.4,23.5,28.5,21.2,23.6,22.8,1011.6,86,68,0
26.1,23.5,29.3,22.2,23.7,22.6,1011,82,53,0
26.3,23.4,30.5,20.9,23.5,22.2,1011.3,79,37,0
24.7,23.8,26.9,23,22.5,21.3,1013.9,82,78,0
24.2,23.2,26.7,22.1,22.2,21.2,1014.3,84,88,0
25.3,23.2,28.6,21.5,23.1,22.1,1012.4,83,81,0
25.2,24,26.8,23.5,23.6,22.9,1010.4,87,88,2.9
24.5,23,27,22.5,22.9,22.1,1011.2,87,86,28.3
25.2,23.6,27.8,22.6,22.8,21.7,1012.2,82,58,0
25.1,23.7,28.1,22.9,22.8,21.7,1011.7,82,69,0
24.6,23.6,26.8,22.4,23.5,23,1010.2,91,85,13.9
24.8,23.3,26.7,23.2,23.5,22.9,1009.9,90,90,1.1
25.8,24.1,28.4,23,24.1,23.3,1010.1,87,78,0
27.8,25.6,30.9,23.9,25,23.7,1008.9,79,70,0
26.7,25.1,28.9,25.2,24.8,24,1008.6,85,93,1.7
24.6,23.6,26.1,23.5,24,23.7,1007.2,95,100,127.7
25.5,23.9,28,23.5,24.7,24.3,1005.4,93,96,44.8
28.4,26.1,31.2,24.5,26,25,1004,83,70,0
27.2,24.7,30.1,23.5,25.3,24.4,1004.1,85,76,42.1
26.1,24.7,28.6,22.1,21.9,19.6,1006.7,68,57,0
25.9,24,28.7,21.6,21.9,19.8,1008.5,70,28,0
25.7,23.7,28.9,21.8,22.2,20.4,1007.4,73,68,0
25.1,23.8,26.4,23.5,23.7,23,1006,88,96,3.2
26.7,25.1,29.1,24.6,25.2,24.6,1005.1,88,90,34.7
26.8,24.8,28.6,24.7,25.1,24.3,1003.3,86,87,42.6
24.4,21.7,26.4,24,23.7,23.3,1003.8,94,94,26
21.7,21.1,22.5,21.4,20.8,20.3,1006.4,92,100,6.9
22.3,20.7,23.5,20.5,21.5,21.1,1007.5,92,95,2.3
25.3,23,28.7,22.9,23.4,22.4,1006.7,84,78,0
26.9,24.4,30.4,22.4,23.9,22.6,1005.8,78,40,0
27.5,25.5,30.9,23.5,25.1,24.1,1006.5,82,52,0
27.2,25.7,29.9,24.3,25,24,1008.9,83,47,0
27.7,25.7,30.7,23.8,25.1,24,1008.4,81,56,0
28.4,27,31.1,25.6,25.7,24.6,1004.7,80,77,0
28.6,26.6,30.9,26.1,26.4,25.4,1003.7,83,81,0.5
27.1,25.7,29.1,24.9,25,24.1,1005.8,84,85,0
28.1,25.7,30.5,25,26.5,25.9,1005.8,88,73,29.9
29,26.2,31.8,25.6,26.2,25.1,1005.3,80,67,1
28.1,25.8,30.6,24.2,25.7,24.8,1003.6,82,67,0
27.6,25.1,30.5,24.6,26,25.3,1003.5,88,91,21.8
28.8,27.7,30.4,25.5,26.4,25.4,1003.6,82,84,6
26.2,23.8,28.6,25,25,24.4,1004.5,90,94,175.1
25.4,24.6,26.8,21.6,24.7,24.4,1006.3,94,94,25.8
24.1,23.7,24.9,23.5,23.1,22.7,1007.7,91,97,0.2
25,23.6,27.1,22.6,23.1,22.1,1006.1,84,91,1.7
26.5,24.7,29.1,23.4,23.8,22.5,1004.5,79,61,0
26.6,25.3,29.4,24.2,24.3,23.3,1003.9,82,82,0
26.9,25.7,29.1,25,25.3,24.6,1004.4,87,87,28.1
27.2,25.9,28.2,25.1,25.9,25.4,1007.4,90,88,4.4
28.7,27.1,31.5,25.7,26.2,25.1,1008.4,81,63,0
29,27.3,31.8,25.2,25.9,24.6,1006,77,42,0
29.3,27.7,31.7,25.2,25.8,24.3,1003.5,75,57,0
28.3,24.5,30.6,26.5,25.9,24.9,1003.3,83,88,19.1
28.8,26.7,31.4,24.6,26.4,25.4,1004.3,82,86,1
29.1,27.5,31.3,23.4,26.4,25.3,1006.6,80,83,0.7
29.4,27.7,32.1,25.6,26.3,25.1,1007,78,55,0
29.2,27.6,31.6,25.6,26.5,25.5,1006.3,81,52,0.5
29.3,26.7,31.8,25.5,26.5,25.4,1005.3,80,72,2.3
28.9,28,31.5,25.4,26.9,26.2,1003.6,85,71,4.5
28.7,26.3,31.8,25.7,26.9,26.2,1002.3,87,74,13.3
26.7,25.2,29.2,26,25.6,25.1,1001.4,91,91,65.8
28.2,26.1,29,24.1,26.1,25.3,1005.2,85,95,10
28.5,26.9,30.5,26.1,26,25,1005.7,81,83,3.4
29,27.4,31.1,25.8,26.3,25.2,1004.8,80,67,0.8
29.4,27.8,31.8,26.1,26.5,25.4,1005.1,79,59,0.5
29.9,28.1,32.9,26,26.7,25.4,1004.4,77,44,0
30.2,28.4,32.8,26.6,27.2,26.1,1003.2,79,72,0
30.4,28.9,32.6,27.8,27.2,26,1002.4,77,72,0
27.8,25,30.1,27.7,26.1,25.5,1002.6,87,79,87.3
27.7,24.7,30,24.7,26.4,25.8,1003.7,90,85,126.3
29.3,27.4,31,26.1,26.8,25.8,1005.8,82,77,3
29.5,28.2,31.9,26.5,26.6,25.5,1006.6,79,65,0
28.7,25.4,32.5,24.5,26.6,25.7,1006.9,84,62,29.5
28.5,27,31.9,25.7,26.6,25.8,1005.3,86,68,1.6
29.3,26.7,32.8,25.7,26.5,25.4,1002.4,80,55,0
29.8,26.8,34.8,26.2,26.7,25.5,998.4,78,72,6.8
27.3,25.1,30.3,25.5,24.8,23.6,988.7,81,93,53.2
26.1,24.4,28.3,24.4,24.8,24.2,997.3,90,97,168.9
28.5,26.8,30.3,25.4,26.3,25.4,1005.9,84,87,12.2
27.5,26.4,29.9,25.7,26.1,25.5,1007.8,89,78,8.2
28.1,26.3,31.1,24.8,25.9,25,1007.5,84,53,0
28.1,26.7,31.2,25.4,26.2,25.4,1005.5,85,63,0.2
28.2,26.2,30.5,25.3,25.7,24.7,1005.2,82,70,8.2
28.6,26.7,31.8,25.4,26.3,25.3,1004.6,83,68,1.3
28.1,26.5,30.5,26.1,26.5,25.9,1006.3,88,75,7.3
27.3,25.5,28.5,26.1,25.5,24.7,1008,86,84,10
26.5,24.4,28.6,25.3,24.8,24,1010.2,86,83,18.4
27.5,25.3,30.2,23.9,25.5,24.6,1010.4,85,56,0
28.3,26.8,31.1,25.9,25.7,24.7,1010.5,81,43,0
28.2,26.1,30.8,24.9,25.9,25,1011.3,83,37,0.8
28.7,26.4,31.9,24.8,25.7,24.4,1011.7,78,38,0
28.8,26.7,31.5,25.7,25.8,24.5,1011.4,78,43,0.2
29,27,31.7,25.1,25.8,24.4,1011.2,77,44,0
29.3,27.7,32.1,25.4,25.9,24.5,1010.5,76,31,0
29.2,27.4,32,25.2,25.9,24.5,1009.9,76,23,0
29.4,27.1,32.4,24.9,25.8,24.3,1008.2,75,18,0
29.2,24.3,32.9,25.8,26.2,24.9,1005.7,78,35,3.9
28.6,27.1,31.5,23.4,26.1,25.1,1003.3,82,46,5.9
28.4,26.7,31.6,25.5,25.3,24,1002.3,77,57,0
29.5,26.9,33.1,25.2,26.3,25,1002.8,77,49,0
29.8,27.1,32.7,25.3,26,24.5,1004.3,74,25,0
29.7,27.3,33.2,25.5,26.3,24.8,1003.7,76,21,0
29.3,27.9,31.2,26.1,26.9,25.9,1004.2,82,59,0
29.7,28.1,32.6,25.8,26.8,25.6,1006.2,79,56,0.3
29.7,26.9,32.3,26.1,26.5,25.3,1006.5,78,50,2.3
29.7,26.5,32.3,26,26,24.5,1004.7,74,69,8.2
26.2,25.2,27.2,25.1,25.3,25,1004.1,93,97,98.5
26.4,25.1,27.5,24.5,25.5,25.2,1005.8,93,97,93.4
27.7,26.3,29.6,25.3,26.3,25.7,1006.7,89,84,4.6
28.5,26.9,31.4,25,26.3,25.4,1005.4,84,70,0
29.2,26.9,32.4,25.2,26.3,25.2,1005.1,80,57,0
29.6,28,33.3,26.3,26.7,25.5,1005.9,79,66,0
29.3,25.9,32.1,26.4,26.5,25.4,1004.9,80,54,8.7
28.5,26.7,30.5,25,26,25,1004.1,82,68,2
29.3,27.5,32.2,25.7,25.9,24.4,1004.7,75,41,0
29.4,27.2,32,25.5,26.2,24.9,1005.4,77,38,0.1
27.3,25.8,29.1,25,25.8,25.1,1001.5,88,84,29.2
28.5,25.4,32.5,24.8,25.9,24.8,999.3,81,87,12.7
28.5,25.7,30.6,24.2,26.2,25.3,1004.6,83,73,0
27.8,25.8,29.4,26.4,26.3,25.7,1007.1,89,68,6.2
29,26.6,31.7,24.6,26.3,25.2,1005.5,81,30,0
29.6,27.8,33.3,26.1,24.7,22.3,1002.4,66,82,0
29.5,28.1,31.9,25.7,25.2,23.4,1001.7,70,43,0
30.3,27.4,34.1,25.7,26,24.2,1000,70,13,0
30.5,28.7,32.8,25.9,25.8,23.8,1002,68,20,0
30.1,28.5,32.8,25.9,26.5,25,1004.2,75,38,0
29,26.5,31.4,25.6,26.6,25.6,1004.9,82,78,2.8
29.6,27.8,32.1,26.2,26.5,25.2,1004.9,77,67,0
30.2,28.7,32.9,26.8,27.3,26.1,1004.1,79,71,0
30.3,28.4,33.8,26.2,27.1,25.8,1001.9,77,71,0
29.1,26,32.1,25.1,26.5,25.5,1001.9,81,69,24.6
27.3,26.1,29.5,24.1,26,25.5,1000.8,90,87,29
27.7,26.1,29,25.4,25.9,25.2,1004.6,86,84,19.2
27.1,24.7,29.5,25.1,26,25.5,1009.9,91,79,47.9
26.6,24.8,29.4,23.8,25.6,25.2,1011.4,92,77,65.4
27.8,26.7,30.4,24.7,26,25.3,1011.7,86,64,1
28.2,26.9,30.4,25,25.9,24.9,1011.7,82,44,0
28.6,26.7,31.1,24.6,25.8,24.6,1012.7,79,39,0
29.2,27.4,31.8,25.2,26.2,24.9,1012.2,78,36,0
29,27.8,31,25.8,26.1,24.9,1011.4,78,43,0
28.8,26.9,31.6,24.5,25.3,23.8,1011.4,75,38,0
29,27.2,31.7,24.7,25.2,23.5,1010.4,73,30,0
29.4,27.1,31.8,24.7,25.8,24.3,1009.3,75,35,0
27.8,25.4,31.5,26.2,25.9,25,1008.6,85,76,72.1
27.4,24.6,30.4,22.2,22.9,20.6,1007.3,67,24,0
27.4,25.1,29.8,22,21.1,17.5,1005.8,55,33,0
27.4,24,30.9,19.3,18.7,12.5,1003.2,40,74,0
27.1,23.6,30.7,18.8,18.4,12.2,1006.5,40,29,0
26.9,24,29.9,19.5,20.7,17,1012.6,56,36,0
26.9,24.7,29.8,20.9,22.1,19.5,1015.2,65,21,0
27.3,25.1,30.5,22.1,23.3,21.3,1014.6,71,16,0
27.4,25.5,30.4,22.1,23,20.7,1013.7,68,18,0
27,25.8,28.4,22.2,22.8,20.6,1013.5,69,78,0
27.3,25.9,29.6,23.1,23.5,21.6,1013.9,72,59,0
27.2,26,29.2,23.2,24.4,23.1,1014.6,79,69,0
26.4,24.4,28.8,24.4,24,22.9,1013.7,81,80,5.5
26.3,24.3,28.7,23,23.8,22.7,1012.3,81,64,0
25.9,23.9,28.7,22.9,20.9,17.7,1014.8,62,75,0
24.4,22.5,26.2,21.2,19.9,17.2,1018.1,64,68,0
25.2,23.4,27.4,20.6,20.9,18.4,1019,66,46,0
25.3,23.6,27.4,20.7,21,18.6,1019.6,66,32,0
25.4,23.4,27.7,20.2,21.4,19.3,1018.5,69,25,0
25.6,24.1,28,21.3,22.3,20.6,1016.9,74,37,0
26,24.3,28.9,21.5,21.6,19.2,1015.8,68,39,0
25.5,23.6,27.9,20.4,21.7,19.7,1014.6,71,30,0
25.6,23.8,28.2,21.4,22.3,20.6,1013.3,74,36,0.2
26,24.5,28.6,21.3,22.5,20.7,1014.2,73,52,0
26.4,25.2,28.7,23.2,22.7,20.8,1015.8,72,90,0
25.1,22.7,26.7,21.6,21.2,19,1017,70,94,1.8
24.8,23.2,26.9,20.9,21.5,19.8,1016.9,74,70,0
25.1,22.7,28.8,19.6,21.1,18.9,1014.9,69,49,0
25.7,23,29.9,19.7,21.2,18.6,1013.1,67,43,0
26.2,23.4,30.4,20,21.6,19,1012.2,66,63,0
26.8,24.6,29.7,21.9,22.3,20,1010.5,67,67,0
26.7,24.9,27.5,24.1,23.5,22,1008.5,76,85,3.3
25.1,24.5,26.2,23.5,23.9,23.3,1010,90,96,25.4
25,24.3,26.3,22.7,22.4,21.1,1015.9,79,83,0
25.5,23.7,27.9,20.6,22.4,20.8,1016.4,75,24,0
26,24.3,28.4,20.9,23.3,22.1,1015.7,79,24,0
25.9,24.7,28.1,22.2,23.1,21.7,1016.9,78,78,0
24.6,23.6,26.5,22.7,21.7,20.2,1018,76,81,0
24.9,23.6,27.3,21.9,22.2,20.8,1018.2,78,74,0
24.9,24,26.6,21.7,22.7,21.6,1018.4,82,74,0
25.4,24.6,27.1,23.1,23.7,22.9,1014.4,86,58,0
25.9,24.5,28.2,21.9,23.7,22.6,1010.6,82,64,0
23.3,21.1,26,22.8,21.9,21.2,1012.3,88,89,30.6
20.1,18.7,22.3,17.3,16.5,13.8,1020.1,67,76,0
20.2,17.3,23,14.8,16.1,13,1021.1,63,42,0
21,17.4,24.1,13.5,16.7,13.6,1017.9,63,16,0
22.5,20,25.3,16.5,18.6,16,1014.6,68,14,0
23.2,21.7,25.2,17.3,20.7,19.4,1014,79,41,0.1
23.6,21.5,26.4,17.8,21,19.6,1014.8,79,17,0
23.1,20.8,25.7,16.5,18.9,16.3,1016.5,66,23,0
22.9,21.4,25.3,18,19.9,18.1,1017.4,74,34,0
22.5,21,24.3,17.4,19.5,17.7,1016.3,74,69,0
24,22,26.9,18.7,21.6,20.4,1014.1,81,34,0
21.6,19,23.6,19.7,18.4,16.3,1015.9,72,74,0
19.4,16.6,22.9,13.7,13.9,8.9,1017.6,52,35,0
19.9,16.8,22.4,12.6,14.9,10.6,1018.5,56,64,0
18.7,16.5,21.2,15.5,17.1,16.1,1018.6,85,96,11.1
21.3,19.2,22.7,15.3,18.9,17.5,1016.8,79,92,0.5
22.8,20.8,25.2,18.5,20.7,19.6,1016.4,82,83,0.5
23.7,22,26.1,19.1,21.4,20.1,1015.5,81,81,0
21.6,19.2,24.1,21.3,20.6,20,1012.8,91,96,31.2
17.7,16.9,19.4,17.8,16.7,16.1,1012.2,91,96,29.6
19.1,16.8,21.7,16,16.4,14.5,1015,75,85,0.3
17.9,16.9,19.3,16.8,17.3,16.9,1017.4,94,99,19.1
17.7,17,18.8,16.9,17.1,16.6,1017.9,93,99,20.2
19.8,17.6,22.8,16.3,17,15.1,1017.4,75,52,0
20.1,17,23,12.6,16.7,14.3,1018,70,22,0
21.2,18.5,24,14,17.8,15.7,1017.3,71,28,0
21.4,19.2,23.7,14.9,18.7,17.1,1017.1,77,48,0
21.6,19.4,25.5,15.7,18.3,16.2,1018.8,72,37,0
19.8,18.9,20.9,15.3,16.6,14.3,1022.8,71,86,0
17.7,17.1,19.2,15.7,14.8,12.5,1025.4,72,89,0
18.1,16.3,20.3,13.9,14.8,12.2,1025,69,38,0
17.8,15.5,20.8,12.2,14.3,11.4,1024.2,66,13,0
16.8,14.5,19.5,11.2,13.3,10.2,1025.2,65,80,0
16.3,14.5,18.4,13.2,12.8,9.6,1024.5,65,78,0
18.3,16,20.8,12.7,15.2,12.8,1021.8,71,62,0
18.8,17.9,20.5,17.2,17.1,16,1021.2,84,98,2.1
16.6,15.2,18.4,15.2,15.7,15,1021.8,91,98,35.2
17.8,14.9,21.3,12.5,13,8.4,1021.1,55,55,0
18.1,17.3,18.8,13.1,15.6,13.7,1019,76,83,0
19.9,18.7,21.6,16.7,18,16.8,1020.4,83,91,0
18.2,17.1,20.2,17,16.6,15.4,1023.2,84,96,1.5
17.3,16.1,18.9,15.5,14.9,13,1024.1,76,92,0
17.4,15.4,20.2,12.6,14.2,11.5,1024.1,69,32,0
16.7,14,19.4,9.5,13.1,9.9,1022.6,64,6,0
17.4,16.2,19.1,11.5,14.7,12.5,1020.3,73,36,0
17.8,16.6,19.6,13.1,15.4,13.5,1018.3,76,17,0
18.8,16.9,21.2,14.6,17.1,15.9,1018,84,14,0
20.3,17.6,22.9,13.9,17.9,16.4,1017.8,79,10,0
19.8,18.6,21.6,13.9,16.8,14.7,1018.5,73,24,0
18.6,18.1,19.6,15.4,16.4,14.9,1019.6,79,90,0
19.1,18.3,19.8,15.7,17.3,16.1,1019.6,83,95,0
17.7,12.9,20.4,16.5,16.1,14.9,1021.1,84,70,1.3
13.3,10.1,16.6,7.7,9.1,4.3,1025.1,55,10,0
14.1,11.7,16.6,7.6,10.7,7.2,1024.8,64,3,0
16,13,19.5,8.9,12.6,9.5,1025.4,66,11,0
15.8,13.1,18.7,8.7,12.2,8.7,1024.7,63,15,0
16.8,14.6,19,10.2,14.5,12.6,1022.2,77,21,0
18.8,16.2,22.1,12.1,15.9,13.7,1020.7,74,13,0
19.7,17.5,22.9,13.1,16.9,15.1,1020.3,75,56,0
17.1,16.3,18.8,15.6,16,15.2,1022.1,89,95,5.1
17.6,16,20.3,15.9,14.6,12.1,1023.5,72,48,1.4
16.4,13.8,19.8,8.6,12.2,8.1,1024.1,59,7,0
16.2,15,17.5,11.2,13.7,11.7,1021.7,75,79,0
18.4,16.6,20.5,14.8,16.5,15.1,1019.6,81,73,0
19.9,18.7,22.6,15.3,18,16.8,1019.8,82,47,0
18.6,17.4,19.8,13.5,16.8,15.5,1018.2,83,65,0
19.3,18,21.4,16.5,17.8,16.9,1015.4,86,89,0.1
19.4,18.2,21.3,18,18.4,17.8,1016.3,90,91,0.2
17.2,16.4,18.2,16.1,16.4,15.9,1017.1,92,96,12.2
17.3,14.5,20.5,12.4,14.6,12.4,1019.6,74,13,0
17.3,16.1,19.6,11.4,14.7,12.5,1022.8,74,42,0
18.6,16.3,21,13.7,15.7,13.5,1024.1,73,32,0
17.8,15.8,20.3,11.1,14.1,11,1023.1,65,5,0
17.6,15.1,20.6,10.7,14.8,12.5,1020.8,73,17,0
18.2,16.9,20.5,12.7,15.1,12.6,1020.9,71,60,0
18.5,16.9,21.3,14.3,15.9,14.1,1021.2,76,24,0
17.3,14.3,20.1,10.1,11.9,6.3,1024.4,50,3,0
15.6,12.5,18.7,7.1,9.7,2.5,1025.9,42,4,0
15.1,12.9,17.2,7.4,11.4,7.5,1023.6,61,28,0
16.7,14.5,19.3,10.2,14.1,12,1022.1,74,46,0
18.9,16.3,21.8,11.9,16.4,14.5,1021.8,76,27,0
19.3,17.7,22.2,12.9,16.8,15.1,1020.9,77,29,0
18.3,17.2,19.8,13.7,15.9,14.1,1019.1,77,77,0
18.2,15.9,21.3,13.4,15.5,13.4,1020.3,74,67,0
15.5,14.5,16.5,13.3,12.9,10.6,1021.1,73,94,0
16.8,15.2,18.6,12.5,14.5,12.7,1018.8,77,84,0
18,16.5,19.3,13.6,16,14.5,1019.2,80,86,0
20.2,18.1,23.9,15.7,18.2,17.1,1020.1,83,72,0
16.9,14.6,19.6,11.9,13.4,10.2,1023,65,43,0
14.7,12.8,17.5,12.4,10.3,5.4,1026.3,54,71,0
13.2,12,15.1,9.2,8.9,3.6,1028.6,52,86,0
13.9,10.4,17.6,6.9,9.4,4,1028.9,52,27,0
15.4,13.4,17.4,8.1,12,8.8,1026.8,65,45,0
16.8,14.8,18.6,11.4,13.7,11,1023.5,69,56,0
19,16.3,22.9,12.3,16,13.8,1024.5,73,41,0
17,15.6,19.3,11.5,14.3,12.2,1025.6,74,22,0
15.7,14.9,16.8,11.9,13.4,11.5,1024.9,77,53,0
17.6,14.7,21.6,10.9,14.6,12.2,1025.1,72,11,0
16.7,14.4,20.1,9.6,11.6,6.3,1027.3,52,2,0
14.5,12.1,16.9,7.9,9.6,3.8,1028.7,50,2,0
14.8,13,17.3,10,11.6,8.4,1024.9,66,17,0
16.7,14.2,20.2,9.1,13.5,10.7,1021.7,69,4,0
18,14.8,22,9.9,14.4,11.3,1020.4,66,8,0
18.6,16.7,21.2,11.1,14.9,11.8,1021,66,22,0
19,16.4,21.3,14.2,15.4,12.6,1019.9,67,74,0.6
20.1,18.3,22.8,14.5,18.3,17.2,1017.3,84,53,0
20.9,19,23.8,15.6,19.4,18.6,1015.9,87,53,0
21.1,19.4,24.1,16.1,19.7,18.9,1016.1,87,67,0
20.4,19.5,21.6,17.3,19.1,18.3,1018.5,88,82,0
20.3,18.7,22.7,17.4,18.7,17.7,1018.5,85,77,0
21.1,19.8,24.1,16.2,19.4,18.4,1018.6,85,39,0
19.6,18.6,21.3,17.9,17.5,16.1,1019.2,81,59,0
20.3,18.9,22.7,15.4,18.6,17.5,1017.3,85,56,0
21.4,19.2,25,15.8,19.5,18.3,1018,83,43,0
19.2,18.3,20.3,14.8,17.3,16,1020.4,82,85,0
19.1,18.4,20.4,16.4,17.3,16.2,1021.6,83,90,0
18.1,17.3,19.4,16.7,16.5,15.4,1022,84,97,0.4
17.9,17.2,19,15.7,16.4,15.4,1020,85,98,0.1
19,17.6,20.4,16.7,17.4,16.4,1018,85,90,0
19.9,18.7,22.2,16.2,18.3,17.4,1017,86,85,0
18.5,17.7,19.9,17.7,16.9,15.8,1019.8,84,96,0
16.9,16.3,17.8,15.7,15.8,15,1017.8,89,95,1.3
13.4,10.8,17.3,14.1,12.1,10.8,1021.2,85,92,8.8
13.3,9.6,16.8,7.2,10.1,6.6,1024.6,64,46,0
16.6,14.6,19.2,12.4,12.8,9.2,1023.8,62,80,0
17.7,15.4,20.2,11.3,13.8,10.4,1025.5,63,34,0
17.6,16.3,19.5,13.3,14.9,12.8,1023,74,78,0
19.4,18.1,21.6,15.4,17.8,16.8,1019.6,85,72,0
21.4,18.9,25,15.4,19.5,18.5,1017.6,84,60,0
22.2,20.7,23.2,18.3,20.5,19.6,1013.5,85,82,0
23.1,21.7,24.4,18.8,21.7,20.9,1011.2,88,86,0
23.8,22.5,25.6,21.4,21.9,20.9,1011.8,84,86,0
23.5,22.7,24.5,21.7,22,21.2,1011.7,87,93,0
23.7,22.2,26.4,19.9,21.7,20.7,1012.7,84,73,0
21.7,20.4,22.8,17.1,20.7,20.2,1013.2,91,91,0
20.9,19.5,22.1,19.4,19.8,19.2,1012.9,90,92,0
24.1,21.8,26.4,20.7,22,21,1012.2,83,85,0
24.7,23.7,27,21.6,22.2,20.9,1011.6,80,85,0
22.1,19.5,24.9,21.3,20.8,20,1012.9,88,89,0.4
20.5,19,22.3,18.1,20,19.7,1011.7,95,92,57.7
21.2,19.5,23.9,20.5,20.6,20.3,1011.5,95,89,126.4
21.2,20.4,22.9,19.4,20.8,20.5,1012.8,96,93,10.6
23.6,21.2,26,19.8,22.2,21.5,1009.3,88,83,0
24.4,23.1,25.4,22.2,23.1,22.5,1008.9,89,88,0
23.5,20.9,25.4,23,22.4,21.9,1012.1,91,90,14.8
23.3,21.2,26.4,21.2,22.1,21.6,1013.2,90,88,0.1
25.4,24.1,26.4,22.6,23.4,22.5,1010.5,84,80,0
25.1,24.5,25.7,23,23.5,22.7,1010.9,87,83,0.4
17.8,13.8,25.1,20.3,16.8,16.1,1017.4,90,95,23.6
14.6,13,16.2,14.5,12.7,11,1021.7,79,94,0
16.8,15.4,18.3,16.1,15.5,14.6,1018.4,87,98,0
18.4,17.8,19,17.3,17.4,16.8,1017.6,90,100,0
20.5,19,22.4,17.4,19.7,19.2,1017.2,92,89,0
22.2,20.3,25.9,19.7,21,20.4,1018,90,80,0
20.8,19,24.8,19.2,19.8,19.3,1017.7,91,65,0
20,18,22.7,17.8,18.3,17.2,1015.8,84,78,0.1
20.4,17.9,22.4,19.2,19.4,18.8,1013.8,91,95,1.8
18,16.7,19.6,17,16.4,15.2,1014.8,84,97,0
18.3,17.5,18.9,16.1,17,16.1,1013.5,87,98,0.7
19.6,18.2,21.3,17.6,19.3,19.1,1010.2,97,95,46.2
20.3,19.7,20.9,19.6,20.1,19.9,1010.6,98,97,137.8
20.8,20,21.6,19.6,20.2,19.9,1011.1,95,91,12
22.2,20.8,25.4,18.4,20.9,20.3,1012,89,73,0
22.3,20.7,24.2,20.4,21.6,21.2,1012.3,94,87,0
25.1,22.9,27.2,21.6,23.8,23.1,1011,89,89,0
26.3,24.5,28.2,22.4,24.2,23.2,1010.4,83,74,0
21,16.6,26.3,24.5,20.2,19.7,1013.2,93,99,52.8
15.8,14.2,17.6,15.7,15,14.4,1017.7,92,100,18.2
15,14.2,15.7,13.4,14.3,13.7,1018.4,92,99,7.3
17.3,14.4,20.2,14.3,15.6,14.3,1019.2,83,91,0.9
19.7,18.2,22.7,17.5,17.5,16,1019.1,79,70,0
20.3,18.6,22.9,17.3,17.4,15.4,1017.8,73,72,0
21.6,19.2,24.4,17.3,19,17.5,1015.8,78,24,0
22,20.1,24.7,17.6,19.3,17.7,1015.6,78,43,0
23.2,21.6,25.6,21,21.2,20.2,1014,83,86,0
24.1,22,26.5,20.5,22.5,21.8,1013.3,87,68,0
25.2,22.5,28.6,20.7,23.6,22.9,1013.5,87,61,0
26.3,24.5,29.4,22.8,24.1,23,1012.3,83,74,0
26.5,24.3,29.3,22.2,24.1,23,1012.4,81,56,0
27,25.4,29.7,23,24.4,23.3,1012.1,81,67,0
27.2,25.4,29.8,24.8,24.2,22.8,1013.7,77,65,0
22.3,21.5,26.3,21.8,20.2,19,1018.3,81,99,0
22.6,21.3,25.2,21.8,20.4,19.2,1018.1,82,75,0
23.1,21.4,26.2,19.4,21.1,20.1,1014.8,83,69,0
24.2,22.7,26.8,20.8,22.9,22.2,1013.2,89,83,0
26.3,23.7,29.4,21.4,23.9,22.8,1011.2,81,74,0
27.4,26.5,29,25.6,24.9,23.8,1009.5,80,83,0
24.9,21.3,28.8,25.1,23.3,22.5,1011.8,87,84,30.6
21,20.1,22.1,19.5,19.3,18.4,1014.3,85,96,0.9
21,19.9,21.9,19.8,20.4,20.1,1012.8,94,100,1.9
23.1,21.4,25.7,21.2,22.2,21.8,1011,92,90,0
24.1,22.9,27.1,22.7,23.5,23.3,1010.4,95,91,68.8
22.7,21.7,24,22.6,22.3,22.1,1012.3,97,96,16.5
22.6,21.2,24.8,21,21.2,20.5,1015,88,90,0
23.9,22.7,27.1,22.6,22.4,21.7,1014.7,87,78,0
25.8,23.3,29.2,22.4,23.8,22.9,1013.5,85,41,0
26.9,24.3,30,24.7,24.8,23.8,1012.2,84,48,0
27.5,25.2,30.5,23.9,24.8,23.6,1011.9,80,34,0
25.3,23.3,27.7,23.9,23.4,22.5,1013.8,85,85,0
24.5,22.8,26.9,22.8,22.4,21.4,1013.4,83,81,0
26.5,23.9,28,23.5,25.1,24.5,1009.5,89,93,67.2
24.4,23.4,26.4,22.8,23.6,23.2,1008.7,93,92,42.3
23.1,22.3,25,21.6,21.7,20.9,1010.9,87,92,0
23.6,22,26.5,22.1,22.5,21.9,1010.9,90,94,0.6
26.8,24.1,28,23.5,25.3,24.7,1008.2,88,88,4.5
28.1,27,29.7,25.2,25.9,25,1005.2,83,87,2.1
26.2,23.3,29.5,25.6,24.9,24.4,1003.5,90,91,107.5
24.8,23.8,26,22.7,24,23.6,1006.1,94,94,35
26.2,24.8,28.3,23.4,25.1,24.7,1008.8,91,82,6.6
26,24.5,28.4,24.3,24.9,24.5,1010.5,92,80,4
25.9,25,28.3,24.3,24.8,24.3,1010.4,91,83,2.6
25.6,23.2,27.7,24.7,24.8,24.4,1009.1,93,91,55.9
24.3,23.2,25.3,24.4,23.8,23.6,1009.9,96,95,12.1
23.5,23.1,24,24.2,22.8,22.5,1012.1,94,93,1.1
25.6,23.7,28.2,22.4,24.2,23.6,1012.3,89,69,0
27.1,25.2,29.6,24.9,25.5,24.8,1010.7,87,71,0
27.2,24.1,29,25.6,25.3,24.4,1008.4,85,91,18.5
27,24.5,29.8,23.5,25,24.1,1009.5,84,72,0
28.2,26.5,30.1,25.4,25.8,24.8,1009.3,82,79,0
26.3,24.3,28.2,26.2,25.3,25,1009.4,93,93,46.6
25.6,24.1,27.5,23.5,24.5,24,1010.1,91,94,40.7
25.8,24.4,26.8,23.9,24.3,23.7,1009.4,88,89,8.3
25.3,22.8,28,24.4,24.1,23.6,1006.7,90,95,40.3
23.4,21.4,26.7,21.2,20.5,18.9,1006.5,76,83,0
23.2,21.9,25.2,21.2,20.4,18.8,1008.8,77,86,0
24.8,23,27.5,22.3,20.7,18.4,1010,68,63,0
24.8,23.5,26.1,21.7,21.5,19.8,1008.7,74,71,0
25.8,24.5,28.3,24.4,23.7,22.6,1005.9,83,73,0
27.4,25.8,30.2,24.5,25.3,24.5,1003.1,84,54,0
28.2,26.1,31.3,24.9,26.1,25.2,1002.4,84,34,0
28.2,26.6,30.2,25.7,25.8,24.8,1003.7,82,69,0
26,24.4,27.8,25.1,24.1,23.3,1006.5,85,95,1.7
26.3,24.7,28.3,24,23.9,22.8,1006.1,81,91,0
26.2,25.6,27.1,24.4,24.2,23.3,1003.5,84,93,2.7
26.9,25.3,29.1,24.8,26,25.6,1003.9,93,90,61
27.6,25.7,30.6,25,26.1,25.5,1006.8,89,81,9.2
28.7,26.6,31,26.8,26.6,25.8,1008.4,84,84,1.9
29.6,28,32.6,27.6,27,26,1005.3,81,71,0.3
29.5,28.4,31.2,27,27,26,1002.2,82,72,0
30,28.8,32.3,27.5,27.3,26.3,1001.8,80,69,0
30.3,29,32.2,27.6,27.6,26.5,1003,81,78,0
30.4,29.2,32.8,27.5,27.6,26.5,1005.3,80,65,0
30.1,28.8,32,27,27.3,26.3,1007.2,81,78,0
30.1,28.8,32.4,27,27,25.7,1006.6,78,81,0
30.4,28.6,33.3,26.2,27,25.7,1004.8,76,46,0
30.5,29,33.4,26.8,27,25.6,1004.2,76,73,0
30.6,28.6,33.6,27.3,27.2,25.9,1005.8,76,73,1.1
29,26.4,31.4,26.5,27,26.2,1006.6,85,65,18.4
29.7,27.8,32.2,26.4,27,25.9,1007.1,80,69,3.4
30.2,27.9,32.6,26.6,26.9,25.6,1009.1,77,64,1.2
29.3,27.8,31.5,26.3,26.7,25.7,1009.3,81,69,3.3
29.1,27.2,30.7,27.2,26.5,25.4,1008.1,80,56,5.3
28.3,26.6,30.9,25.8,26.4,25.6,1006.9,85,64,12.8
28.7,27.4,30.7,25.8,26.4,25.5,1007.3,83,75,9.5
29.5,27.3,32.4,27.5,26.6,25.4,1008.6,79,74,2.7
30,27.4,32.9,26.5,26.7,25.4,1007.9,77,55,1.9
30.1,28.2,32.7,26,26.5,25.1,1005.9,75,29,0
30.1,27.8,32.8,25.7,26.8,25.4,1002.9,77,47,0
30.5,28.1,34.2,26.4,27.5,26.3,1000.4,79,29,0
30.6,28.7,33.7,27.4,27.8,26.8,1000.8,81,78,0
30.8,28.4,33.9,27.6,27.3,25.8,1002.1,75,61,0
30.3,27.4,33.4,26.1,26.8,25.4,1003.2,76,58,0.1
29,27.1,31.4,26.4,26.6,25.6,1004.2,82,70,3.1
28.2,26.6,30.7,25.8,26.3,25.6,1005.5,86,80,11.8
29.6,26.3,32,27,26.7,25.6,1004.7,79,78,11.3
30.4,28.1,33.1,26,26.8,25.4,1003.1,75,47,1.6
31,29.2,33.5,27,27.2,25.7,1002.6,74,55,0
28.1,23.9,30.9,26.5,26.4,25.7,1005.1,87,87,97.3
25.9,24.1,27.4,23.3,24.7,24.2,1008.4,91,91,9.3
27.2,25.1,29.8,25.8,25.8,25.1,1008.7,89,73,16.4
26.2,24.8,29.3,25,25.3,24.9,1007.8,93,86,62
26.7,24.5,29.4,23.6,25.4,24.9,1006.3,90,90,30.3
27.6,25.9,30.6,25.6,25.7,25,1005.1,86,80,3.8
26,24.6,28.6,24,25.2,24.8,1005.9,93,93,84.2
27.1,23.6,29.7,25.4,25.7,25.1,1004.7,89,100,88.8
26,24.1,27.5,22.4,24.6,24,1005.2,89,99,138.2
28.8,25.7,30.8,23.9,26.4,25.5,1006.4,83,91,0.3
29.2,28.1,31.7,25.9,26.5,25.4,1009.1,80,70,0
28.8,28,30.1,25.7,26.3,25.3,1011,81,64,10.8
29.2,27.3,31.4,24.6,25.9,24.6,1012.4,77,44,0
29.2,27.6,31.7,25.7,25.9,24.5,1011.1,76,24,0
29.4,27.5,32.1,26.7,26.4,25.2,1009.1,79,30,0
29.2,27.5,32.1,26.7,26.3,25.1,1008.1,79,34,0
29,27.7,31,26.9,26.2,25,1007.5,79,60,0
28.8,27.7,31.1,26.3,26.2,25.1,1007,81,81,0
28.6,26.3,31.5,26.7,25.7,24.5,1008.3,79,83,0
28,25.3,31.1,23.8,24.9,23.6,1009.5,77,75,0
28.6,26.9,30.9,25.8,26.1,25.1,1010.7,82,84,0
28.3,26.4,30.7,23.6,25,23.5,1011.5,76,30,0
28.7,26.7,32.3,24.9,25.5,24.1,1009.4,76,32,0
28.5,27.1,31.6,25.7,25.8,24.7,1007.7,80,68,4.7
27.6,25.3,29.8,25.3,26.1,25.4,1007.3,88,86,20.8
27.1,25.5,29.6,25,26,25.5,1008,91,84,16.6
26.9,24.8,29.9,24.8,25.2,24.4,1009.3,87,80,43.4
28.6,26.2,31.7,26.2,26,24.9,1008.9,81,58,0
29.2,27.2,31.6,26.1,26.6,25.5,1007.6,81,35,0
27.8,24.3,29.9,26.1,26.2,25.5,1006.5,87,73,41.5
28.6,27.7,30,26.3,26.7,25.9,1006.2,86,84,4
28,26.7,29.8,27.5,26.3,25.6,1009.6,87,85,11.8
28.4,26.5,30.9,26.1,25.9,24.8,1012.2,81,74,2.2
28.6,27.2,30.9,25.8,25.9,24.8,1011.6,80,61,0.2
28.2,26.5,30.7,26.2,25.9,25,1009.7,83,65,5
28.9,27.1,31.3,24.8,25.6,24.2,1009.5,76,48,0.3
29,27.8,31,25.2,25.6,24.2,1009.2,76,46,0
29.1,27.4,31.2,26.4,25.8,24.4,1006.8,76,44,0
29,24.7,31.9,26,26.2,25.1,1003.8,80,67,15
29.6,27.2,32.4,25,27,26,1003.7,82,67,0
29.7,28,32.1,28,27.1,26.1,1005.9,81,55,0
29.4,28,31.4,27.3,27.1,26.1,1008.1,83,64,0.4
28.2,25.8,30.4,25.6,26.5,25.8,1009.2,87,63,14.8
28.8,26.5,30.8,26.4,26.5,25.6,1009,83,43,12.2
29.2,27.8,31.4,26.4,26.7,25.7,1007.3,82,58,0
29.4,27.3,32,26.4,26.8,25.8,1006.4,81,53,0
29.5,27.6,31.5,25.7,25.9,24.4,1006.7,75,77,0
28.5,27.4,30.2,26.1,25.3,23.8,1007.2,76,79,0
29.1,27.1,31.9,25.9,24.6,22.6,1006.5,69,46,0
29.1,26.3,32.3,25.6,22.9,19.8,1003.6,57,33,0
28.8,26.9,31.9,25.1,23.2,20.4,1002.2,61,76,0
27.1,26.1,28.7,25.4,22.7,20.4,1004.6,67,78,0
27.5,25.2,30.2,23.7,24.6,23.4,1007.2,78,78,0.2
27.9,26.5,29.2,24.9,25.7,24.7,1008.7,83,68,1.7
27.9,26.7,30,25.7,25.8,25,1008.8,84,63,0.9
28.2,26.6,30.6,25.4,25.6,24.5,1009.4,81,60,0
28,26.2,29.9,25.5,24.7,23.3,1011.6,76,57,0.3
27.3,25.3,29.1,25.5,24.2,22.8,1013.5,77,56,4.8
27.2,25.5,28.5,24.5,24.7,23.6,1014,81,72,6.7
26.7,26.4,27.2,24,23.5,22,1014,76,88,0
27.1,26.3,28.5,24.2,24.1,22.8,1013.6,78,83,0
26.2,24.8,27.4,24.5,24.4,23.5,1013.6,85,88,94.2
25.5,24.2,26.6,22.9,24.4,23.8,1013.7,91,90,3.5
26.2,25.2,27.9,24.1,24.3,23.4,1013.8,85,82,0
26.3,25.6,27.3,24.4,24.9,24.3,1012.8,89,72,1.7
26.7,23.6,29.9,24.2,25.4,24.8,1012.9,89,78,14.2
22.6,21.7,23.7,22.4,21.2,20.4,1015.9,88,94,2.7
23.7,22.4,25.6,22.3,21.5,20.3,1016.4,81,93,0
25.2,23.9,27.3,22.7,21.9,20.2,1016.2,74,70,0
25.4,24.5,27.3,22.4,22.7,21.3,1015.2,78,72,0
25.4,24,27.7,21.9,22.9,21.8,1015.1,80,67,0
24.8,23.7,26.6,23.8,23.1,22.2,1015.1,86,82,4.3
25.5,23.7,27.4,21.7,23.3,22.2,1013.6,82,56,0
26.1,24.7,27.9,23.1,24,23,1013,83,60,0
25.7,24.1,27.5,21.5,22.6,21.1,1014.3,76,21,0
26.2,24.7,28.2,22,23.7,22.5,1016,80,18,0
27,25.4,29.1,22.8,25.1,24.3,1016.1,86,43,0
27.5,25.9,30.3,23.8,25.7,25,1015,86,55,0
27.6,26.5,29.4,25.3,25.7,24.9,1014.6,86,78,0
27.3,26.3,28.9,25,24.9,23.9,1013.6,82,71,0
27.3,26.1,29.1,23.6,24.9,23.8,1011.6,81,41,0
28.1,26.3,30.7,23.7,25.3,24.1,1009.9,79,57,0
27.9,26.6,29.9,23.9,25.4,24.3,1011.5,81,61,0
27.1,26.4,28.5,23.8,24.4,23.2,1012.3,79,55,0
27.2,26,29.3,22.9,24.7,23.6,1012.2,81,31,0
26.5,25.1,28.6,23.8,25.1,24.4,1012.5,88,71,4.3
25.8,23.2,29,20.8,22.2,20.3,1013.1,72,19,0
26.6,24.6,29.3,21,23.9,22.7,1013.5,80,22,0
26.8,25.6,28.2,23,24.5,23.4,1013.8,82,63,0
25.7,24.3,27.6,22.7,22.8,21.4,1015.1,77,66,0
25.3,24.4,26.1,22.5,23.2,22.2,1013.9,83,83,0
26,24.5,27.7,24.1,24.2,23.4,1014.2,86,72,2.6
25,23,26.5,23.2,22,20.3,1015.5,76,73,0
23.6,20.9,27.1,19.7,19.3,16.7,1014.9,66,58,0
22.5,20.4,26.1,17.9,17.6,14.1,1012.2,59,73,0
21.2,20.3,22.6,19.1,17,14,1011.7,64,89,0.1
22.6,19.7,26.3,17.7,18.8,16.5,1013.5,68,69,0
23.1,21.5,26.8,19.5,20.5,19,1014.2,78,79,2.8
23.8,21.8,25.6,20.8,22.8,22.2,1013.3,91,89,47.9
24.7,23.9,25.7,23.2,23.8,23.4,1015.5,92,89,10.7
25.8,24.4,27.6,22.6,23.6,22.6,1016,83,58,0
25.8,25,27.9,23,23.9,23,1015.7,85,80,0
25.5,24.9,26.4,24.1,24,23.3,1015.5,88,85,0.2
26.2,24,28.7,23,23.8,22.7,1016.5,81,55,0
22.7,21.7,24.1,21.2,20.1,18.6,1018.8,78,78,0
22.8,21.2,25.3,21.6,19.7,17.8,1020.8,73,84,0
22.1,20.3,24.1,20.3,19.1,17.3,1019,74,82,0
21.6,20.4,22.8,20,19,17.4,1016.7,77,87,0
20.7,19,23.6,18.4,17.3,15,1018.2,70,78,0
20.6,18.2,22.9,16.2,16.9,14.4,1018.5,68,67,0
21.6,19.5,23.9,17.7,18.1,15.9,1015.7,70,65,0
22.3,21.3,23.4,19.3,19.6,18.1,1014.7,77,84,0
23.4,21.9,25.2,20,20.5,18.8,1015.8,76,87,0
24,21.8,27,20.3,20.5,18.6,1016.5,72,73,0
24.3,22.7,26.7,19.4,19.4,16.4,1016.7,62,20,0
23.1,21.5,24.4,19,19.8,17.9,1019.1,73,55,0
22.8,21.6,24.6,19.3,19.6,17.6,1018.8,73,66,0
23.3,21.7,25,19.7,20.6,19.1,1016.4,77,79,0
23.7,22.2,25.7,20.3,20.9,19.3,1015.1,76,65,0
22.9,21,25.1,20.5,19.3,17.1,1017,70,56,0
20.2,18.9,21.8,17.6,17.8,16.2,1016.6,79,95,2.5
20.8,19.9,21.8,18.8,19.9,19.4,1014.3,91,100,2.5
22,21.1,22.7,20.4,21.1,20.6,1014.9,92,100,1.1
22.7,22.3,23.3,20.7,21.5,20.8,1017,89,89,0.1
23.8,22.4,26.4,21.9,22.4,21.6,1015.4,88,65,0
23.4,22.5,24.8,21.2,20.7,19.3,1014.7,78,56,0
23.1,22.2,24.6,20.5,20.6,19.2,1014,79,54,0
23.8,22.3,26.4,20,21.6,20.5,1013,82,44,0
24.5,22.9,26.3,20.1,22.4,21.4,1011.1,83,82,5.5
17,10.8,25.8,19.5,16,15.3,1011.1,90,98,46.3
9.2,8.4,11.2,8.9,8.6,7.9,1021.4,91,100,7.4
9.5,7.6,11.2,9.3,8.1,6.6,1023.7,82,100,1
12.2,9.7,16,9.4,9,5.2,1023.9,63,82,0
11.6,9.8,13.7,9.6,8,3.5,1024.9,57,88,0
14.4,10.4,17.5,8.1,10.7,6.7,1023.2,60,50,0
15.7,13.8,18.1,13.3,12.2,8.9,1022.6,64,53,0
14,11.8,17.5,10.3,9.1,2.8,1024.1,48,1,0
11.1,9.2,13.1,7.3,5.5,-4.2,1027.3,34,1,0
11.5,7.8,15.3,5.3,6.8,0.1,1027.6,46,6,0
14.6,11.5,17.8,8.7,9.8,4.1,1024.9,50,34,0
16.2,13.4,19.5,9.5,12.3,8.5,1022.8,61,14,0
17.7,15.4,20.3,11.6,14.9,12.6,1020.4,73,25,0
17.6,15.2,20.9,11.4,13.6,9.8,1020.8,62,2,0
15,12.3,18,10.2,10.9,6.5,1021,57,5,0
15.5,13.8,17.4,9.8,12.4,9.5,1021,68,34,0
16.7,14.3,18.8,12.4,13,9.6,1023.4,64,67,0
17.7,16.1,19.8,13.5,13.7,10.1,1021.7,62,66,0
15.8,13.4,18.6,11.6,10.9,5.4,1022.2,50,18,0
15.4,12.5,18.3,8.9,10.5,4.9,1023.5,51,7,0
16.6,14.1,18.8,8.9,12.3,8,1022.8,58,75,0
18.4,16.6,20.8,13.9,13.2,8.4,1021.5,52,88,0
18.7,16.9,21.3,14.4,11,1.7,1022.7,33,60,0
17.2,14.7,20.6,10.6,11.1,4,1024.3,43,2,0
16.3,14.4,18.6,9.2,12.7,9.3,1023.8,64,8,0
16.7,14.2,19.1,9.5,13.1,9.9,1022.7,65,9,0
18.5,16.3,20.5,10.7,15.4,13.1,1022.2,71,68,0.4
20.6,18.8,23.4,15.4,16.9,14.2,1023,67,79,0
21,19.1,22.6,16.4,17.8,15.7,1021.6,72,86,0
21,20,22,17.8,18.3,16.6,1020.5,76,86,0
21.7,19,24.9,16.3,18.2,16,1018,71,50,0
22.4,20.7,25,16.9,19,17,1015.7,72,52,0
21.2,18.3,25.9,16.7,18.8,17.4,1018,79,54,0
18.1,17.5,19.1,16.3,15.7,14,1021,77,84,0
19.6,17.3,22.1,15.8,16.7,14.7,1020.6,74,84,0
20.1,18.8,21.8,17.3,17.8,16.3,1020.4,79,57,1
18.7,17.9,20,15.3,16.6,15.1,1021.4,80,44,0
18.9,17,21.3,14.4,16.5,14.9,1020.8,78,22,0
17.6,15.1,19.8,14.4,13.9,10.7,1023.1,64,35,0
15.9,14.6,17,11.1,12.9,10.3,1020.9,69,67,0
18.1,15.8,20.7,12.6,15.4,13.4,1019.3,75,40,0
18.3,15.8,20.9,12.6,16,14.4,1019.9,78,13,0
18.2,17,19.7,14,16,14.4,1021.5,79,39,0
17.4,16.5,18.6,13.8,15.2,13.5,1024.5,78,61,0
16.6,14.7,18.5,12,13.8,11.5,1024.9,72,44,0
16.4,14,19.2,11.4,13.3,10.6,1022.5,69,8,0
16.6,15.2,18.3,11.5,14.2,12.2,1020.4,75,36,0
18.7,16.3,21.6,12,15.9,13.9,1019.4,74,60,0
19.5,16.7,23.4,13.1,16.7,14.7,1019.5,75,21,0
18.6,17,20.6,13.2,16.3,14.7,1021.3,78,21,0
17.2,14.6,19.9,13.2,14.1,11.4,1022.3,69,33,0
14.8,13.6,16.5,11.5,11.4,8.2,1021.9,65,86,0
14.7,11.4,18.2,9.2,11.2,7.7,1020.4,63,16,0
16.7,15.4,18.1,11.4,14,11.9,1016.7,73,81,0
18.6,16,21.6,13.1,16.7,15.4,1012.5,82,63,0
20.6,18.5,23.7,15.8,19,18.1,1011.3,86,38,0
18.1,15.2,20.2,16,16,14.4,1015.7,80,70,0
15.5,14.4,16.3,14,13.5,12,1017.1,80,88,0
17.6,16.2,19.1,15.5,16,14.8,1016.2,83,88,0
19,17.9,20.8,14.8,17.1,15.9,1016.9,82,64,0
18.1,16.9,19.7,14.9,16.2,14.9,1017.2,82,57,0
17.7,16.2,19.7,15.4,16.2,15.1,1015.9,85,59,0
19,17.5,21.3,15,17.1,15.8,1016,82,57,0
19.4,17.5,21.2,16.3,17.4,16.1,1016.7,82,76,0
18.4,16.6,20,16.1,16.9,15.9,1016.3,85,82,0
17.5,15.7,19.2,15.1,15.7,14.4,1016.4,82,88,0
18.6,17.1,21.2,15.9,16.7,15.3,1016.7,81,77,0
15.9,15.3,17.1,13.6,13.1,10.6,1017.9,71,92,0
16.4,15.3,17.5,13.8,14.4,12.9,1016.1,80,88,0
19.8,17,23.4,16.3,18.5,17.6,1014,88,62,0
20.3,17.1,23.5,17.4,19.1,18.5,1014.5,89,80,0
17.2,16,19,15.6,15.4,14,1015.7,82,84,0.2
14.4,13.6,16.1,13,12.7,11.3,1018.7,82,88,0
15,13.8,16,13.2,13.3,11.8,1019.6,81,88,0
14.4,13.5,15.4,13.8,13.1,12,1021.4,86,94,0
14.2,13.1,15.9,13.2,12.3,10.5,1021.3,79,85,0
15.1,13.1,16.5,12.2,13.2,11.6,1019,80,81,0
17.3,15.2,20.2,12.9,15.3,13.8,1017.4,80,45,0
17.7,16.1,21,14.8,16.1,14.9,1018.2,84,43,0
16.6,15.5,17.8,15.1,14.7,13.1,1020.2,80,86,0
16.3,15.3,18.2,14.6,14.4,13,1021.8,81,89,0
13.6,11.6,16.5,12.8,10.8,8,1025.7,69,84,0
11.2,10.3,12.4,10.4,8.5,5.2,1027.7,67,98,0
12,10.1,13.5,11.2,9.8,7.5,1024.1,75,99,3
14.1,10.4,18.8,9.6,12.3,10.7,1022.4,81,56,8.6
14.7,13,17.4,10.6,12.5,10.5,1023.4,76,74,0
16.1,14.5,18.7,13.7,14,12.2,1021.5,78,69,0
19,16,22.6,13.8,15.4,12.5,1019.7,67,52,0
18.4,16.9,20.1,14.8,15.9,14,1020.1,76,61,0
16.9,16.1,17.9,15.2,15.4,14.2,1019.8,84,88,0
18.4,16.8,19.8,16.6,17.5,16.9,1017.1,91,98,0
18.3,16.8,21,17.1,17.7,17.3,1015.5,94,93,0
16.8,15.8,17.8,15.1,15.3,14.2,1016.9,85,97,0.1
16.1,15.5,16.8,15.3,15.2,14.6,1016.2,91,100,0
14.2,13.2,15.6,13.8,13.4,12.8,1015.7,92,100,0.3
12.4,11.8,13.7,11.6,11.5,10.7,1018.1,89,100,0.2
11.1,10.3,12,9.5,9.9,8.6,1020.4,85,99,0.3
10.7,9.5,11.9,8.9,9.8,8.9,1020.9,89,97,4.2
12.7,9.7,15.3,9.2,10.7,8.6,1022,77,98,0
13.3,12.8,14.3,12.2,11.4,9.7,1022.7,79,100,0.2
12.7,10.8,14,9.4,10.3,7.9,1025.2,73,96,0.5
12.8,11.6,13.6,11.5,10.4,8,1026.4,73,97,0.4
14.4,11.8,18.1,9.8,10.7,6.8,1025.6,61,40,0
15.8,13.3,18.8,10.6,12.4,9.3,1021.4,66,27,0
17.7,15.3,19.7,13.7,16.4,15.5,1015.4,87,90,0
21,18.7,23.9,13.2,20.1,19.7,1011.9,93,86,0
24.2,21.8,27.2,19.7,22.6,21.9,1009.5,87,88,0
24.8,22.8,26.6,22.4,23.1,22.3,1010.1,86,88,0
24.8,22.8,26.6,22.1,23.1,22.4,1010.4,87,88,0
17.3,15.9,24.6,15.6,16.3,15.5,1012.1,89,88,0
16.5,15.8,17.5,15.3,15.3,14.3,1012.5,87,88,0.2
15.6,15.1,16.3,15.1,14.6,13.8,1012.9,89,97,1
16.5,15.1,18,14.3,15.4,14.6,1014,89,100,0.2
16.2,15.5,17.3,15.2,15.2,14.5,1013.2,89,100,0.2
18.5,17.1,20.1,15.6,17.5,16.8,1010.8,90,95,0
18.2,15.8,20.1,18.9,17.7,17.4,1011.6,95,100,15.5
16.1,14.4,17.7,14,14.9,14,1014.7,87,94,2.9
17.6,15.6,19.7,14.1,15.6,14.1,1014.5,80,86,0
20.5,18.3,23.4,17.4,18.4,17.1,1012.5,81,86,0
20,17.9,23.2,17.7,17.6,16.1,1012.9,79,89,0
17.7,16.8,18.6,16.5,15.9,14.6,1011.7,82,93,0
19.8,18,23.3,17.3,18.6,17.9,1007.8,89,96,0
18.7,15.7,21.4,19.7,18.1,17.8,1007.7,94,100,9.6
14.8,14.1,16.2,15,13.6,12.6,1012.8,87,100,1.2
15.3,13.6,16.8,13.2,13.9,12.8,1015.2,85,98,3.7
16.9,15.6,18.5,15.2,15.7,14.8,1014.2,87,99,0
17.7,16.3,18.6,17,16.7,16.1,1013.7,91,100,0
16.6,15.9,17.6,15.5,15.9,15.4,1014.9,94,100,3.1
17.5,15.7,19.1,15.3,15.1,13,1014.2,77,92,0
18.6,16.9,20,14.8,15.8,13.7,1013.8,73,93,0
20.6,19.1,22.9,18.6,19.6,19,1012.5,90,91,0
17.6,16,21.1,17.2,16,14.8,1016.5,84,98,7.7
15.5,13.2,17.3,12.8,13.5,11.8,1020.9,79,89,4.4
17.7,16.7,18.6,14.6,12.1,6.3,1022.2,48,95,0
18.2,17.3,19,16.4,14.1,10.4,1020.1,61,98,0.1
18.7,16.8,19.8,16.3,17,15.8,1018.8,83,99,2.9
20.1,19.3,22.3,18.5,18.9,18.2,1017.8,89,95,22.9
19.7,18.3,21.5,16.7,17.4,15.8,1018.5,78,81,0
20.5,18.4,23.6,15.6,16.8,14.1,1018,67,80,0
20.1,17.9,22.6,15.1,15,10.6,1018.5,56,67,0
20.6,19,22.8,17.6,17.2,14.9,1017.2,70,84,0
22.2,19.6,24.9,17.8,19.4,17.7,1015.5,76,88,0.5
23.4,20.1,27.4,17.6,18.1,14.5,1012.9,59,62,0
23.1,20.8,25.8,18.6,21.1,20,1009.2,83,84,0
25.6,23.3,27.3,22.6,24.4,23.9,1006.8,90,88,25.7
24,22,26,23.6,23.3,22.9,1007.4,93,88,2.1
20.6,18.7,23.2,20.4,19.6,19,1009.8,91,94,3.9
19,17.9,20.3,16.9,16.1,14,1014.1,73,82,0
22,18.4,26,16.5,16.4,12,1014.9,55,46,0
23.1,20.3,27.4,17.7,19.3,17,1016.2,69,51,0
24.3,22.3,27.2,20.2,21.7,20.3,1015.6,78,72,0
25.4,23.4,28.9,21.8,23.3,22.4,1012.1,83,68,0
25.5,22.9,29.2,22.7,23.5,22.6,1009.5,85,73,7.1
24.9,22.9,27.8,22.2,23.1,22.2,1008.3,85,86,1.8
25,23.4,27.3,23,23.5,22.8,1007.9,87,88,0.2
26.5,24.9,28.8,23.9,24.9,24.2,1010.1,88,84,1.6
26.3,25.1,28.5,23.9,25.3,24.9,1012.2,92,88,0
26.9,24.4,30.3,23.3,24.8,23.9,1010.3,85,88,0.5
26.5,25.3,28.2,24,24.6,23.7,1007.8,85,88,0.4
27.4,25.3,29.2,24.5,25.9,25.3,1007.3,89,87,15.3
27.9,26.9,29.5,25.5,25.7,24.8,1009.3,83,72,0
28.8,27.4,31.3,25.4,26,24.8,1010.1,79,59,0
29,27.3,31.4,25.9,26.4,25.4,1010,81,71,0
29.2,27.8,31.7,26.1,26.5,25.4,1008.8,80,72,0
29,27.8,31.3,26.2,26.6,25.7,1008.9,83,76,0.1
27.7,25,31.2,24.8,25.8,25,1010.2,85,76,18.9
26.3,23.3,30,24.4,25,24.4,1011.6,89,83,9.5
23,21.8,24,20.9,21.8,21.1,1012.3,90,96,5.6
23.7,22.8,24.3,21.6,23.2,22.9,1011.1,96,100,8.6
25.4,24,27.7,23.7,24.3,23.9,1012.6,91,93,1.3
24.5,23.6,25.1,23.5,23.3,22.8,1013,91,94,0.3
25.3,24.1,27.3,23.3,23.7,22.9,1011.3,86,88,0
25.9,24.7,28.2,23.6,24.1,23.3,1010.6,86,91,0
27.7,25.5,30.8,24.5,25.8,25,1009,86,84,0
29.5,28.3,31.5,26.4,26.6,25.4,1006.9,79,84,0
29.4,28.5,30.5,27,26.8,25.8,1004.6,81,85,0.9
27.5,25.1,29.3,27.4,26,25.4,1003.4,88,88,6.4
24.2,23.1,25.7,23.8,23.1,22.5,1005,91,93,10.1
24.6,22.9,26.1,22.7,23.7,23.4,1005.5,93,91,0.6
25.8,24.9,27.5,24.7,24.9,24.6,1005.8,93,94,0
25.3,24.6,26.3,25.2,24.7,24.5,1006.1,95,90,28.8
25.7,23.8,28.1,24.5,24.3,23.7,1006.8,89,80,0
26.3,25,28.3,24.1,24,23,1007.5,82,65,0
26.4,25,29.4,25,24,22.8,1006.8,81,78,0
26.6,25.3,29,24.5,24.1,23,1006.2,81,84,0
27.7,25.3,31,24.1,25.4,24.4,1003.6,83,78,6.3
28,26.4,31.3,25.4,24.4,22.8,1000.4,74,78,0
28.2,25.4,32.3,22.6,22.3,19.2,1002.4,59,23,0
28,24.9,32.6,20.9,23.6,21.5,1006.6,69,5,0
27.8,24.8,31.8,21.8,24.1,22.3,1008.9,73,8,0
27.7,24.8,31.6,22.2,23.1,20.8,1008.8,67,3,0
27.5,26.1,30.1,22.9,23.2,21.1,1009.6,68,59,0
28.2,26.4,30.9,24.5,25.3,24.1,1011.2,79,54,0
28.7,27.1,31.8,24.8,25.6,24.3,1010.1,77,57,0
29.2,27.4,32.5,24.9,25.4,23.8,1007.4,73,36,0
29.6,27.8,32.4,25.3,26.2,24.7,1006.7,76,41,0
29.6,27.8,32.6,26.2,26.6,25.4,1007.8,78,73,3.5
29.7,28.6,31.9,26.6,26.9,25.7,1008.1,79,80,0
29.8,27.1,33,26.1,26.7,25.5,1006.7,78,82,3
29.5,27.5,32.2,26.3,26.9,25.9,1006.8,81,78,11.4
29.7,28.1,32.6,26.5,26.6,25.3,1006.4,78,74,0.2
29.9,28,32.8,25.8,26.8,25.5,1005.6,78,69,0
29.4,27.4,31.8,26,26.9,25.9,1007.3,82,75,4.9
29.5,28.3,32.1,26.2,26.6,25.4,1008.6,79,71,0.1
29.6,27.7,31.4,26.5,26.5,25.2,1008.5,77,72,1.4
29.8,28.5,31.8,26.5,26.6,25.3,1008.7,77,77,3
29.9,27.1,32.1,26.1,26.8,25.5,1008.3,78,71,4.5
30.1,28,32.2,26.5,26.8,25.6,1003.4,77,79,4.1
27.7,24.5,30,26.9,25.9,25.2,999.5,86,86,62.7
26.3,24.9,27.4,24.4,25.1,24.6,999.6,91,92,63.5
27.2,26.6,27.8,24.5,25.5,24.8,1001.7,87,86,1.9
26.1,25.1,27.1,24.3,25.3,24.9,1004.2,93,87,88.5
27.4,25,29.5,24.5,25.9,25.2,1004.9,88,84,21
29.2,27.7,31.7,25.5,26.6,25.5,1005.6,81,65,0.5
28.4,27.2,31.1,26.1,26.3,25.4,1004.9,84,77,7
27.3,25.5,29.3,24.9,25.2,24.2,1007.5,84,78,15.7
28.3,25.8,31,24.5,26,25,1008.8,83,85,4.2
29.2,27.6,31.9,25.4,26.4,25.2,1009.2,79,54,0
29.3,27.2,32,24.9,26.3,25.1,1008.8,79,34,0
29.3,27.5,32.4,25.5,26.7,25.6,1009.8,81,44,0.4
29.4,27.7,31.8,25.7,26,24.5,1010.1,75,35,0
29.3,27.2,32.2,25.2,26.1,24.8,1008.1,77,24,0
29.6,27.7,32.3,26.5,26.3,25,1006,77,38,0
29.9,27.6,33.1,26,26.6,25.3,1005.1,77,41,0
30.5,28.4,33.8,26.9,27.1,25.8,1004.5,77,54,0
29.2,26.3,30.8,27.9,26.7,25.6,1003.9,82,71,13.8
27.6,25.7,29.1,25.9,26,25.3,1004,88,88,8
28.1,25,31.6,25.2,25.8,24.9,1006.8,84,77,12
28,25.9,30.8,24.9,25.9,25.1,1008.8,85,54,0
28.9,26.7,31.9,25.5,26.3,25.2,1008.9,81,51,0
29.5,27.4,32.3,25.6,26.5,25.3,1009.1,78,47,1.2
29.7,27.4,32.8,25.8,26.5,25.3,1008.5,78,30,0
29.8,27.5,32.8,24.4,26.4,24.9,1007.1,76,17,0
30.2,27.5,33,25.5,26.7,25.4,1003.2,76,38,0
27,24.9,30.3,23.9,25.6,25,999.7,89,93,203.5
27.8,25.1,29.3,25.5,25.9,25.2,1005.2,86,88,44.2
29.4,27.5,31.4,25.8,26.7,25.6,1007.6,81,69,0.8
29.5,27.4,31.4,26.3,26.7,25.6,1007.7,80,67,2.1
29.8,28.4,32.3,26.1,26.5,25.2,1008.5,76,41,0
29.6,28,32.2,25.4,26.3,25,1008.8,77,35,1.6
30,28.3,32.4,25.9,26.2,24.7,1007.7,74,22,0
30.1,28.5,32.5,26.4,26.7,25.3,1006.4,76,39,0
28.4,24.2,31.2,26.4,26.3,25.5,1003.8,85,78,31.8
27.1,25.4,28.2,23.9,25.4,24.7,1001.9,87,88,3.8
27.2,26.1,29.2,25.1,25.4,24.6,1002.7,86,86,0
28,26.7,29.8,25.1,26.2,25.5,1003.4,87,69,0
28.9,27.2,31.5,26,26.9,26.1,1004.3,85,67,0
29.1,27.4,31.4,25.6,26.2,25,1005.2,78,48,0
28,26.3,31.2,25.9,26,25.2,1005.6,85,81,21.6
27.6,26.2,31.8,25.8,26.2,25.6,1006.6,89,86,23
26.9,25.4,29,26.1,26,25.6,1006.1,93,88,16.1
27.2,26.3,28.9,25.2,25.6,24.9,1005.2,88,80,5.1
28.1,25.9,31.2,23.9,25.8,24.8,1004.5,83,53,0
28.8,26.6,31.8,24.5,25.7,24.4,1004.4,78,70,0
28.9,27.1,30.9,25.4,26.1,25,1003.1,80,72,0
28.3,26.9,31.2,25.8,25.8,24.8,1003.5,81,77,5.2
27.1,25.6,29.1,26.1,25.7,25.1,1003.8,89,79,13.5
27,25.7,28.7,26,25.8,25.3,1004,91,88,23
26.5,26.1,27.8,26,25.7,25.3,1003.9,93,91,25.4
27.8,26,30.1,25.7,25.9,25.1,1004.8,86,80,0.1
26.1,24.7,28.4,26.2,25.2,24.9,1005.9,93,94,36.8
26.7,25,28.8,24.4,25.4,24.9,1006.8,90,88,45.9
27.8,26,28.5,25.6,26.4,25.9,1007.5,89,96,13.2
28.3,25.3,30.4,26,26.4,25.6,1007.9,85,92,27.7
26,24.1,28.4,24.5,24.8,24.2,1008.6,90,96,56.9
26.3,24.4,29,23.6,24.9,24.3,1009.1,89,84,23.7
28.6,26.7,31,25.1,26.1,25.1,1009.7,82,80,12
28.8,25.3,30.7,25.9,26.1,25,1009.9,80,67,17.5
29,27.6,31.3,25.2,25.8,24.5,1010,77,58,0
28.7,27.8,30.8,25.3,26,24.8,1009.4,80,82,0
29.1,27.2,31.6,25.8,25.8,24.4,1010,77,72,0
28.1,25.1,30.8,24.7,25.9,25,1011.4,83,67,8.1
28.9,27.1,31.5,26,25.8,24.4,1011.1,77,62,0
28.9,26.8,31.8,25.6,25.8,24.5,1009.6,78,45,0
29,26.9,31.9,24.5,25.6,24.1,1007.9,76,63,0
28.7,27,31,25.2,26,24.9,1007.4,80,73,0
26.1,24.2,28.4,24.5,25,24.5,1008.9,91,88,56.7
26.3,24.1,28.8,24.1,25.1,24.7,1009.2,91,95,74.2
28.7,28.1,29.6,25.9,26.4,25.5,1007,83,83,4.5
29,28.1,30.8,26,26.6,25.7,1005.5,83,77,1.2
29.3,28.1,31.1,26.5,26.6,25.6,1006.3,81,82,0
28.7,24.6,31.6,26.5,26.4,25.5,1007.6,83,86,15.1
29.2,27.7,31.2,25.1,26.8,25.9,1009.1,83,86,0.5
29.2,27.4,31.8,25.7,26.3,25,1009.7,79,77,0
28.9,27.3,31.6,26.8,26.3,25.2,1009.2,81,55,0
29.1,27.2,31.8,25.5,26.4,25.3,1010.3,81,60,0
28.4,27,30.3,25.3,26.2,25.3,1010.9,84,69,0
28.9,26.8,31.2,25.5,26.3,25.2,1010.4,81,49,0
29.1,27,31.7,25.2,26.3,25.1,1009.2,80,51,0
29.3,27.1,32.6,25.2,26.5,25.3,1008.6,80,61,0
28.2,24.8,30.5,23.7,26.1,25.2,1009.8,84,70,30.8
28.6,27.3,30.7,25.4,26.1,25.1,1009.6,82,32,0
28.6,26.9,30.2,25.1,26,24.9,1008,81,42,0
27.9,25.1,31.3,23.7,23.9,22,1008.7,71,73,39.7
27.5,25.4,29.4,23.6,24.6,23.3,1011.2,78,65,3.9
28.3,26.6,30.4,24.4,24.6,23,1012.9,73,32,0.1
28.6,26.8,31,24.4,25.1,23.6,1011.8,75,67,0
29.2,26.8,32.4,24.3,24.5,22.3,1008,67,74,0
27.4,26.2,29,24.1,22.4,19.9,1004.4,64,84,0
25.9,23.1,27.7,23.9,22.1,20.2,1003.1,71,85,0.8
24.7,23.3,25.6,23.6,22.8,21.9,1004,85,96,4.9
24.2,23.1,25.1,22.4,22.6,21.7,1006.6,86,94,6.8
24.2,22.2,27.4,22,21.6,20.2,1009.4,79,91,0.9
24.4,22.1,27.4,21.2,20.5,18.2,1009.3,69,83,0.2
24.3,21.9,26.5,19.1,19.6,16.8,1008.7,63,64,0
25.6,23.7,28.4,21.5,21.5,19.3,1010.6,69,61,0
25.6,23.2,28.4,21,22,20,1011.4,72,56,0.5
25.9,24.4,28.4,23.7,22.7,21.1,1010.6,75,89,0
24.8,23.6,26,24.3,23,22.1,1010,86,92,4.7
24.8,22.9,26.9,22.2,22.8,21.8,1010.5,84,91,4.5
25.7,24.6,27.9,22.1,22.6,21,1010.4,76,72,0
25.9,24.2,28.7,22.1,22.9,21.4,1009.8,76,54,0
27,24.3,29.9,22.2,23.6,22,1006.3,75,34,0
26.2,24.4,28.7,22,22.1,20,1006.4,69,50,0
25.3,23.6,28,21.5,21.8,20,1008.8,72,53,0
25.4,23.4,28.3,20.8,21.6,19.6,1010.6,70,32,0
25.2,23.6,27.3,21.1,21.6,19.7,1012.5,72,32,0
25.6,23.7,28,20.6,21.8,19.8,1011.3,71,56,0
26.7,24.9,29.2,23.5,23.7,22.2,1010.4,77,82,0
26.6,24.6,29,23.5,24.3,23.2,1011.5,82,68,7.7
25.4,24.4,27,23.7,22.4,20.8,1013.9,76,74,0
24.2,23.5,25.4,21.6,20.9,19.1,1014.6,73,73,0
24.4,22.4,27,19.8,20.8,18.8,1015,72,35,0
24.9,23.3,27.3,20.6,21.6,19.9,1015.6,74,42,0
25.3,23.7,27.9,20.9,22.6,21.3,1014.6,79,12,0
25.6,24,28.4,20.9,22.8,21.5,1015.3,78,44,0
24.9,23.4,26.9,21.3,22,20.5,1016.2,77,69,0
24.7,23.3,27.1,21.1,21.5,19.8,1013.8,75,56,0
25.7,22.7,29.2,19.4,21.1,18.4,1010.8,65,41,0
25,22.9,26.8,22.6,22.4,21.1,1011.3,79,90,19.1
23.9,23.1,24.9,22.1,22.7,22.1,1012.8,90,90,8.1
25.5,23.9,28.9,21.9,23.5,22.5,1010.4,84,45,0
25.4,22.9,29,20.1,21.6,19.6,1007,71,43,0
25,23.5,26.6,20.5,20.5,18,1005.5,65,83,0
23,21.3,24.6,19.7,19.6,17.6,1006.3,72,94,1
21.2,20.4,22.5,19.8,20.1,19.5,1011.4,90,98,5.8
18.8,17.6,20.5,18.1,17.2,16.1,1015.2,84,95,0.9
17.1,15.4,18.2,16,15.1,13.5,1016.7,80,98,2.5
16.9,15.3,19.3,14.9,16,15.4,1018.7,91,94,7.5
21,18.6,23,17.5,18.6,17.2,1019.2,79,82,0
22.6,20.4,26.3,17.2,19.9,18.3,1019.2,77,32,0
21.7,18.9,25.1,16.2,17,13.5,1019.4,61,7,0
21.4,19.1,24.1,0,15.3,10.2,1019.5,50,3,0
21.1,18.2,24.1,13.1,15.4,10.6,1020.8,52,9,0
21.1,17.9,24.1,13.1,16.8,13.5,1020.6,63,26,0
21.4,19.1,23.9,15.3,17.3,14.2,1019.1,65,24,0
21.1,18.8,23.5,16.2,17.5,15,1016.5,69,49,0
22.5,19.2,27.7,14.5,18.4,15.5,1014.8,67,57,0
19.4,15,22.7,16,15.6,12.7,1017.4,66,93,6.9
16.1,14.5,18.3,13.2,13.6,11.4,1020.9,75,100,7
17.1,14.3,19.3,14,14.3,11.9,1020,72,100,1.4
19.4,17.3,20.6,15.8,15.3,12.1,1017.6,63,90,1
20.1,19,21.2,16.8,16.5,13.8,1016.5,68,96,0
20.9,20,21.6,17.6,18.1,16.2,1016.6,75,97,0
21.8,20.1,23.8,19.4,20.2,19.3,1016.6,86,90,6.1
21.1,19,23.4,18.7,19.1,17.8,1018.4,83,86,3.2
20,18.3,22,16.6,15.4,11.6,1022.8,59,40,0
17.8,15.4,20.4,11.9,12.9,8.3,1024.3,54,7,0
18.6,15.8,21.9,11.8,14.8,11.7,1021.4,65,6,0
19.8,18.1,21.8,15.4,17.3,15.5,1019,77,42,0
20.8,19.2,23,15.7,18.4,16.9,1017.1,79,49,0
21.8,18.9,25,15.4,18.8,16.9,1017,74,9,0
20.7,19.1,23.1,15.1,16.5,13.2,1020,63,23,0
19.5,18.5,20.9,15.9,16.6,14.6,1019.3,73,45,0
19.2,17.2,21.4,15,14.8,11,1020.2,60,45,0
17.2,14.9,19.7,11.4,11,3.8,1022.4,42,1,0
17,14,20.4,10.1,10.5,2.6,1024.7,39,7,0
16.6,13.7,19.2,8.2,11.2,5.2,1025.9,48,18,0
17.6,15,20.2,11,13.9,10.8,1023.4,65,15,0
18.4,15.7,21.8,11.6,13.1,7.8,1022.6,53,12,0
18.1,15.5,20.9,10.7,13.1,8.3,1024.5,54,0,0
18.3,16.6,20.1,12.4,14.1,10.4,1023.5,61,15,0
19.4,16.5,22.8,12.4,15.1,11.6,1021.3,62,8,0
18.8,16.8,21.5,12.8,13.2,7.6,1020.7,49,2,0
17.7,16.6,18.8,13.9,14.7,12.4,1017.5,72,29,0
18.8,17.2,20.2,13.4,16.4,14.7,1015.5,78,78,0.9
20.7,18.1,22.6,17.3,17.9,16.2,1018.3,76,90,2.3
17.5,14.4,20.9,16.4,13.6,10.1,1024,62,71,0
15.4,13.1,17.9,10.4,11,6.4,1025.7,55,33,0
16,12.9,19.8,8.8,9.9,2.4,1024.3,41,4,0
16.4,14,19.4,9.5,12.4,8.6,1022.4,60,1,0
16.7,14.1,19.9,9.3,13.1,9.9,1021.3,65,2,0
17.2,14.8,19.6,9.9,13.9,11.2,1021.1,69,2,0
17.5,16,19.9,11.3,15,13,1021.2,75,6,0
16.8,14.1,19.3,10.1,12.7,8.9,1024.5,60,8,0
15.9,14.3,17,11.4,12.7,9.9,1026.5,68,44,0
16,13.6,18.1,9.9,12.9,10.1,1025.1,68,11,0
17.6,15.5,20.2,11,14,10.9,1022.8,66,10,0
19.5,16.8,23.4,12.3,15.4,12.2,1020.2,63,5,0
19.7,16.9,23.3,12.7,16,13.2,1019.6,68,6,0
18.9,17.4,21.5,14.9,16.2,14.1,1019.7,74,36,0
19,16.5,21.9,13.3,16.6,14.9,1018.7,78,33,0
19.6,17.1,22.7,13.5,16.8,14.8,1016.6,75,14,0
19.2,17.5,21.8,13.4,15.8,13.3,1018.1,69,14,0
17.1,15,19.4,11.6,14.3,12,1021.2,72,33,0.2
17.5,15.5,19.7,13.3,14.1,11.4,1020.9,68,44,0
17.8,15.3,19.8,11.7,15,12.8,1021,73,58,0
16.7,15.8,17.7,15.4,15.8,15.1,1022,91,99,9.3
15.1,14.4,16,14.2,14.7,14.4,1021.1,96,100,61.5
15.8,14,17.1,13.7,14.8,14,1022.4,90,74,32.4
15.1,12.8,17.9,10.2,12.8,10.7,1024.5,75,68,0
16.4,14.8,18,12.4,13.9,11.9,1022.8,75,79,0
17.2,16.3,19.2,13.1,15.3,13.9,1023,81,47,0
17.9,16.4,20.4,14.3,15.3,13.4,1022.1,76,78,0
16.5,15.2,17.7,14.6,15.3,14.4,1019.3,87,95,5.2
17.2,16.2,17.9,15.6,16,15.1,1015.2,88,98,0.1
19.4,17.5,22.6,16.8,18.4,17.7,1012.4,90,89,0
20.3,19.4,22.3,18.3,19.5,19.1,1012.9,92,80,0
20.1,18.1,21.9,19.7,19,18.3,1013.1,90,88,0.1
18,17.2,18.7,16.6,16.9,16.1,1014.4,89,94,0.1
20.6,18.4,23.2,16.9,18.8,17.7,1015.3,83,60,0
17,13.8,20.4,17.5,16.2,15.6,1019.5,92,96,5.7
11.3,9.2,14.3,10.2,10.1,8.8,1022.2,85,100,0.5
9.3,7.6,10.8,7.3,7.7,5.8,1024,79,94,4.3
10.9,9,12.5,8.5,8.3,5.3,1024.3,69,91,0
12.7,11,14.3,10.5,10.6,8.6,1023.6,76,91,0
15.5,13.8,17.5,13.3,13.6,12,1020.2,79,66,0
18.5,16.2,21,15,16.2,14.7,1017,79,48,0
16.7,15,18.5,14.3,14.9,13.6,1015,82,68,0
17.5,15.2,21.2,12.8,14.9,12.8,1015.1,74,47,0
16.5,15.6,17.7,14.7,14.8,13.6,1016.3,83,95,0
15.1,11.2,17.7,14.7,12.8,10.7,1017.7,76,57,0
13.1,9.8,16.7,6.6,8.9,3.8,1019.2,54,3,0
14.6,12.3,16.7,8.6,11.2,7.8,1019.7,64,63,0
15,14,16.3,12.2,12.8,10.8,1018.2,77,91,1.6
14.6,13.2,15.8,12.8,13.3,12.3,1019.1,86,98,1.4
12.8,10.8,15.2,10.4,11.2,9.6,1023,81,95,3.6
11.4,10.4,12.9,9.6,9.8,8.1,1025,80,96,1.3
13.5,11.8,15.9,10.5,10.9,8.4,1023.4,71,86,0
14.9,13.8,16.3,11.9,12.8,11,1022.4,77,86,0
16.5,14.8,19,13.5,14.6,13,1021.4,80,83,0
16.2,14.8,18.4,11.7,14.1,12.4,1020.2,79,75,0
14.5,13.2,16,13.2,12.1,9.9,1021.4,74,92,0
12.7,11.8,14.1,11,10.2,7.6,1022.1,72,93,0
13.5,11.7,16.1,10.1,10.9,8.4,1021.2,71,85,0
14.7,13.5,16.5,12.2,12.4,10.4,1020.7,75,56,0
15.5,14.4,16.9,11.8,13.3,11.4,1019.4,77,77,0
16.3,14.7,18.4,12.5,14.4,13,1017.5,81,79,0
14.8,13.1,16.7,13.5,13.4,12.2,1016.2,84,90,0
11.9,10.3,13.5,11.7,10.7,9.6,1019,86,95,2.7
12.3,8.7,16,6.5,8.3,3.4,1022.1,55,28,0
13.1,10.5,16.1,7.3,9.1,4.2,1022.7,55,5,0
13.9,11.3,16.9,6.8,9.3,3.6,1021.2,51,1,0
14.6,11.9,17.8,8.1,11.2,7.8,1020.5,65,2,0
15.8,13.9,17.9,10.3,13,10.5,1018.4,71,46,0
17.1,15.7,18.6,14.4,15.2,13.8,1014.5,81,87,0
20.4,17.5,24.1,16.5,19.2,18.5,1012.3,89,84,0
22.7,20.6,24.9,18,20.7,19.7,1012,84,87,0
21.2,18.1,23,21.3,19.8,19,1015,87,90,0
17.5,16.4,18.8,15.5,15.7,14.4,1019.6,82,98,0
18.3,16.4,20.7,15.1,16.1,14.6,1019.5,79,67,0
20.8,18.5,24.3,15.9,18.4,16.8,1018.7,79,57,0
17.5,16.3,19.5,16.3,15.6,14.1,1020.9,81,87,0
17.6,16.1,20,13.5,15.5,14,1020,79,58,0
19.1,16.6,22.9,15.1,16.6,14.8,1016.8,77,54,0
19.2,15.6,23.6,15.2,14.6,10.4,1018.4,60,26,0
17.5,15.5,19.5,11.1,13.4,9.7,1021.8,61,48,0
17.3,15.3,19.8,13.3,13.8,10.7,1021.3,66,49,0
19.1,16.2,23.2,12.1,15,11.6,1017.7,63,9,0
20.3,17.9,23.3,14.6,17.4,15.5,1015.6,75,63,0
19.4,18.4,20.4,17.1,17.9,16.9,1014.9,85,90,0
21.9,19.9,24.7,18.5,20.1,19.1,1013.1,84,79,0.2
18.1,11.8,21.8,17.3,15.9,14.2,1014.6,78,90,0.6
14.3,11.4,17.8,9.6,10.4,6.1,1019.2,59,81,0.2
14.3,13.5,15.5,12.5,9.6,4.1,1021.6,50,95,0
14.9,13.7,16,12.8,9.9,4.2,1025.1,49,97,0
15.5,13.5,18.7,11.7,10.5,4.8,1025,50,40,0
15.6,14.2,18,10.8,12.2,9,1024.2,65,43,0
16.4,14.2,19.1,11,13.1,10.1,1022.1,67,16,0
17.9,15.9,21.2,12.5,15.2,13.2,1019.5,74,29,0
19.8,17.3,23.2,13.7,17.6,16.1,1016.5,80,15,0
21.4,19,24.6,16,19,17.6,1013.3,80,44,0
21.6,18.8,25.7,16.5,19.7,18.6,1013,84,18,0
20.4,18.2,22.6,14.1,17.8,16,1014.5,76,71,0
21.2,19.2,24.7,17.2,18.3,16.5,1015,75,82,1.9
19.2,18,20.9,18,17.5,16.3,1015.1,83,89,0.1
17.5,16.4,18.2,15.7,16.5,15.9,1012.3,91,100,3.1
20.4,17.8,24.5,17.1,19.2,18.6,1011.5,89,90,0.1
20.3,19.2,21.4,19.3,19.1,18.3,1014.6,88,86,0
18.8,17.1,21.6,17.3,16.3,14.4,1018,76,90,0
15.7,13.9,17.1,13.2,13.8,12.2,1016.6,80,95,4.1
18.6,15.9,22,14.5,16.6,15.2,1013.6,81,86,0
20.8,19.2,24,18,18.8,17.7,1012.7,82,81,0
17.2,13.9,19.3,17.2,16.5,16.1,1013.2,93,98,37.4
14.8,13.3,16.6,11.9,13.1,11.6,1015.4,81,91,0.1
17,13.1,20.8,10.6,13.9,11.2,1016.6,70,12,0
19.6,16.2,23.6,11.9,14.9,10.8,1017.6,59,2,0
19.7,17.7,22.2,15.6,15.3,11.8,1017.2,61,37,0
20.3,18.2,22.7,15.5,16.6,13.9,1017,67,63,0
22.4,20.1,25.7,17.7,19.9,18.4,1015.6,78,68,0
23,21.6,25.4,17.6,21.5,20.8,1012,87,85,0.3
24.2,22.2,27.1,20.5,22.1,21.1,1009.5,83,80,0
25,23.8,26.6,22.2,23.1,22.2,1007.3,84,86,0.8
23.4,21.3,25.4,22.8,22.3,21.8,1006.4,91,94,7.4
20.3,19.6,21.6,19.4,19.6,19.2,1007.9,93,100,11.4
19.7,19.2,20.3,18.8,19,18.6,1009.9,93,100,7.6
19.6,19.2,20.4,18.6,19,18.6,1011.2,93,100,39.2
19.8,18.8,21.9,18.3,19.1,18.6,1012.3,93,92,55.6
19.3,18.5,20,18.2,18.1,17.3,1013.8,89,97,2.3
20.6,18.8,23.4,16.7,18.5,17.3,1015.4,82,73,0
19.6,18.8,21,16.3,16.5,14.1,1016.4,71,84,0
19.4,18.7,20.3,17.8,17.9,16.8,1015.8,85,98,0
20.7,19.2,22.3,18,19.8,19.2,1013,91,95,0.4
21.4,20.2,23.8,19.4,20.6,20.1,1012.1,92,90,0
19.9,19,21.6,18.5,19,18.5,1011.4,92,94,23.8
20.1,18.8,21,17.6,18.2,17,1011.6,82,90,0.3
20.2,18.9,20.7,18.5,19.2,18.6,1010.8,90,92,29.5
21.8,20.5,23.4,19.5,21.3,21,1010.3,95,89,0.1
23.8,21.5,28.6,21.2,22.7,22.1,1009.2,91,78,0
24.8,22.4,27.6,21.2,23.3,22.7,1007.5,88,74,0
25.9,24,27.7,22.4,23.9,23,1006,84,72,0
25.3,23.4,26.5,23.7,24,23.5,1005.9,90,90,7.6
22.8,21.1,24.2,22.2,21.2,20.4,1008.6,87,85,12
21.8,18.9,26,18.5,16.9,13.3,1013.7,59,45,0
20.6,18.3,22.3,18.7,17.8,15.9,1013.9,74,85,2.7
20.8,19.5,21.9,18,18.5,17.1,1013.2,80,94,0.1
22.3,21,24.2,19.6,21,20.3,1013.4,88,89,0
23.9,22.4,26.8,21.4,22.8,22.3,1013.1,91,84,0
24.7,22.8,27.7,21.9,23.2,22.4,1011.1,88,60,0
25.7,23.2,29,21.2,23.3,22.1,1010.2,81,33,0
23.9,21.4,27.7,21.2,22.7,22.1,1009.7,90,70,41.3
23.5,21.6,25.9,20.9,22.5,22,1007.9,92,81,208.4
21.8,21.2,22.9,20.6,21.2,20.8,1009.6,94,97,30.4
22.7,21.5,24.3,20.8,21.5,20.9,1009.1,89,90,0.6
23.1,21.3,26.2,20.9,21.6,20.8,1009.3,87,59,5.8
24.2,21.6,27.8,19.1,22.2,21.2,1010.6,84,34,0
24.5,22.2,28,19.8,22.2,21,1010.6,82,24,0
25.3,23.3,28.7,21.3,23.7,22.9,1008.4,87,74,0
27.4,25.8,29.6,23.5,25.3,24.3,1006.6,84,78,0
28,26.8,29.8,25.2,25.9,25,1008.4,84,80,0.2
28.7,27.3,31,26.1,25.8,24.7,1009.9,79,73,0
28.5,27.2,30.7,25.3,25.8,24.7,1010,80,71,0
27.2,25.1,30.1,25.5,24.6,23.4,1010.4,80,85,5.5
22.9,20.9,25.6,22.9,21.2,20.3,1013.6,85,93,2.3
22.3,21.1,23.5,19.5,19.6,18.1,1013.4,77,84,0
23.9,22.3,26.2,21.8,22.2,21.4,1010.2,86,91,0.1
26.4,24.1,28.8,23.4,24.6,23.8,1008.1,86,77,21.1
26.1,24.9,28.9,23.8,24.5,23.8,1007.5,87,69,0
25.3,24.1,27.1,23,23.6,22.8,1006.2,86,80,6.7
24,22.7,25.8,20.8,23.1,22.6,1000.1,92,94,322.8
25.8,24.4,27.3,22.8,24.5,23.9,1005.1,90,94,102.9
27,25.5,30,24.5,25,24.1,1006.2,84,87,0.7
26.6,25.6,28.3,24.7,25.3,24.8,1006.9,90,86,1.9
26,24.4,27.9,23.9,24.6,24,1010,89,87,6.1
24.8,22,27.5,21.8,22.4,21.1,1012.6,80,84,6.9
23.8,21.5,25.1,20.7,21.2,19.9,1012.5,79,88,2.2
23.8,22.2,25.9,20.6,22.4,21.7,1011.4,88,92,1.6
26,24.1,28.9,21.3,24.5,23.8,1009.2,88,87,0
27.9,26.1,30.2,24.4,25.4,24.3,1008.1,81,75,0
25,22.7,27.5,24.1,23.6,22.9,1010.9,88,93,0.9
22.8,21.9,23.7,22,21.9,21.4,1011.9,92,98,3.5
23.4,22.4,24.4,22.1,22.4,22,1011.1,92,100,0.9
24.6,23.4,26.8,23,23.5,23,1010.3,91,96,0.4
24.5,23.8,25.6,23.1,24,23.7,1010.6,95,94,7.4
26.3,24.5,29.2,24.8,25.2,24.8,1009.6,91,64,0
27.4,26,30.9,25.4,26,25.4,1008.9,89,86,2.6
28.1,25.6,30.6,25.2,25.7,24.7,1008.6,82,87,10.2
28.3,26.8,31.2,25.2,26.1,25.2,1007.7,83,44,0
28.7,26.5,31.7,24.9,26.1,25.1,1005.6,81,57,0
28.9,27.3,31.5,26,26.2,25.1,1004.5,80,83,0
27.7,26.5,29.3,25.9,25.8,25,1006.2,85,87,5.5
27.7,25.1,30,24.6,25.6,24.7,1009.8,84,87,7.1
28.2,26.1,30.5,24.8,25.6,24.5,1011.4,81,79,5
28.1,26.7,30.1,24.6,25.2,23.9,1010.1,78,69,0
28.3,27.2,30.2,24.8,25.3,24,1009.2,78,69,0
28.6,27.4,30.9,25.4,25.2,23.7,1009,75,59,0
28.8,27.4,31.2,24.9,25.3,23.7,1007.6,74,57,0
28.9,27.7,31,25.5,25.7,24.4,1006.1,77,64,0
29.4,28.2,31.6,26.4,26.3,25,1006.5,77,73,0
29.2,27.3,30.7,26.1,26.4,25.3,1007.5,80,78,0
26.6,24.6,29.1,25,24.9,24.1,1008.8,86,82,3.5
26.6,25,28.2,25.1,24.8,24,1007.8,86,86,1
26.1,24.7,28.5,24.4,25.2,24.8,1005.9,93,89,64.5
25.4,24.1,27.4,25.1,24.4,24,1004.8,92,93,12.8
26.1,24.2,27.9,24.6,23.3,21.9,1006,78,76,0
26.8,25.5,28.7,22.9,24.2,23,1007.5,80,85,0
27.3,25.5,28.5,25.2,25.9,25.3,1009.1,89,88,4.5
28.5,26.2,31.2,26.2,26.3,25.3,1010.4,83,69,11.6
29,27.8,30.9,26.4,26.1,24.9,1009.1,79,58,0
29.1,27.8,31.5,26.2,25.8,24.4,1006.6,76,68,0
29.1,28,31,26,26,24.7,1005.6,77,83,0.5
29.3,28.1,31.7,26.2,25.8,24.3,1006.5,75,68,0
29.3,28.1,31.7,26.1,26,24.7,1008.4,77,68,0
29.7,27.6,32.7,25.5,26.2,24.7,1010.3,75,56,0
29.9,28.3,32,26.5,26.7,25.4,1011.2,77,68,0
30,27.9,33.1,25.9,26.2,24.6,1010.9,73,31,0
30,27.5,33.1,26.3,26.3,24.8,1008.5,74,31,0
30.2,27.9,33.7,25.8,26.6,25.1,1006.3,75,27,0
30.1,28.2,33.4,26.4,26.7,25.4,1006.6,76,47,0
30.2,27.9,33.3,25.7,26.3,24.7,1007.2,73,45,0
28.6,26.1,30.2,26.4,26.2,25.2,1005.5,82,84,23.8
28.8,26.6,31.1,26,25.9,24.6,1009,78,68,7.4
29.4,27.5,32.1,25.7,26.6,25.4,1010.9,79,40,0
30,27.4,32.9,25.2,26.3,24.8,1010.9,74,21,0
30.2,27.7,33.6,25.3,26.3,24.6,1010.3,73,16,0
30.4,27.9,33.2,25.8,26.2,24.3,1008.1,71,31,0
30.7,28.9,33.3,26.8,26.6,25,1002.6,72,59,0
29,26.9,32,27.3,26.2,25.1,996.4,80,76,11.5
25.6,23.5,27.9,0,24.5,24,997.8,91,97,119.7
28,23.7,30.4,22.1,26.5,25.9,1006.8,89,90,0
28.7,26.9,31.6,24.7,26.8,26.1,1008.2,86,57,0.5
29.4,26.8,32.4,24.3,26.6,25.5,1006.6,80,43,0
29.1,28,31.1,25.6,26.5,25.5,1005.9,81,72,0.2
28.1,26.8,30.2,24.9,26.3,25.5,1007.5,86,83,3.9
28.6,26.9,30.8,24.8,26.4,25.5,1008.2,83,87,0.7
29,27.7,30.8,25.4,26.5,25.5,1005.3,82,80,0
29.5,28.2,31.4,25.5,26.1,24.7,1002.8,76,77,0
29.9,28.7,32,25.6,26.4,25,1002.4,75,64,0
28.3,25.5,29.7,26.4,25.8,24.7,1001.5,81,89,8.9
23.1,22.2,26.1,21.3,22.7,22.4,1002.1,96,100,59.1
24,21.7,25.7,20.8,22.4,21.6,1002.6,87,96,2.2
26.9,24.3,29.6,22.1,23.5,21.8,1001.4,74,82,0
27.1,25.9,28.6,24,24.6,23.5,1001.1,81,80,0.5
27.3,24.9,31.2,23.4,25.4,24.5,1001.6,85,72,9.9
28.2,25.9,31,23.7,26,25.2,1001.8,84,74,0
28.5,26.9,30.8,25,26.2,25.2,1002,82,85,0
28.6,25.6,31.5,24.2,26.2,25.2,1002.2,82,73,10.4
29.6,27.9,32.3,25.2,26.5,25.2,1002,78,36,0
29.9,28.3,32.4,25.9,26.7,25.4,1003.3,77,47,0
29.9,28,32.4,25.4,26.9,25.7,1004.8,78,33,0
29.7,28.1,32.3,25.4,26.6,25.3,1006.2,77,42,0
29.8,27.9,32.5,26.1,26.4,25,1005.9,76,66,1.5
28.6,26.9,30.9,25.8,26.3,25.3,1005.4,83,74,10.6
28.7,26.2,31.6,25.1,25.9,24.8,1006.7,80,73,2.8
29.3,27.5,32.4,25.2,26.2,25,1008.2,78,42,0
30.2,27.6,33,25.9,26.7,25.3,1007.5,76,21,0
30.3,25.1,33.5,25.8,26.7,25.3,1006.4,75,54,4.7
29.7,25.9,33.5,24.2,25.2,23.2,1004.8,69,47,0
30.4,27,34.3,26.5,26.7,25.2,1004,75,59,0.5
28.8,27.1,31.2,24.2,25.2,23.6,1003.5,74,67,0
30.1,27.6,33.4,25.5,25.7,23.7,1003.8,70,33,0
29.1,25.7,32.6,25.9,26.2,25,1004.4,79,59,5.8
29,25.4,32.3,24.1,26.2,25.1,1004.9,80,70,5.1
28.5,25.3,31.2,26.2,25.8,24.6,1004.8,80,82,75.6
26.7,25.3,28.9,24,25.9,25.6,1005.3,94,90,53.1
27.6,25.7,31,24.9,26,25.3,1005.6,87,78,2.1
28.5,26.7,30.7,24.9,26,25,1005.7,81,73,0
28.2,26.8,30.1,25.6,26.5,25.9,1005.4,87,86,7.5
28.3,26.8,30.4,25.2,26.4,25.6,1003.9,85,65,0.3
27.1,25.3,29.3,25.5,25.5,24.8,1004.1,88,83,16.1
28,25.9,30.1,24.2,26,25.3,1007.4,85,78,11.2
29.3,28,32.2,25.5,26.4,25.2,1009.4,79,49,0.3
29.7,28,32.5,26.1,26.4,25,1008.5,76,46,0
29.4,27.9,31.9,25.8,26.4,25.2,1008.2,79,59,0
29.6,27.4,32.5,26,26.1,24.6,1006.8,75,53,0
29.6,27.6,32.3,25.4,26.4,25,1004.5,76,59,0
29.4,26.1,31.8,24.6,26.6,25.5,1003.4,80,55,10.2
29.8,27.6,32.2,25.5,26.8,25.6,1003.5,79,74,0.4
28.8,25.1,31.4,25.9,26.6,25.7,1005.8,84,77,22.6
26.9,24.8,28.9,24.2,25.7,25.3,1007,91,84,59.4
28.9,26.9,31.7,24.9,25.6,24.2,1007.2,76,36,0.7
29.7,27,32.4,24.8,25.6,23.9,1004.5,71,43,0
30.4,27.6,33.6,24.5,25.1,22.8,1001.7,64,28,0
30.9,28.1,34,25.2,24.8,22.1,999.7,60,35,0
30.1,28.1,32.6,24.8,24,21,999.5,59,81,0
29.4,27.6,32.3,24.2,23.4,20.3,1001.9,58,70,0
26.7,24.4,28.9,21.4,19.9,15.6,1005.9,51,78,0
25.4,23.8,28.4,21.3,21.2,18.9,1007.3,67,86,0
26.5,24.4,28.9,21.8,23.7,22.4,1006.7,79,80,23.3
25.2,24.4,25.9,24.4,24.4,24.1,1007.5,94,94,41.2
27.7,25.2,30.8,24.3,25.5,24.5,1007.5,83,88,1.8
27.5,25.1,30.4,24.5,25.7,24.9,1008.8,86,80,6.3
26.8,24.1,28.5,25,24.8,23.9,1009.5,85,85,13
26.6,25.2,28.8,24.7,24.6,23.8,1008.8,84,91,5.5
25.4,23.5,28.1,24.3,24.3,23.8,1011.4,91,88,28.7
26.9,24.5,28.9,23.1,25.1,24.3,1014.2,86,80,0
27.7,26.2,30,24,25.6,24.7,1013.7,84,48,0
28.2,26.3,31,23.9,25.7,24.6,1013,81,35,0
28.5,26.6,31.4,24,25.7,24.5,1013.3,79,29,0
28.6,26.9,31,24.8,25.6,24.3,1013.1,78,30,0
28.1,26.5,30.3,25.5,25.8,24.9,1012.4,83,48,1.3
28,25.6,31.5,25,25.2,24,1011.3,79,59,4.5
26.6,24.4,28.7,25,24.3,23.2,1008.9,83,89,9.2
26.2,24.3,28.2,23.9,23.8,22.7,1008.1,81,90,8.2
26,24.5,27,24.2,22.4,20.6,1010.7,72,87,0.7
26.8,25.8,28.6,23.7,23.1,21.2,1012.6,72,74,0
26.7,25.7,28.7,25.4,23.1,21.3,1013.5,72,67,0
26.8,25.3,29.1,24,23.2,21.5,1012.2,73,61,0.1
27.3,25.1,30.9,22.8,23.3,21.2,1011.6,70,29,0
26.4,24.6,28.1,22.6,21.4,18.7,1011.7,63,81,0
25.5,23.9,27.2,21.6,20.7,17.9,1013.5,63,76,0
24.9,23.8,26.4,22,20.1,17.2,1015,63,88,0
25.8,24.4,27.6,22.4,22.1,20.1,1013.8,71,57,0
26.7,24.3,29.8,22,23.1,21.4,1012.2,74,52,0
25.7,23.3,27.3,23.9,22.8,21.4,1011.9,78,94,5.3
24.7,24,25.4,22.3,22.3,21.1,1014,80,100,0.9
25.4,23.4,28,21.9,22.6,21.1,1015.7,77,76,0
25.6,24.1,28,21.8,22.9,21.6,1014.7,79,28,0
25.9,23.9,28.6,21.5,23,21.6,1013.7,77,32,0
22.2,20.6,24.1,19.9,18.7,16.5,1017.5,70,88,0
22.1,19.6,25,17.4,18.4,16,1017.8,69,44,0
22.9,20.8,26.3,18.1,18,14.6,1017.1,60,16,0
22.5,19.1,25.4,15.4,16.1,11,1016,48,46,0
23.2,21.8,24.5,19.2,18.4,15.1,1016.6,61,88,0
24,22.4,26.2,20,20.8,19,1017.9,74,76,0
24.6,23.1,27.1,20.5,21.8,20.3,1017.3,77,31,0
24.3,23,26.3,19.6,21.3,19.7,1016.7,76,15,0
24.7,23,27.3,19.8,21.8,20.2,1015.9,77,13,0
24.8,23.2,27.5,19.8,22.2,21,1015.2,80,24,0
24.9,23.5,27.3,21.3,22.5,21.3,1014.4,81,33,0
25.2,22.9,27.4,19.7,22.9,21.8,1013.6,81,19,0
25,24.1,26.2,22.7,22.6,21.4,1015.8,80,76,0
25.1,24.1,27.6,22.7,22.6,21.4,1016.4,80,54,0
25.5,23.6,28.1,21.2,23.3,22.3,1016.3,83,35,0
24,22.5,25.2,22.2,22,21,1018,83,85,8.8
23.4,22.9,24.4,21.4,20.6,19,1018.2,77,80,0
24,22.7,26,21.1,21.7,20.5,1016.6,81,70,0
24.7,23.4,26.4,21.7,22.7,21.7,1015.4,84,72,0.1
24.9,23.8,26.8,21.1,22.9,21.9,1014.7,84,30,0
25.2,23.5,28.2,20.6,22.6,21.2,1015.7,79,32,0
25,23.3,27.2,20.5,22.4,21,1017.1,79,58,0
25.5,24.5,27.1,22.5,22.6,21.1,1017.6,77,85,0
24.1,22.4,26.5,21.2,19.8,17.3,1018.2,66,79,0
23.2,21,26.1,18.6,18.9,16.1,1017.9,65,47,0
23.1,21.1,25.5,17.7,19.3,17,1017.1,69,34,0
23.8,21.8,26.5,18.6,20.5,18.6,1016.1,73,28,0
24,21.9,26.8,19,21.1,19.5,1016.8,77,34,1.4
20.9,19.3,23.5,20.1,18,16.2,1019.5,75,80,6.8
20,18.1,22.1,20.1,16.8,14.5,1020.9,71,70,0
20.5,18.8,22.7,0,16.6,13.9,1021.1,66,40,0
19.9,17.2,22.2,12.5,16.2,13.4,1020.1,66,25,0
19,17,21.5,13.8,14.5,10.8,1021.3,59,36,0
18.6,16.4,20.9,13.1,14.6,11.3,1022.4,63,54,0
18.9,16.2,21.2,12.9,14.7,11.3,1023.3,62,12,0
19.9,17.2,22.8,12.8,15.2,11.4,1021.5,59,10,0
20.7,18.4,22.9,14.3,16.1,12.5,1018.6,60,77,0
20.4,19.5,21.5,18.4,17.2,14.9,1017.5,71,89,0
21,19.5,23,18.7,17.7,15.6,1018.4,71,81,0
19.7,18.5,20.5,17.3,17.9,16.7,1021.1,84,90,3
20.9,19.9,22.1,18.1,18.4,16.8,1020.8,78,90,0.2
21.9,20.5,24.3,18.9,18.6,16.4,1020.3,72,88,0
17.7,14.6,21,14.3,10.8,2.5,1025.5,37,42,0
15,12.3,17.6,9.7,9,1.2,1028.8,40,5,0
15.9,12.7,18.9,9.4,10.8,5,1029.6,49,0,0
16.4,13.7,19.5,9.7,11.6,6.6,1028.3,53,1,0
17.5,14.8,21.1,9.9,12.4,7.2,1023.9,53,0,0
18.4,15.6,21.6,11,14.2,10.7,1019.4,62,3,0
19.1,16.5,22.4,12,15.2,12,1018.1,65,3,0
19.3,16.6,22.7,12.1,15.8,13,1018.1,68,4,0
19.4,16.9,22.6,12.3,15.7,12.9,1017.2,67,3,0
19.9,17.1,23.3,12.5,16.4,14,1017.5,70,0,0
19.8,17.4,22,12,16.2,13.4,1020.9,68,9,0
19,18,19.8,15.9,15.6,13.1,1022.5,69,58,0
18.6,16.4,20.7,13.4,15.3,12.7,1022.3,69,16,0
19.4,17.3,21.4,13.4,15.9,13.3,1022.6,68,8,0
20.1,18,22.2,13.6,16.4,13.6,1023,67,16,0
20,17.9,22.7,14,16.5,13.9,1024,68,12,0
17.7,15.1,20.4,12.3,13.6,10,1024.7,61,3,0
16.9,14.2,18.8,10.6,13.9,11.4,1024,70,28,0
17.7,15.6,20.3,11.9,14.9,12.8,1023.1,73,11,0
18.3,15.4,20.6,11.6,15.2,12.7,1022.6,71,20,0
18.4,17.1,19,14.8,15.6,13.4,1022.9,73,88,0.2
17.5,15.8,18.7,14.8,15.8,14.5,1023.3,83,94,1.4
18.2,16.9,19.9,14.4,16.5,15.3,1021.2,83,83,0
19,18.2,20.7,15.4,17,15.6,1018.5,81,57,0
18.8,17.3,20.2,15.9,17.3,16.3,1017.3,86,84,2.8
16.4,14.8,17.6,16.1,15.4,14.7,1017.5,90,93,8.6
14.7,13.1,15.7,13.2,13.8,13.2,1018.3,91,94,5.6
16.4,14.8,17.4,14.3,15.1,14.2,1017.9,87,90,0.5
16.6,14.3,17.9,15.4,14.7,13.2,1018,80,91,0
15.2,13.1,16.5,12.7,12.9,10.9,1019.7,75,88,0
17.6,16,19.4,15.8,15.7,14.4,1017.5,82,62,0
17.4,16,18.6,15.2,15,13.2,1018.8,77,85,0
14.9,13.6,17,14.4,13.4,12,1020.2,83,97,4.6
14,13.3,15,13.1,13.5,13.2,1017.4,95,100,16.5
16.1,14.6,17.4,13.2,15.2,14.5,1016.1,90,98,0.4
15.9,14.5,17.4,14.6,14.5,13.4,1019,85,93,3
15.8,14.7,17.2,14.4,13.7,12,1022,78,84,0
15.9,15.3,16.8,13.8,13.3,11.1,1022.4,74,83,0
16.9,15.6,18.2,12.7,14.5,12.6,1021.4,76,83,0.1
17.7,16.3,19.4,14.7,15.7,14.2,1022.5,80,86,0
17.4,16,19.8,14.3,14.8,12.8,1023.1,75,59,0
17.6,16.5,19.4,13.4,15.7,14.4,1020.1,82,46,0
18.6,16.5,21.3,13.6,16.9,15.8,1017.6,84,32,0
18.6,16.5,22.1,13.1,16.7,15.5,1016.8,83,24,0
17.8,16.7,19.1,15.6,15.9,14.4,1019.1,81,59,0
18.5,16.9,20.9,14,16.9,15.8,1020,85,37,0
17.4,16.6,18.3,14.7,15.5,14.2,1018.8,82,88,0
17,16.2,17.8,16.7,15.3,14,1016,82,88,0
16.6,12.7,20.2,16.7,15.4,14.4,1015.3,87,94,3.3
12.9,10.4,14.5,8.8,10.2,7.5,1019.5,70,82,0
14.6,12.9,16,11.8,12.5,10.7,1016.9,77,86,0
16.7,15.2,18,14.2,15.6,14.7,1014.4,88,87,1.3
15.9,13.5,18,16.1,15.2,14.6,1018.5,92,99,6.7
12.1,10.9,13.9,11.7,10.8,9.5,1023.2,84,98,0.3
12.7,10.2,14.5,9.8,11.4,10.2,1022,85,98,0.6
14,12,15.4,13.3,12.7,11.6,1021,85,100,0.3
11.4,8.9,13.2,7.9,9.6,7.7,1023.8,78,91,1.6
13.5,11.4,15.5,9.6,10.7,7.8,1022.2,69,78,0
14.8,12.3,17.2,11.2,12.5,10.4,1022.9,75,71,0.9
15.9,14.4,18.3,11.6,13.7,11.9,1023.6,77,82,0
16.3,14.1,19.1,10.9,14,12.1,1022.3,77,41,0
17.8,16,20.2,14.2,15.3,13.4,1019.6,75,82,0
18,16.5,20,15.1,17.4,17,1018.9,94,97,9.6
16.8,16.1,17.5,15.8,16.2,15.8,1018.3,94,98,15.8
12.1,8,16.2,12.3,11,9.8,1022.4,86,99,3.6
9.6,7,11.4,6.2,7.8,5.8,1024.1,77,96,0.5
13.6,11.2,15.9,10.2,11.8,10.1,1022.7,79,90,0
13.8,12.4,15.2,13.3,12.2,10.8,1022.2,82,96,0
12.7,11.5,13.9,11.9,10.3,7.9,1023,73,97,0
14.4,13.1,16.3,12.9,12.6,11.1,1025.2,81,88,0
15.3,12.8,18,10.6,13.5,11.9,1026.4,81,72,0
16.9,15.4,19.2,11,15,13.7,1024.6,82,91,0
18.4,16.8,21.1,14.1,16.2,14.7,1022.4,80,79,0
16.7,15.3,18.2,14.9,15.3,14.2,1022.6,85,86,0.4
19,16.2,20.9,15.4,17.2,16,1022.2,83,78,0.3
19.4,17.4,23,15.2,17.6,16.4,1021.4,83,49,0
17.4,16.8,18.3,14.7,15.8,14.7,1021,84,74,0.2
18,16.2,20.7,0,15.4,13.4,1018.8,75,61,0
20.1,17.5,23.4,15.2,18.1,16.8,1016.6,82,66,0
18.6,17.2,19.9,16.6,16.9,15.8,1017.1,84,77,0
18.8,17.6,21.3,15.7,17.2,16.1,1016.8,85,79,0
16.9,16.2,18.2,15.8,16.1,15.5,1016.4,92,92,32.5
18.5,16.8,21,16,17.6,16.9,1016.2,91,77,7.1
19.7,17.8,23.4,15.6,18.6,17.9,1017,90,47,0
17.4,16.7,18.9,16.3,16.3,15.6,1016.6,89,98,2.2
17.8,16.4,20.1,15.9,17.1,16.6,1014.2,93,93,18
19.3,18.1,20.9,17.7,18.9,18.7,1012.6,96,98,5
18.2,15.1,20.7,17.8,17.8,17.5,1015.5,96,97,52.5
14,12.4,15.9,14.5,13.3,12.7,1017.8,92,96,18
11.2,9.3,12.8,9.1,10.6,10.1,1018.6,93,99,28.4
10.8,9.5,11.5,10.5,10.3,9.9,1018.9,94,99,19.4
12.7,11.2,13.6,10.4,12.3,12,1017.1,96,100,10.6
14,12.5,14.6,12.5,13.1,12.3,1016.4,89,94,0.6
13.1,12,14.6,11.9,11.3,9.7,1017.1,80,91,0.7
12.9,11.5,14.8,12.2,12,11.3,1018.1,90,98,0.5
12.7,11.6,14.2,12.1,11.7,10.8,1017.9,88,100,0.1
11.7,10.9,12.6,11.9,10.9,10,1016.9,89,100,0.5
13,10.8,17.8,10.3,10.2,7.3,1018.5,69,80,0
14.3,11.6,18,10.1,11.2,8.2,1020.1,67,56,0.2
16.6,14.5,20.4,11.9,13.5,10.8,1021.8,69,35,0
16.5,14.7,19.3,11.4,12,7.5,1023.3,56,66,0
17,15.4,19.4,11.7,13.8,11,1024.4,68,89,0.1
18,16.6,19.7,15.3,15.2,13,1023,73,88,0
20.6,17.9,24.8,15.3,18.3,16.8,1019.6,79,34,0
19.6,17.1,24,15.2,18,17.1,1018.8,86,31,0
17.3,15.8,19,14,14.6,12.3,1020.5,73,81,0
19.6,17.2,22.4,16.6,17.6,16.3,1020.2,81,78,0
21.2,18.8,24.1,17.3,19.4,18.4,1020.5,84,86,0
18.5,17.3,20.7,16.8,16.2,14.6,1022.5,78,64,0.8
18.6,16.2,21.9,15.5,15.6,13.4,1022.7,72,44,0
18.7,17,21.1,14.9,16.1,14.2,1021.9,75,70,0
18.6,16.8,21.7,15.7,14.6,11.1,1020.3,63,45,0
19.3,17,23.2,14.7,16.9,15.3,1018.2,78,42,0
20.2,18.2,23,15.2,18.1,16.8,1017.1,81,43,0
21.3,18.8,25,16.5,19.3,18.2,1015.6,83,70,0
22.1,20.5,24.9,17.9,20.6,19.8,1012.9,87,78,0
23.8,21.5,25.7,20.5,22.6,21.9,1011.2,89,88,0.1
25.4,23.5,27.8,22.8,23.4,22.5,1011.5,84,80,0
19.4,17.8,24.3,18.6,17.8,16.8,1015.7,85,94,0.1
19.6,18,21.2,16.8,17.2,15.6,1016.7,78,90,0
22.5,19.9,26,18.1,20.4,19.2,1015.4,82,69,0
22.2,20.6,26.1,18.9,20.8,20.1,1014.2,88,60,3.4
20.7,19.4,22,18.8,20.1,19.7,1013.8,94,88,23.4
19.9,19.2,20.6,18.7,19.3,19,1012.6,94,100,0
22.5,19.9,26,20.1,21.6,21.1,1011.1,92,95,0.6
24.1,21.1,27,20.7,22.8,22.2,1011.2,89,88,0
24.7,21.9,27.9,22,23.3,22.7,1011.7,89,91,23.1
20.5,17.8,22.6,21.5,18.4,16.9,1017.8,80,96,67.9
17.8,16.9,18.4,17.1,15.2,13.2,1020.7,75,93,0.3
19.2,17.2,22,17,16.8,15.2,1017.3,78,91,0
21.7,19.5,24.3,19.1,20.1,19.3,1014.7,87,87,0
22.2,19.9,25.1,19.5,20.6,19.7,1014.6,86,87,0
19.4,18.2,21.5,19.8,17.3,15.8,1012.6,81,91,38.7
21.2,19.2,25.1,19.9,20.3,19.8,1008.6,92,70,7.6
23,20.3,25.5,21.6,22.1,21.6,1005.8,92,94,72.9
21.5,20.4,22.7,17.2,19.7,18.5,1010.2,84,58,0.1
21,18.6,24.4,16.6,17.3,14.6,1012.7,67,74,0
19.9,18.5,22.2,16.2,18.4,17.5,1010.9,86,92,2.9
19.4,18.6,20,19.3,18.6,18.1,1008.4,92,100,1.4
19.4,18.9,19.9,18.9,18.9,18.6,1006.7,95,100,1.3
18.4,17.3,20.1,18.6,17.4,16.8,1009.7,91,98,7.4
18,17.4,18.8,17.5,17.1,16.5,1010.1,91,99,0.4
19.2,17.9,20.5,17.5,19,18.8,1007.3,98,100,0.3
22.3,20.4,25.4,19.8,22,21.8,1006.1,97,95,0.6
26.7,24.3,28.5,22.2,25.2,24.6,1005.4,88,90,0.9
26.9,25.1,29.3,24.2,25.4,24.8,1006.6,89,85,0.4
22.8,19.5,26.4,24.1,21.6,21,1010.9,90,88,13.4
18.9,18.3,20.3,18.2,17.9,17.3,1015.8,90,98,1.8
18.8,18.1,19.5,16,18.2,17.8,1014.8,94,100,15.3
19.8,19.2,20.9,16.4,19.2,18.8,1015.9,94,100,0.3
21.5,19.8,24.3,20.7,19.2,17.8,1016.9,80,68,0
22.7,20.9,25.7,19.5,20.9,20,1015.4,85,81,0
24.6,21.9,28.7,20.1,22.3,21.2,1013.8,82,21,0
25.3,23,29.3,21.1,23.4,22.6,1012.2,85,68,0
25.7,23.7,29.1,22.6,23.6,22.7,1010.4,85,47,0
26,23.3,29.8,21.5,23.4,22.2,1009.1,81,47,0
26.6,24.5,29.6,22,24.1,22.9,1008.9,81,70,0
22.5,20.7,25.7,22.3,19.8,18.2,1012,77,92,0.1
22.3,19.9,26.4,18.6,17.7,14.5,1013.1,62,72,0
23.6,21.6,27.5,19.7,21,19.6,1013,79,51,0
24.2,21.5,27.6,19.5,21.3,19.7,1011.4,77,69,0
24.9,22.1,28.4,20,21.8,20.1,1010.3,76,82,0
23.2,22.6,24.4,22.2,22.4,22,1009.4,93,94,8.3
23.6,22.8,24.9,22.8,22.6,22.1,1009.1,91,94,5.7
23.5,23.1,24,22.9,23,22.8,1007.9,96,97,23.1
25.7,23.4,28.9,22.9,23.7,22.7,1006.4,85,90,8.6
24.7,23.5,25.9,22.8,23.6,23,1007,91,84,10.6
26.3,23.7,29.6,22.5,23.9,22.8,1009.9,82,57,0
24.4,23.3,25.7,23.3,22.5,21.6,1012.7,85,90,0
24.2,23.2,26.4,23.2,22.5,21.6,1009.8,85,91,0
24.2,21.3,27,23.7,23,22.5,1008.8,90,91,16.4
22.7,20.2,25.5,21.9,20.4,19.1,1007.2,81,91,2.1
24.7,21.9,28.5,20.8,20.6,18.3,1008.2,68,21,0
25.4,22.5,29,20.3,22,20.3,1010.1,74,11,0
25.7,23.6,29,21.8,22.8,21.3,1010.9,77,24,0
25.3,24.1,28.2,22.8,22.9,21.7,1011.4,81,55,0
25.7,24,28.7,23,23.5,22.4,1011.8,82,54,0
25.6,23.6,28,24.3,22.4,20.7,1013.5,75,79,0
23.6,22.5,25.2,21.4,20.8,19.3,1013.8,77,93,0
21.7,20.4,23.2,20.2,20.9,20.5,1011.5,93,99,20.1
23.4,21.8,24.9,21.1,22.5,22.1,1009.3,92,93,5.3
25,23.7,27.4,23,23.1,22.2,1009.5,85,78,0
24.9,23.6,26.9,23,22.7,21.6,1008.5,82,85,0
25.6,23.7,28.6,23.7,24.1,23.4,1006.2,88,80,2.1
27.1,25,30.7,24.4,25,24,1004.9,84,79,0
25.7,24.5,27,25.5,25.1,24.8,1003.8,95,95,144.8
24.2,23.3,24.9,24.2,23.5,23.1,1004.8,94,93,10.8
24.1,23,25.5,23.4,23.3,22.9,1006.1,93,91,0.8
26.4,24.4,29,23.7,24.4,23.5,1006.4,84,81,0.9
26.5,25.6,28.5,25,25.2,24.7,1007.1,90,77,1.8
26.2,25.4,28.1,25.5,25.3,25,1007.1,93,88,11.2
27.9,25,29.3,25.3,26,25.3,1006,86,89,4.1
27.7,25.8,29.6,26.5,25.9,25.2,1004.4,87,95,8.5
26.2,25.1,28.3,24.9,25,24.4,1004.2,90,91,12.4
25.4,24.7,26.1,25.3,24.7,24.3,1007,94,97,5.5
26.7,25.4,29.3,24.1,25.8,25.4,1008.9,93,81,2.1
28.6,26.4,31.6,25.5,26.4,25.5,1007.5,84,59,0
29.3,27.8,31.8,27.5,26.2,24.9,1005.6,78,51,0
29.7,27.6,32.6,26.3,26.5,25.2,1006.2,77,51,0
29.7,28,32.3,26.5,26.7,25.5,1005.7,79,63,0
27.4,25.2,29.2,26.5,25.8,25.1,1003,87,89,58.4
26.9,25.8,28.6,25.5,25.6,25.1,1001.8,90,94,55.1
27.7,25.2,29.9,25,25.9,25.1,1004.6,86,86,11.2
28.4,27,31.1,26.7,26.6,25.9,1007.5,87,77,1.1
28.4,27,30.9,26,26.3,25.4,1008.3,84,71,0
28.7,26.6,32.3,25.5,25.9,24.7,1005.9,79,48,0
29.8,27.7,32.3,26.9,26.6,25.2,1001.5,77,70,0
30.3,28.5,32.7,26.3,26.7,25.2,999.1,74,74,0
29.7,28.5,32.3,27.5,26.8,25.7,1002,79,84,0
29.6,27.7,32,27.7,26.6,25.4,1004.4,78,64,1.6
29.4,26.4,32.6,25.7,26.6,25.5,1004.7,80,70,21.9
29.9,28.3,32.9,27.1,26.6,25.3,1004,77,51,0.3
30.1,27.9,32.8,26.5,26.8,25.5,1001.8,77,52,0
28.7,27,29.6,26.1,26.7,26,1001.2,85,85,12.6
28.1,24.8,29.3,26.9,26.2,25.4,1002.5,86,92,83
29.2,28.1,30.9,26.5,26.4,25.2,1003.3,80,83,0.1
29.5,28.4,31.2,26.4,26.5,25.2,1005,78,77,0
29.5,28.4,32.1,26.4,26.4,25.2,1007,78,68,2.3
29.7,28,32.1,26.6,26.3,24.9,1009.2,76,67,0
30,27.8,33.3,26.5,26.7,25.3,1010,77,41,0
29.8,27.8,32.3,26.4,26.2,24.6,1009.4,75,29,0.1
29.4,27.5,32,25.5,26.3,25.1,1007.4,78,40,7.3
30,27.9,32.5,27.2,26.4,25,1005.8,75,36,0
30.1,28.1,32.7,26.8,26.3,24.7,1005.3,73,35,0
30.2,28.3,33.1,27.4,26.3,24.6,1005.8,73,68,0
30.3,28.5,32.7,27.5,26.7,25.2,1006.1,75,52,0
29.9,26.5,32.3,25.4,26.8,25.6,1005.5,78,68,19
27.8,25.4,30.7,26,26,25.2,1005.2,86,78,25.2
25.5,24.4,26.9,24.2,24.9,24.6,1007.9,95,87,43.8
28.7,25.7,31.4,25.3,26.4,25.6,1009.8,84,73,7.9
29.4,27.6,31.7,27.2,26.4,25.2,1008.4,79,58,0
29.6,27.8,32.2,27.3,26.2,24.7,1006.8,75,68,0.9
29.4,27.6,31.8,27.2,25.9,24.4,1006.9,75,53,2.1
29.4,27.2,32.2,26,25.7,24.2,1007.1,74,58,0.2
29.7,27.8,32.4,26.7,26.5,25.2,1007.6,77,70,0
28.5,25.5,30.6,25.2,26.3,25.4,1008.1,84,87,11
28.4,25.6,30.9,25.2,26.2,25.3,1008.6,83,77,14.7
28.4,26.8,30.6,25.8,26.8,26.2,1008.8,88,80,12
28.9,26.1,31.6,25.3,26.6,25.6,1007.2,83,68,21.5
29.2,27.3,31.5,27,26.1,24.9,1004.6,78,46,0
29.9,27.7,33,26.4,26.5,25.2,1003.3,76,58,0
29.6,27.8,33,26.4,26.4,25.1,1002.7,77,79,1.7
28.2,25.7,31,26.7,26.2,25.3,1002.9,85,89,10
28.2,25.9,32.5,25.7,25.8,24.8,1000.8,82,84,17.4
26.9,24.1,29.3,25.7,24.1,22.9,995.6,79,88,13.2
25.7,23.8,28.6,23.5,24,23.2,996.2,87,91,57.6
28.9,26.7,31.1,24,26.4,25.5,1001.2,82,84,3.6
28.4,25.6,30,24.8,26.1,25.2,1000.4,83,88,73.3
28.6,26.4,30.6,25.4,26.7,26,1000.8,86,94,29.2
28.7,26.4,31,26.1,26.4,25.6,1004.1,84,85,3.2
29.2,26.4,31.7,26.1,26.4,25.3,1006.1,80,83,6.3
29.7,26.5,32.2,0,26.6,25.3,1007.3,78,69,4.1
30.1,28.6,32.7,27,26.5,25.1,1008,75,46,0
29.9,28.4,32.2,26.9,26.7,25.5,1007.6,77,41,0
29.9,28.5,32.8,27.3,26.6,25.2,1006.8,76,42,0
30,28.5,32.8,0,26.7,25.3,1007.4,77,77,0
30.2,28.9,32.9,27.1,26.6,25.1,1008.9,75,56,0
29.8,28,32.3,26.8,26.4,25,1009.6,76,42,0
29.9,27.9,33.2,26.3,26.2,24.6,1008.9,74,24,0
29.5,27.6,32,26.1,26.2,24.9,1007.1,77,29,0
29.9,27.8,33,0,26.4,25,1006.8,76,29,0
29.5,25,32.7,25.7,26.3,25,1004.7,77,60,4.1
30.4,27,33.5,25.4,27.1,25.8,998.9,77,81,0
31.9,30.1,36.1,26.9,26.8,24.7,995.4,66,77,0
30.9,28.2,33.8,26.3,25.8,23.6,994.6,65,82,0
29.7,28.3,31.4,27,25.3,23.3,995,69,88,0
30.4,29.2,31.7,26.1,25.6,23.5,995.2,67,88,0
29.6,27.8,30.9,26.8,24.9,22.8,996.9,67,92,0
30.6,28.3,34.4,25.7,25.7,23.5,1000.4,67,81,0.3
28.8,27.4,30.8,25.9,25.7,24.4,1003.6,77,77,0
28.6,26.3,30.9,26.1,25.7,24.5,1005.3,79,73,0.4
29.7,27.5,32.6,26.4,25.8,24.2,1005.1,73,50,0
29.7,28,32.5,25.8,25.2,23.1,1003.8,69,82,0
27.6,25.4,29.6,26.1,24.5,23,1003.8,77,88,22.7
27.2,25.4,28.6,24.9,24.7,23.6,1006,81,81,2.9
28.6,26.3,31.4,24.9,25.4,24.1,1004,77,34,0
29.6,27,32.7,26.3,26.2,24.8,1001.6,76,41,0
30.7,28.5,33.5,26.9,26.3,24.4,1001.3,70,40,0
30.3,25.9,33.8,24.7,23.8,20.4,1003.4,57,18,3.5
28.3,24.8,31.6,24.6,24.5,22.8,1005.1,73,47,0.8
28.7,26.7,31.4,25.3,25.6,24.3,1006.7,77,67,0
29,27.1,32,25.5,25.5,23.9,1007,74,39,0
28.2,25.8,31.8,25.5,25.9,24.9,1006.4,82,61,22.7
29.3,26.6,32.1,25.1,26.1,24.8,1003.8,77,51,0
29.6,25.5,33.5,26.9,25.2,23.3,997.8,70,81,31.8
27.5,26.6,28.8,25.5,25,24,998.5,81,88,7.4
25.5,24.4,26.7,24.6,24.4,23.8,1002.7,91,95,105.4
24.8,24.2,25.9,24.6,23.9,23.4,1002.9,92,100,83.9
26.4,24.2,28.7,24.2,24.7,23.9,1004.5,86,89,1.8
27.9,26.1,30.5,24.7,25.5,24.5,1007.9,82,65,0
28.3,26.5,31.1,25,25.8,24.8,1009.3,81,47,0
28.7,27,31.9,25.6,25.7,24.4,1007.9,78,60,6.8
28.3,27.2,30,25.4,25.2,23.8,1007.9,77,72,0
28.4,26.7,30.8,24.6,25,23.5,1008.2,75,48,0
27.7,26.1,29.3,24.2,24.2,22.5,1008.5,73,55,0
25.7,23.9,27.7,24.8,24.5,24,1010,91,89,97.5
27.6,25.5,29.4,24.5,25.6,24.8,1012.3,85,76,1
28,26,30.2,25.5,26.1,25.3,1013.5,86,70,2.8
27.7,26.4,29.5,25.3,25.4,24.4,1012.2,82,77,1.2
27.6,26.1,29.4,24.6,24.7,23.4,1011,78,71,0
27.8,26.1,29.8,25.2,25.3,24.2,1011.8,81,68,0.6
26.6,24.3,29.6,24.6,24.3,23.2,1013.1,82,72,36.8
26.4,24.6,29,23.5,23.9,22.7,1013.7,80,74,0.3
26.6,24.6,28.7,24.3,24.3,23.3,1012.9,83,80,5.6
26.9,25.5,29.2,24.4,24.5,23.3,1012.2,81,68,0
27.7,26.2,29.6,24.1,24.8,23.5,1012.2,78,42,0
27.8,26.2,29.7,24.4,24.8,23.5,1013,78,52,0
27.9,26.2,30,24.2,24.8,23.5,1013.7,77,46,0
27.3,26,28.6,24.3,24.4,23,1013.6,78,78,0.3
27.1,25.9,28.6,24.6,24,22.6,1013.6,77,86,0
25.9,24.6,27.3,24.4,24.6,24,1014,90,86,21.1
26.3,23.8,28.8,23.6,24.4,23.5,1012.8,85,56,74
26.7,24.8,29.8,21.4,20.7,17.2,1012.1,57,7,0
25.9,23.2,29,19.7,21.4,18.9,1012.8,66,8,0
26,23.8,28.5,19.9,21.5,19,1015.2,66,6,0
25.8,24.5,27.2,20.8,20.9,18.1,1018.7,63,23,0.3
24.8,23.3,26.3,19.8,19.8,16.9,1019.3,62,20,0
24.4,22.1,27,19.5,20.4,18.1,1017.5,68,20,0
25,22.3,27.9,19.3,21,18.7,1015,69,10,0
25.7,23.6,28.3,21,22.4,20.7,1013.8,74,66,0
26.1,24.7,27.9,23.1,22.7,21,1014.9,74,70,0
25.9,24.7,27.8,23.3,22.4,20.6,1015.4,73,51,0
25.4,24,27.6,21.2,21.5,19.4,1014.6,70,30,0
25,23.3,26.6,20.7,21.3,19.3,1014.8,71,28,0
24.9,23.6,26.3,20.7,21.3,19.3,1016.1,71,41,0
24.7,23.3,26.4,20.7,21.5,19.8,1015.2,75,35,0
25.1,24,26.8,22.3,21.9,20.2,1014.8,75,51,0
25.2,24.1,27,21.6,22.5,21.1,1016.2,78,71,0
25.3,24.2,27.1,22.3,22.7,21.4,1016.2,79,56,0
25.6,24.5,27.4,22,23.4,22.3,1014.8,82,72,0
25.2,22.1,28.2,22.9,23.1,22.2,1015,84,77,3.7
22.8,20.6,25.3,19.6,18.5,15.7,1016.9,65,73,1.2
22,19.7,24,17.1,17.7,14.7,1018.5,63,69,0
22.8,21.4,24.5,19.1,18.9,16.3,1019.3,67,42,0
23.2,21.2,25.5,17.9,19.8,17.8,1019.4,72,36,0
23.7,22.3,26,19.7,20.7,19.1,1018.9,76,53,0
23.9,23,25.5,20.5,21.4,20,1018,79,55,0.1
24.4,23.1,26.3,20.4,21.4,19.8,1016.9,76,39,0
24.6,23.3,27.4,20.6,22.2,20.9,1015.9,80,30,0
24.6,23.2,26.5,20.7,22.5,21.5,1014.2,83,52,0
24.2,21.9,26.7,21.5,22.2,21.2,1012.1,84,88,7.1
23.6,22.8,25,20.8,21.1,19.8,1011.5,80,87,1
22.8,21.6,23.6,21.3,20.7,19.6,1012.9,83,90,4.8
23.6,22.3,25.3,20.8,20.1,18,1013.6,71,84,0
24.2,23.4,25.5,21.7,21.7,20.4,1012.1,79,86,1.3
24.5,23.9,25,23.2,23.1,22.5,1011.2,88,89,0.5
21.6,17,25.5,23.5,19.6,18.2,1014.8,82,88,11
18.2,16.3,20.3,15.7,13.9,10.3,1019.9,60,86,0.1
19.6,18,21.2,17.2,14.9,11.1,1020,58,76,0
21.4,19.2,23.1,16.6,17.6,14.9,1020.4,67,40,0
22.4,20.5,24.9,17.8,19.1,17.1,1019.6,72,50,0
23,20.5,26.4,17.6,19.2,16.8,1016.8,69,68,0
22.7,21.2,25,19,19.4,17.3,1015,72,91,0.9
23.1,22,24,20.5,20.6,19.2,1014.5,78,100,2.6
23,22.1,23.5,21,21.3,20.4,1015.6,85,99,3.9
23.5,22.1,25,21.5,21.7,20.8,1015.5,85,84,3.4
24.1,23.1,26,21,21.8,20.6,1016.3,81,41,0.3
24.6,22.6,27.7,20,21.7,20.1,1017.7,76,12,0
21,19.5,23.9,20.3,17.6,15.3,1022.6,70,71,0
20,18.1,22.1,18,16.7,14.4,1023.4,70,54,0
20.6,18.6,22.1,16.3,17.2,14.8,1023,69,38,0
20.9,18.8,23.3,16.1,17.4,15,1020.9,69,18,0
21.6,19.5,24.7,16.1,18.5,16.5,1019.8,73,8,0
21.8,19.3,24.8,16.5,18.1,15.7,1019.4,69,14,0
21.4,19.3,23.9,16.6,17.8,15.3,1017.7,68,18,0
20.3,17.9,22.5,14.2,16.5,13.8,1015.5,67,10,0
19.6,16.9,22.3,12.8,15.2,11.8,1015,61,1,0
17.6,15.6,20.2,12.5,12.3,7.2,1019.4,51,0,0
14.5,12.4,16.9,10.8,8.1,-1.1,1023.9,35,3,0
13.5,10.5,16.7,7.6,7.6,-0.9,1026.8,37,1,0
14.1,11,17.1,7.2,8.7,1.8,1029.1,44,1,0
15.6,12.3,18.8,8.4,10.1,3.9,1029.2,46,1,0
17.3,14.2,20.7,9.4,12.8,8.4,1025.8,56,1,0
18.4,16,21.2,11.6,14.8,11.9,1023.4,67,7,0
19.2,16.8,22.1,12.9,16,13.7,1021.6,71,8,0
21.1,19,24,15.9,17.4,14.9,1019.5,69,66,0
21.6,19.3,25.6,15.9,18.5,16.4,1017.4,73,20,0
22,20.4,24.2,16.5,18.7,16.7,1017.7,72,13,0
22.2,20.1,25.2,16.4,17.7,14.6,1020,63,52,0
19.7,19.2,20.5,17.5,17,15.1,1021.4,75,76,0
19.9,18.6,21.9,16.7,17.5,15.9,1019.4,78,49,0
20.7,18.6,24.4,15.4,18.3,16.7,1019.9,79,10,0
20,18.8,21.5,15.7,17.7,16.1,1021.6,78,64,0
19.8,18.9,21.4,17.9,17.3,15.6,1021.5,77,87,0
20.4,19,23,16.6,17.9,16.3,1019.6,78,38,0
19.4,17.2,21.1,14,16.4,14.3,1019.7,73,40,0
19.4,18.7,20.5,15.8,16.8,15,1018.3,76,67,0
19.5,18.3,21.6,15.2,17.3,15.9,1017,80,65,0
19.1,17.5,20.9,15.1,16.5,14.7,1018.1,76,82,0
18.8,17,20.7,14.8,14.5,10.8,1020.8,61,47,0
17.3,14.7,19.4,11.1,12.8,8.6,1022.2,57,21,0
17.4,15.5,19.2,12,14.3,11.7,1020.6,69,22,0
18.8,17.2,20.9,14.1,16.3,14.6,1020.1,77,39,0
19.4,17.4,22.6,14,16.5,14.3,1021.8,73,28,0
17.9,17.1,18.9,16.5,15.1,13,1022.8,73,65,0
17.9,16.1,19.7,12.6,15.4,13.4,1020.7,75,15,0
18.4,17.2,19.6,13.9,16.5,15.2,1019.9,82,72,0
18.9,18,19.6,16.4,17.4,16.4,1016.9,85,88,0.1
20.4,18.9,23.4,17.7,19.1,18.2,1014.2,88,58,0
20.2,18.4,23.9,16.2,18.9,18.1,1015.3,88,33,0
19,17.4,21.1,14.9,16.8,15.3,1018.3,80,61,0
18.7,17.9,20.7,16.5,16.7,15.3,1019.6,80,76,0
18.8,18.1,19.9,15.1,16.9,15.5,1018.3,81,78,0
13.6,11.8,19.2,13.5,12.4,11.3,1019.5,86,90,5.1
14.6,13,15.5,12.1,13.8,13.1,1018.4,90,97,2.2
16.1,14.9,17.2,14.4,15.3,14.7,1017.3,92,100,7.6
15.8,14.5,18.1,15.1,14.3,13.1,1019.1,85,91,2.5
14.9,13.8,15.6,13.5,12.8,11.1,1020.7,78,92,0
16.2,14.6,17.7,14.1,14.5,13.2,1017.9,83,88,0
16.5,14.7,17.6,15.6,15.1,14.1,1017.5,86,88,8.4
14.2,12.9,15.3,12.9,12.8,11.7,1020.8,85,95,1.9
15.3,14.3,16.1,13.6,13.1,11.2,1021.3,77,95,0
15.2,13.1,16.6,14,13.6,12.4,1022.6,84,99,0.5
14.1,11.7,15.9,11.7,11.8,9.7,1025.4,75,88,0.5
16.3,14.8,18.9,13.9,13.7,11.4,1024.1,73,61,0
16.9,15.1,19.1,11.8,14.6,12.8,1022.1,77,17,0
16.5,15.3,17.4,13.1,14.3,12.5,1020.8,77,65,0
17.2,16.1,19,13.9,15.4,14,1018.8,81,55,0
18.5,16.9,20.4,14.3,16.8,15.7,1017.3,84,52,0
19.7,17.9,22.8,14.4,18,17,1017.4,85,21,0
18.8,17.7,22.3,15.2,17.4,16.5,1019,87,81,0
17.6,16.5,18.8,14.8,15.7,14.2,1020.4,81,67,0
18.8,17,20.8,15,16.9,15.7,1019.2,82,81,0
18.4,17.6,19.7,16.3,16.6,15.3,1020,82,76,0
17.2,15.9,17.9,15.2,15.6,14.5,1021.7,84,78,0
15.7,14.3,16.6,13.7,13.4,11.4,1022.5,75,93,0
16.9,14.4,19.6,11.9,14.4,12.3,1020.8,75,49,0
17,14.7,19.8,12.9,14.1,11.8,1021.2,72,36,0
17.2,15.3,19.7,12.2,14.5,12.3,1022.3,73,86,0
17.2,16,19.2,14.1,14.1,11.6,1021.7,70,82,0
15.7,13.5,17.9,12.7,12.2,9,1021.7,65,70,0
15.2,12.7,17.5,9.9,12.1,9.3,1022.1,68,53,0
17,15.1,20.1,12.5,14.6,12.8,1021.2,76,25,0
17.2,15.4,20.2,12,14.7,12.7,1021.9,75,6,0
15.9,15.1,17.2,13,13.6,11.6,1021.6,76,69,0
17.5,15.1,21.2,12.2,15.2,13.5,1018.7,78,31,0
18.7,16.1,21.9,12.8,16.6,15.1,1016.9,80,27,0
17.6,16.1,19,14.9,15.7,14.4,1018.2,82,67,0
18.8,16.7,22.2,14.2,16.5,14.8,1016.7,78,47,0
19.5,17.4,22.3,14.8,17.8,16.7,1015,84,25,0
18.3,17.4,19.2,15.1,16.8,15.7,1016.3,85,65,0
17.1,16.5,18,16.1,15.8,14.9,1015.7,87,95,0
18.3,16.8,20.6,15.9,17.4,16.9,1011.9,91,98,0
20.7,18.5,22.5,18.5,20.2,20,1010.6,96,95,6.4
18.1,15.8,20.8,15,15.6,13.7,1012.7,77,70,0.1
16.5,15.7,17.9,15.3,14.4,12.7,1015,78,89,1.1
16.3,15.1,18.3,14.7,14.5,13.1,1018.3,82,92,0.4
16.4,15.1,17.9,14.4,13.9,11.8,1017.8,74,88,0
15.9,13.4,16.9,15.7,14.3,13.1,1018.6,83,89,0
13.3,11.5,14.6,11.1,10.3,7.1,1024.1,67,80,0.2
14.9,13.1,18.1,0,10.1,4.5,1025.4,50,56,0
16,13.9,19.2,11.2,11.3,6.2,1026.2,54,73,0
16.2,13.9,19.5,8.8,10.7,4.3,1027.4,47,4,0
16,13.7,18.6,9,12,8.1,1026.8,60,30,0
16.1,15.3,17.1,12.9,13.2,10.6,1025.4,70,84,0
16.6,15.1,17.9,13.4,13.9,11.6,1022.6,72,88,0
18.7,16.9,21.3,16,17.2,16.1,1018.8,85,91,0
20.4,18.8,22.1,17.7,19.2,18.5,1016.9,89,89,0
21.6,17.9,25.1,18.6,20.2,19.5,1017,88,82,0
17.1,16.4,18.1,16.3,16.2,15.6,1020.1,91,95,0.4
16.5,15.8,17.7,16,15.6,15,1018.9,91,97,0.8
18.2,16,20.9,15.8,17,16.2,1016.7,88,92,0.1
20.5,18.9,23.2,17.9,19.2,18.4,1015.2,88,88,0
21.1,19.7,23,19,20.1,19.6,1014.3,91,84,0
21.4,19.4,23.6,19.2,20.3,19.6,1014.8,90,52,0
22.3,20.6,25,18.3,20.8,20,1014.7,87,59,0
22.9,20.6,27.7,18.5,20.7,19.4,1014.4,82,32,0
20.9,19.8,22.2,19,19.4,18.6,1014.3,87,87,0
22.6,20.5,26.1,18.2,20.1,18.7,1013.8,79,22,0
20.8,19.6,21.7,18.1,19.3,18.5,1015.8,87,74,0
20,18.7,21.6,18,18.1,16.9,1017.9,83,64,0
19.1,18,20.2,17.6,17.3,16.1,1019.4,83,88,0
19,16.9,21.1,15.8,16.5,14.7,1019.5,76,85,0
20.5,18.9,23.7,18.2,17.6,15.6,1019.9,74,72,0
18,17.1,18.9,17,15.9,14.4,1021,80,95,0
17.2,15.6,18.3,14.6,15.8,14.8,1019,86,93,2.5
19.5,18.1,20.6,16.6,18.2,17.3,1015.1,87,88,0
21.4,19.9,23.8,18.2,19.7,18.7,1012.7,85,88,0
23.2,20.9,25.2,19.5,21.8,21,1011.1,88,86,0
22.1,19.5,25.4,21,21.1,20.6,1009.9,91,94,36.6
20,18.7,21.8,19.6,19.1,18.5,1011.9,91,92,1.2
19.9,18.8,21.3,18.6,19,18.5,1013,92,91,0
22,19.9,24.1,19.8,21.2,20.8,1012,93,87,0
23.8,22.1,27.1,21.5,22.6,22,1012.3,90,87,0
23.3,21.3,26.5,21.2,22.1,21.5,1014.5,90,78,0
22.1,20.4,23.9,21.6,20.6,19.8,1018.1,87,90,0
19.6,18.3,21.6,17.9,18,17,1019.8,85,91,0
18.9,15.2,21.1,0,17.1,16,1017.8,84,91,3.8
13.7,11.9,15.4,15,12.5,11.4,1021.2,87,97,6.1
15.4,12.1,19.3,11.2,12.3,9.4,1025.1,68,57,0
16.6,14.9,19.1,13.7,13.5,10.8,1025.8,69,79,0
17.5,15.8,19.8,14,14.3,11.6,1023,69,53,0
18.5,16.5,21.4,15.1,16.2,14.6,1018.7,78,89,0
19.7,18.8,21,17.2,18.1,17.1,1014.7,85,90,0
21.6,19.9,23.6,19.1,20.7,20.1,1010.9,91,85,1.3
22.3,19.8,26.3,17.8,20.1,18.8,1010.8,81,75,0
19.7,18.8,21.9,19.6,18.9,18.4,1010.9,92,97,5.3
21.6,19.5,24.9,19.1,21,20.7,1009.1,95,95,0
25.9,24.3,28,21.9,23.8,22.8,1007.8,83,88,0
26.2,24.9,28,23.2,23.6,22.3,1008,79,83,0
26.5,24.9,29.3,21.8,23.5,22.1,1009.4,77,64,0
26.2,24.1,29.7,22.2,23.4,22,1011,79,42,0
23.4,21.8,25,21.3,21.8,21,1013.2,86,73,0
22.8,21,25.8,21.1,21,20.1,1012.5,85,85,0
24.5,22.8,26.8,20.9,23.1,22.4,1011.7,88,83,0
25,23.4,28.5,22,23.8,23.3,1011,90,66,0
25.9,23.4,29.3,22,23.6,22.6,1010.5,83,38,0
23.1,20.7,26.2,22.1,21.2,20.2,1013.5,84,78,0
20.1,18.4,21.2,19,17.2,15.2,1016.6,74,91,0
19.9,18.2,21.5,18.7,17.1,15.2,1017,75,92,0.5
21.1,19.2,24.1,18.1,16.9,13.9,1017.9,64,88,0
23.3,20.7,27.4,18.7,19.1,16.5,1017.9,66,36,0
24.1,21.7,28.3,19.3,21.2,19.7,1015.7,77,6,0
24.4,22.2,28.4,20.2,21.7,20.3,1013.7,78,65,0
25.9,23.2,30.4,21.6,23.3,22.1,1012.7,81,45,0
24.7,23.8,26.3,23.1,23.1,22.3,1012.6,86,84,0
25.1,23.5,28.1,23.6,23.8,23.2,1010.5,89,87,0
26.8,25.2,30.2,24.1,24.7,23.7,1009.9,84,82,0.1
25.3,22.9,27.4,24.7,24.3,23.8,1008.5,92,93,27.5
25,20.6,29,21.9,23.4,22.6,1006.9,87,88,11.8
20.8,19.9,22,20.1,18,16.2,1014.7,75,91,0
19.8,18.2,21.7,17.8,17.1,15.1,1017.5,75,93,1.4
19.9,18.8,21,18.6,19,18.4,1014.9,91,99,2.8
22.6,20.7,25.2,20.3,21.9,21.5,1011.4,93,92,0.8
26.2,23.2,30,22.2,24.3,23.4,1010.8,85,70,0
26.6,25.2,28.9,23.6,25.2,24.6,1012.7,89,81,7.1
24.5,23,26.5,23.8,22.5,21.4,1015.1,83,90,0
23,22.2,24.2,22.6,21.1,20.1,1015.3,84,96,0
23.1,21.7,24.7,21.6,21.2,20.2,1015.7,84,89,0
24.5,22.7,27.8,22.1,22.3,21.3,1014.2,83,48,0
26.5,23.8,29.9,24.5,23.9,22.7,1011.7,80,45,0
25.7,24.5,28.8,25.2,24.3,23.6,1011.6,89,85,12.7
25.6,23.7,28.4,23.9,23.4,22.4,1011.7,83,50,0
26.8,24,30.9,23.3,24.4,23.4,1010.5,82,39,17.7
26.9,23.7,30.8,23.5,24.3,23.1,1011.8,80,54,0.1
26.5,25.2,29,25.3,24.3,23.3,1011.9,83,80,0
27.7,26,30.1,25.1,25.3,24.3,1010.3,82,78,0
28.8,27.2,31,25.4,25.7,24.4,1010.9,77,74,0
29,27.4,32.1,25.4,26.3,25.2,1012.2,81,55,0
29,26.9,32.5,25.2,25.8,24.5,1011.2,77,32,0
29.5,28,31.9,24.6,26.2,24.8,1008.5,76,77,0
29.9,28.6,32.4,26.6,26.1,24.6,1007.1,74,69,0
29.7,28.7,31.8,26.7,26.2,24.7,1007.7,74,82,0.1
30,28.6,32.3,26.6,26.5,25,1008.5,75,69,0.2
30.1,28.5,33.2,25.6,26.3,24.7,1009.7,73,72,0
29.3,27.5,32.7,26,26.2,24.9,1009.9,78,67,0
29.8,27.9,33.4,26,26,24.4,1010.7,74,63,0
28.3,25.8,30.5,25.7,25.7,24.6,1011.9,80,67,0.7
28.9,26.7,31.9,25.3,25.9,24.6,1011.7,78,55,0.7
28.8,25.8,32.2,25.1,25.8,24.5,1010.2,78,43,4.8
29.3,27.4,32.7,25.4,25.8,24.3,1009.7,75,36,0
29.4,27.1,32.9,25,25.8,24.2,1009.7,74,24,0
29.9,27.2,33.6,25.4,26,24.3,1009.2,72,22,0
30.2,27.6,34.4,24.5,26,24.1,1009.9,71,57,0
30.2,28.3,33.8,26.6,26.3,24.7,1010.3,72,64,0
29.8,28.5,32.6,26.5,26,24.5,1009.4,73,79,0
29.9,27.6,33.3,25.3,25.4,23.4,1008.2,69,68,0
27.5,24.2,29.6,26.4,25.3,24.3,1007.7,83,87,50.5
26,24.3,27.8,23.3,25.1,24.7,1008.5,93,90,111.1
26.8,25.3,28.3,24.7,25.6,25.1,1008.6,90,89,66.8
28.3,26.2,31.6,25.1,25.9,24.9,1007.7,82,84,22.3
29.3,28.1,31.2,26.1,26.2,24.9,1008.5,77,84,0.2
29.1,27.4,31.8,26,26.3,25.2,1008.8,80,76,2.5
29.5,27.6,32.3,26.4,26.4,25.1,1007.3,78,78,3.4
29.7,27.8,32.4,26.5,26.6,25.3,1004.7,78,73,0
30,27.9,32.4,27.1,26.5,25.1,1002.9,75,85,0.3
30.6,29,33.3,27.6,27.2,25.8,1002.5,76,85,0
30,27.3,33.1,29.7,27,25.7,1001.9,78,82,2.3
28.4,25.5,30.3,27.4,26.5,25.7,1001.5,85,88,14.6
27.4,24.8,29.9,24.6,25.8,25.1,1002,88,91,33.2
27.7,25.6,30.6,24.4,26,25.3,1001.7,87,91,16.9
28,26.2,30,26.6,26.2,25.5,1000.7,86,88,3.4
26.3,25.2,28.2,26.5,24.8,24.1,1000,88,89,2.7
24.2,22.8,25.9,24.2,22.9,22.3,1001.1,89,95,12.8
26.3,23.3,28.8,23.5,23.8,22.6,1005.1,80,73,0.6
25.5,24.7,27.5,24.8,24.4,24,1009,92,100,25.4
26.3,24.4,27.8,0,24.8,24.2,1010.2,88,87,2.7
27.8,25.9,30.6,24.6,25.8,24.9,1009.8,84,78,0
28.3,26.6,31.2,24.8,26.1,25.1,1009.8,83,42,0
29.3,27.2,32.2,25.5,26.2,25,1009.7,78,39,0
29.7,28.1,32.8,26.3,26,24.5,1009,74,57,0
29.1,26.8,32,25.8,26,24.7,1008.2,78,76,4.4
28.7,26.6,30.8,25.7,25.9,24.7,1008.6,79,82,11.5
29.2,27.6,31.2,26,26.1,24.8,1009,77,77,2.2
29.2,27.8,31,26.2,26,24.6,1008.4,77,84,1.5
29.3,28.3,31.3,26.4,26,24.6,1007.8,76,81,0
29.3,28.1,31.7,26,25.7,24.1,1008.6,74,74,0
29.4,27.9,31.9,25.7,25.6,24,1009.3,73,48,0
29.5,27.3,32.3,25.6,25.8,24.2,1009.2,74,36,0
29.7,27.8,32.8,25.7,26.3,24.9,1008.4,76,39,0
30.4,28.4,33.4,26.5,27.1,25.9,1006.8,77,66,3
28.9,26.8,31.2,27.3,26.5,25.6,1004.7,83,77,12.1
28,25.5,30,25.6,25.9,25,1006,84,87,21.8
28.1,25.4,30.6,24.7,25.8,24.9,1009.1,83,86,22.8
28.7,26.8,30.8,25.8,25.8,24.5,1011.1,78,70,1
28.9,26.9,31.6,25.5,25.9,24.6,1009.4,78,42,0
29.5,27.1,32.6,25.9,26.2,24.9,1006.8,77,38,0
30.1,28,32.5,26.6,26.9,25.7,1004,77,41,0
30.7,28.7,34.5,25.8,26.7,25.1,996.4,73,84,0.2
29.1,26.1,31.5,26.1,26.4,25.3,1001.7,80,89,27.5
28.2,26.2,30.2,25.5,26.2,25.4,1005.4,85,86,34.6
28.5,26.3,31.4,25.9,26.4,25.6,1005.6,85,63,7.2
27.6,24.5,30.6,24.8,25,23.8,1001.7,80,71,37.1
26.8,25.4,28.4,24,25.1,24.3,1000.7,87,88,33.5
27.7,26,30.4,24.8,26,25.2,1004.1,87,69,0.4
27.9,26.2,30.6,25.4,26,25.2,1003.1,85,63,0
28,26.3,30.8,25.1,25.5,24.4,1001.3,81,54,0
28.5,26.6,30.5,25.6,25.8,24.7,1001.6,80,66,0
28.4,25.4,30.7,25.9,26.3,25.5,1002,85,88,13.5
28.8,27,29.7,27.1,26.5,25.6,1002.4,83,88,7.5
28.6,26.1,30,25.4,26.4,25.4,1005,83,88,51.8
29.2,27.2,31.4,26.9,26.4,25.3,1008.3,80,82,5.2
29.3,27.1,31.9,26.2,26.5,25.4,1010.4,80,52,0.9
29.3,26.9,32.7,25.5,26.4,25.2,1010.2,79,26,0
29.6,27.6,32.4,26,26.8,25.7,1008.6,80,28,0
29.7,28,32.6,26.6,26.4,25.1,1007.7,77,52,0
29.4,26.6,31.9,26.1,26,24.5,1007.5,75,56,0.6
29.3,27.2,31.8,26.3,26.3,25.1,1006.2,79,62,6.9
30,28,33,26.5,26.5,25.1,1004.2,75,46,0
30.2,28.7,32.7,27.3,27,25.8,1003.7,78,65,0
29.2,28,31.5,27.3,27,26.1,1003.8,84,83,5.2
28.7,25.8,31.3,26,26.7,25.9,1004,85,86,25.6
27.3,26,28.7,25.1,26,25.5,1004,90,83,4.3
27.3,26.4,28.4,26.2,25.8,25.2,1005.1,88,84,1.7
27.6,24.7,30.5,24.9,25.1,24,1004.7,81,79,20.9
26.4,24.8,28,24.3,24.9,24.2,999.7,88,91,65.2
26.5,25.2,27.4,25.1,25.5,25,1001.9,92,88,56
26.4,25.3,27.8,25.4,25.6,25.3,1003.6,94,82,12.2
28.4,25.4,32.2,24.2,25.5,24.2,1003.4,79,49,0
28.8,25.4,31.8,25,26.5,25.6,1002.8,83,66,4.4
28.7,27.4,31.8,27,26.8,26.1,1003.2,86,82,0
28.2,25.6,30.6,25.3,26.4,25.7,1002.7,87,86,34.7
29.6,27.1,32.7,25.9,26.7,25.6,1002,80,59,0
30.1,27.7,32.8,26.2,26.7,25.3,1001.7,76,46,0
28.1,27.2,29.5,26.7,26,25.1,1002,84,78,0.6
26.7,25.1,28.5,25.2,25.3,24.7,1004.6,89,76,19.3
28.9,26.4,32.4,25.1,26.5,25.6,1007,83,56,0
29.3,27.5,31.6,25.9,25.8,24.3,1006.8,75,36,0
27.8,25.4,29.4,24.6,25.7,24.9,1005.7,85,82,38.4
27.7,26.7,28.8,26.1,25.5,24.6,1006.8,84,64,0
28.5,26.5,30.4,25.3,26,25,1007.5,82,61,0.2
29.2,27,32,25.2,26.1,24.8,1009.2,78,36,0
29.1,27.3,31.9,25.8,26.3,25.2,1009.6,80,34,0
29.5,27.5,32.3,26.2,26.4,25.1,1007.3,78,44,0
29.6,27.4,32.4,26,26.1,24.7,1005,75,34,0
28.7,26.3,31.5,26.5,26.1,25,1004.1,81,82,3.2
28.3,26.4,30.5,25.2,25.2,23.8,1001.3,77,84,2.8
27.6,26.2,29.6,25.5,24.8,23.6,996.4,79,86,11
27.6,25.4,28.7,25.1,24.3,22.8,997.3,75,88,0.4
29.1,26.5,32.4,25.5,25.8,24.3,1003.5,76,52,0.2
27.7,24.5,29.7,24,25.6,24.8,1008.4,85,68,8.8
28.9,27.1,31.9,0,26.1,24.9,1011,79,26,0
29.2,27.4,31.6,25.8,26.4,25.3,1010.8,80,44,0
29.1,25.3,33.7,26,26.3,25.2,1009.6,80,47,19.4
28.7,26.7,31.4,24.7,25.3,23.9,1010.2,76,58,0
27.7,24.5,31,24.1,24.8,23.4,1010.9,78,56,64.1
25.9,21.8,29,23.2,23.4,22.2,1011.2,81,72,29.1
28.3,24.9,32.2,22.6,23.1,20.4,1008.3,63,47,0
29,26.7,31.8,24.5,24.1,21.9,1004.8,66,79,0
28.5,26.1,30.5,24.4,25,23.5,1003.1,75,80,4.2
29.2,27.1,31.9,24.8,24.5,22.3,1005.5,67,52,0
29.1,27.2,32.5,25,25.4,23.8,1009.3,74,23,0
27.9,26.3,29.7,24.8,24.6,23.2,1012.5,76,52,1.6
27.1,24.8,29.7,23.4,23.6,21.9,1012,74,38,0.8
28.1,25.3,30.8,22.7,22.8,20.1,1008.6,63,42,0
28.5,25.9,31.2,23.4,23.4,20.8,1007.5,64,47,3
27.4,25.2,30.3,24.6,24.5,23.1,1007.9,78,80,28
28.2,25.3,31.2,24,24.7,23.1,1007.4,74,38,0
28.1,26,31,23.5,23.3,20.9,1008.5,66,32,0
26.1,25.2,27.6,22.8,22.5,20.7,1010.8,72,79,0
25.2,23,26.8,22.6,22.7,21.4,1010.3,80,94,2.1
26.4,23.5,29,22,23,21.3,1008.7,74,70,0
27.4,24.8,29.9,22.3,23.3,21.4,1008.2,70,52,0
27.9,26.5,30.1,24.4,24.4,22.8,1009.6,74,67,0
27.9,26.1,30.7,24,25,23.7,1010.6,78,42,0
28.2,26.1,30.8,24,23.9,21.9,1010.9,69,27,0
26.9,25.4,29,23.4,22.8,20.7,1013.3,69,63,0
26.1,24,28.4,22.1,22.6,20.9,1013.3,73,55,0
25.5,23.4,27.8,21,21.1,18.6,1012.5,66,44,0
25.4,23.5,27.5,20.9,21.1,18.6,1011.4,67,54,0
25.6,23,28.9,20.4,20.3,17,1011.5,60,11,0
25.6,23.6,28.4,20.6,21.4,19.1,1012.1,67,37,0
25.7,24,27.7,20.7,22,20,1012.1,71,53,0
26,24,28.4,20.9,22.2,20.2,1011.9,71,22,0
26,24.4,27.9,21.6,22.8,21.2,1012.3,75,25,0
25.7,24,27.4,22.7,24,23.3,1013.7,87,83,30.1
24,23.2,24.8,22.7,23.6,23.4,1014.4,97,100,192.4
24.3,23.1,25.9,22.8,24,23.8,1013.3,97,98,66.5
23.2,21.6,24.8,22.9,22.5,22.1,1014.8,94,98,4.3
24.1,22.1,26.5,20.7,21.5,20.1,1016.4,78,80,0
25.2,23.3,27.9,22.2,22.2,20.6,1016.3,76,53,0.4
24.3,23,26.3,21,20.5,18.4,1017.2,70,52,0.2
24.2,22.6,26.1,19.7,20.4,18.1,1018.1,69,13,0
24.4,22.8,26.6,20.5,21.3,19.6,1018.5,75,46,0
24,23.1,25.6,21.9,20.5,18.5,1017.5,72,56,0
24,22.1,26.2,20.5,20.9,19.2,1015.1,75,61,0.4
24.1,21.9,26.7,19.7,20.6,18.6,1013.4,72,55,0
24.9,22.5,27.9,19.9,19.4,15.8,1012.9,59,9,0
24.3,21.1,26.7,18.9,15.3,7.1,1013,34,9,0
19.6,16.8,21.9,13.8,11.5,2,1012.7,32,69,0
20.8,17.5,24.5,14.7,14.4,8.7,1010.5,46,54,0
21.8,18.5,25.1,15,15.6,10.5,1012.8,49,17,0
22.4,19.4,25.9,17.9,16.3,11.5,1016.1,51,24,0
22.3,20.6,24.8,16.4,18.4,15.8,1017.6,67,39,0
22.5,21,24.8,17.5,18.3,15.5,1017.3,66,71,0
22.6,20.9,25.2,17,18.3,15.5,1017.2,65,51,0
22.7,20.1,25.2,16.5,17.7,14,1017.8,60,33,0
23.1,22.1,24.6,20.5,19.1,16.5,1018.8,67,67,0
23.1,22.1,24.8,20.4,20.1,18.3,1019.1,75,44,0
23.5,21.8,25.7,19.4,20.7,19.1,1017,77,28,0
24,22,27,19.6,20.4,18.4,1016,72,41,0
22.4,21.4,23.5,19.5,20,18.7,1018.4,79,71,0.3
21.8,19.8,24.1,19.2,18.2,15.8,1020.3,69,65,0
19.9,17.2,22.3,14.9,13.6,7.6,1022,46,10,0
19,16.4,21.7,13.5,13.1,7.4,1021.2,48,5,0
20.2,16.5,23.9,13.4,13.6,7.4,1020.2,44,23,0
20.7,17.7,23.4,14.5,12.6,4.1,1021.3,34,5,0
19.5,16.5,22.1,13.3,13.7,8.1,1022.6,49,31,0
20,17.7,22,15.2,16,13,1022.2,65,58,0
20.1,17.5,23.2,14.3,16.3,13.4,1021.4,67,10,0
20.1,16.9,23.8,13.7,15.8,12.3,1019.7,63,18,0
21.1,19.6,23.1,16.8,17.9,15.7,1019.1,72,83,0
20.2,18.5,23,18.4,17.5,15.6,1020,75,85,0.2
20.2,18.6,21.7,17.3,17.8,16.2,1020.7,78,88,0
21.6,20.1,23.4,18.5,19.1,17.7,1020.5,79,57,0
23.8,21.1,26.9,19.5,20.6,18.7,1019.7,74,61,0
21.6,19.6,23.4,19.5,19.3,17.9,1021.2,80,72,0
18.8,16.7,20.6,17.5,16.6,15.1,1023.8,79,93,1.8
18.6,15.8,20.6,15.1,16,14.1,1023,76,82,0.4
19.2,17.4,22.3,15.5,16.4,14.5,1020.1,74,56,0
18.4,15.8,20.4,14,15.6,13.5,1016.7,73,18,0
20,18.6,21.7,16.3,17.7,16.3,1015.2,80,81,0
19,17.8,20.3,16.1,16.7,15.1,1015.7,78,74,0
19.5,17.3,22.1,15.4,16.9,15,1017,75,63,0
19.7,19.1,20.9,18.1,17.7,16.4,1019,81,80,0
19.9,17.8,23,16,17,14.9,1021.2,74,64,0
19.6,18.6,21.8,16.1,17.1,15.3,1021.6,77,30,0
19.6,18.2,21.7,15.6,17,15.2,1021.7,76,24,0
20.4,17.9,23.9,15.2,17.6,15.8,1021.7,75,8,0
21.3,19.8,24,17.1,18.3,16.3,1021.2,74,80,0
21.5,20,24.1,18.1,17.9,15.5,1022.7,70,83,0
19.3,18.8,20.6,17.5,16.2,14,1025,71,91,0
19.8,17.4,21.6,15.6,16.9,15,1024.2,74,93,0
21.7,19.7,25.1,17.9,18.4,16.3,1023.1,72,57,0
19,18.2,20.5,17.5,16.7,15.1,1025.3,78,97,0
18.5,16,20.9,14.3,15.4,13,1025.4,71,51,0
18.8,16.6,21.1,14,15.8,13.6,1023.6,72,73,0
19.8,18.1,22.2,16.2,17,15.1,1021.7,75,83,0
20,18.3,23.2,15.6,17.6,16,1019.5,79,35,0
20.5,18.5,23.2,16,17.8,16,1018.5,76,38,0
19.8,18.3,22.3,15,16.6,14.2,1017.8,71,67,0
19.4,17.6,21.7,16.1,16.9,15.1,1019.6,77,47,0
17.8,15,20,12.8,14.4,11.5,1021.4,67,40,0
18.4,16.3,20.9,13.3,15.3,12.9,1019.9,71,22,0
19,17.9,20.4,14.8,16.8,15.2,1019.1,79,83,0
19.9,18.8,21.2,16.8,17,15,1019.2,74,78,0
20.8,19.4,22.9,16,17.7,15.6,1018.1,73,59,0
21.2,19.6,24.2,16.7,19.3,18.1,1016.9,83,55,0
19.8,19.1,20.5,17.2,18.6,17.9,1015.4,89,83,0.6
17.7,10.5,20.6,18.2,16.5,15.7,1014.2,88,91,0.4
6.1,4.6,10.7,5.6,4.4,1.7,1023,75,92,7.6
7.2,5.2,9.6,4.9,4.2,-0.6,1026.5,59,94,1.3
10.5,8.2,12.3,7.4,9.3,8.1,1023.3,85,99,1.4
14.5,12.2,16.2,11,13.5,12.8,1020.2,89,91,0.5
15.6,14.6,16.9,14.5,14.7,14.1,1020.3,91,96,0.1
16.4,15.5,17.3,15.1,15.7,15.2,1022,93,96,0.6
17.6,16.5,19.4,15.4,16.1,15,1023.1,86,88,0
17,16.5,18,16.1,15.7,14.8,1019.8,87,96,0
15.7,14.7,17.1,14.2,15.2,14.9,1015.4,95,99,38.8
16.6,14.7,19.5,12.3,14.5,12.8,1019.7,79,38,0
16.2,13.6,18.9,11.1,13.6,11.5,1021.7,74,50,0
15.7,13.8,18.3,12.8,12.9,10.4,1022,71,64,0.5
14.4,12.2,16.6,10.8,11.2,8,1024.2,66,84,0
15,13.4,16.9,11.3,11.8,8.8,1026.4,67,65,0
15.5,13.7,17.5,11.4,12.9,10.7,1024.3,73,33,0
16.6,14.9,18.6,11.6,14.6,13,1022,79,68,0
16.7,12.6,19.7,13.8,13.1,9.8,1023,65,52,0
12.2,10.3,14.6,8.9,7.3,0.4,1026.1,44,36,0
11.3,8.4,14.2,5.4,6.9,0.9,1025.3,49,0,0
13.1,9.8,16.6,6,7.6,-0.3,1024.2,41,11,0
14,11,17.2,6.8,8.9,2.4,1023.9,47,9,0
14.3,11.8,16.3,8.9,10.8,7.2,1025.4,63,27,0
14.3,12.3,16.3,8.8,11.1,7.8,1025.2,66,57,0
15,12.3,18.5,9,11.5,7.9,1025.2,64,3,0
13.6,11.3,16,7.6,9.8,5.5,1025.7,58,17,0
14.4,11.6,17.6,8.1,10.7,6.6,1025,60,0,0
15.4,13.2,18.2,9.8,13,10.9,1022.1,75,12,0
16,13.7,19.3,9.7,13.4,11.3,1019,74,20,0
16.8,14.4,19.4,10.9,13.9,11.4,1019.1,71,29,0
16.4,15.2,18.7,12,13.9,11.9,1021.4,75,17,0
16.7,14.8,19.1,10.9,13.1,9.9,1022.4,65,8,0
17.5,14.8,20.1,11.2,14.1,11.2,1021.2,67,14,0
19.3,17.5,21.9,13.4,14.8,11,1019.7,59,57,0
20.1,18.4,23.1,14.7,18.1,16.8,1016.3,81,54,0
18.8,14.6,22.6,15.2,15.4,12.4,1016.7,68,23,0
14.9,13.9,15.9,11.4,11.8,8.8,1021.5,67,88,0
15.3,14.3,16.4,13.3,13.2,11.5,1020,78,96,0
18.2,16.2,21.1,14.6,17.2,16.5,1016.6,90,78,0
19.4,17.8,22.8,15.3,18.3,17.7,1016.1,90,57,0
16.4,15.5,18,15.9,15.5,14.8,1017.9,91,96,0
15.5,14.9,16.2,14.3,14.2,13.1,1019.8,86,100,0
14.2,12.3,15.4,14.1,13.4,12.7,1017.3,91,95,27.6
13.8,11.9,14.9,10.3,12.4,11.2,1019.1,84,89,0
14.2,13.4,14.8,12.7,13.4,12.7,1017.2,91,99,3.5
13.8,13.2,14.5,12.8,12.9,12.1,1017,89,99,2.1
13.1,12.3,14.3,12.6,12.4,11.9,1015.6,92,99,19.8
12.1,11.4,13.1,11.5,11.5,10.9,1016.5,92,98,26.6
12.8,11.2,13.8,11,11.6,10.6,1017.7,86,95,4
13.8,13.1,14.5,12.2,12.8,11.9,1014.2,89,93,19.6
15.9,14.1,18.8,13.5,14.5,13.4,1012.7,86,82,18.1
14.6,13.5,15.9,11,12.6,10.7,1016.5,77,79,0.3
14.3,12.6,15.6,11.4,12.4,10.7,1014.8,79,92,1.4
15.4,14.5,16.6,13.9,14.4,13.7,1014.4,89,99,0
14.8,13.7,15.7,14.5,14.3,13.9,1014,94,99,14.1
13.6,11.9,16.3,11,11.1,8.7,1019.9,73,75,0.3
14.1,12.4,15.9,10.6,11.6,9.3,1023.4,73,87,0
13.2,12.4,14.3,12.5,12,11,1023.9,87,95,2.7
14.1,12.2,16.8,12,12.6,11.3,1024.2,84,74,0.5
15.9,13.3,19.2,9.6,10.7,4.7,1025.7,49,3,0
15.8,13.2,19.5,10.1,12.2,8.8,1024.4,65,0,0
17.2,14.2,20.9,10.4,13.9,11.2,1021.9,68,21,0
18.9,16,22.9,12.5,17,15.6,1017.9,81,49,0
20.5,18.7,23.3,16.6,19.2,18.4,1015.1,88,88,0
20.8,19.9,22.2,18.6,20.2,19.8,1015.3,94,93,2.2
18.8,17.9,20.1,17.5,18.3,17.9,1014.2,95,94,22.5
18.9,18.1,20.5,17.2,18.4,18.2,1012.4,96,96,0.3
20.5,17.2,24.3,18.6,19.9,19.6,1011.4,95,92,121.9
16.5,13.9,18.4,16.4,15.9,15.5,1013.2,94,97,29
13.4,12.5,15.3,12.4,11.5,9.6,1017.1,78,92,0
11,9.7,12.7,10.2,9.5,7.9,1021.7,82,94,2.1
11.2,9.9,12.5,10.4,10.4,9.5,1021.9,90,96,1.7
13.1,11.4,14.3,11.6,12.2,11.5,1019.1,90,90,0.8
15.1,13.2,16.4,13.1,14.3,13.8,1017.3,92,100,0.2
16.3,15.8,16.9,15.3,15.7,15.3,1017.3,94,100,0.7
17,15.9,18.5,15.4,16,15.3,1019,90,98,0
18.4,17.3,19.7,16.5,17.4,16.7,1019.3,90,92,0
19.1,18.1,20.7,17.1,18.3,17.8,1018,92,86,0
20.7,18.5,23.7,17.3,19.5,18.8,1016,90,60,0
21.6,20,24.3,17.6,20.7,20.2,1013.9,92,82,0
24.1,22.7,25.5,21.4,22.6,21.8,1013.4,87,87,0
21.1,18.4,23.8,21.2,20.2,19.8,1014.8,92,92,1
19,17.7,20.5,18.1,17.8,17.1,1017.1,88,95,0
18.5,16.8,20.9,16.3,17,15.9,1017.8,85,86,0.3
19.4,17.5,22.3,17.3,18.2,17.4,1017.1,88,81,0
20.5,17.7,24.4,17.4,19.1,18.2,1017.8,87,83,0
17.7,17,18.4,16.2,16.2,15.1,1018.9,85,97,0
19.9,17.8,22.6,17.2,18.4,17.6,1016,87,89,0
19.4,18.5,20.6,18.3,18.6,18.2,1013.4,92,98,0
21.2,19,23.6,18.9,20.5,20.2,1011.6,94,90,0
19.9,15.9,25.5,20.8,19,18.5,1011.8,92,94,35.7
17.2,14.8,19.4,15,16.6,16.2,1013.1,94,99,8.8
15.9,14.3,18.7,15.9,15.1,14.5,1013.9,92,99,7.5
15.2,13.5,16.9,13.8,13.4,11.8,1015.2,81,94,0
17.3,15.1,19.9,14.6,16,15.1,1014.2,87,95,0
19.1,17.4,20.8,16.6,18.4,18.1,1011.1,94,97,9.9
19.5,18.3,21.5,18.6,18.6,18.2,1010.8,92,100,0.2
18.9,18.2,20.2,18.3,18.2,17.7,1013.1,93,98,1.4
18,17.4,18.7,16.8,17.2,16.6,1011.8,92,97,20.4
20.2,18.3,22.6,17.7,19.4,19,1011.1,93,91,22.5
19.9,18.6,21.2,18.2,19.3,18.9,1010.1,94,85,92.5
19.7,18.8,20.4,18.3,19.1,18.7,1009.8,94,91,48.9
20.5,18.8,22.3,18.9,20,19.6,1011.6,95,97,39.4
18.9,17.8,19.9,17.4,18.3,17.9,1013.2,94,99,53.3
20.2,18.9,21.6,18.2,19.6,19.2,1010.2,94,88,8.7
21.8,20.4,25.1,19.5,21.5,21.3,1008.8,97,97,160.7
22,19.3,26,22.2,21.2,20.7,1009.2,92,95,29.5
19,17.9,20.2,17.7,17.3,16.1,1013.4,83,100,0.1
19.3,18.2,20.7,17.3,17.1,15.6,1015.4,80,97,0
19.4,17.8,22.4,16.1,15.6,12.6,1016,66,85,0
20.9,17.8,25.8,15.6,17,14.3,1015.8,67,55,0
20.8,18.8,24.1,16.1,18,16.1,1016,75,9,0
20.3,19,22.6,16.9,18.8,17.8,1012.9,86,79,0
23.2,20.5,25.5,19.2,22.1,21.6,1009.4,91,86,7.5
25.2,23.2,28.9,22.7,23.9,23.2,1009.3,89,70,6.6
21.3,20.6,24.6,20.5,20.6,20.1,1011.4,93,98,0
25.4,21.6,27.2,20.9,23.9,23.2,1007.9,88,93,0
24.2,22.6,26,22.8,22.3,21.3,1008.4,84,90,0.2
21.5,20.6,23.1,20.2,20,19.2,1011.8,87,98,0.3
23.7,21.6,26.9,20.4,22.4,21.8,1014,89,85,0
24.6,23,27.1,21.8,23.2,22.6,1016.2,89,78,0
23.9,22.2,27.3,21.7,22.5,21.8,1013.5,89,80,0
25.5,23.6,28.9,21.9,22.9,21.6,1010.3,80,78,0
25.9,23.6,28.4,21.7,23.5,22.3,1009.8,81,66,0
27.2,26,29.1,24.1,24.4,23.2,1010.2,79,79,0
27.3,25.4,29.6,23.4,24.5,23.3,1010.5,79,77,0
27.4,26.1,30.5,24.6,24.6,23.3,1009.6,79,79,0
26.7,25.3,28.5,24.7,24.5,23.5,1009,83,81,4.4
23.9,23.3,26.1,23.4,22.6,22,1011.6,89,96,1.9
24.5,23.1,27.3,23.7,23.2,22.7,1013.1,90,93,1.7
25.7,23.8,29.3,23.6,24.5,24,1012.2,91,79,0.6
27.4,24.9,31,23.4,24.9,23.8,1009.1,81,67,0
25.3,22.4,27.8,25.2,23.9,23.2,1006.5,88,89,62.1
23.4,22.4,24.6,22.2,22.9,22.7,1005.5,96,94,324.1
24,23.2,25.9,22.8,23.4,23.1,1008.7,94,94,16
21.5,20.2,23.5,20.6,20.3,19.7,1013.3,90,98,9.1
21.9,21,22.9,20.1,19.1,17.4,1014.6,76,85,0
23.6,21.6,27,21.5,20.1,18,1014,71,42,0
25.3,22.3,29.7,20.8,22.2,20.7,1013.4,76,23,0
24.1,23.6,24.8,22.8,22.9,22.3,1012.9,90,96,1.5
24,22.9,26,23,23,22.6,1011,92,91,74.3
24.9,23.2,26.8,22.2,24,23.6,1008.9,93,90,2.9
26.8,24.6,28.6,25,25.2,24.5,1004.8,88,88,17
25.2,23.8,26.9,22.8,22.8,21.7,1007.5,81,83,0
23.8,22.8,25.5,22.4,22.4,21.8,1010.1,89,91,0.2
24.2,23.5,25.8,22.5,22.5,21.6,1010.1,86,89,0
24.1,22.9,25.7,22.2,22.7,22.1,1009,89,88,18.8
23.7,23.2,24.8,23.1,22.9,22.6,1008.1,94,95,0
24.7,22.7,27.7,21.6,23,22.3,1008.2,87,71,0
25.9,23.2,29.6,21.7,23.7,22.7,1008.9,83,35,0
25.5,23.8,28,22.4,23.6,22.7,1008.4,84,72,0
24.9,23.6,26.7,22.9,23.6,23,1007.3,89,95,5.4
24.4,23.2,26.1,23.4,22.9,22.1,1010.5,88,74,2.5
25.2,23.4,28.1,22,21.5,19.4,1012.2,72,30,0
25.5,24.4,28,23.6,24,23.3,1008,88,88,12.6
25.4,22.5,28.1,24.5,24.7,24.4,1002.4,94,85,47.2
25.9,24.8,29.5,23.7,24.7,24.2,1001.3,90,85,0
25.4,24.4,27.6,24,23.5,22.5,1006.2,84,79,0
25.5,24.3,28.4,23,23.1,21.9,1009.3,81,67,0
26.1,25.3,28.3,24.1,24.7,24,1008.8,88,90,0
27.4,25.6,30.2,24.7,25.6,24.9,1007.4,86,66,0
28.3,26.1,31.7,25.1,25.9,24.9,1007.2,82,53,0
27.7,24.3,29.5,25.8,25.5,24.6,1006.3,83,81,17.2
25.9,22.9,28.7,25,24.8,24.3,1005.8,91,93,81.2
23.3,22.5,24.4,22.5,22.4,21.9,1007,92,94,16.3
24.1,22.7,25.4,22.8,23.5,23.2,1008.1,95,93,13.3
24.3,23.4,25.3,23.8,23.7,23.4,1010.7,95,94,27.8
24.2,23.7,25.1,23.1,23.8,23.6,1010,96,98,32.6
25.3,23.9,27.3,23.2,24.3,23.9,1008.1,92,88,7.4
24.7,24,26.2,24,24.3,24.2,1008,97,94,121
26.7,25,28.7,24.4,25.2,24.6,1008.3,88,88,9.1
25.7,24.5,27.9,24.7,25,24.7,1008.3,95,94,25.4
27.8,25,29.5,24.3,25.7,24.8,1006.8,84,87,0
28.7,26.9,31.1,25.4,26.1,25,1006.4,80,83,1.9
28.9,26.9,31.7,26.3,26.4,25.3,1008.8,81,78,1.6
27.8,25.9,30.9,25.9,26.3,25.7,1011.2,89,82,29.6
27.7,26,30.8,25.4,26.4,25.9,1010.9,90,86,32.2
28.1,26.3,30.9,25.3,25.9,24.9,1008.6,83,74,0
29.3,27.3,32.1,26.1,26,24.7,1004.4,77,62,0
29.6,28,32.1,26.2,26.4,25.1,1002.1,77,84,0
29.9,28.5,32.4,26.9,26.8,25.6,1002.6,78,81,0
29.9,27.9,32.8,26.7,27.2,26.1,1003,81,58,0.7
29.6,28.5,32.1,27.7,26.8,25.7,1001.5,80,73,0
29.3,28.1,32.4,26.5,25.9,24.5,1000.9,75,56,0
26.6,24.6,28.3,25.6,25.4,24.9,1002.6,91,93,109.5
27.8,25.1,30.3,24.2,26.4,25.8,1004.2,89,67,6
29.1,27.1,31.7,26.1,26.2,25.1,1004.4,79,61,0
29.5,27.8,31.9,26.2,26.3,25,1004.8,77,56,0
29.3,27.9,31.1,26.7,26.4,25.2,1004.8,79,64,1.2
29.6,27.9,31.9,26.6,26.5,25.2,1004,78,80,0.6
29.5,28.5,30.5,27,26.7,25.6,1003.4,80,86,0.9
29.4,28.3,30.5,26.6,26.7,25.6,1004.8,80,86,1.8
28.4,23.9,30.2,26.6,26.1,25.1,1003.6,83,93,29.7
25.4,23.4,27.6,23.8,24.1,23.5,1002.4,89,96,73.4
25.3,23.5,28.8,23.3,23.3,22.4,1005.1,84,88,1.6
27.6,25.3,30.1,24.3,25.1,23.9,1009.2,81,85,0
27.8,25,30.1,25.6,25.4,24.4,1011.8,82,76,3
28.5,25.9,32,24.7,25.6,24.3,1012.3,79,42,0
27.3,25,31.1,24.8,25,23.9,1010.5,83,71,27.2
28.1,25.5,31.3,24.8,26.1,25.3,1011.2,85,78,9.8
28.6,26,31.7,24.8,25.9,24.9,1012.5,81,46,0
28.6,25.8,31.9,24.2,24.3,22.3,1011,70,19,0
29.1,26.2,32.2,25.5,25.1,23.3,1008.7,72,16,0
28,26,30.4,27.4,26,25.1,1006.7,85,79,6.7
25.3,23.5,27.7,24.4,24.2,23.8,1005.4,91,96,177.7
27.7,25.9,30.4,0,25.3,24.2,1008,81,63,0
28.3,26.2,31.2,25.7,25.7,24.6,1008.1,81,41,0
27.8,26,31.3,25.5,25,23.8,1005.7,80,66,2.2
26.9,25.3,28.6,25.3,24.9,24,1004.1,84,92,19.3
27.2,25,28.1,0,25.3,24.5,1008.8,85,93,3
28.3,26.7,31.7,24,26.1,25.2,1010,84,68,0
28.7,27,32,25.9,26.1,25.1,1010.3,81,61,0
28.6,26.9,31.7,26,25.9,24.9,1010.8,81,60,0
29.2,27.6,32.3,27.5,26.5,25.4,1010.6,81,68,0
29.3,27.4,32.4,27.3,26.3,25.1,1010.8,79,48,0
28.9,26.9,31.6,26.3,25.9,24.6,1010.1,78,46,0
29.2,27.1,31.8,26.6,26.3,25.2,1007.8,79,23,0
29.5,27.9,32.4,27.7,27,26.1,1006.6,82,59,0
29.5,27.8,32.5,27.1,26.4,25.1,1007.1,78,45,0.2
29.1,27.5,31.5,26.9,26,24.7,1008.1,77,37,0
29.8,27.6,32.6,25.2,25.7,24,1009.2,72,48,0
29.7,27.7,32.2,26.8,26.1,24.5,1009.6,74,30,0
29.6,27.8,32.4,27.3,26.1,24.7,1008.4,76,30,0
29.7,28,32.1,27.1,26.6,25.4,1007.4,78,46,0
30.3,28.2,33.3,27,27,25.7,1005.6,77,29,0
29.9,25.6,33.2,26.9,27.4,26.5,1006.2,83,59,7.3
29.4,27.3,31.6,26.6,27,26,1008.4,83,71,0
29.3,27.2,32.7,27,26.8,25.7,1009.3,81,66,6.9
28.7,27,31.2,27.1,26.7,25.9,1009.3,85,65,14.2
29,27.1,31.6,26.3,26.4,25.4,1007.6,81,56,0.4
29.1,27,32.2,25.5,26.4,25.3,1005.1,80,58,0.8
29.4,27.5,32.4,26.4,26.4,25.2,1003.4,78,44,0
29.8,26.6,33.2,26.9,26.7,25.5,1002.3,78,53,5.9
28.6,26.4,30.7,26.3,25.1,23.6,1001.1,75,71,0
29.8,27.6,33.5,25.1,24.8,22.5,999.9,66,64,0.1
29.4,27.9,31.5,26.1,24.8,22.7,1000.3,68,86,0
29.6,27.7,31.4,25.8,25,22.9,999.9,68,73,0
28.7,27.2,30.2,25.3,25.2,23.6,1001.1,74,77,0.1
27,25.9,27.9,25.1,25.7,25.1,1002.7,90,91,18.1
27.4,25.8,29.1,25.2,26.1,25.6,1004.9,90,90,8.4
27.8,26.2,29.9,25.8,26.3,25.8,1006.3,88,78,1.7
27.9,26.6,30.4,26.1,26.2,25.5,1006.9,87,81,4
29.2,26.8,33,26.4,26.3,25.1,1006.3,79,55,0
29.3,27.7,32.1,25.4,26,24.7,1004.8,76,52,0
28.9,26.5,32.3,26.4,26.2,25,1002.6,80,70,19.3
29.1,26.2,32.3,26.7,26.5,25.4,1000.6,81,77,10.3
31.5,28.6,34.8,26.2,26.3,24.1,997.1,66,66,0
32,30,35,26.5,25.8,23,994.4,59,63,0
31.6,29.8,33.7,26,25.6,23,994.3,61,83,0
31.1,29.5,33.2,26.5,25.6,23.2,1000.4,63,44,0
30.8,28.8,33.3,27.1,26.5,24.8,1004.7,71,19,0
31,28.8,33.3,25.9,26,23.9,1003.1,66,33,0
30.9,29.1,33.5,27.2,26.8,25.2,1000.8,72,48,0
30.6,25.5,33.4,27.5,26.4,24.6,998.2,72,81,16.8
26.6,24.7,28.8,23.9,24.4,23.5,999,83,97,12.7
27.2,25.6,28,24.9,25.5,24.8,1002.7,87,94,8.6
28.2,26.5,31.2,26,26.1,25.3,1005.9,85,76,11
28.9,27.2,31.7,26.2,26.7,25.8,1008.1,84,47,0.3
29,27.3,31.4,26.1,26.9,26.1,1008.1,84,64,2.8
28.1,26,30.9,24,25.9,25,1007.2,83,67,0.5
28.6,26.6,31.2,26.2,26.4,25.6,1007.4,84,47,2.4
29,27.4,31.4,25.4,26.2,25.1,1008.2,80,41,0
29.4,27.6,32.6,26.2,26.4,25.2,1009.7,78,44,0
29.5,27.6,32.4,25.4,26.3,25,1010.3,77,38,0
29.1,26.5,31.5,26.3,26.5,25.4,1009.5,81,64,2
28.2,26,30.9,26,25.3,24,1009.5,79,80,0.9
28.4,27.1,30.4,23.9,24.9,23.3,1010,74,75,1.4
28.1,26.5,29.7,24.5,25,23.6,1010.5,77,83,0.4
28.6,27.1,31.2,24.6,24.9,23.3,1010.1,74,33,0
29.7,27.1,33.5,24.6,24.6,22.2,1005.5,65,44,0
29.8,27.3,33.2,23.8,23.9,21,1002.7,60,42,0
28.9,26.5,31.1,24.4,23.8,21.4,1004.8,64,23,0
29.3,27.4,32.7,25,25.7,24.1,1009.1,74,48,0
29.7,27.3,33.4,24.9,25.3,23.3,1011,70,52,0
28.3,26.5,30.8,25.2,25,23.5,1013.4,75,69,2.1
26.6,25,28.4,22.6,22.7,20.8,1014.9,71,56,0.5
27.2,25.1,30.5,23,23.3,21.4,1013.4,71,27,0
27.1,25.8,28.8,23.6,24.6,23.5,1012.4,81,52,0.1
27.7,25.6,30.2,24,24.8,23.5,1013.2,78,45,0.6
27.1,25.3,29.5,24.5,25.3,24.5,1014.3,86,51,13.8
27.9,26.1,30.6,24.1,25.3,24.2,1014.5,81,23,0
28.1,26.1,31.2,23.7,25.6,24.6,1012.8,81,23,0
28.2,27,30.3,25,25.5,24.3,1013.1,80,54,0
25.6,23.3,28.3,22.9,22.8,21.4,1015.4,78,78,13.1
25.2,22.5,27.7,21.7,21.7,19.8,1016.1,72,76,0
25.6,23.5,27.6,22.2,21.9,20,1015.7,71,88,0
26.2,23.3,29.1,21.6,22.2,20.1,1016,69,43,0
25.9,23.8,28.2,21.6,22.1,20.1,1016.4,71,72,0.1
25.6,22.8,28.3,21,21.8,19.8,1014.5,71,26,1.1
25.5,23.2,28,20.8,20.6,17.8,1013.5,63,36,0
25,22.6,27.7,19.5,20.1,17.2,1013.9,62,55,0
24.2,22.2,26.6,21,20.2,17.9,1014.2,68,85,0.2
23.6,21.3,26,19.1,18.5,15,1013.2,59,52,0
23.8,21.6,26.6,19.5,17.8,13.7,1012.5,53,56,0
24,21.7,27.2,18.6,18.1,13.9,1012.6,54,29,0
24,21.4,27,18.1,16.9,11.4,1014.8,46,9,0
23.6,21.5,26.4,17.6,17.3,12.6,1016.6,51,74,0
23.6,21.1,26.6,17.6,18.1,14.4,1017.2,57,48,0
23.3,21,25.9,17.8,18.8,15.9,1016.5,64,29,0
23.2,21.1,25.5,17.4,18.5,15.3,1015.5,62,23,0
23.2,20.8,26,18,19.5,17.3,1014.9,70,22,0
23.6,21.9,26.1,19.3,20,17.8,1015.9,71,25,0
23.3,20.9,26.4,19,18.1,14.5,1016.9,59,9,0
22.5,20.2,25.4,17.1,16.2,11.1,1018.4,49,34,0
22.1,19.6,25.3,15.9,16.7,12.4,1018.9,56,15,0
22.7,19.8,25.6,16.6,18.2,15.1,1018.6,63,62,0.4
23,20.4,26.4,19.3,19.6,17.4,1018.3,73,87,2.2
24.3,21.2,27.8,18.6,19.8,17,1016.9,65,38,0
24.1,21.9,27.8,18.6,19.5,16.5,1017.2,64,26,0
23.2,21.7,26,18.8,20.1,18.3,1018.3,74,31,0
23.5,21.5,26.3,18.7,19,16.1,1019.3,65,29,0
22.4,21.2,24.5,17,17.7,14.4,1020.1,61,13,0
22.1,20.2,24.9,17.2,18.7,16.5,1018.7,71,10,0
22.8,20.4,25.8,17.5,19.4,17.3,1017.3,72,16,0
23.6,22,26.4,19.2,21,19.7,1016.8,79,38,0
23,21.9,25.2,19.3,20.7,19.4,1016.6,80,43,0
22.6,21.5,24.7,19.3,19.9,18.4,1016.6,77,39,0
21.3,18.8,24.5,18.3,18.8,17.1,1019.2,78,65,1
17.7,15.3,20.1,15.7,11.2,3.4,1026.4,40,39,0
16.1,13.1,18.9,10.6,8.9,-0.9,1027,32,1,0
16.8,13.9,19.7,9.7,11.6,6.1,1025.4,50,1,0
19,16.3,22.6,12.8,14.8,11.3,1022.5,62,25,0
20.6,16.7,24.3,12.8,15.6,11.5,1020.4,58,38,0
19.4,17.7,21.7,17.9,17.8,16.7,1019.9,85,91,8.5
20.8,19.1,22.9,17.6,18.5,17.1,1020.3,80,89,0.6
21.7,20.2,24.4,18.6,18.2,15.8,1020,69,66,0
21.4,19.1,24.1,16.6,18.7,17,1018.2,76,31,0
21.8,20.4,24,18.3,19.4,18,1016.6,79,67,0
22.9,21.3,26,19.9,20.4,19,1015.7,79,42,0
19.7,16,23.1,17.2,14.3,9.1,1018,52,15,0
16.6,14.1,18.8,11.6,11.3,5.3,1019,48,17,0
18.8,17.2,21.1,16.2,15.4,12.8,1020.5,68,69,0
20,18.1,22.8,15.2,15.3,11.5,1021.1,59,32,0
20.2,17.4,23.5,13.9,16.3,13.5,1021,66,1,0
21.4,18.6,24.4,15.4,14.7,7.9,1019.1,47,9,0
20.2,18.4,22.6,14.3,13.4,6.4,1020.8,43,7,0
18.3,16.1,20.6,12.8,13.9,10.1,1023.1,59,6,0
18.5,15.9,21.4,12.5,14.1,10.1,1023,60,5,0
19.1,16.4,22.1,12.6,14.6,10.7,1021,59,25,0
19.8,17.3,23.1,14,16.8,14.7,1021.1,74,7,0
20.1,17.5,23.6,13.5,16.3,13.4,1022,67,3,0
19.7,17.8,22.3,13.8,15.9,12.9,1023.2,66,66,0
19.5,18.3,21.5,15.4,15.9,13.1,1024,67,45,0
19.1,17.5,20.9,15.1,16.3,14.3,1023.5,74,20,0
20.7,18.8,23.1,15.6,17.9,16.1,1021.6,76,45,0
21.1,19.6,23,17.3,18.6,17.1,1019,78,64,0
22.1,20.2,25.4,17.4,19.6,18.1,1016.6,78,76,0
21.4,20.2,22.9,18.1,18.9,17.4,1017.4,78,40,0
21.3,19.6,23.7,17.3,18.7,17.1,1017.9,77,49,0
21.7,20.1,24.6,17.4,19.2,17.7,1018.1,79,36,0
20.3,19.2,21.8,16.7,17.7,16.1,1019.8,77,79,0
19.9,18.5,22,16.6,17.8,16.5,1018.2,81,47,0
19.9,19.4,20.9,16.9,18.6,17.8,1016.7,87,85,0
19.2,14.2,21.7,18,17.6,16.5,1018.7,85,93,1.4
13.8,12.4,15.8,12.7,11.8,9.9,1024.2,77,80,0.4
15,11.7,18.4,9.8,12.4,10,1023.2,72,34,0
17.2,14.7,20.1,11.5,14.3,11.9,1022.3,72,11,0
18.6,16.3,21.6,13.1,16.3,14.6,1022.3,78,17,0
20,18.1,22.8,15.5,17.2,15.2,1020.1,74,53,0
20.9,19.4,22.9,16,17.1,14.5,1018.9,68,55,0.9
22,19.6,25.4,16.5,19.7,18.4,1019.9,80,28,0
20.3,19.4,22.2,18.5,18.2,16.8,1020.1,81,85,0
17.1,14,20,16.5,13.5,10,1023.2,64,80,0
14.8,12.8,16.4,11,10.1,4.6,1023.9,51,90,0
16.8,15.7,18.1,14.5,13.9,11.4,1021.6,71,97,0
17.4,16.2,18.5,15.7,16.8,16.4,1018.6,94,100,23
19.8,18.4,21.8,17.5,19.2,18.9,1015.9,95,99,9.8
20.4,18.7,23.3,18.5,19.2,18.5,1016.4,89,89,0
18.8,17.4,20.6,18.2,18.1,17.7,1020.2,94,98,29.7
18.3,17.3,19.3,17,17,16.2,1021.1,88,91,1.2
17.5,15.4,20,13.6,14.7,12.3,1023.8,73,26,0
17.1,15.5,19,13.2,14.2,11.7,1023.7,71,29,0
18.1,15.8,20.6,12.9,15.6,13.7,1021.4,76,9,0
18.4,17.1,20,14.1,16.8,15.7,1020.5,85,44,0
19.4,17.6,22.5,15,17.7,16.6,1020.5,84,36,0
18.4,17.6,19.4,14.8,16.7,15.4,1021.9,83,80,0
18.7,17.3,20.2,15.2,17.3,16.4,1020.6,86,83,1.2
20.1,18.9,21.6,17,18.5,17.5,1020.9,85,83,0
19.3,18.5,20.3,17.2,17.9,17,1021.8,86,88,0
19.8,17.8,22.9,15.2,17.8,16.4,1020.2,81,55,0
20.8,18.2,23.7,15.3,18.2,16.6,1017,77,80,0
19.9,18.7,21.1,17.1,18.2,17.1,1017.6,84,83,0
19.1,17.8,20.6,17.3,17.3,16,1018,83,87,1.4
19.2,18,20.4,17.3,17.9,17,1016.3,87,92,0
17.9,14.2,21.3,18.5,16.5,15.5,1014,85,96,0
10.4,6.7,15.1,10.5,9.1,7.7,1018.6,84,97,5.1
8.2,5.4,11.3,6.5,5.8,2.5,1024,69,38,7.3
8,7.1,9.4,6.4,6.3,3.9,1023.3,75,88,0.1
7.4,6.2,8.4,7.4,6.6,5.7,1022.7,89,100,5.1
9.7,7.9,11.9,7.9,7.9,5.8,1021.3,77,99,0
11.5,10.3,12.7,10.3,10,8.5,1020.6,82,100,0
10.5,9.1,11.5,9.5,8.8,6.8,1023.4,78,100,0
11.7,10.4,13.1,10.7,9.9,8.1,1022.1,79,98,0
9.3,7.9,12.1,9,8.3,7.2,1020.3,87,96,13.3
10,7.4,13.2,7.1,6.9,3,1020.6,62,60,0
11.6,8,15.1,5.5,8,3.6,1021.5,58,3,0
12.7,10.1,15.2,6.8,8.9,4.3,1022.2,58,49,0
13.5,11.3,16.5,7.6,7.3,-1.9,1024.5,35,16,0
11,8.2,13.5,6.7,5.5,-3.7,1026,36,1,0
12.3,8.9,15.3,5.6,8,2.5,1024.5,52,2,0
14.3,11.1,17.9,6.7,9.1,2.2,1024.5,46,0,0
14.9,12.5,18.3,7.5,11.4,7.8,1024.6,63,0,0
15.4,12.9,18.2,7.9,11.7,7.9,1026.8,62,3,0
14.7,12.8,16.8,8.6,11.7,8.7,1027.5,68,29,0
16.1,13.1,20,9.2,13.1,10.4,1026.1,69,4,0
17.9,14.9,22,10.1,14.7,12.2,1023.4,71,6,0
18.2,15.4,22.4,10.8,15.3,13,1021,73,14,0
19.4,17.5,22,13,17.9,16.9,1015.9,86,62,0
19.2,16.6,22.6,13.1,17.2,15.8,1016.3,82,9,0
17.6,15.8,19.1,13.5,15.1,13.3,1019.5,76,78,0
18.3,16.4,21.6,13.7,16.1,14.5,1019.3,79,80,0.5
17.2,16.3,18.7,13.6,15.1,13.5,1021.7,79,74,0
18.5,16.4,20.7,13.2,15.8,13.8,1020.1,74,71,0
18.2,17.2,20,14.5,14.6,11.6,1020.4,66,26,0
17.3,15.3,20.1,12.1,14,11.3,1020.7,68,11,0
18.2,16.4,20.1,13,15.5,13.6,1018.9,75,39,0
19.1,17.1,21.5,14.6,16.7,15,1014.6,77,69,0
20.1,18.2,23.4,15.3,17.1,14.9,1012.9,73,51,0
19.3,17.7,21.2,14,16.4,14.2,1016.3,73,40,0
18.4,17.7,19.2,15.7,16.8,15.7,1016.8,84,90,0.4
19.1,18.4,20.4,16.5,17.9,17,1015.7,88,93,0.1
19.8,18.4,22.3,18,19,18.5,1013.7,93,80,0
21,19.2,23.2,16.2,20,19.5,1012.5,91,79,0
20.2,18.1,22.3,18.3,18.3,17.1,1016.3,82,92,0
16.2,15.1,18.1,15,13.9,12,1022.2,76,99,0
16.4,15.2,18.4,14.2,14.3,12.6,1022.7,78,99,0
15.9,14.9,17,14.6,14.1,12.5,1021.6,80,100,0
16.6,14.9,18.3,14.6,15,13.8,1018.8,84,100,0
18.6,16.9,19.9,15.9,17.1,16,1016.1,85,91,0
17.6,16.3,19.2,15.3,15.5,13.8,1018.1,79,91,0
14.9,13.5,16.8,13.5,11.9,9,1024.2,68,88,0
15.9,14.2,17.2,13.3,12.8,10.1,1024,69,95,0
16.7,15.6,18.3,14.8,14.5,12.9,1020.7,78,98,0
17.1,14.8,20,14.5,15,13.4,1019,79,94,0.2
18.4,16.7,20.6,15.8,15.8,14,1017.5,76,86,0
21,18.4,24,15.3,18.8,17.5,1017.3,81,49,0
20.8,19.4,23.4,16.7,18.8,17.5,1018.8,82,68,0
18.4,17.4,19.9,16.7,16.2,14.5,1020.7,79,93,0
19,17.3,21.3,15.4,16.7,15.1,1020.8,78,84,0
19.5,17.9,22.1,16,17.4,16,1020.4,81,84,0
20.6,17.6,24.3,15.2,17.9,16.1,1018.2,76,42,0
20.1,18.7,21.8,15.9,18.2,17.1,1017.5,83,77,0
18.2,17.1,19.7,16.1,16.6,15.5,1015.7,85,96,1.1
21.4,18,23.9,16.6,20,19.3,1011.2,88,89,0.3
23.8,21.3,27.5,18.6,22,21.1,1009.6,85,82,1
23.1,18.4,26.3,21.3,21.6,20.9,1007.9,88,89,18.8
17.1,15.6,18.8,16.6,16.2,15.6,1011.8,91,96,17.3
14.9,12.8,16.9,14.6,13.3,12,1017.4,83,100,3
13.2,11.3,15.8,11.6,11.8,10.5,1020.8,84,99,4.8
13.9,12.6,15.1,11.4,12.7,11.7,1021.1,87,99,1.1
16.4,14.4,18.4,13.9,15,14,1021.7,86,95,0
18.5,17.1,20,16.3,17,16,1021,85,93,0
20.1,18.9,21.8,17.5,19,18.4,1017.8,90,98,0
22.8,20.1,26.5,21,21.5,20.9,1015.1,89,86,0
24.5,23.1,26.8,21,22.7,21.8,1013.2,85,84,0
24.7,22.7,27.1,20.2,22.6,21.6,1011.9,83,77,0
24.9,23.6,26.5,21.6,22.7,21.6,1010.3,82,80,0
25.4,23.9,28.1,21.7,22.6,21.2,1010.6,78,68,0
18.5,16.8,24.4,17.7,16.8,15.6,1015.9,83,96,1.1
17.7,16.4,19.2,16.1,16.1,15,1015.3,84,100,0
19.3,17.8,21,17.6,18,17.2,1012.2,88,99,0.3
23,19.5,26,19,21.6,20.9,1010.4,88,94,0
24.2,22.7,25.9,22,23.1,22.6,1010.4,91,99,0.2
25.1,23.1,27.9,21.1,23.4,22.6,1010.1,87,74,0
25,23.6,27.4,21.7,23,22,1010.1,84,67,0
20.1,18.6,24.1,18.9,18.8,18,1015.2,88,94,0.4
18.2,17.2,19.1,17.3,16.8,15.8,1016,86,100,1
16.5,14.6,18,15.5,15.2,14.2,1017.5,87,100,19.4
16.1,14.8,18.1,13.8,14.6,13.4,1020.2,85,97,5.1
16.8,15.6,18.1,15.3,15,13.5,1021.9,81,99,0
18.8,17.2,21.2,16.3,16.6,15,1019.6,79,94,0
19.2,18.4,20.9,17.5,17.5,16.4,1016.8,84,83,0
19.3,17.7,22.4,17.1,17.3,15.9,1019.4,81,75,0
19.7,17.5,22.8,17.1,17.3,15.8,1022,78,75,0
20.7,18.6,24.2,17.6,18.8,17.6,1020.8,82,71,0
21.5,20,24.6,19,19.7,18.7,1016.9,84,70,0
23.2,20.3,26.9,18.7,21,19.8,1012,82,46,0
21.7,20.6,23,20,20.6,20.1,1012.2,91,79,0
20.1,18.8,20.9,18.4,19.4,19,1012.7,93,100,14.7
20.9,19.8,22.2,19.5,20.2,19.7,1013.7,93,100,0
21.9,20.9,25,21,21.4,21.1,1012.7,95,100,45.4
21.3,20.7,22.1,20.2,21,20.8,1012.8,97,80,22.5
23.5,20.4,27,19.4,21.5,20.4,1011.6,83,76,0
25.6,23.3,27.9,22,23.8,23,1009.3,86,82,0
26.9,25.6,29.2,24,24.5,23.5,1010.1,82,71,1.1
24.6,20.1,29.8,24.4,23.2,22.6,1012.8,89,86,8.1
20.9,19.4,23,18.5,19.4,18.5,1013,86,94,0.4
23.8,20.8,26.6,20.4,22.4,21.8,1009.8,89,95,0
26.5,24.9,29.3,23.6,24.2,23.2,1008.5,82,83,0
25.4,21.6,27.7,24.3,24,23.3,1009.2,89,90,11.5
23.5,20.7,25.6,20.2,22.1,21.3,1009.1,88,87,6.5
24.1,22.9,26.1,19.3,23.4,23.1,1008.9,94,92,36.9
24.9,22.1,28.3,23.4,23.7,23.1,1009.2,90,92,31.1
23.3,21.9,25.8,22.2,21.9,21.2,1011.2,88,94,0.3
21.4,20.6,22.4,20.6,20.5,20.1,1012.6,92,97,2.3
22.8,21.1,24.9,20.6,22,21.6,1011.6,93,89,0.1
26.3,23.2,29,22.7,24.5,23.7,1010.1,86,78,0
27.4,25.3,30.3,23.6,24.8,23.6,1009.5,80,59,0
27.5,25.7,30.1,24.4,25.1,24,1009.6,81,68,0
25.5,22.1,28.9,24.5,23.8,23.1,1009.9,87,84,54.5
24.8,22.5,27.2,21.2,23.3,22.7,1012.6,88,89,0.2
24.7,23.3,26.7,23,23.5,22.9,1013.6,89,98,1
26.1,24.3,28.9,23.5,24.8,24.2,1013.2,89,78,0
27.4,25.3,31,24.1,25.8,25.1,1013.1,88,48,0
27.9,26,31.1,24.7,25.5,24.5,1013.5,82,65,0
25.9,25.1,27.2,24.7,24.2,23.5,1014.3,87,83,0.1
25.5,24.2,28,23.6,23.2,22.2,1013.1,82,76,0
26.6,25,30,23.7,24.7,23.8,1012.3,85,71,0
27.2,25.1,30.6,24,24.6,23.4,1012.3,80,43,0
27.7,25.7,30.6,24.6,24.9,23.8,1012.5,80,53,0
27.6,25.9,30.5,24.6,25.1,23.9,1011.8,81,49,0
28.4,26,31.5,24.9,25.3,23.9,1011,77,46,0
27.6,25.6,29.7,25.4,25.3,24.4,1010.3,83,63,2
26.7,24.4,29.6,24,25,24.3,1009.2,87,82,26.1
24.8,23.8,27.1,23.7,24,23.7,1007.3,94,95,65.6
24.7,23.7,25.6,23.2,24.1,23.8,1005.6,95,92,76.5
24.9,23.9,26.4,23.9,24.2,23.8,1006.3,94,92,16
26.9,24.9,29.3,24,24.8,23.9,1004.5,84,64,0
27.8,25,31.7,22.5,22.2,19.1,1007.8,61,27,0
25.7,23.6,28.2,21.1,19.9,16.2,1009.1,56,36,0
26.6,24.1,29.4,22.1,22.6,20.5,1008.4,69,78,0
28.7,26,30.5,25,26.1,25.1,1005.6,81,88,25.7
29.1,28.4,31,27.2,26.7,25.8,1003.5,82,87,0
26.6,25.8,29,25.6,25.3,24.7,1005.4,90,81,9.1
25.3,24.3,26,24.5,24.9,24.7,1006.4,96,95,47.6
27.4,23.6,29.6,23.6,25.8,25.1,1004.7,88,94,7.5
28.6,27.7,29.9,26.3,26.8,26.1,1003.2,86,92,0.9
28.2,25.4,31.7,25.2,25.7,24.6,1004.8,81,70,1.3
27.9,24.6,30.5,24.6,26.1,25.3,1007,86,86,16.4
29.1,27.8,31.3,26.5,26.4,25.3,1007.4,80,86,0
27.8,25.2,29.3,26.6,26.1,25.5,1007.7,87,94,11.1
25.5,24.9,26.4,24.6,24.9,24.6,1008.3,95,97,20.7
26.5,23.7,29.5,24.6,25.7,25.4,1006.4,94,95,142.1
29.4,27.9,31.3,26.6,26.5,25.4,1005.1,80,82,0
28.9,25.3,30.9,26.6,26.6,25.7,1007.1,83,85,12.8
29.5,28.4,31.9,22.9,26.6,25.4,1008.1,79,78,0.9
29.6,27.2,31.8,26.5,26.7,25.6,1008.3,79,82,7.6
26.1,23.7,29.1,25,25.2,24.8,1008.7,93,97,153
28,25.2,29.4,22.8,26,25.2,1008.7,85,94,5.9
28.6,27,30.2,25.8,26.1,25,1008.4,81,86,0
29.2,27.7,31.2,25.5,26.2,24.9,1008,78,82,0.1
29.1,27.3,31.2,26,26.4,25.3,1007.5,80,81,3
29.5,27.3,32.6,25.9,26.5,25.2,1007.2,78,77,0.8
29.9,27.2,33,26.5,26.7,25.4,1005.8,77,64,0.1
29.3,27.5,32,26.5,26.4,25.2,1005,79,74,1.4
29.1,26.4,31.5,24.8,26.5,25.5,1004.8,81,65,11.2
29.4,27,32.7,26.6,27,26.1,1004.8,83,57,1.6
29.8,26.2,32.9,25.6,27,25.9,1005,80,77,8.7
28.1,25.7,30.2,27,24.9,23.5,999.4,77,88,9.5
26.8,24.8,30.1,0,25,24.2,1006.4,86,93,10.9
27.9,24.8,30,23.4,25.9,25.1,1007.5,85,86,0.7
28.9,27.8,30.5,25.9,26.3,25.2,1007.1,81,88,0.3
28.9,27.9,31,26.2,26.3,25.2,1008.6,81,85,0
29,27.4,31.1,25.8,25.9,24.6,1009.9,78,83,0
29.4,28.3,31.6,26.4,26.3,25,1009.4,78,85,0
29.7,28.5,32,26.7,26.4,25,1008.3,76,81,0
29.6,28.4,32.1,26.6,26.2,24.8,1007.5,75,76,0
29.6,28.1,32.1,26.2,26.3,24.9,1007.6,76,61,0
29.7,28.4,32,26.4,26.2,24.7,1006.8,75,68,0
29.9,28.3,32.2,26.4,26.3,24.8,1007.9,75,78,0.1
30.1,28.1,33,26.2,26.6,25.3,1008.4,76,64,0
29.6,25.1,33.5,27,26.8,25.8,1007.4,81,69,22.2
28.1,25.2,30.4,24.4,26.5,25.8,1006.6,87,83,32.1
27.7,25.7,30.6,25.1,26.1,25.4,1006.7,87,83,24.8
26.3,24.3,29.4,25,25,24.4,1006,90,85,39.7
28.2,24.3,31.9,23.8,26,25.1,1006.2,84,72,0
29.5,27.1,32.5,26,26.5,25.4,1007.2,79,61,0.8
29.8,27.9,32.5,26.6,26.4,25,1007.9,76,60,0
29.9,28.3,32.4,26.7,26.6,25.2,1007,76,66,0
29.9,28.4,32.2,27.1,26.5,25.2,1004.7,76,62,0
30,28.6,31.8,27.5,26.7,25.5,1004.3,77,72,0
30.2,29.1,32.3,27.8,26.9,25.6,1004.5,76,85,0
30.1,28.9,32.4,27.7,27,25.8,1006.1,78,82,0
29.1,25.4,32.3,24.4,26.9,26.1,1007.7,84,83,80.8
29.9,28.1,32.5,27,26.6,25.3,1006.9,77,62,0
29.9,27.9,32.3,26.8,26.4,25,1005,75,75,0.1
30.2,28.2,32.8,25.4,26.5,25.1,1003.3,75,72,0
30.1,28.3,32.7,27.8,26.7,25.4,1003.2,76,72,0
30.3,28.6,32.8,27.7,26.8,25.4,1002.9,76,84,0.4
30.4,28.8,32.9,26.5,27,25.6,1002.6,76,76,0
30.2,27.8,33.5,27.6,27.1,25.9,1001.4,78,66,0.4
29.9,28.5,32.6,27,27.4,26.4,1000.7,82,81,0.1
27.8,26.3,29.8,27.2,26.3,25.7,1001.5,88,91,12.2
28,26.2,30.7,25.8,26.5,25.9,1003.1,88,84,19.2
28.9,26.5,32,25.6,26.5,25.5,1007.5,82,65,16.4
28.9,25.9,32.3,25.7,26.5,25.5,1008.5,82,54,5.2
29.5,27.7,32.3,26.6,26.3,25,1007.6,77,59,0.3
30,27.7,33.4,26.5,26.5,25,1007.8,75,43,0
30,28,32.8,26.4,26.6,25.1,1006.2,76,60,0
30,28.2,32.6,26,26.9,25.7,1002.7,78,66,0
29.6,26.6,31.8,25.5,27,25.9,1001.1,81,79,1
29.5,28.6,30.6,26.9,27.2,26.3,1001.1,83,82,0.2
28.3,25.8,32,25.7,26.5,25.7,1002.7,86,85,20.3
29.5,27.2,32.9,25.5,27.4,26.5,1002.9,84,69,6.1
29.1,27.5,32,26.1,26.9,26,1003.3,84,72,0.9
27.9,26.3,28.9,25.5,26.4,25.8,1005.2,89,66,9.9
28.7,27.2,31.2,25.8,26.2,25.2,1005.7,82,59,0
27.7,26.2,29.5,25.5,25.9,25.2,1004.7,86,77,10.7
27.1,25.5,30.9,24.4,25.9,25.3,1005.7,90,79,37.2
27,25.9,28.6,24.6,26.1,25.7,1007.2,93,76,15.2
28.6,26.8,30.9,25.5,26.3,25.4,1005.9,84,47,0
29.5,27,33.2,25.7,25.8,24.2,1002.3,74,66,0.2
26.7,25,28.5,24.3,24.9,24.2,997.8,86,96,24.6
27.2,26,28.6,0,25.4,24.6,1003.5,86,96,13.9
28.2,26.5,30.5,24.9,26.1,25.2,1010.2,84,84,1.5
28.3,26.7,31.3,25.3,25.9,24.8,1012.2,82,40,0
28,25.4,30.5,24,24.6,23,1010.3,76,40,0
29.1,26.5,32.3,24.7,25.8,24.4,1008.1,76,16,0
28.9,27,31.7,25.4,26,24.7,1006.9,79,23,0
29.1,26.9,32.8,25.3,26,24.7,1006.5,77,57,0
28.9,28,31.1,26.3,26.2,25.1,1008.7,80,64,0
28.5,27.3,30.6,26,25.8,24.7,1010.3,80,43,0
28.3,27.1,30.9,25.8,25.4,24.2,1012.5,79,39,0
27.8,26.8,30.6,25.2,24.6,23.2,1011.9,76,66,0
28,26.2,30.4,24.7,24.7,23.2,1009.7,76,61,0.4
28.3,26,30.8,24.1,24.1,22.1,1008.6,70,35,0
29,26.3,32,24.3,24.3,22,1008.5,67,6,0
28.7,26.6,31.5,24.2,25.2,23.7,1009,75,16,0
28.8,27.2,31.7,25.5,26,24.8,1011.3,79,70,0
28.3,26.7,30.9,24.6,24.3,22.5,1011.8,71,56,0
28.1,26.5,30.9,24.3,23.8,21.6,1011,69,25,0
28,26.5,30.6,24.6,24.4,22.8,1010.7,74,51,0
28.2,26.6,30.7,24.5,24.9,23.4,1011.5,75,33,0
28,26.4,30.5,24.3,24.6,23.1,1012.3,75,31,0
27.8,26.2,29.9,24.2,24,22.3,1010.3,72,32,0
28.4,26.2,30.6,24.4,24.9,23.4,1007.8,75,40,0
28.4,25.5,31.6,25.6,25.7,24.5,1006.8,80,67,56.2
28.3,26.1,31.1,25.1,25.4,24.1,1007.3,79,82,5.8
28.6,26.1,30.9,25.3,25.8,24.6,1008.8,79,72,0.1
28.7,26.6,31.1,25.2,25.3,23.8,1006.7,75,47,0.3
26.2,24.3,28.9,23.7,24.5,23.8,1004,87,89,70.8
27.4,25.5,29.2,25.3,25.7,25.1,1011,87,82,20.4
27.8,26.4,30,25,26,25.2,1014,86,56,3.4
28.4,26.1,31.8,24.3,25.2,23.8,1012.5,77,43,0
28.7,26.7,32.1,25,25.7,24.5,1009.7,78,58,0
28.4,26.7,31.2,25.1,25.5,24.3,1009.2,79,74,0.1
26,23.9,27.7,25,24.7,24.1,1009.2,89,85,43
24.8,24.2,25.9,23.9,24,23.6,1008.9,93,97,71.2
23.7,23.1,24.6,23.2,22.9,22.5,1008.5,93,100,121.8
23.9,22.6,26,22.1,23.2,22.9,1007.3,94,100,223.9
26.6,24.4,29,23.9,24.4,23.4,1007.3,83,87,37.9
26.8,25.3,28.8,24.7,24.2,23,1007.8,80,58,0
27.1,25.3,29.4,23.6,24.8,23.7,1009.4,82,56,0
27.3,24.9,30.5,24.9,24.6,23.4,1011.4,80,77,0.6
25.2,23.1,27.7,22.6,22.5,21.1,1013.4,79,80,4.2
24.3,23.4,26,22.9,20.7,18.6,1013.7,70,94,0
24.9,22.8,28.1,21.8,20.5,17.9,1013.4,65,39,0
25.4,22.4,28.9,19.9,20.7,17.9,1012.5,64,17,0
26.2,24.1,29,22.3,21.3,18.6,1010.2,64,63,0
25.4,22.9,28.3,20.7,19.3,15.3,1009.2,54,14,0
24.9,21.9,28.1,18.4,17.1,11.1,1011.1,43,0,0
24.9,22,28.3,18,18.7,14.5,1013.7,53,5,0
25.2,22.8,28.6,19.5,21.1,18.8,1014.8,69,11,0
25.1,23,27.9,20.5,21.3,19.3,1015.1,71,21,0
25.2,22.8,27.8,19.6,20,16.8,1016.5,61,25,0
25.6,23.3,28.5,20.8,21.9,20,1016.5,72,16,0
24.6,23.3,25.7,22.5,22.6,21.7,1015,84,89,13.6
25.3,22.9,27.1,22.2,23.8,23.1,1015.3,88,86,69.4
26,24.6,27.5,22.7,23.5,22.3,1017.1,81,86,0.3
25.9,24.6,27.7,24,23.3,22,1017.9,79,80,0
26.2,24.8,28,23.4,23.8,22.7,1017.3,81,86,0.3
25.1,23.9,26.1,23.1,21.6,19.7,1017.5,72,86,0
23.8,22.2,26.3,21.4,20.1,18,1017.8,70,86,0
23.9,21.9,26.5,21.2,20.5,18.6,1017.3,73,71,0
24.5,23.1,26.9,22,20.9,18.8,1017.4,71,45,0
24.6,22.5,27.7,21.3,19.8,16.8,1017.8,63,10,0
24.4,22,27.2,19.3,19.6,16.7,1017.9,63,8,0
24.3,22.9,26.2,20,20.2,17.8,1018,67,16,0
23.9,23.3,24.7,21.6,21.1,19.6,1018,77,79,0
24.3,23.2,25.9,22.2,22.2,21.2,1016.9,83,86,0
24.6,24,25.4,22.9,22.7,21.8,1017.9,85,84,0
24.7,23.4,26.6,21.8,22.2,20.9,1018.7,80,51,0
24.4,21.5,27.3,21.4,20.7,18.5,1019.9,70,32,0
21.8,19.5,24.3,19.4,15.7,10.7,1022.2,51,30,0
19.7,17.2,22.2,15,12.6,5.3,1021.5,39,9,0
20.2,17,23.1,13.8,14.2,8.8,1019.5,48,5,0
22,18.7,24.5,15.8,15.4,10,1016,47,61,0
22.7,20.1,24.8,17.2,18.2,15.2,1013.5,63,88,0
22.7,21.9,24.3,20.8,21.6,21.1,1010.7,91,98,86.1
23.6,22.7,24.6,22,22.8,22.5,1013,94,94,36.2
24.1,23.4,25.1,23,23,22.5,1014.3,91,73,2.1
25,23.4,27.8,21.6,23.1,22.1,1014.7,84,54,0.3
24.9,23.9,26.8,22.3,22.9,21.9,1014.8,84,67,0
24.8,23.7,26.9,22.5,22.6,21.5,1014.8,82,48,0
24.7,23.4,26.9,22.1,22.6,21.5,1015.1,83,59,0.5
24.5,23.4,26.6,21.6,22.2,21.1,1015.6,82,44,0
23.2,22.1,24.2,20.9,21.2,20,1014.7,82,49,0.7
22.1,20,24.6,17.7,18.1,15.5,1014.8,67,14,0
22.7,20.9,24.8,18.1,20.5,19.3,1016.3,82,36,0
23,21.5,24.8,19,20.8,19.6,1016.2,82,35,0
23.6,22.6,25.2,20.5,21.1,19.7,1014.4,79,83,0
24.2,22.5,26.7,19.7,22,20.9,1015.1,82,82,0
23.4,21.8,24.8,19.7,20.2,18.3,1017.6,73,76,0
22.5,21.3,23.2,19.5,19.7,18.1,1017.5,76,89,0.2
23.7,22.4,25.4,21,20.8,19.1,1017,76,59,0
17.5,13.7,23.7,16.4,13.7,10.3,1020.3,63,44,0
16,11.9,18.8,10.8,12.7,9.6,1020.7,66,51,0
18.1,15.6,20.7,14,13.1,8.5,1021,54,62,0
15.2,13.2,16.9,12,11.8,8.4,1022.5,64,93,0.6
15.8,14.2,17.2,14.2,14.5,13.4,1020.4,87,96,16.2
18.1,16,19.8,15.2,16,14.5,1018.8,80,86,0.5
19.7,17.4,22.2,16.7,16.6,14.3,1020.4,71,80,0
20.1,18.9,21.4,14.6,17.3,15.4,1021.5,74,89,0.5
20.9,18.4,23.6,16.6,18.1,16.3,1019.7,75,74,0
21.6,20,23,18.2,19.8,18.8,1017.5,84,91,0.7
21.8,20.4,23.6,19.6,20.5,19.7,1015.8,88,96,2.8
21.7,20.9,22.8,20.3,20,19.1,1015,85,91,0
22.5,21.1,25.3,20.6,20.6,19.5,1015.1,83,56,0
19.2,17.5,21.7,16.7,15.7,13.1,1019.3,68,57,0
16.8,14.8,18.8,14,13.1,9.7,1022.9,63,48,0
16.8,14.4,19.4,12.2,12.5,8.6,1022.4,59,33,0
17.3,13.9,19.9,11.2,13,9.2,1020.1,59,12,0
18.6,15.7,20.1,13.3,15.2,12.5,1019.2,68,69,0
21,18.9,23.2,16.5,17.4,14.9,1018.8,68,74,0
21.5,19.4,23.1,17.5,17.6,14.9,1017.5,66,83,0
19.4,18.1,20.5,15.8,16.5,14.3,1017.1,73,86,0
18.9,18.1,19.6,16.7,17.6,16.7,1017.3,87,95,2.3
19.3,18.2,20.5,17.8,18.6,18.1,1017.8,92,98,4.7
15.1,12.7,18.2,14.5,13.4,12,1022.3,82,99,0.9
12.6,11.4,13.6,11.5,11.4,10.3,1025.3,86,99,4.8
13.6,11.4,15.9,12.2,10.9,8.3,1026.9,70,80,0
11.6,9.2,13.9,8.4,8.3,4.3,1028.5,61,60,0
12.6,10.5,14.4,9.5,8.9,4.6,1026.4,58,83,0.2
15.1,12.5,17.9,10.4,11.1,6.8,1021.2,58,66,0
17,15.1,19.4,12,14,11.5,1021.1,70,79,0
15.2,12.8,17.5,12.4,10.3,4.9,1025.9,51,52,0
13,10.5,15.8,8.1,8.3,2.2,1028,48,15,0
14,10.9,17,7.9,9.3,3.7,1025.9,50,4,0
15.7,12.5,19.4,8.7,9.4,1.1,1025.1,39,2,0
16.1,13.1,19.3,8.6,10.4,3.6,1024.8,44,1,0
16.8,13.5,21.5,9,12.5,8.2,1023.1,59,0,0
16.3,14.1,18.5,9.7,12.5,9,1023.1,62,4,0
15.9,13.6,18.3,10.5,12.7,9.7,1022,67,13,0
17.2,14.7,20,10.9,14,11.4,1020.1,69,13,0
19.1,17,21.9,14.4,16.1,13.9,1019.2,73,52,0
18.7,16.7,21.4,13.9,14,10,1020.1,58,14,0
16.6,15.2,18,13,14.1,12,1020.7,75,44,0
17.4,15.8,19.1,13.1,15.2,13.5,1018.9,78,53,0
20.1,18.4,22.8,14.4,17.7,16.2,1018.7,78,43,0
19.2,18,20.3,14.8,16.8,15.1,1018.2,78,4,0
19.4,17.8,21.6,14.8,16.4,14.2,1017.7,73,59,0
20.2,17.5,24.3,14.3,17,14.8,1019,72,6,0
18.8,17.9,20.3,15.5,16.9,15.6,1019.7,82,54,0
18.9,17.8,20.9,16.3,16.7,15.2,1016.8,79,78,0
19.2,17.4,21.9,14.6,17.3,16,1015.2,82,15,0
19.4,18.3,21.7,16,17.5,16.2,1016.8,82,39,0
18.7,17.7,20.3,15.5,16.7,15.3,1017.6,80,66,0
18.8,17.6,20.8,14.9,16.9,15.7,1015.9,82,43,0
17.8,15.6,19.7,15.2,15.2,13.2,1015.7,75,89,0
13.9,12.9,15.7,13.2,11.8,9.7,1018.2,76,100,0
15.6,13.7,16.9,12.4,13.5,11.7,1016.4,78,92,0
18.2,16.7,20,16,16.7,15.7,1015.4,85,78,0
20.9,18.6,23.7,15.9,19,17.8,1015.7,83,43,0
19.5,15.7,24,16.9,17.5,16.1,1019.2,81,76,0
15,14.1,16.1,13.4,12.9,11,1022,77,94,0
12.9,9.6,14.9,12.7,10.7,8.5,1021.8,75,95,0
10.6,7.9,13.8,7.8,6.4,0.2,1021.8,49,61,0
11.1,10.5,11.6,8.1,6.8,0.7,1022.8,49,94,0
13,9.5,16.3,6.7,8.8,3.6,1023.7,53,13,0
14.9,12.7,17,9.7,11,7.1,1021.6,60,54,0
15.9,13.3,19.4,9.9,12.2,8.7,1017.9,64,18,0
17.2,14.6,21.2,10.8,13.9,11.1,1019.2,69,2,0
17.1,14.9,19.8,11.7,13.3,10,1021.5,64,4,0
16.7,14.2,19.8,11.3,12.9,9.4,1020.1,64,4,0
16.6,15.1,18.5,11.8,12.7,9,1020.4,61,54,0
15.4,14.5,16.1,12.4,12.1,9.1,1020,67,86,0
18.1,15.3,21.4,13.4,15.6,13.7,1018.6,75,49,0
21,18.9,25.1,15.5,18.5,16.9,1019.4,78,42,0
17.6,16.3,20.2,15.2,14.7,12.5,1022.8,73,55,0
16.3,15.1,17.8,13.9,13.6,11.3,1021,73,86,0
17.9,16,19.6,15,15.8,14.2,1018.2,79,94,0
20.1,18,22.2,16.5,18.7,17.8,1014.7,87,85,0.2
20.6,18.9,22.7,17.7,19.3,18.5,1014.4,88,55,0
18.6,17.7,20.7,16,17.8,17.3,1014.5,92,93,0
19.6,17.6,22.8,16.1,17.8,16.6,1013.2,83,84,0
19.3,17.4,22,15.4,16,13.5,1015.7,70,59,0
16.2,15.4,17.5,15.2,14.4,13,1014.7,82,96,0.2
19.7,16.4,22.3,15.1,18.9,18.4,1009.2,92,92,10.7
18.6,16.2,20.7,18.1,17.5,16.7,1013.5,89,92,3.2
15.3,14.7,16.6,14.4,13.9,12.8,1017.5,86,97,0
17.6,15.3,19.8,14.9,16.4,15.5,1016.2,88,94,0
18.4,17.6,19.3,17.5,17.5,16.8,1016.2,90,92,0.1
16.7,15.7,18,16.7,15.9,15.4,1016.9,92,99,3.1
15.9,15.3,17.3,15,15.1,14.4,1016.6,91,100,0.9
15.4,14.8,16.4,14.6,14.8,14.3,1013.4,93,100,7.9
16.2,15.1,17,15.1,15.7,15.3,1010.9,95,99,23.1
16.3,13.8,19.8,12.4,13.5,11,1013.2,72,32,0
16.7,13.7,19.6,10.8,13.6,10.8,1013.7,69,37,0
17.1,16.1,18,14.8,15.3,14,1010.9,82,97,0.1
19.1,17.4,20.9,16.6,17.9,17,1010.2,88,92,0.3
19.7,16,21.3,19.1,19,18.5,1014,93,93,0.7
14.1,13.1,16.1,13.1,12.2,10.5,1019.6,79,98,0
13.8,13.1,14.3,13.1,11.8,9.9,1020.2,77,97,0
13,11.9,13.9,12.1,11.4,9.8,1020.1,81,100,0
13,11.7,14.7,11.6,11.2,9.5,1021.6,80,100,0
13.2,11.4,15.4,11.1,11,8.9,1023.3,75,98,0
13.4,12.1,15,11.6,11.1,8.7,1022.5,73,98,0
14.7,11.4,17.8,11.5,12.2,9.9,1021,73,36,0
16.4,14.3,18.4,11,13.5,11,1019.2,71,48,0
18.2,15.7,20.9,12.7,14.7,11.8,1017,67,73,0.1
19,17.5,20.9,15.5,16.6,14.9,1014.6,77,88,0
21.6,19.1,24.9,17.7,20.1,19.3,1011.3,87,88,0
23.2,21,25.1,19.7,22.1,21.5,1012,90,89,0
18.5,17.6,21,17.6,17.7,17.1,1015.1,92,100,0
16.8,15.7,17.9,15.3,15,13.7,1019.2,83,94,0.4
16.5,15.2,17.6,14.8,15,13.9,1016.4,85,97,0
19.7,16.9,21.6,16.4,18.7,18.1,1013.2,91,93,0
18.6,14.5,21.8,18.3,17.6,16.9,1017.1,90,97,0
13.9,12.9,15.8,12.8,11.8,9.9,1022,77,99,0.2
14.8,13,16,12.6,13,11.5,1021.5,81,100,0.2
17.9,15,20,14.5,16.3,15.2,1018.9,85,98,0
17.5,16.6,18.3,16.6,15.5,14,1018.6,80,96,0
16.8,15.4,18.8,15,14.7,13.1,1017.7,79,95,1.9
16.5,13.7,19.1,13.2,14.5,12.9,1015.6,80,86,18.5
17,13.7,19.9,11.6,14,11.5,1017,70,52,0
18,16.6,19.2,14,14.5,11.6,1015.8,66,81,0
17.5,15.7,18.5,16.5,16,15,1016,85,94,2.3
18.1,15.6,21.6,14.5,14.3,11.3,1020,65,69,0
18.7,17.2,21.5,13.9,13.5,8.7,1020.4,53,83,0
18.3,16.3,21.2,12.9,13,7.9,1020.5,52,76,0
19.6,17.2,24.7,15.5,15.2,11.6,1024.2,62,53,0
17.4,16,18.8,14.2,14.2,11.5,1025.5,69,69,0
19.3,17,22.2,14.9,15.8,13.2,1022,68,82,0
21.4,19.2,25.3,17.1,19.1,17.8,1019.7,80,85,0
20,18.8,22,15.9,18,16.8,1019.6,82,83,0
19.8,19,21.5,18,18.4,17.5,1016.3,87,97,2.9
21.5,18.8,25.4,17.9,19.6,18.5,1015.5,83,60,0
22.4,20,26.2,18,20.4,19.3,1014.8,84,37,0
22.6,21.2,25.8,19.2,20.4,19.2,1014,82,38,0
23.6,21.2,26.8,19,21.1,19.8,1014,80,20,0
24.1,21.6,27.9,19.5,21.7,20.4,1011.9,80,20,0
24.4,22.3,27.7,19.8,22.3,21.2,1009.4,83,43,0
24.8,22.4,27.9,20.3,22.4,21.2,1007.7,81,28,0
24.8,22.9,27.3,21.8,22.7,21.7,1008.5,83,69,0
22.6,21.2,24.9,21.4,21.2,20.4,1011.7,88,97,0.4
21.2,20.2,22,19.5,19.9,19.3,1011.4,89,100,1.9
22.9,21.3,25.1,20.8,21.6,21,1009.7,89,93,0
24.2,20.5,28.3,22.1,22.8,22.2,1012.2,89,92,0.7
19.5,18.1,21.1,18.9,18,17.1,1018.4,86,100,0.6
19.3,18.5,19.9,17.5,17.7,16.7,1020,85,100,0
21.7,19.6,24.9,18.4,19.1,17.5,1018.2,78,86,0
23,21.9,24.8,19.9,20.6,19.3,1017.1,80,73,0
24,22,26.9,20.3,21.9,20.8,1014.2,83,86,0
25.1,23.5,27.8,22,23.4,22.6,1011.6,87,64,0
26.1,24.1,29,22,23.7,22.5,1009.6,81,76,0
27.3,25.4,30.4,23.6,24.7,23.6,1009.6,80,74,0
27,24.6,30.1,24.8,24.6,23.6,1009.5,82,83,0
26.5,24,30.2,23,24,22.9,1010.4,81,60,0
27,25.2,30.2,23.6,24.5,23.4,1010.6,81,68,0
27.7,26.2,30.2,24.8,25.1,24,1009.8,81,77,0
28.4,27.2,30.6,26.1,25,23.5,1008.3,75,74,0
28.5,27.3,30.7,26.1,25.4,24.1,1008.6,77,82,0
28.4,26.8,31.1,25.3,25.3,23.9,1010,77,79,0
28.3,26.2,31.6,25.1,25.4,24.2,1009.7,79,60,0
26.5,24.2,29.9,23.1,24,22.9,1008.5,81,70,2.4
27.8,25.3,31.3,24.1,24.8,23.5,1008.1,78,63,0
28,26.4,31.1,25.1,24.7,23.3,1008.8,76,67,0
28.6,27.3,30.3,25.5,25.2,23.8,1006.3,75,83,0
26.2,23.2,28.8,26,24.6,23.9,1005,87,94,86.8
23.7,21.7,25.9,23.9,22.2,21.3,1007.1,87,95,19.4
24,21.1,28.2,20.1,17.6,13,1011.3,51,64,0
24.3,23.1,27.2,21.4,20.2,17.8,1012.4,67,82,0
24.7,23.2,28.2,21.5,20.4,17.9,1012.1,66,84,0
26.2,23.4,30.2,21.6,22,19.8,1012,68,36,0
26.2,24.5,28.3,23.4,24.2,23.3,1011.3,84,79,0.3
27.6,25.8,30.5,25,24.9,23.7,1008.2,79,84,0
27.9,26.6,31.2,25.5,25.9,25.1,1007.5,85,80,15.5
28.1,26.6,30.8,25.5,26.2,25.5,1009.6,86,79,0.3
28.7,26.8,31.6,25.5,25.7,24.4,1009.8,78,57,0
29.6,27.8,32.3,25.6,26.3,24.9,1008,76,49,0
28.3,26.1,29.5,27.3,25.7,24.6,1006.4,80,78,1.6
29.5,27.4,32.9,26.1,26.1,24.6,1007.4,76,67,0
28.6,26.1,32.4,26.7,25.5,24.2,1008.9,77,74,0.2
27.1,25.7,30.4,24.6,23.9,22.4,1011.3,75,63,0
26.6,25,29.1,23.3,22.7,20.7,1014.1,71,37,0
26.2,24.9,28.3,24,23.4,22,1015.2,78,79,0
27.5,25.8,30.5,24.6,24.9,23.8,1012.8,81,53,0
28.3,25.9,31.3,25,25.1,23.7,1009.1,77,71,0
28.8,26.7,32.2,25.4,25.3,23.8,1007.5,75,51,0
29.2,27.3,32.6,25.2,25.6,24,1006.6,74,76,0
29.3,27.2,31.7,25.3,25.8,24.4,1005.7,75,80,0
29.5,27.7,32.6,26.6,26.5,25.2,1004.8,78,76,0
29.4,26.9,32.3,27.1,26.2,24.9,1005.3,77,83,1.4
26,25.2,27.3,24.6,24.7,24.1,1006.6,89,98,5.4
27.7,25.9,30.7,25,25.8,24.9,1006.2,85,80,0
27.7,26.6,30.8,26,26.2,25.5,1006,88,82,26.2
25.8,24.6,26.9,23.8,24.5,23.9,1004.5,90,89,26.6
26.9,25.1,30,24.9,24.5,23.4,1003.9,81,91,1.1
27,25.3,29.4,23.7,22.8,20.6,1005.4,69,86,0
26.3,24.4,27.9,24.8,23.1,21.6,1004.8,76,88,0.7
26,24.9,27.8,23.2,24.1,23.2,1005.6,85,83,1
28.1,25.8,32.4,24.5,24.6,23,1006.1,74,76,0
28.4,27.3,30.8,25.7,24.5,22.7,1004.6,71,70,0
26.9,25.9,27.5,25.1,25.3,24.7,1004.3,88,89,10.3
26.6,24.3,28.5,24.8,25.1,24.5,1006.4,88,93,33.4
28.1,26.8,29.2,25.2,25.7,24.8,1007.2,82,86,0
27.5,25.5,28.8,25.6,25.7,24.9,1007.1,86,96,42.5
27.8,26.9,29,25.5,25.7,24.9,1007.9,84,92,1.8
28.4,27.5,29.9,26.5,25.9,24.8,1007.5,81,87,0
28.7,27.7,30.2,25.9,25.8,24.6,1007,79,87,0.3
28.9,28.1,30.1,26.8,26.1,24.9,1005.3,79,87,0.6
28.9,28.1,30,26.9,26.1,25,1003.7,80,86,0
28.9,27.9,29.9,26.2,26.4,25.4,1003.7,81,88,0.2
29,28.3,29.7,27.4,26.4,25.3,1001.8,81,86,0.2
26.1,24.8,29,24.9,25.2,24.8,1000.9,93,95,48.9
25.8,25,27.1,24,25.1,24.8,1003.8,94,97,89.8
26.8,25.4,28.2,24.7,25.9,25.6,1006.1,93,88,13
27.5,25.9,29.7,24.8,26.2,25.7,1006.1,91,82,13
28.3,26.4,30.9,20.6,26.4,25.7,1007,86,77,3.3
28.7,26.7,31.3,25.6,26.8,26,1008.4,86,68,5.4
28.7,27,31.2,26.5,26.3,25.3,1004.9,82,75,4.5
27.7,25.6,29.3,25.6,25.2,24.1,1004,81,85,16.5
28.8,27.4,31.6,25.8,25.8,24.6,1005.6,78,83,1.2
29.3,27.7,32.5,26.1,26.5,25.3,1008.6,79,54,0
29.8,27.8,33.2,26.6,27.1,26,1010.1,81,35,0
29.6,27.1,32.4,26.3,26.7,25.6,1009.3,79,47,2.2
29.7,27.5,32.9,26.1,26.1,24.5,1007.6,75,27,0.3
30.2,27.9,33.4,26.6,26.3,24.6,1007.6,73,22,0
30.9,28.4,33.7,27.5,27.6,26.3,1006.9,77,48,0
29.1,26.5,32.3,28,26.6,25.6,1004.5,82,85,14.6
26.9,25.6,29.4,25.5,25.3,24.6,1003.3,87,90,28.9
27.1,24.8,29.5,23.9,25.5,24.8,1004.3,88,89,50.5
28.6,26.5,31.3,25.5,26.4,25.5,1005.3,84,86,10.6
27.6,25.3,30,25.6,25.9,25.3,1004.9,87,86,18.8
27.4,25.7,29.1,25.8,26.1,25.5,1003.9,90,86,39.6
29.5,26.9,32.6,26,26.6,25.4,1003.3,79,48,0
30.6,27.4,34,26.5,26.8,25.3,997.8,74,43,0
31,25.4,34.1,27.7,27.1,25.6,994,74,81,21.5
28.6,22.9,32,21.4,26.1,25.1,1001.1,82,86,75.9
27.8,25.7,30.8,26,26.2,25.6,1003.8,88,84,28.1
26.9,24.8,29.5,24.5,25.6,25,1006.5,90,86,46.1
26.3,24.9,28,24.8,25.6,25.2,1008,94,84,42
27.9,26.1,31.3,25.6,26.3,25.7,1007.2,88,81,8.8
28,26.8,29.7,25,26.3,25.6,1005.6,87,75,1.8
28.8,27,31.7,26.1,26.6,25.7,1005.5,84,80,4
29.5,27.2,32.1,25.8,26.5,25.3,1005.2,79,54,0
28.1,26.1,30.4,26.5,26.1,25.3,1004.7,85,74,12.9
26.8,25.6,28.2,26,25.9,25.5,1004,92,93,32.5
25.9,23.5,28,24.2,25.4,25.2,1003.4,96,97,297
25.2,23.4,27.9,22.9,24.7,24.5,1002.9,96,96,195.1
24.8,24,25.5,23.6,24.6,24.5,1001.3,97,99,119.1
25.7,25,27.4,24.3,25.3,25.1,999.2,96,94,53.3
26.5,25.4,28.7,24.6,25.6,25.2,998.9,92,86,8.6
26.9,25.6,28.8,23.8,25.9,25.5,999.9,92,84,3.7
27.4,25.9,30.5,25.3,26.2,25.7,999.6,91,84,25.6
28,26.3,30.2,25.5,26.3,25.6,999.5,87,78,3.2
28.3,26.9,29.9,25.9,26.3,25.6,1000.6,85,77,3.8
28.9,27.1,31.8,26.5,26.7,25.8,1002.7,84,61,1.2
29.4,27.5,32.3,26.4,26.7,25.6,1003.4,81,71,1.9
29.4,27.4,32.4,26.6,26.8,25.8,1003.4,81,71,1.2
29.1,26.5,32,26.9,26.5,25.4,1001.4,81,72,11.8
27.9,24.9,30.2,25.8,26,25.2,998.9,85,93,12
27.6,24.5,29.7,23.9,25.6,24.8,1001.7,85,98,44.2
27.8,25.1,29.1,25.1,26,25.3,1004.6,86,100,33.1
26.6,23.9,28.5,25.6,25.2,24.7,1005.2,90,92,20.6
26.9,25.3,29.4,24.6,25.4,24.8,1004.9,89,88,5.1
26.6,25.1,29,24.5,25.4,24.8,1005.7,90,93,27.9
28.2,24.7,30.1,24,26.3,25.5,1005.3,86,92,48.3
29.4,27.9,31.6,26.5,26.6,25.5,1005.8,80,85,0
29.4,27.9,32.6,26.6,26.6,25.5,1005.1,80,83,1.3
28.5,26.2,30,26.6,26.4,25.5,1002.9,84,90,11.6
27.1,23.8,29.9,23.6,25,24.1,1000.7,84,84,5.1
26.2,24.6,27.6,25.1,24.9,24.3,1002.1,90,92,50.9
25.4,23.5,27.2,24.5,24.8,24.5,1006.2,94,95,125.2
25.6,24.3,28.6,24.5,24.7,24.3,1008.1,93,94,26.4
27.5,24.7,31.2,23.9,25.1,24,1006.7,82,70,0
28.5,26.1,32,25.1,25.6,24.3,1005.8,79,63,0
27.4,25.7,30.1,25.1,25.2,24.3,1005.3,83,87,23.6
27.3,25.3,30.6,24.9,24.8,23.7,1004.1,81,56,1.3
28.3,25.7,31.7,24.5,25,23.5,1004.3,76,42,0
29.1,26.7,32.4,25.6,25.8,24.5,1007,77,40,0
29.6,27.6,32.5,26.4,26.3,24.9,1009,77,57,0
29.2,27,31.9,25.7,26.3,25.1,1008.8,79,32,0
27.2,24.6,28.7,26.1,25.5,24.8,1007.1,87,80,41.8
26.7,24.9,27.8,24.2,25.3,24.8,1006.7,89,93,73.4
26.5,24.7,28.1,25.8,25.2,24.7,1009.2,90,86,18.7
27.8,25.5,30.4,24.5,26,25.3,1010.4,87,79,12.2
28.6,26.9,31.7,25.6,25.7,24.5,1009.8,79,71,0
28.6,26.9,31.8,25.6,25.5,24.2,1009,77,68,0
28.8,26.9,31.1,25,25.7,24.3,1007.1,77,47,0
28.9,27.5,31.9,25.8,26.4,25.4,1007.6,81,60,0
28.3,26.4,30.8,25.7,26.5,25.8,1008.9,86,80,12.6
28.3,26.4,30.5,27,26.3,25.5,1008.1,85,76,14.5
27.3,25.7,29.6,25,26.1,25.5,1006.8,90,79,27.8
27.8,26.2,29.9,25.6,26.3,25.8,1006.5,89,86,9.3
28.4,25.8,30.5,24.8,26.6,25.9,1008.6,86,84,1.6
28.2,27,29.4,26.6,26.7,26,1010.4,88,81,4.4
28.8,27.1,31.1,26,26.4,25.5,1008.5,82,61,0
28.3,25.4,30.5,26.6,26.6,26,1006.2,88,73,79.1
28.3,25.8,30.8,24.8,26.3,25.4,1006.1,85,86,14.1
26,24.9,28.6,24.5,24.7,24.2,1009,90,93,32.1
26.5,25.1,28,24.3,24.1,23,1011.2,81,89,0.5
26.2,25,27.4,24,24.1,23.2,1011.6,83,90,3.2
26.6,25.4,28.7,24.6,23.9,22.6,1011.5,79,71,0
26.8,25.7,29,24.9,23.6,22.1,1011.1,76,56,0
26.8,25.2,29,24.2,24.1,22.9,1008.8,79,77,1
24.5,23.1,26.3,22.6,23,22.3,1008.1,88,92,8.9
26.1,24.4,28,23.4,24,23,1008.2,83,69,0
26.9,24.6,29,24.2,25.6,25,1008.6,89,77,3.6
27.2,26.3,28.2,25.3,26,25.5,1009.9,90,69,12.2
28.4,26.5,30.8,25.4,26,25,1010.2,83,50,0
26.6,24.9,28.4,24.5,25.4,24.9,1011.3,90,92,58.4
25.5,24.3,27.5,23.5,22.8,21.4,1013.1,79,92,0.6
26,24.6,28,23.6,22.9,21.4,1012.6,76,52,0.9
26.3,24.7,29.1,23.5,23.7,22.4,1011.3,79,63,0
26.3,24.7,28.5,24.6,24.3,23.3,1011.9,84,89,4.7
25.2,23.3,26.7,22.6,23,21.8,1012.5,82,95,9.4
26.1,23.6,29,22.3,22.5,20.7,1012.6,72,58,0
26.7,24.8,29.3,23.1,23.1,21.3,1014.4,73,18,0
26.3,24.5,29.1,22.6,23,21.4,1015.5,75,13,0
26.1,24.4,28.3,22.5,22.9,21.3,1014.5,75,27,0
26.2,24.9,28.3,23,23.2,21.7,1014.4,76,57,0
26.3,24.8,28.9,23.4,23.2,21.6,1014.8,76,31,0
26.3,24.8,28.8,23.2,23.3,21.8,1015.2,77,47,0
25.9,24.9,27.1,23.2,23.7,22.7,1015.6,83,69,0.9
26.5,25.2,28.5,23.5,23.7,22.4,1014.8,78,47,0
26.6,25.4,29.1,24.2,24.1,22.9,1012.4,81,65,0.2
27.6,24.7,31,23.2,23.6,21.6,1009.4,71,24,0
27.9,25.6,30.9,24.1,22.7,20.1,1008.5,63,41,0
27.4,25.1,30.2,22.8,22.3,19.6,1008.9,63,22,0
26.2,24,28.8,22.2,21.9,19.6,1011.1,67,26,0
26.8,25.4,29.2,24.6,24,22.8,1013.2,79,63,0
26.6,25.6,28.2,23.8,23.8,22.4,1014,78,47,0
26.8,25.7,28.3,24.3,24.4,23.3,1014.4,81,75,0
27.1,26.2,29,24.8,24.9,24,1014.5,83,59,0
27.7,25.7,31.1,24.3,24.6,23.1,1015.9,77,39,0
27.4,26.5,29.3,25.1,24,22.4,1017.8,74,61,0
26.1,23.7,28.5,23.4,23.1,21.5,1017.3,77,72,1.1
22.3,20,24.2,19.7,16.2,11.3,1019.7,51,43,0
19.9,17.2,22.6,15.4,12.5,4.6,1020.7,37,15,0
19.4,16.5,22.7,14.4,12.8,6.2,1020.5,42,16,0
20.6,17.2,23.7,15.1,14.2,8.4,1019.6,45,12,0
21.5,18.8,24.4,16.5,14.6,8.6,1018.3,44,19,0
22.2,19.3,25.3,16.8,16.5,12.1,1016.3,53,12,0
23.2,20.3,26.1,17.6,18.5,15.4,1015.1,63,27,0
23.6,21.1,26.9,18.8,19.2,16.3,1014.8,65,31,0
24.3,21.5,27.8,18.8,19.9,17.2,1014.7,66,12,0
23.9,21.6,27,19.2,20,17.8,1016.3,69,17,0
22.3,19.9,24.9,18.5,17.6,14.5,1019.9,62,9,0
21.6,19.2,23.9,17,16.8,13.4,1022.1,60,8,0
21.9,19.9,24,18,17.8,15,1022.5,65,11,0
22.2,19.9,25.2,17.7,18.3,15.7,1021.6,68,9,0
22.7,20.3,26.1,18,18.9,16.5,1021.8,69,16,0
22.8,20.4,25,18.2,18.2,15.1,1021.8,63,8,0
22.6,20.7,25.1,18.5,19.6,17.7,1020,74,16,0
22.9,20.9,25.7,18.8,19.6,17.5,1019,73,3,0
23.3,20.8,26.3,18.5,18.5,15.4,1020.1,62,2,0
22.2,20.7,24,19,18.3,15.6,1021.7,67,15,0
22.8,20.8,25.3,18.9,19.2,17,1021.3,70,15,0
23,20.6,26.3,18.2,19.9,18.2,1019.7,75,6,0
22.8,21.1,25.3,18.8,19.5,17.4,1017.9,73,22,0
23,21,25.7,18.9,20.1,18.4,1017.8,76,41,0
23.3,21.6,25.1,19.6,20.3,18.5,1018.6,75,76,0
24,23,25.7,21.8,21.3,19.9,1019.5,78,57,0
24.2,22.6,27.1,21.5,20.9,19,1020,73,63,0
24,22.5,26.8,21,20.9,19.2,1020.4,75,39,0
23.8,21.7,26.5,19.8,20.4,18.4,1019.9,72,55,0
23.6,21.8,26.1,20,20.8,19.3,1018.9,77,43,0
23.4,21.7,25.3,20,20.7,19.1,1019.7,77,65,0
22.9,22.3,24.1,20.6,20.2,18.7,1020,77,81,0
23.1,21.5,26.1,19.9,20.4,18.9,1020,77,34,0
22.2,20.2,24.5,18.8,18.8,16.7,1021.6,71,39,0
21.9,20.2,23.8,18.9,18.9,17,1021.4,74,74,0.2
22.3,20.6,25.2,18.8,18.8,16.6,1020.1,71,45,0
22.5,20.7,24.3,19.2,19.5,17.7,1017.7,75,62,0
22.6,20.8,25.2,18.9,20.4,19.1,1016.2,81,33,0
22.2,20.9,24,19,20,18.7,1015.8,80,52,0
22.7,20.8,25.1,19.3,20.6,19.4,1015.7,82,71,0
23.7,22.2,26.5,20.8,21.1,19.7,1016,79,88,0
22.7,22.1,23.4,21.6,20.1,18.7,1017.8,78,86,0
23.4,22.4,25.1,21.3,20.5,19,1017.6,76,88,0
23.3,22.4,24.4,21.3,21.3,20.3,1016.5,83,82,0
21.4,19.9,23.1,21.4,19.4,18.2,1019.4,82,94,0.1
19.5,17.8,22,17.3,16.7,14.6,1022.1,74,59,0.7
19.7,17.3,22.2,16.5,16.3,14,1022.2,70,42,0
20.8,19.4,22.1,18,17.6,15.5,1019.1,72,84,0
21.9,19.9,23.4,18.8,18.9,17,1016.4,74,90,0.1
21.7,20.5,22.5,19.5,20.7,20,1014.2,91,98,58.9
23,22,24.1,21.5,22.2,21.8,1013.9,93,94,0.3
22.9,22.4,23.9,21.1,22.2,21.8,1012.3,93,80,0
23.1,22.3,24.4,21.9,22.5,22.2,1012.4,94,84,0
23.7,20.3,25.7,22.5,22.8,22.4,1013.9,92,95,7.2
17.6,16.3,20.3,15.8,16,14.9,1019.6,85,98,3.6
18.9,17.3,20,16.9,17.1,15.8,1020.3,82,94,0
19,18,20.1,18.4,17,15.6,1020.6,81,95,0.2
18.9,17.7,20.5,17.4,16.8,15.4,1022.8,80,84,0.8
19.4,17.6,21.9,17.2,16.8,15,1024.1,76,67,0
18,15.7,20,14.8,15.3,13.2,1026.1,73,88,0.1
18.5,16.7,19.7,16.4,15.8,13.8,1027.4,74,90,0
18,15.7,21.2,14.7,14.9,12.5,1026.7,70,73,0
15.5,13.8,17.3,13.1,12.6,9.9,1027.3,69,69,0
16.4,13.7,19.1,12.5,13.9,11.8,1024.8,75,28,0
18.3,15.7,21.1,13.6,16,14.4,1021.5,78,45,0
18.9,17.5,21.4,18,18,17.3,1018.9,91,94,23.9
18.5,17.3,19.7,16.9,17.9,17.5,1016.7,95,97,24.7
18.9,17.9,19.7,17.5,18,17.4,1016.3,91,98,2
18.8,17.8,20,17.4,16.9,15.5,1019.3,82,89,0
18.4,17,20.5,16.4,15.9,14,1021.8,76,91,0
18.2,16.7,19.6,15.7,16,14.5,1020.7,79,75,0
19,17.6,20,16.1,17.1,15.8,1019.4,82,80,0
19.7,18.4,22.4,16.7,17.5,16,1021.2,79,82,0
17.8,16.4,19.1,16.2,15.2,13.2,1023.7,75,86,0
17.3,16.1,18.2,15.1,14.7,12.6,1021.7,74,85,0
16.5,13.4,18.4,15.6,15.1,14.1,1017.8,86,93,9.4
13.4,11.5,16.2,10.5,9.7,5.4,1021.7,60,37,0.2
12.8,9.8,16.3,8.2,7.4,-0.1,1025.9,41,0,0
13.2,10.5,15.9,8.3,8.7,2.9,1026.1,50,26,0
15.2,11.7,18.5,9.3,11.9,8.7,1023.9,66,7,0
17.8,15.2,21,12.7,15.1,13,1021.2,74,15,0
18.7,16.3,21.9,13.7,16.1,14.1,1018.4,76,3,0
18.1,17.2,19,15.2,16.3,15,1017.1,82,75,0
18.4,17.6,19.8,15.8,16.6,15.5,1017.1,83,71,0
16.6,14.8,18.6,15,13.6,11.1,1019.9,70,81,0
15.8,14.1,18,14.6,12.5,9.5,1021.7,66,88,0
15.5,14.6,16.7,13.9,12.7,10.1,1023.4,70,81,0
15.8,14.5,17.3,13.5,13.1,10.8,1024,72,82,0
16.5,14.7,18.7,13.2,13.3,10.6,1024,68,32,0
16.2,14.5,17.7,12.6,13.8,11.9,1024.3,76,57,0
17.9,16.2,19.4,14.5,15.4,13.5,1021.6,76,86,0
19.6,18.1,22.3,17,17,15.2,1019.3,76,61,0
18.6,17.8,20,16.4,17,15.9,1017.6,85,81,0
18.6,17.2,20.3,16.3,17.2,16.3,1015.5,87,81,0
20.6,19.1,23,18,19.2,18.5,1014,88,46,0
18.8,15.7,21.4,16.7,16.7,15.2,1017.7,80,56,0
14.9,14,15.7,13.6,12.5,10.3,1022.5,74,95,0
16.4,14.8,18.3,13.6,14.1,12.2,1022.5,76,84,0
16.7,15,18.7,15.5,14.9,13.5,1021,81,95,0
13.3,11.6,15.3,13.6,12.2,11.3,1022,88,98,2.5
12,10.5,13.8,10.5,10.9,9.8,1024.3,86,89,5
12.6,10.9,14.2,10.9,11,9.4,1024.8,81,96,0.9
12,11,13.5,10.7,10.5,9,1025.5,82,97,1.3
12.1,9.2,14.3,8.4,9.9,7.6,1027.8,75,91,1.8
13.2,11.2,15.1,10,9.4,5.2,1029.7,59,88,0
13.4,11.9,15.3,11.5,9.5,5,1028.4,57,63,0
13.8,12.6,15.9,10.8,10,5.7,1027.2,59,79,0
13.4,10.9,16.1,9.4,8.4,1.9,1027.7,46,43,0
13.2,10.8,16.2,9.1,7.2,-1.8,1028,36,36,0
13,10.4,15.8,7.9,8.7,3.2,1027.2,52,6,0
14.2,11.7,17.3,9.7,10.8,7.2,1023.4,64,8,0
16.5,13.5,19.9,10.8,13.5,11.1,1018.6,71,31,0
17.5,15,20.4,12.7,14.9,13,1020,75,49,0
16.5,15.1,18.7,13.1,13.2,10.1,1021.6,67,52,0
16.6,14.8,19.2,13,13.4,10.5,1019.8,67,30,0
18.3,15.5,22.3,13,15.5,13.4,1016.7,74,2,0
18.6,16.9,22,14.3,17.2,16.2,1015.3,86,66,3.4
16.3,15.2,17.5,15.2,15.6,15.1,1016.3,93,99,13.9
15,14.1,15.7,13.3,13.9,13,1016.4,88,97,3.2
15.3,15,16.1,14.3,12.9,10.8,1018.1,75,94,0
15,14.1,15.8,13.8,13.1,11.5,1017.3,80,95,0
16.4,14.5,18.2,13.9,15.9,15.5,1013.8,95,95,0.1
16.7,15.3,17.9,16.7,16.1,15.7,1015.4,94,98,0.4
15.4,14.7,16.7,14.5,14.4,13.7,1017.9,89,98,0.3
14.3,13.8,14.9,13.9,13.6,13,1017.2,91,100,0.3
14.1,13.3,14.9,13.1,13.4,12.8,1018.4,92,100,2.7
14.3,13.4,15.2,13.3,13.4,12.7,1019.5,91,100,0.3
15,13.7,16.1,13.3,13.7,12.7,1018.2,87,99,0
14,12.8,15.8,14.3,12.8,11.7,1017.7,86,100,0.2
13.1,12.5,13.9,12.4,11.6,10.2,1018.2,83,100,0
13.8,12.2,15.3,11.7,12.9,12.1,1017.3,90,99,8.3
16.1,13.7,18.9,12,13.3,10.8,1016.8,72,83,0
14.3,13.6,15.2,13.2,12.5,10.8,1015.6,80,93,0.7
14.9,13.3,16.5,12.8,14.3,13.9,1014.3,93,99,13.4
18.7,16.2,22.6,15,15.1,12.2,1015.8,68,67,0.2
16.9,14.7,19.9,12.6,10.7,3.3,1020.4,41,10,0
15.3,13.8,17.4,13.2,12.1,9.2,1020.8,67,21,0
15.4,14.1,17.3,12.7,11.6,7.8,1019.2,61,85,0
18,15.7,20.8,13.9,13.7,10,1017.3,60,75,0
18.7,16.9,21.4,15.3,15.5,13,1015.3,70,52,0
19.5,17.8,21.9,16.4,18,17.1,1013.6,86,91,0.1
19.7,17.7,22.9,17.1,17.6,16.1,1015.2,80,85,0.1
16.9,15.8,18,15.5,15.6,14.7,1015.3,87,100,0
16.3,15.6,17.5,15.5,15.1,14.1,1015.9,87,99,0.7
15.3,14.8,15.9,14.8,13.5,12,1017.4,81,99,0
16,14.5,17.3,14.2,14.9,14.1,1018.9,89,100,0
18,16.2,20,15.7,17,16.3,1016.7,90,95,0
20.6,18.9,22.7,18.3,20,19.6,1014.4,94,89,0
20.1,14.4,25,20.7,18.8,18,1016.9,88,94,0.2
14.3,12.5,15.8,11.7,12.4,10.8,1024.2,80,95,0
16,15.1,17.2,14.7,13.8,11.9,1023.3,77,90,0
16.7,15.7,18.1,14.6,13.7,11.3,1019.8,71,73,0
19.7,16.4,24.5,14.6,17.4,16,1016.8,80,76,0
20.3,17.2,24.3,16.1,18.7,17.8,1013.2,86,42,0
21,19.1,23.1,17.6,19.6,18.8,1012.5,87,83,0
22.2,20,25.2,18.2,20.9,20.2,1011.9,89,59,0
18.5,16.3,21.5,19.1,16,13.7,1015.9,76,76,2
16.5,14.1,19.8,13.6,11.7,6.7,1018.4,53,30,0
16.4,15.2,17.2,13.5,13.3,10.6,1015.2,69,77,0
18.3,17.1,19.5,16.1,14.6,11.4,1013.1,65,94,0
19.9,18.2,21.7,17.6,18.5,17.7,1010.4,87,99,0
22.4,20.5,24.6,19.2,21.7,21.3,1008.8,94,95,1.1
18.9,16.8,23.2,18.2,18.2,17.7,1012.2,93,99,13.9
16.8,16.3,17.6,16.1,15.8,15.1,1013.2,90,94,8.8
16.4,15.9,17,15.6,15.7,15.2,1016,93,97,6.8
15.7,14.5,17.3,14.6,14.3,13.2,1019.6,85,96,12.7
15.9,15.1,16.8,14.5,13.9,12.3,1017.1,79,100,0
17.6,15.8,19,15.6,16.5,15.7,1015.9,88,100,0
19.5,18.4,21.1,17.6,18.6,18.1,1014.7,92,98,2.9
18.5,17.8,19.6,18.9,17.8,17.4,1013.2,93,97,1.9
19.9,17.3,23,16.9,18.2,17.1,1013,84,91,0
22.9,20.5,27,19.6,21.6,21,1014.9,89,82,0
21.1,19.6,24.9,18.5,20,19.4,1015.7,90,53,0
21.6,19.8,24.8,19.1,19.9,18.9,1015.5,85,82,0
20.7,19.7,22.9,19,19.2,18.2,1015.1,86,85,0
22.2,19.1,25.3,18.9,20.7,19.9,1011.1,87,92,0
25.8,24.6,26.8,23,24.1,23.3,1010.3,86,83,0
26.6,25.5,27.9,24.2,24.2,23.2,1010.2,82,72,0
26.4,24.5,28.9,23.2,24.3,23.3,1011.7,84,77,0
26.3,24.5,29.7,23.6,24.1,23.1,1012.2,83,72,0
25.3,23.5,28,22.1,23.1,22.1,1012.7,83,60,0
24.1,19.9,27.9,22.6,22.5,21.7,1013.1,87,89,42.6
20.2,18.2,22.1,17.7,18.3,17.1,1014,83,91,0.6
22.5,20.1,25.6,19.5,21.2,20.5,1011.7,89,83,0
25.5,22.2,29.5,21.5,23.5,22.6,1010.5,85,80,0
26.9,24.3,30.2,23,24,22.6,1011.3,78,48,0
24.7,23.4,26.5,22.4,22.9,22,1012.7,85,60,0
25.2,23,29.3,22,22.9,21.8,1013.5,82,66,0
24.9,23.5,27.4,22.4,22.8,21.8,1014.2,83,73,0
24.3,21.5,28.1,20.7,21.6,20.2,1015.6,78,77,0
25.5,23.3,29.4,24.6,23,21.8,1014,80,71,0
25.8,23.9,29.1,22.6,23.8,22.8,1011.9,84,79,0
26.5,24.6,29.6,23.2,24,22.9,1010,81,79,0
27.3,24.8,31.2,23.8,24.6,23.5,1011,80,51,0
27.6,25,31.3,23.9,24.8,23.5,1012.2,79,48,0
26.7,25.3,29.8,24.5,24.7,23.8,1011.7,84,68,0
24.3,21.2,27.2,24.5,22.8,22.1,1011.4,88,86,10.3
22.1,20.8,23.3,21,19.6,18.1,1013.6,78,93,0
23.9,21.5,27.2,20.4,20.2,18.1,1013.4,70,67,0
24,22.8,26.9,22.1,21.3,19.8,1013.1,78,86,0.4
23.9,22.8,26.5,21.6,21.8,20.6,1012,82,95,0
24.1,23.5,25,22.8,22.1,21.1,1009.9,84,90,0
25.6,22.8,30.1,21.7,22.6,21.1,1010.8,78,67,0
24,23.4,24.7,22.6,22,21,1012.2,83,96,0
23.9,23.3,24.8,22.7,22.2,21.4,1010.7,86,95,0.4
24.4,22.4,27.9,22.2,22.8,22,1007.6,87,83,5.8
26.3,23.7,29.4,23.1,23.5,22.1,1006.7,79,61,0
25.3,22.2,28.1,23.7,22.8,21.5,1007.9,80,85,0.4
22.3,21.5,22.8,21,20.8,20,1009.2,87,100,2.7
23.2,21.5,25.4,21.2,22.1,21.5,1008.2,90,97,0.4
24.8,23.1,26.8,22.7,23.8,23.3,1008.2,92,96,0
28.1,25.5,30.8,24.7,26,25.1,1008.2,84,86,0
29,27.8,31.7,27.1,26,24.7,1007,78,78,0
28.9,26.1,31.9,26.8,26.1,24.9,1005.1,80,84,0
24.9,23.1,26.7,24.6,22.6,21.4,1007.3,81,95,0
23.6,22.6,25.8,22.2,21.9,21.1,1009.8,86,97,0
24.7,22.6,28.1,22,22.5,21.4,1010.4,83,85,0.2
26.9,24.5,30.3,24.6,25.1,24.3,1008.9,86,73,0
28.9,26.8,32.3,25.9,26.2,25.1,1008.7,80,76,0
29.7,27.8,33.6,26.7,26.3,24.9,1010.1,77,76,0
28.9,27.2,32.2,26.6,26.4,25.4,1010.4,82,61,0
29.5,26.7,33.5,26.3,26,24.6,1008.9,76,65,0
29.7,27.3,34.2,26.5,26.3,24.9,1008.6,76,52,0
29,27.8,32,27.5,26.3,25.2,1008.9,80,78,0.2
28.6,26.4,32.1,26.3,26.3,25.3,1009.1,83,78,3.4
28.9,27.5,31.8,26,26.4,25.4,1008.6,82,66,0
29.2,27.5,32.4,26.5,26.3,25,1006.9,79,54,0
29.5,27,33.6,26.2,25.6,24,1005.3,73,52,0
28.1,26.6,29.6,25.5,26,25.1,1006.2,84,88,2
27.5,26.8,28.8,24.8,24.8,23.6,1006.8,79,88,0.3
27,25.5,28.1,25,25.3,24.6,1004.6,87,91,3.8
26.6,25.3,28.9,25.5,25.5,25.1,1002.1,91,94,22
27,25,29.7,24.3,25.1,24.3,1000,86,89,36.6
27.1,25.5,31.2,25.1,25.5,24.8,1003.6,88,83,20
25.5,24.9,26.6,24.6,24.5,24,1005,92,94,10.7
27.5,24.8,31.4,23.9,24.2,22.7,1007.2,76,78,0
28.2,26.1,32,24.8,25.1,23.7,1007.8,77,51,0
27.5,25.9,30.9,25.5,25.9,25.2,1006.9,88,90,37.1
29.1,28.2,30,25.5,26.4,25.3,1005.5,80,88,0.9
29.3,28.5,31.1,26.8,26.4,25.2,1004,79,88,0
29.4,28.3,30.6,26.4,26.5,25.4,1004.2,79,87,0.8
27.9,25.4,30.3,25.2,26.2,25.5,1007.6,87,88,81.8
29.5,28.3,32.1,26.9,26.6,25.4,1009.1,79,82,0.3
29.8,28.3,32.4,26.7,26.6,25.3,1009.5,77,77,6.1
29.9,28.2,31.9,25.9,26.3,24.9,1008,74,74,0.6
30,29,32.2,26.7,26.5,25.1,1006.7,75,70,0
29.9,29,31.9,27.5,26.3,24.8,1006.6,75,74,0
30.1,29,32.3,28,26.4,24.9,1006.8,74,76,0
30,28.6,32,26.3,26.3,24.8,1006.5,74,74,0
29.7,27.4,32.4,26.3,26.3,24.8,1005.5,76,73,4.4
30.1,28.7,32.4,27.1,26.5,25.1,1004,75,80,0
28.9,26.5,31.7,26.2,26.5,25.5,1004.5,82,85,9.3
29.5,28.2,32.1,26.6,26.5,25.3,1006.7,78,73,1.4
29.4,26.7,32.8,25.9,26.8,25.8,1006.2,81,71,2.4
28.8,26.4,31.5,25.8,26.7,25.9,1003.4,84,74,6.4
26.8,25.9,28.4,25.4,25.7,25.2,1002.9,91,89,26.8
26.6,25.1,29.1,25,25.4,24.8,1005.6,90,97,51.4
26.3,23.5,29,25.4,25.1,24.6,1007.3,91,88,29.3
27.8,24.6,30.2,23,25.9,25.1,1007.7,86,85,30
29.1,26.2,32.6,25.4,26.3,25.2,1008.4,81,67,7.2
29.1,27.2,32.4,26.4,26.7,25.8,1008.4,83,55,1.6
28.6,25.8,31.5,24.3,26.3,25.3,1007.7,83,78,5.2
27.5,25.6,29.9,25,25.7,24.9,1006.8,86,89,21.4
29.1,27.4,32.1,26.6,26,24.7,1005.3,77,82,0.2
29.6,27.7,32.2,25.8,26.4,25.1,1004.6,77,75,0.1
28.2,25.3,30.9,24.9,26.3,25.5,1006.1,86,90,63.3
25.8,24.9,26.6,24.7,25.3,25.1,1008.1,96,92,61.2
25,24.1,26.3,24.2,24.4,24.2,1008.1,95,91,67.2
24.9,23.5,26.3,24.4,24.5,24.3,1006.7,96,92,119.3
26.3,24.5,29.9,23.8,25.4,25,1007.4,93,73,9.2
28.3,25.7,31.9,24.9,26.1,25.2,1009.4,84,34,1.6
29,26.7,31.7,25.5,25.7,24.2,1009.3,76,25,0
29.4,27.4,32.1,26,26.1,24.7,1008.6,77,30,0
29.6,27.5,32.7,26.6,26.1,24.6,1007.8,75,32,0
29.8,28.3,32.4,27.3,26.6,25.3,1005.6,77,45,0
30.3,28.5,33.4,27.8,27,25.7,1004.5,77,47,0
30.3,28.7,32.5,27.8,27.1,25.8,1005.8,77,56,0
29.3,26.2,32.1,27.5,26.6,25.5,1007.3,80,73,7.9
27.1,25.6,29.3,24.9,25.8,25.3,1006.6,90,77,55.8
26.6,25.5,28.3,24.6,25,24.3,1006.6,88,85,5.1
24.6,23.7,26.2,23.6,24,23.7,1006.2,94,96,74
27.4,24.7,30.3,24,25.5,24.8,1005.3,86,81,4.2
28.7,26.8,31.6,26,25.9,24.8,1002.2,80,79,0
29.2,27.4,32.5,26.5,26,24.6,999.3,77,76,0
28.4,25.1,31.3,26.3,25.7,24.6,999.9,80,86,20.3
28.8,26.9,30.2,25,26.2,25.2,1006.7,81,88,7.2
28,25.1,29.1,26.3,26,25.2,1005.1,85,89,24.3
25,23.8,25.9,23.8,24.2,23.9,1004.2,93,100,173
25,23.5,26.3,23,24.3,24,1008.5,94,99,45.9
25.3,24.3,26.2,23.8,24.8,24.6,1010.7,96,96,80.3
25.6,24.8,27.3,24.2,24.8,24.5,1010.5,94,95,2.6
26.5,25.1,28.1,24.2,25.4,25,1009.5,92,89,2.1
27.5,26,29.6,25.1,26.1,25.5,1009.9,89,73,0
28.2,25.6,31.1,24.7,25.6,24.5,1010.3,81,49,0
29.1,26.6,32.8,25.5,26,24.7,1009.7,78,71,3
26.8,24.3,28.8,25,24.9,24,1007.4,85,87,28.1
24.7,23.4,27.8,23.1,23.8,23.4,999.8,92,100,242.4
27.6,23.5,29.6,22.9,25.8,25,1006.6,86,93,114.1
24.9,23.1,28.1,22.9,24.3,24,1010.1,95,93,91.8
25.9,23.4,28.6,22.9,24.6,24.1,1012,90,88,1.5
27,26,29.1,25.4,25.3,24.6,1012.5,87,89,0.2
27.4,25.4,30.7,24.4,25.1,24.1,1011.7,82,67,0
27.7,25.7,30.7,24.5,25.1,23.9,1009.8,81,64,0
28.1,26.4,31.1,25.6,25.6,24.6,1008.9,82,71,0
28.2,26.6,32.1,25.8,25.9,24.9,1009,83,69,4.8
29.1,27.2,32.5,26,26.1,24.8,1008.5,78,51,0
29.3,27.6,32.7,26.8,26.6,25.6,1006.7,81,52,0
29.1,26.9,32,26.8,26.3,25.2,1005.1,80,50,0
28.3,25.9,29.9,26.6,26.2,25.3,1005.3,84,57,32.7
29,26.5,33.9,26.2,26.3,25.2,1004.4,80,58,0.7
28.3,24.7,31.5,25.2,26,25,1004.3,83,79,57.7
26.2,24.6,28.6,23.9,25.1,24.7,1004.7,92,93,41.6
27.3,25.3,28.8,24.3,25.6,24.9,1006,87,89,9.9
28,25.5,30.4,24.3,26,25.2,1006.8,85,70,8.3
28.9,26.7,31.4,25.6,25.7,24.3,1004,77,48,0
27.6,24.7,31,26.6,25.5,24.6,998.1,84,93,117.9
27.2,24.7,29.2,24.2,25.9,25.4,1007.7,90,91,17.1
27.4,26.2,29.6,25.5,26.3,25.8,1011.2,91,78,11.9
28.4,26.6,31.4,25.7,26,25,1009.8,82,40,0
28.7,26.4,31.6,25.3,25.9,24.8,1006.9,80,28,0
29.8,27.4,33.4,26.4,26.5,25.2,1005.2,78,47,1
28.2,25.8,30.5,26.2,26.4,25.7,1004.7,87,79,16.2
28.8,27.1,30.7,25.8,26.2,25.2,1008.5,81,80,1.9
28.8,27.5,31.1,26,26.7,25.9,1012.4,85,56,0.2
29.3,27.3,32.4,26.1,26.6,25.4,1010.8,80,25,0
29.2,27.3,32.3,26,26.3,25.1,1010.3,79,23,0
29.6,27.5,32.5,26.2,26.4,25,1012.1,77,60,0
29.2,27.7,31.9,26.4,25.7,24.2,1013.3,75,71,0.1
29.1,27.3,32.1,25.2,25.6,24.1,1011.4,75,47,0.1
28.3,26.4,31.3,25.6,26.1,25.2,1008.8,84,68,17.4
28.7,27.1,30.9,25.9,25.5,24.2,1008.2,77,60,0
27.8,25.8,30.5,24.8,25.4,24.3,1009.2,82,84,3.5
26.6,24,29.2,23.4,24.2,23,1010.8,81,79,7.3
26.4,24.7,28.1,23.6,22.8,20.9,1010.8,72,78,2.6
25.6,24.1,27.3,23.6,21.7,19.6,1010.7,70,83,0.8
24.3,23.2,25.3,21.5,21.3,19.7,1009.9,76,96,0.8
24.5,22.8,26.5,22.2,20.5,18.3,1008.4,68,75,0
26.5,23.6,29.8,21.6,21.3,18.4,1008.5,61,31,0
26.5,23.7,29.9,21.6,21.2,18.2,1010.3,61,21,0
27,24.8,30.1,23.3,23.7,22.2,1012.5,76,40,0
26.9,25.3,29.4,23.6,24.1,22.8,1014.3,78,53,0
27.1,25.2,29.6,23.7,23.4,21.7,1014.6,73,42,0
27.2,25.2,29.3,23.1,23.1,21,1014.2,69,56,0
27.1,25.8,28.7,24.2,24.2,22.9,1013.2,78,76,0.1
27.3,25.7,29.6,24.1,24.5,23.3,1011.9,79,80,0.4
27.1,26.1,29.2,25.3,24,22.5,1011.4,76,80,0
27.7,25.5,30.1,24.1,24.3,22.8,1011.2,75,53,0
25.5,23.7,28.4,23.9,23.9,23.1,1008.9,87,92,79.3
26.4,24.9,27.5,23,25.3,24.9,1007.5,92,99,106.4
27.6,25.9,30.1,25.1,25.6,24.7,1011.3,85,81,8.4
25.8,24.5,27.1,24.4,25.1,24.8,1012.4,94,88,128.6
25.2,24.1,26.6,24,24.2,23.7,1015,92,91,132.6
25.2,23,27.7,22,22.4,21.1,1016.5,78,75,0
25.9,23.1,28.8,22.2,22.7,21.1,1015.8,75,40,0
26.2,24.1,28.8,22.8,23,21.4,1014.4,76,74,6.3
25.8,23.5,27.8,22.2,23,21.7,1013.8,79,77,0.6
25.7,24.7,26.7,24.2,22.4,20.7,1014.3,74,92,1.7
25.3,24.6,25.9,23,22.7,21.4,1014.5,79,91,0.2
25.4,25,26,23.4,23.2,22.2,1012.7,82,90,0.3
25.4,24.7,26.6,23.4,23.7,22.9,1009.4,87,91,5.4
24.3,23,25.4,24.1,23.4,23,1010.8,92,93,6.2
25.3,23.6,27.2,22.5,22.2,20.6,1013.9,76,76,0.9
24.8,23.6,26.6,22,21.4,19.5,1015.5,73,30,0
24.8,23.9,27.1,22,22.1,20.7,1014.8,78,44,0
25,23.9,26.5,22.3,22.4,21.2,1013.4,79,52,0
25.3,23.9,27.7,22.4,22.1,20.5,1012.5,75,57,0
25.3,24.3,26.9,22.7,22.1,20.5,1013.4,75,60,0
25.2,24.2,27.2,22.5,21.7,19.8,1015.1,72,61,0
25.3,23.1,27.8,21.3,21.5,19.5,1015.7,71,39,0
25.6,23.4,27.8,23.4,22,20.1,1016,72,73,0
23.9,21.9,26,21.2,20,17.8,1016.9,68,72,0
23.6,21.4,25.5,21,19.9,17.8,1016.1,70,89,0
24.3,23.3,26.1,21.8,20.9,19,1015.8,72,87,0
24.5,22.7,27.1,21.9,21.2,19.4,1014.2,74,44,0
24.5,23.1,26.8,21.8,21.9,20.5,1013.1,79,30,0
24.5,22.9,26.9,21,21.1,19.2,1012.2,73,6,0
25,22.5,27.6,20.4,19.4,15.8,1012.9,57,7,0
23.1,21.1,25,19.4,17.9,14.2,1016,58,56,0
22.1,19.5,24.1,18.4,18.1,15.4,1017.8,66,20,0
22.1,19.4,24.8,17.7,17.1,13.4,1016.5,59,30,0
22.6,19.7,25.6,18,16.6,11.9,1014.9,52,57,0
22.5,21.1,23.4,20.4,17.9,14.7,1014.1,62,90,0.3
23.8,22.7,25,21.6,21,19.5,1013.8,77,93,0
23.4,21.5,26.8,21.6,20,17.9,1016.5,72,90,0
22.5,20.7,27.4,20,16.2,11.3,1019.2,50,81,0
21.8,19.3,26.7,18.1,17,13.6,1019.8,60,58,0
23.2,20,27.9,18.6,17.9,14,1018.3,59,42,0
22.2,19.5,25.5,17.2,16.4,11.8,1016.9,52,16,0
22.2,19.8,25.6,18.3,17.9,15,1016.8,65,29,0
23.2,20.8,27,19.1,20.2,18.5,1017,75,49,0
20.5,16,23.4,20.5,17.3,15.2,1018.1,72,91,0.5
18,15.1,21.1,14.7,15,12.7,1019.4,72,86,0.9
19.8,16.3,24.4,15.2,16,13.2,1019.2,67,33,0
21.5,18,26.4,16.1,17.8,15.2,1019.3,69,38,0
22.2,20.9,25.6,19.8,19,17.1,1019,73,70,0
22.8,20.2,27.5,18.8,18.9,16.4,1018.4,68,34,0
20.9,18.7,24.6,17.3,16,12.1,1019.6,57,23,0
19.7,17.7,23.2,16.9,15.7,12.7,1020.3,65,61,0
20.1,17.4,22.7,16,16.6,14.1,1019.6,69,17,0
19.4,17,23.2,15.4,13.4,7.4,1022,48,10,0
16.3,14.1,19.8,12.4,9.1,-1.1,1022.9,31,9,0
17.1,13.9,21.4,11.7,11.3,5.1,1018.4,46,49,0
19.8,16.6,24,14.2,16.5,14.1,1017.2,70,71,0
20.8,18.3,24.7,16.4,18.2,16.4,1016.5,77,68,0
20.7,19.4,23,17.8,17.7,15.7,1016.9,74,90,0.1
20.9,19.6,23.5,17.6,18.4,16.8,1017.6,77,85,0
20.8,19.3,23.7,18.2,18.2,16.5,1017.9,77,62,0
20,19.1,21.2,18.2,17.3,15.5,1019,76,65,0
19.6,18.6,21.2,17.2,16.4,14,1020,71,36,0
19.8,18.2,22.8,16.4,16.3,13.8,1019.4,69,16,0
18.3,16,20.8,14.4,14.2,10.7,1020.2,61,33,0
17.7,15.5,20.3,13.7,12.8,8.2,1022,54,2,0
16.4,14,18.5,12.3,10.2,2.7,1023.8,40,0,0
15.8,12.9,18.7,11,9.5,1.4,1024.5,38,13,0
15.2,12.5,18.1,10.2,9.5,2.1,1024.4,42,13,0
15.3,12.5,17.4,10.6,11.3,7,1023,58,4,0
17,14.7,19.1,12.2,13.7,10.8,1021.3,67,13,0
18.3,15.7,20.8,13.4,15.4,13.3,1020.2,73,19,0
19,16.4,22,13.8,15.9,13.5,1018.9,71,20,0
19.2,17.2,21.6,14.9,15.8,13.2,1018.2,69,64,0
20.2,18.9,21.5,16.8,17.3,15.4,1017.5,74,89,0
19.4,17.7,20.6,17.1,18.1,17.3,1019.1,88,99,7.9
19.5,18.7,20.6,17.7,17.6,16.4,1018.7,82,97,0
19.4,17.5,21,19.4,17.8,16.7,1019.9,84,96,0
16.3,14.9,18.3,15,13.9,11.9,1022.4,75,88,0
16.6,14.5,19.2,14.4,13.6,11.2,1023.2,70,64,0
17.3,15.5,19.4,14.5,14.4,12,1023.7,71,65,0
16.6,14.1,19.1,12.5,13.5,10.9,1023.7,70,23,0
17.1,14.8,19.2,13.2,14.2,11.9,1023.3,72,24,0
18.1,15.1,20.8,13.1,15,12.5,1021.8,71,18,0
18,15.4,20.8,13.1,13.8,10.1,1023.3,61,15,0
16.2,13.9,18.3,12.2,12.5,9,1026.4,63,35,0
14.7,12,16.8,10.3,10.7,6.4,1027.7,59,19,0
15.6,12.4,19.1,10.6,11.3,6.9,1027,57,14,0
15.5,12.7,18.2,10.5,10.5,4.8,1026.1,50,9,0
15.4,12.1,18.8,9.2,9,0.5,1023.4,37,0,0
14.9,11.6,18.5,8.6,8.7,0.5,1022.1,38,0,0
15.6,12.5,19.4,8.9,10.6,5,1022.3,51,1,0
16.5,14,20,10.2,11.8,6.9,1022.2,54,0,0
17.5,14.8,20.7,10.9,13.5,10,1022,63,2,0
18.2,15,22.3,11.5,13.3,8.7,1021.9,56,0,0
17.4,15.4,19,12.4,13.2,9.1,1020.5,59,31,0
19.3,17.1,21.4,15.5,15.2,11.9,1017.3,62,85,0
20.8,19.6,22.6,18.1,17.8,15.8,1018.3,73,88,0.4
20.9,19.6,22.7,17.7,18,16.1,1019.7,74,52,0
19.3,15.3,21.5,16.5,15.5,12.5,1022.5,65,56,0
15.4,13.5,17,12.2,12.2,9.1,1023.8,66,80,0
16.7,14.5,18.7,13,13.9,11.6,1021.3,72,43,0
17.6,16,18.7,14,14.8,12.7,1019.5,73,87,0
17.8,16.5,18.8,15.4,15.7,14.2,1018.6,80,93,0.1
18.2,17.1,19.9,16.6,15.9,14.3,1017.8,78,51,0
18.8,16.2,21.8,14.5,16.5,14.8,1015.8,78,27,0
20.1,18.5,23.7,16.8,18.2,16.9,1016.1,82,81,0
18.3,17.2,19.8,16.2,15.8,13.9,1018.1,76,87,0
18.1,16.6,19.3,15.3,16,14.4,1016.9,79,93,0.6
20,17.4,24.1,16.5,17.3,15.5,1016.1,76,61,0
16,14.8,17.9,15.1,13.1,10.6,1017.1,70,92,0
16.9,14.6,19,14.4,14.2,11.9,1016.4,73,69,0
18.4,17,19.4,15.9,16.7,15.6,1015.9,84,91,0
19.3,17.9,21.1,16.6,17.4,16.1,1015.7,82,48,0
17.8,16,20,14.8,15,12.8,1017.6,73,42,0
18,17.2,18.7,15.3,15.8,14.2,1017.8,79,88,0.2
18.1,15.3,22.4,15.6,15.4,13.2,1016.1,73,57,0
15.1,13.2,16.3,12.2,12.1,9.3,1019,68,84,0
14.3,12.1,16.6,12,11.2,8.1,1020.9,67,94,0
15.4,13.5,17.5,13.3,12.3,9.5,1021.3,68,91,0
16.5,15,18.3,15.3,13.5,11,1021.1,69,80,0
16.4,15.1,17.9,13.8,13.5,11.1,1021.3,71,86,0
17.7,14.9,20.6,13.3,14.1,11,1021.6,66,23,0
16.5,13.5,19.9,11.9,12.2,8.1,1022.9,58,2,0
15.6,12.8,18.3,10.9,11.4,7.1,1024.7,58,19,0
14.9,13.4,16.4,12.1,11.6,8.3,1023.4,64,39,0
16.6,13.5,19.9,11.3,12.9,9.5,1020.3,64,32,0
17.8,16.3,20.2,14.2,13.9,10.5,1020.6,63,62,0
15.8,13.4,17.8,13.6,11.9,8,1022.9,61,71,2.7
16.6,13.9,19,11.7,13.4,10.6,1021.4,68,89,0
19.1,16.6,22.3,15.9,15.3,12.4,1020.2,65,82,0
18.5,16,21,15.8,13.5,8.8,1024.3,55,39,0
15.2,12.8,17.5,10.7,10,3.8,1025.9,48,5,0
15.8,13.1,19,12.2,12.9,10.2,1021,70,39,0
18.5,15.8,21.6,13.4,16.6,15.3,1014.4,82,46,0
20.3,18.2,22.7,16.1,18,16.5,1010.7,80,71,0
21.7,19.6,23.4,17.7,19.5,18.2,1009,81,84,0
22.9,21.1,26.4,19.3,21,20,1010,84,64,0
19.6,17.4,22.3,19.1,18.6,17.9,1013.4,90,95,0.5
17.9,15.7,19.1,16.2,16.4,15.5,1016.1,86,100,0.1
11.1,8.5,15.7,10,9.2,7.1,1024.4,76,98,1.6
8.2,6.9,9.3,6.5,6.9,5.3,1027.7,82,96,4.1
7.2,5.9,8.4,6.7,5.9,4.2,1028.5,81,100,3
6.9,5.8,8.6,6.2,5.9,4.6,1028.1,86,100,7.4
8.9,7.1,10.5,6.5,7.5,5.8,1025.4,81,100,0.2
9.8,8.5,11,8.1,8.4,6.9,1023.5,83,100,0.4
9.9,8.1,11.4,8,8.8,7.6,1021.7,86,100,1.4
12.2,10.7,13.9,9.6,10.4,8.6,1020,79,99,0.4
12.6,11.8,13.4,11.5,11.3,10,1018.7,85,99,3
11.9,10.4,13.4,11.4,10.5,9,1020.4,83,98,2.3
13.7,11.2,15.7,10,11.8,10.1,1020.6,79,96,0.1
16.3,14.9,18.6,14.4,14.6,13.3,1019.1,83,98,0
17.9,15.3,22.1,13.7,14.5,11.7,1020.3,69,22,0
16.9,14.6,19.8,12.7,13.6,10.7,1019.6,67,8,0
17.4,14.8,20.6,12.5,13.9,11.1,1019.4,67,0,0
18.3,15.7,22.2,13.2,14.6,11.5,1019.9,66,3,0
18.9,16.4,22.3,14,15.1,12,1018.3,65,32,0
20.5,17.9,24.3,15.7,17.9,16.1,1015.4,76,54,0
21.9,19.6,25.6,17.7,19.6,18.3,1014,81,42,0
21.1,19.3,24.1,17,19.5,18.5,1014.8,85,21,0
17.6,14.3,21.4,17.8,16.2,15.3,1017.9,86,99,0
12.5,10.8,14.5,10.8,11.2,10,1019.5,85,98,7.5
13.7,11.7,15.4,10.9,11.9,10.3,1019.6,80,99,0
14.5,13.4,15.3,14.5,13,11.7,1019.1,83,100,1.7
16.1,14.4,17.9,13.9,15.3,14.6,1015.9,91,100,0
19.4,16.9,23.2,16.5,18.5,18,1013,91,93,0.1
24.1,22,26.6,19.9,22.4,21.6,1009.8,86,87,0
24.9,23.8,26.3,22.8,22.8,21.8,1007.6,83,86,0
25.5,24.2,28.5,23.2,23.3,22.3,1008.9,83,85,0
22.9,17.2,26.2,22.6,21.7,21.1,1010.4,90,92,1.6
17.3,16.4,18.2,15.9,16.5,16,1010.6,93,99,3.2
17.8,17.5,18.3,16.4,17.2,16.7,1010.1,93,100,0
18.9,17.8,20.6,17.4,18.4,18.1,1011.8,95,100,0.2
20.6,17.8,22.4,19.6,20.1,19.9,1014.2,95,100,1.5
18.7,17.2,20.5,16.8,17.5,16.7,1017.8,89,97,0.3
20.4,18.2,23.1,17.3,18.1,16.7,1017,80,87,0
21.7,19.9,25,19,19.5,18.2,1016,81,88,0
19.3,16.8,20.7,18.6,17.8,16.9,1015.9,86,94,10
21.1,19,23.6,18.2,19,17.7,1016.1,82,85,0.5
20.1,19,22,18.3,18.6,17.6,1014.2,86,95,0.4
21.2,19.3,24.8,18.9,19.5,18.5,1010.3,85,89,55.9
24.1,21.1,26.6,20.1,22.3,21.4,1007.1,85,86,0
25.9,24.5,27.1,23.8,24,23.1,1005.4,85,89,0.2
21.1,15.8,26,21.7,19.7,18.9,1009.5,87,94,4.5
14.5,12.3,16.3,14.9,12.7,11.2,1016.3,81,98,0
11.8,10.9,12.9,10.7,11.1,10.4,1018.2,91,99,40.5
13.3,11.1,15.5,10.9,12.4,11.7,1018.6,91,96,20
16.9,15.4,18.2,14.3,14.9,13.3,1016,79,93,0
19.9,18.1,22.4,17.3,18.2,17.1,1015,84,96,0
21.8,20.7,23.4,20.2,20.2,19.4,1014.8,86,93,0
20.8,20.2,21.5,20.2,19.9,19.4,1012.8,91,99,1.8
18.9,18.1,20.2,17.8,18.3,17.9,1010.3,94,100,5.9
19.3,17.6,20.3,18.1,17.9,17,1011,87,99,1
17.7,16.5,18.7,16.2,15.7,14.3,1016.6,80,98,0
17.7,16.4,18.5,16.2,14.9,12.8,1018.7,73,95,0.9
18.6,17.3,20.6,17,16.8,15.5,1019.5,82,94,0
20,17.9,22.6,17.7,18.2,17,1018.3,82,95,0
21.1,19.8,22.9,19.4,19.3,18.3,1014.4,84,94,0
22.7,19.7,26,19.3,20,18.4,1010.3,77,71,0
23.7,22.1,25.5,20.7,22.3,21.6,1010.7,88,92,0
25.3,23.7,28,23,23.8,23.2,1011,88,91,0
23.6,20.5,25.8,23.8,22.5,21.9,1006.4,90,99,63.9
19.4,17.9,21.7,17.1,17.3,15.9,1014.1,80,96,1.2
19.3,17.9,21.3,17.6,15.7,12.9,1019.1,67,88,0
19.3,17.3,22.8,17,15.5,12.7,1019,66,57,0
20,16.9,23.9,15.5,15.9,12.8,1016.7,64,19,0
21.4,18.3,25,16.9,18,15.7,1014.6,71,34,0
22.9,20.5,26.9,19.5,19.9,18.1,1013.9,75,58,0
23.8,21.4,27.6,20,20.8,19.2,1013.7,76,15,0
24.1,21.8,27.6,20.8,21,19.3,1013,76,41,0
24.4,23.2,27.4,22.1,22.6,21.7,1010.6,85,66,0
25.3,23.3,28.8,22.4,23.1,22,1007.9,82,76,0
24.1,22.2,26.7,23.4,23.1,22.7,1008,92,94,89
23.9,22.2,25.6,21.6,23.1,22.8,1009.3,94,93,31
26.3,24.4,29.7,23.6,24.6,23.8,1011.7,86,84,0
24.3,23.2,26.4,22.5,23.1,22.6,1012.1,90,92,1.4
25.8,24.3,28.6,23.8,24.3,23.7,1008.7,88,93,20.8
23.6,20.9,26.7,23.3,22.8,22.4,1007.8,93,97,75.1
22,20.9,22.6,20.3,21.5,21.2,1008.7,96,99,40.4
25.8,22.1,29.6,21.9,24.3,23.7,1006.8,89,91,1.3
23.8,22.9,25.5,22.7,21.2,19.8,1008.8,78,90,0
22.8,21.4,25.1,21.6,18.8,16.2,1010.5,67,95,0
22.6,20.5,24.9,19.8,19.3,17.3,1011.7,72,93,0
22.8,21.8,24.2,20.8,21.1,20.1,1013.8,85,98,1.2
23.4,21.2,26.6,20.5,21.1,19.9,1014,81,89,1.9
24.4,22.4,27.4,21.6,20,17.4,1012.1,66,34,0
24.3,22.3,27.4,21.5,21,19.2,1010.5,74,30,0
24.5,22.7,27.5,22.2,21.1,19.3,1011.3,73,46,0
24.7,22.9,28,21.9,20.8,18.7,1012.9,70,76,0
24.4,23.4,26.6,22.7,21.4,19.8,1012.3,76,68,0
24.9,22.8,28.3,21.9,19.9,16.8,1010.5,62,28,0
25,22.5,28.2,21.4,21.1,18.9,1009.3,70,18,0
26.6,23.4,30.6,22.3,22.5,20.4,1008.5,70,16,0
26.7,24.8,30.4,23.8,23.2,21.5,1008.4,73,34,0
26.5,24.4,29.9,23.8,23.2,21.6,1008.9,75,73,0
26.3,25.3,28.4,25.1,23.5,22.1,1008.9,78,80,0
26.9,25.3,30.2,24.4,24.1,22.8,1009.3,78,78,0
26.5,24.2,28.5,25.2,24,22.9,1008.9,81,95,15.7
25,24,26.6,23,23.9,23.4,1007.5,91,96,9.4
25.7,24.6,26.8,24,24.4,23.8,1006.7,90,88,12
26.5,24.5,30.3,24,24.8,24.1,1005.9,87,86,11.4
25.6,24,27.1,23,24.7,24.3,1007.9,93,97,66.6
26.9,24.3,28.9,23.7,25.6,25,1011.3,89,92,24.4
27.7,25.8,30.4,24.9,25.6,24.7,1011.9,84,80,1.3
28.4,26.8,31.6,25.9,25.5,24.2,1009.6,79,59,0
28.7,26.8,31.2,25.6,25.6,24.2,1009.3,77,45,0
29.1,27.8,31.5,26.9,25.8,24.4,1008.9,76,78,0
29.1,27.8,31.8,26.8,25.4,23.7,1008.8,73,49,0
29.2,27.5,31.5,26.5,25.5,24,1008.7,74,42,0
29.6,27.7,32.5,26.6,25.8,24.2,1009.9,73,37,0
29.8,27.5,33.2,26.2,26.3,24.8,1010.7,76,28,0
29.6,28,32.6,26.9,26.6,25.4,1010.8,79,52,0
29.6,27.9,32.4,26.9,26.3,25,1011.3,77,66,0
29.6,26.4,32.9,25.6,26.2,24.8,1011.4,76,42,13.6
29.7,27.8,33.2,26.8,26.2,24.8,1010.2,75,56,0
29.6,28,33,27.6,25.9,24.4,1008,74,65,0
29.5,28,31.9,26.9,25.9,24.4,1007.9,74,60,0
29,26.2,31.9,26.7,26.1,24.9,1008.5,79,73,4.6
27.3,24.9,29.4,25.2,25.5,24.8,1008.6,87,90,47.7
26.5,25.2,28.3,24.7,25,24.4,1009.1,88,93,29.1
28.3,26.2,31.4,24.4,25.7,24.7,1009.9,81,77,0
28.5,27.6,30,26.6,25.7,24.5,1008.9,79,72,2.5
28.9,26.5,31.3,26.6,25.7,24.4,1007.6,77,74,3.7
29.1,26.5,31.3,24.9,26.1,24.8,1006.2,78,83,7.6
28.9,25,30,27.9,26.3,25.3,1005.6,81,90,34.8
26.1,24.9,27.7,24.1,25.1,24.7,1005.7,92,95,86.3
25.3,24.7,26.7,24,24.7,24.5,1005.7,95,100,97.2
28.3,25.1,29.5,23.7,26.3,25.5,1006.1,85,97,61
29.2,28.3,31,26.2,26.4,25.3,1008.4,80,85,0.1
29.4,27.7,32,26.2,26.7,25.6,1010.6,80,76,2.7
29.5,27.7,32.5,26.4,26.3,25,1010.2,77,67,0.2
28.9,26.5,31.1,25,26.1,24.9,1009.8,79,89,4.5
29.2,27.7,31.1,26.1,26.2,24.9,1009.9,78,87,5.5
29.1,27.5,30.8,25.6,25.9,24.6,1008.8,77,84,2.9
29.3,28.4,31.9,26.5,26.4,25.3,1008,79,85,1.8
29.8,28.3,32,26.9,26.3,24.9,1010.3,75,75,0
29.6,26.6,32.6,25.5,26.3,24.9,1012,76,77,0.5
30.1,28,33.6,26.9,26.4,24.9,1010.7,74,52,0
29.6,27.5,32.8,0,25.8,24.2,1008.1,74,63,0
29.6,27.4,32.6,26.7,26.1,24.6,1006.3,75,33,0
29.9,27.8,32.8,27.3,26.3,24.8,1007.4,75,34,0
29.5,27.6,32.1,27,26.1,24.7,1008,76,68,0
29.7,28.1,32.3,27.4,26,24.4,1006.2,74,57,0
29.9,27.1,32.4,25.6,26.2,24.7,1003.9,74,47,0.8
29.6,27.9,32,26,26.3,24.9,1004.1,76,79,10.4
27.9,24.4,29.5,25.5,25.6,24.6,1007.7,83,88,8.6
29.1,26.9,31.9,25.7,26.2,25.1,1010.1,79,79,0
29.6,27.3,32.1,26,26.5,25.2,1010,77,73,0.8
30,28.6,32.3,27.6,26.2,24.7,1008,74,74,0
29.5,26.8,31.7,25.3,26.3,25,1006.6,77,83,1.7
30.3,28.7,33.2,27.5,26.6,25.1,1006.1,74,70,0
29.1,28.1,31.2,27.6,26.6,25.5,1006.2,81,67,2.1
28.3,26.2,30.7,25.8,26.7,26.1,1006.3,88,82,33.4
29.7,28.1,32.2,27.3,27.1,26.1,1005.6,81,77,1.2
29,26.7,30.9,28.2,27,26.1,1003.8,85,88,33.6
28.1,25.8,31.3,25.1,26.2,25.5,1003,86,87,43.3
28,25.8,29.4,24.5,26.2,25.5,1003.4,86,88,16.7
29.3,27.5,31.8,26.6,26.8,25.8,1003.9,82,70,0
29.8,27,33.5,26,26.2,24.7,1001.3,75,29,0
30.6,27.8,34.3,27.9,26.7,25.2,995.8,73,65,0
27.7,26.1,28.8,25.9,25.7,24.8,995.6,84,93,25.1
28.8,26.4,30.6,24.7,26,24.9,999.2,80,87,21.7
28.4,25.6,30.8,24.5,26.5,25.7,1002.5,86,88,24
27.8,26.1,29.6,25.3,25.9,25.1,1003.6,86,87,4.6
29.2,26.6,31.9,26,25.9,24.4,1000.4,76,74,0
30.9,28.9,33.5,27.8,26.9,25.4,995.1,73,82,0
29.7,28.2,30.9,28.6,27.3,26.4,998.2,83,92,1.6
28.9,27.3,31.2,28,27,26.3,1003.5,86,83,16.2
27.8,26.2,29.5,26,26.6,26.1,1005.5,91,88,28
28.8,27.4,31.1,25.4,26,24.8,1003.3,79,71,0.4
29.6,27.4,32.3,26.5,25.6,24,1000,72,82,0
29.7,28.7,31,28,26.9,25.8,1002.6,80,87,0
29.7,28.2,31.7,27.5,26.4,25.1,1004.1,77,77,0
29.7,28.1,31.5,27.1,26.5,25.1,1003.9,77,80,0
29.1,27.5,31.4,27.6,26.4,25.4,1003.8,80,79,0
28.7,27.2,31.2,26.6,26,24.9,1003.5,80,70,0
29.2,27.1,31.8,26.5,25.8,24.3,1002.6,76,42,0
29.5,27.8,32.5,27,25.9,24.4,1003.2,75,42,0
27,25,29.6,24,25.3,24.6,1006.1,87,85,47.8
26.6,25,28.9,25.8,25.5,25.1,1008.5,92,93,73.7
26.2,25.1,27.5,24.5,25.1,24.6,1009.4,91,95,23
25.2,23.9,26.8,23.8,24.1,23.7,1009.3,92,96,21
25.4,22.6,27.1,22,24.4,24,1010.5,92,91,40.6
27.7,25.4,31.2,24.4,25.2,24.1,1011,81,47,0
29.1,26.1,32.2,24.9,25.7,24.2,1009.7,76,38,0
29.3,27.8,31.7,26.3,25.9,24.5,1010.1,76,58,0.4
29.1,26.7,31.6,25.5,26.5,25.5,1010.6,82,75,10.5
28.7,27.2,30,26.3,25.8,24.5,1009.7,78,84,0
28.9,27.4,31.2,26.6,26,24.9,1007.8,79,92,0
27.1,24.4,29.7,0,24.7,23.6,1009.9,81,81,14.7
27.7,26,30.6,25,24.7,23.4,1012.5,77,69,0
28.6,26.5,31.5,25.3,25.4,24,1011.6,76,25,0
29.1,27.1,31.9,25.8,25.8,24.4,1007.8,76,23,0
29.2,27.8,31.8,26.6,26.3,25.1,1006,79,60,0
28.8,26.8,31.1,26.9,25.3,23.8,1007.5,74,69,0.1
28.6,25.7,32,24.7,26.1,25,1009.5,81,83,30.3
29.1,26.9,32.2,25.5,26,24.6,1010,77,38,0
28.4,25.6,31.1,26.3,25.9,24.9,1009.7,82,38,14.8
28.4,25,30.3,26.4,26.4,25.6,1010.4,85,72,40.1
28.3,25.5,30.7,24.4,25.4,24.2,1010.9,78,73,1.6
28.3,25.9,30.6,24,25.2,23.8,1010.6,77,40,0.2
28.7,27.1,31.2,26,25.5,24.2,1008.7,77,46,0
29,27.6,31.6,26.4,25.6,24.1,1008,75,42,0
29.5,27.2,33,26.4,25.6,23.9,1004.5,73,72,4.6
28,24.8,30.1,23.6,25.8,24.9,1005.9,84,83,40.3
29.1,27.1,31.6,25.7,26.1,24.9,1008.1,79,70,0
29.5,27.9,31.9,26.7,26,24.5,1006,75,71,0
29.3,27.1,31.3,26.8,25.4,23.7,1004.7,72,77,8.8
27.1,24.9,29,24,25.5,24.9,1005,88,93,65.7
25.6,23.6,28.6,22.8,24.9,24.6,1005,94,94,227
26.6,24.1,27.8,22.1,25.4,24.8,1006.3,90,94,48.5
28.5,27.1,30.7,25.5,25.5,24.2,1005.9,78,76,0
28.2,26.8,30.3,25.6,25.3,24,1004.6,78,71,0
27.9,26.5,30.2,25.9,25.8,24.9,1003.8,84,82,4.1
27.5,26,29.3,25.6,26.1,25.6,1003.6,89,81,17
27.3,26,28.4,25.2,26.3,25.9,1005.6,92,81,43.1
25.8,24.7,27.6,25.1,25.3,25,1008.5,96,85,57.8
26.7,25,28.1,24.4,25.2,24.5,1009,88,82,12
26.8,25.8,28.3,25.2,24.6,23.6,1009.4,83,91,0
26.1,25,27,23.5,24,23,1011,83,92,1.6
25.6,24.2,27,23.7,24.2,23.6,1010.8,89,89,11.5
27.2,25.5,29.4,24.4,24.3,22.9,1010.1,78,78,0
27,24.8,30.3,24,24.3,23.1,1010.4,80,75,5.2
26.7,24.1,29.6,23,21.7,19.1,1008.7,64,6,0
26.9,24.1,29.8,22.1,21.7,18.9,1007.1,62,7,0
27.1,24.9,30.1,22.8,22,19.2,1008.7,62,39,0.1
26.6,25,28.8,22.5,23.1,21.5,1012.9,74,70,0
26.5,25.4,28.5,23.6,23.7,22.4,1013.4,78,63,1.2
27.6,25.6,30.2,24,24.4,23,1011.9,77,40,0
27.2,25.1,29,24.7,24.7,23.6,1012.1,81,52,8.6
27,25.2,28.8,24.1,24.2,22.9,1012.3,78,56,0
27.3,25.1,29.3,23.2,25.2,24.3,1012.3,84,71,4.1
28,26.4,30.3,24.9,25.6,24.6,1013.8,82,42,0
27,25.2,29.2,24.7,24.3,23.2,1014.8,80,64,1.9
25.2,23.9,26.6,23.2,22.1,20.5,1014.9,75,85,0
25.9,23.7,28.3,22.7,22.1,20.1,1014.6,71,57,0
26.4,24.1,28.3,22.7,22.8,20.9,1014.6,72,65,0
26.6,24.1,29.1,22.7,22.3,20,1013.8,67,60,0
26.3,23.8,29.3,22.3,21.7,19.3,1011.4,66,71,0
26.6,25.3,28.4,23.8,23.2,21.4,1010.3,74,85,0.6
26,23.9,28.4,21,22.5,20.6,1011.5,73,78,5
25.5,24.2,26.9,22.8,20.9,18.3,1013.8,65,74,0
25.9,24.6,27.7,23.2,21.8,19.6,1014.2,69,41,0
26.1,24.2,28.6,22.5,23.2,21.8,1013.1,77,28,0
25.9,24.2,28.3,22.8,22.4,20.6,1013.1,73,45,0
23.1,20.5,25.8,22.4,20.5,19,1013.6,79,90,22.2
23.5,20.8,25.7,19.9,21.2,20,1012.9,81,84,1.2
25.4,23,27.3,21.6,22.2,20.6,1013.3,75,52,0
25.9,24.7,27.7,23.5,22.5,20.8,1014.5,74,47,0
25.8,23.6,28.7,22,21.7,19.6,1014.4,69,20,0
26.1,23.5,28.6,21.8,21.3,18.5,1015.1,64,36,0
24.3,22.7,26.1,21.9,19.2,16.1,1017,60,76,0
23.5,21.2,25.5,19.9,19.7,17.5,1016.7,69,47,0
25,22.6,28.4,20.9,21.9,20.2,1016,75,31,0
25.7,24,27.5,22.6,22.4,20.7,1014.7,75,83,0
26.3,25,28.7,23.5,22.7,20.8,1012.9,72,74,0
26.7,24.3,29.4,22.8,23.4,21.8,1012,75,26,0
27.4,25.3,29.8,24,23.8,22.1,1010.7,74,61,0
26.5,25,28.8,23.4,22.4,20.3,1012.5,69,67,0.2
25,23.7,26.1,21.8,22.1,20.6,1015.4,76,84,0.7
25.4,24.1,27.3,23.1,22.4,20.9,1016,76,59,0
25.6,24.4,27.5,23.3,22.7,21.2,1014.8,77,42,0
25.8,24.5,27.6,23.3,22.4,20.7,1013.9,74,71,0
26.1,24.5,29.1,22.5,22.2,20.2,1013.7,71,28,0
25.8,23.9,28.7,22.2,22.5,20.8,1011.9,74,39,0
25,22.5,27.9,21.1,20.3,17.6,1008,64,43,0
24,21.4,26.8,20.3,19.7,17.1,1006.1,66,73,0
23.8,21.9,26.5,20.6,19.6,17.1,1007.3,66,85,0
22.8,20.2,24.9,19.4,20.3,18.8,1009.9,79,89,1.2
22.1,21.3,23.1,19.4,19.2,17.5,1014.9,75,91,0.2
22,19.8,23.7,19,18.4,16.2,1019.3,70,56,0
22.2,19.9,24.3,18.5,18.5,16.1,1020.3,69,75,0
20.9,18.7,22,17.9,18.4,16.9,1020.3,78,89,1.2
21.5,18.4,24.8,19.9,16.8,13.3,1020.8,60,63,0
17.6,16.3,19.2,15.5,12.8,8.3,1023.6,54,79,0
19.2,16.9,21.4,15.9,13.9,9.3,1023.1,53,83,0
20.6,18.7,22.8,18.1,15.6,11.7,1021.7,57,82,0
21.9,19.4,24.1,17.8,17.3,13.8,1018.8,61,46,0
22.1,20.7,24.2,20,18.5,16,1017.9,70,66,0
22.4,20,25.9,19,18.2,15.3,1017,66,39,0
22,20.8,24.4,19.3,18.5,16.3,1016.8,71,42,0
22,20.7,24.1,19.6,19,17.2,1016.6,75,57,0
23.2,21.5,26.2,20.6,19.8,17.9,1016,73,66,0
23.7,21.6,27.5,20,19.9,17.7,1015.6,70,63,0
21.6,20.6,23,20.2,18.7,16.9,1015.7,75,78,0
22.9,20.3,26.7,19.1,19.3,17.1,1015.9,71,60,0
19,16.6,21,15.8,14.3,10.2,1020.5,57,24,0
18.2,16.3,19.7,15.7,12.1,5.7,1022.8,44,58,0
17.3,16.7,18.6,16.6,13.2,9.6,1021,60,88,0
19.1,17.4,20.4,16.9,16.4,14.4,1018.3,75,90,0
21.1,19.7,22.2,18.7,19.1,17.9,1015.3,82,87,0
19.4,14.8,21.9,19.9,15.8,12.7,1016.6,66,64,0
15.4,13.5,17.9,13.6,9.6,2.3,1023.2,42,69,0
16.1,13.7,18,13.3,9.6,0.9,1024.3,37,50,0
17.3,16.1,18.5,14.6,12.3,7.2,1022.1,52,78,0
16.6,15.9,17.8,15.8,13.4,10.7,1021.1,68,94,0
16.8,15.1,18.4,15.2,12,7.2,1021,53,68,0
17.9,15.7,20.7,14.2,12.9,8.1,1021,54,35,0
18.9,17.4,20.9,15.9,15.8,13.5,1020.4,71,45,0
18.5,15.6,21.3,14.2,12.8,7.1,1019.4,49,1,0
18.6,16.9,20.7,14.8,14.6,11.1,1017.9,63,5,0
18.8,17.4,20,15.4,15.4,12.7,1017,68,45,0
20.4,18.7,22.7,17.4,17.2,14.9,1017.3,71,66,0
21.4,18.8,24.8,17,17.1,14,1018.4,64,43,0
18.5,16.5,20.1,15,14.8,11.7,1022,65,50,0
17.5,15.8,19.6,15.3,13.9,10.8,1023.8,65,81,0
17,14.1,19.1,13,13.5,10.5,1024.4,66,27,0
17.3,14.6,20.1,12.9,13.8,10.9,1022.7,67,6,0
18.1,15.6,20.8,13.5,14.2,10.9,1020.9,64,15,0
17.9,15.4,19.8,13.2,13.8,10,1021,61,21,0
17.7,15.5,20.2,13.3,14.6,12.1,1018.9,70,7,0
18.2,15.8,20.8,13.3,14.6,11.7,1017.3,67,52,0
19.1,16.9,21.9,15.6,16.4,14.5,1016.4,75,67,0
19,17.6,20.7,15.8,16.3,14.4,1018.6,75,39,0
19,17.5,20.9,15.7,15.5,12.8,1019.3,68,39,0
19,18,20.6,17.1,15.9,13.7,1018.5,71,85,0
19.2,17.2,22,15.5,16.7,14.9,1018.4,77,14,0
19.3,17.9,21.2,16.1,17.1,15.6,1018.5,79,26,0
19.8,17.6,22.7,15.6,17,15.1,1018.6,75,2,0
19.5,18.3,20.9,16.8,16.9,15,1018.9,75,52,0
17,16.1,18.3,16.1,15.7,14.8,1017.4,87,96,8.1
17.6,16.2,19,15.7,16.3,15.3,1018.2,87,83,1.6
16.8,14.6,18.6,14.5,13.2,9.9,1022,64,16,0
15.5,13.8,17,12.3,12.2,9.1,1024.5,66,15,0
15.6,14.2,17.3,12.8,12.5,9.7,1025.5,68,49,0
14,11.5,16.1,10.6,10.4,6.7,1026.7,62,21,0
13.1,11,15.3,10.1,9.3,5.1,1025.2,58,45,0
13.7,10.8,17.2,9.2,9.4,4.3,1023.7,54,3,0
14.8,11.2,18.3,8.9,9.6,3.3,1023.8,47,1,0
15.6,13.6,17.6,11.4,12.1,8.7,1022.4,64,58,0
16.8,15.3,18.1,13.9,13.5,10.6,1019.8,67,82,0
18.6,16.3,21.4,14.4,15.9,13.9,1018.7,74,88,0.7
17.8,16.6,19.2,15.7,15.5,13.8,1019,78,64,0
18.2,16.4,20.4,14.8,15.9,14.3,1018,79,42,0
18.6,17.4,20.4,15.9,16.4,14.9,1018.2,79,34,0
19.2,17.2,21.6,15.9,17.2,15.8,1017.5,81,54,0
18.4,17.4,20.1,17.1,16.3,14.8,1017.6,79,79,0
18.7,17.1,20.5,15.7,16.9,15.7,1016.1,83,43,0
19.6,18.1,21.4,16.6,17.6,16.3,1017.2,81,57,0
17,15.3,19.1,16.7,15.3,14,1017.5,82,99,3.3
15.9,12.8,19.4,14.6,15.4,15,1011.5,95,100,30.5
12,10.2,13.9,9.8,9.5,6.6,1015.5,70,75,0.4
11.5,10.2,12.6,10.2,9.1,6.5,1019.9,71,89,0
14.2,12.2,16.7,12,10.4,6.4,1020.9,60,36,0
15,12.4,18,10.6,10.2,4.8,1019.8,51,3,0
15.8,12.6,18.8,10.5,10.6,4.7,1018.6,49,1,0
17.3,14.5,19.7,12,13.2,9.4,1017.2,61,6,0
19.1,17.4,21.6,14.8,15,11.7,1014.3,62,58,0
20.6,18.2,23.9,15.4,18.3,16.9,1014.8,80,20,0
17.9,17.2,19.5,16.8,15.8,14.4,1015.7,80,96,0.6
17.8,17.1,18.8,16.2,17.2,16.7,1012.4,93,100,26.3
15.1,13.6,17.2,14.6,14.4,13.9,1014.4,92,99,33.9
15.8,14.1,17.8,13.4,14.3,13.2,1016.9,84,95,0
16.2,15.2,17.7,14.6,14.4,13,1017.8,82,95,0
14.7,13.4,16.2,13.1,14,13.4,1016.7,92,99,24.7
14.6,12.4,16.8,12.3,13.7,13,1013.6,91,96,10.8
14.3,12.3,16,12,13,11.8,1013,85,93,1.2
15.5,14.1,16.5,13.2,14.2,13.2,1014.4,86,86,0
15.8,15.1,16.4,15,14.3,13,1015.6,84,97,0
14.9,13.1,16.8,13.5,12.2,9.8,1019.1,72,84,0
14.1,12.9,15.2,12.3,12.9,11.8,1020.3,86,89,5.1
13.9,12.7,14.7,12.2,12.5,11.2,1020,84,95,3.1
14.4,13.4,14.9,13.6,12.2,10.2,1017.6,76,96,0
14.4,13.5,15.1,13.7,13.4,12.6,1015.5,89,99,4
13.4,12.1,14.5,12,11.7,10.2,1018.5,81,96,0.5
13.4,12.1,14.4,12.4,11.7,10.1,1019.8,81,97,0
13.7,10.9,16,10.5,11.5,9.5,1021.9,77,89,1.5
15,13,17.4,12.1,11.4,7.8,1023.1,63,35,0
16.1,14,18.7,12.4,11.5,6.7,1022.8,55,31,0
17.4,15,20.7,12.8,13.6,10.2,1022.8,64,11,0
16.9,15.8,19,14.5,13.1,9.7,1022.6,63,25,0
16.5,15,18.6,14.4,13.7,11.3,1021.7,72,44,0
18.3,16,21.1,14.9,15.4,13.1,1021.3,72,52,0
20.1,17.5,23.3,15.7,17.2,15.2,1019.8,74,80,0
21.5,19.8,24.6,18.4,18.8,17.2,1018.4,77,58,0
20.3,18.4,22.8,17.2,17.5,15.6,1018.6,75,59,0
20.2,17.8,24.1,16.5,17.9,16.5,1017.4,80,30,0
20.6,18.2,24.8,16.8,18.4,17.1,1015.6,81,34,0
18.2,15.7,21.1,16.4,15.5,13.4,1019.6,74,69,0
16.1,14.2,19,13,13,10.3,1023.3,69,51,0
17.1,14.5,20,12.8,13.9,11.1,1022.5,69,32,0
18.4,16.6,21,15.8,15.4,13.1,1020.4,72,42,0
20.4,17.9,23.8,15.8,17.8,16.1,1019,76,17,0
21.4,18.8,25.1,17.2,18.9,17.4,1019.4,79,26,0
21.7,19.8,25.2,17.9,19.5,18.1,1019,80,43,0
20,18.9,21.5,18.6,18.3,17.2,1018.9,84,76,0
22,20,25,18.4,19.8,18.5,1018.3,81,46,0
22.1,20.5,24.9,18.7,20.2,19.1,1017.1,84,63,0
21.9,20.5,23.9,19.4,20.7,20.1,1014.7,90,85,0
23,21.4,25.9,20.1,21.1,20,1013,84,63,0
23.4,21.5,26.2,20.2,21.4,20.3,1012.8,83,81,0
23.9,21.5,27.1,19.8,21.5,20.3,1013.8,81,32,0
21.3,20,22.9,20.3,20,19.3,1016,89,89,0.3
18.8,18,20.2,17.9,17.1,15.9,1018.7,83,99,0
19,18.3,19.8,18.1,17.1,15.8,1017,82,98,0
20.7,18.7,24,18.1,19,18,1012.6,85,91,7.8
18.6,16.4,20,18.4,16.7,15.3,1013.4,82,95,7.1
19.2,17.9,20.5,16.3,18.5,18.1,1011.6,93,100,1.8
19,17.4,21.1,18.8,18.3,17.8,1011,93,100,4.4
16.8,15.3,18,14.6,15.2,14.1,1016,84,97,2.7
17.2,16.4,18.7,16.1,14.2,11.6,1019.5,71,93,0.2
18.3,16.2,20.1,15.4,16.2,14.7,1018.9,80,92,0.2
21.3,18.9,25,17.6,19.1,17.7,1019.1,81,61,0
19.8,18.7,21.6,17.9,17.6,16.1,1018.6,80,84,0
18.9,18.2,20,17.8,17.9,17.2,1014.9,90,97,6.4
20.6,19.1,22.8,18.1,19.8,19.3,1014.7,93,80,3.9
21.6,19.6,24.7,18.2,19.6,18.4,1017.9,82,20,0
20.6,19.1,22.9,18.3,18.4,17,1017.9,80,69,0
19.9,18.8,21,18.6,18.3,17.2,1015.2,84,98,0
22.2,20.4,24.4,19.5,20.9,20.2,1012.6,88,81,0.1
23.1,21.7,25.3,20.5,22,21.4,1012.3,90,84,0
21.4,19.6,23,18.6,20.1,19.3,1013,88,87,9.4
21.7,20.2,24.3,19.4,20.2,19.3,1013.9,86,72,0.9
20.9,19.8,21.7,19.7,20.1,19.7,1013.6,93,96,3.6
20.4,19.4,21.7,18.9,19.2,18.6,1012.9,89,94,0.5
22.8,21,25.1,20.2,21.5,20.8,1012,89,90,0
23.4,22.2,24.6,21.6,22.5,22.1,1012.6,93,93,0
20.8,20,22.4,19.7,20.1,19.7,1015.8,93,98,50.2
22.2,19.9,26.1,19.2,20.2,19,1016.6,82,60,0
22.4,20.9,25.3,20.3,19.9,18.4,1014.8,78,60,0
22.3,21.5,23.6,20.9,21,20.3,1012.7,88,89,63.4
23.3,21.7,25.4,21.2,22.4,22,1012.5,92,89,1.5
25.8,23.6,28.9,22.4,23.4,22.2,1011.8,81,59,0
22.7,21.8,24.7,21.6,20.6,19.5,1014.1,82,89,0
22.3,21.1,23.8,20.6,20.2,19,1014.4,82,94,0
23.7,21.8,26.6,21.1,22.4,21.7,1013.8,89,91,1
23,21.9,24.8,22.5,22.1,21.6,1014.9,92,90,0
22.4,21.4,24.1,20.9,20.9,20.2,1014.2,87,93,0
24.3,22.6,26.5,22,22.9,22.2,1012.5,88,78,0
24.6,22.9,29,22.7,22.6,21.6,1013.9,84,80,0.9
22.9,21.8,24.8,21.5,19.9,18.1,1016.9,75,75,0
21.6,20.9,22.6,20.4,17,13.6,1017.6,61,94,0
21,19.3,22.8,19,17.6,15.4,1017.8,71,89,0
22,20.1,24.6,18.9,17,13.3,1017.1,59,79,0
23,21,25.4,20,18.3,15,1015.9,62,88,0
25,21.9,29.1,20.5,21.6,19.8,1013.5,74,68,0
26.1,24,29.7,23,23.6,22.4,1012.3,81,70,0
25.4,24.1,28.4,23.2,23.4,22.5,1012.3,84,82,1.7
25.6,23.6,28.8,23,23.3,22.2,1010.9,82,62,0.1
27,24.7,30.4,23.4,24,22.5,1010.6,77,47,0
26.8,25.5,28.3,24.2,24.6,23.6,1009.6,83,82,0
24.7,22.5,26.6,22,23.5,22.9,1009.3,90,93,37.9
24.5,22.9,25.9,22.1,23.2,22.6,1008.7,89,89,18.2
25.4,23.9,27.3,23.2,23.5,22.6,1008.2,85,89,16.7
24.6,23.3,26.2,22.9,23.4,22.8,1010.2,90,86,14.5
25.4,23.1,27.8,23.4,24.4,24,1010.3,92,95,56.6
23.9,22.2,27.1,22.5,23,22.5,1010.1,92,97,22.8
23,21.9,24.4,21.6,22.2,21.8,1009.6,93,96,45
26.6,23.6,29.8,23,24.5,23.7,1008.4,85,83,0
27.9,26.6,30.2,25.8,25.5,24.5,1008.6,82,84,0
28.2,26.7,30.7,26.2,25.6,24.4,1010,81,77,0
28.4,26.6,31.5,25.9,25.3,23.9,1010.1,77,64,0
28.8,27.1,31.6,26,25.5,24,1009.1,76,61,0
28.9,25,31.8,26.9,25.7,24.3,1007.8,77,77,11.8
26.8,24.2,28.2,23.6,24.8,23.9,1007.9,84,85,17.3
28.2,24.9,30.4,24.4,26,25.1,1007,83,81,26.3
28.4,25.2,31.4,27,26.1,25.1,1005.8,83,82,19.8
26.5,25,28.8,23.6,24,22.8,1007.2,80,89,0.5
24.7,22.6,26.3,25.2,22.9,22.1,1008.2,85,95,8.7
23.4,22.6,24.1,21.8,22.2,21.6,1009,90,98,2.6
23.1,22.4,24,21.7,21.4,20.5,1009.7,85,94,0.3
23.3,21.3,25.9,20.6,20.9,19.6,1009.7,80,85,0.8
25.5,23.4,28.8,22,19.8,16.2,1008.9,57,57,0
25.6,23,29.5,21.4,20.5,17.5,1008.2,62,7,0
26,23.7,29.2,22.3,22.7,21,1007.2,74,5,0
26.3,24.4,28.9,23.4,23.5,22.2,1005.9,78,37,0
26.3,24.7,28.5,24.5,23.8,22.6,1006,80,86,0
26.5,25,28.9,24.6,24.1,23.1,1007.7,82,82,0.9
27.6,25.5,30.9,24.6,24.9,23.7,1007.9,80,46,0
27.7,26.3,30,25.2,25.5,24.6,1006.4,84,72,0
28.8,27,32.1,26.1,26,24.8,1005.4,79,74,0
28,24.7,30.4,24.1,26.3,25.6,1006.7,87,86,129.6
27.5,24.2,30.5,23.3,25.8,25.1,1007.7,87,86,104.2
29.3,27.9,31.1,26.6,26.7,25.6,1006.6,81,84,0.9
29.3,28,30.6,26.3,26.6,25.5,1006.8,80,85,0.6
29.5,28.6,30.9,26.6,26.5,25.3,1008.6,78,85,0
29.6,28.3,31.9,26.4,26.4,25.2,1009.1,77,83,0.1
29.5,28.5,31.5,26.9,26.6,25.3,1007.1,78,86,0.1
28.3,24.7,31,26.9,25.8,24.8,1006.3,82,86,4.4
26.5,25,27.7,23.9,24.2,23.1,1007.6,82,91,0.5
27.3,26,28.9,25.1,25.2,24.3,1009.3,84,82,0
25.3,24.2,27.2,23.6,24.7,24.4,1008.4,94,93,145.1
25.5,24.1,27.7,23.6,24.5,24,1007.1,92,92,32.5
24.6,23.5,25.8,22.8,23.4,22.9,1009.8,91,92,2.9
23.8,23.2,24.7,22.8,23.5,23.3,1010,97,99,118.8
23.6,22.7,24.6,22.4,22.7,22.3,1010,93,95,45.2
24.1,22.3,25.2,21.6,22.8,22.2,1008.7,89,90,9.1
25.8,24.7,28.6,23.4,24,23.1,1006.6,85,84,0
27.4,25.7,30.1,25,25.5,24.7,1006.7,85,71,0
27.6,26.1,30.2,25.5,25.7,24.9,1006.6,85,72,1
26.6,25.5,28.1,24.8,25.5,25.1,1005.6,92,92,23.1
28.2,25.5,31.4,24.5,26,25,1003.5,83,86,16
28,25.3,30.4,24.5,25.7,24.7,1002.1,83,87,43.6
28.5,25.5,31.9,25,26.2,25.2,1002.1,83,85,14.9
27.4,25.2,29,26.6,25.9,25.3,1002.6,89,81,57.5
27.9,26.4,30.2,25.6,25.5,24.4,1001.9,82,70,0
28,26.8,31.3,25.8,25.9,24.9,1001.5,84,75,1.1
28.2,25.8,31.5,24.9,26.3,25.5,1001.9,86,78,4.8
27.9,26.7,29.6,25.7,26.3,25.6,1002.7,88,85,27.6
26.5,24.7,29.1,24.3,25.6,25.3,1004.7,94,96,122.6
26.8,25.1,28.7,24.8,25.8,25.4,1005.4,93,100,115.5
25.2,22.6,27.2,23.4,24.5,24.2,1006.5,94,99,83.3
27.2,22.7,29,22.4,25.7,25.1,1006.4,89,97,23.4
28.7,27.8,29.5,26.6,26.3,25.3,1006.6,82,90,0
27,24.9,29.8,26.5,25.4,24.7,1005.3,87,93,15.1
28.8,26.2,30.3,25.5,26.4,25.5,1004.6,83,89,0
28.6,25.3,29.5,27.1,26.3,25.4,1004.3,83,92,13.3
28.9,27.3,30,26.6,26.3,25.3,1003.9,81,92,3.4
27.6,25.5,29.8,24.7,25.7,24.9,1005.4,86,92,52.7
28.5,25.6,30.1,24.6,26.1,25.2,1007.5,82,86,10.1
29.4,26.9,32.4,26.1,26.6,25.5,1008.4,80,76,1
29.3,28,31.2,27.1,26.9,25.9,1008.8,82,78,0
28.5,26.5,31.7,26.1,26.4,25.6,1008.5,84,83,9.4
27.2,25.2,29.7,25.3,26,25.6,1006.6,91,86,97.3
27,25.6,28.8,25,25.8,25.3,1004.8,91,83,23.6
26.5,25.3,27.7,24.9,25.3,24.8,1005.8,90,93,81.9
26.8,24.7,27.8,24,25.4,24.8,1008.8,89,90,26.4
25.7,25,27.4,25.2,25.2,25,1009,96,95,63.2
26.8,25.1,29.5,24.3,25.4,24.9,1008.5,89,88,0.3
28.3,26.3,31,25.5,26.3,25.5,1008.7,85,70,0
28.8,27,31.7,26,25.9,24.7,1009,79,51,0
28.5,26.2,31.8,25.4,25.1,23.7,1008.1,76,60,0
28.5,26.5,30.9,25.9,25.3,23.9,1007.5,77,73,0
28.4,27,29.8,26,25.7,24.6,1007.1,80,79,0
29.2,27.1,31.9,26.7,26.2,25,1007,79,46,0
29.5,27.3,32.4,26.8,26.2,24.8,1007.1,76,26,0
29.8,27.9,33,26.9,26,24.3,1007.5,73,27,0
29.5,28.3,31.8,27.3,26.5,25.3,1006.5,78,57,0
30.2,28.1,33.2,27.2,26.8,25.4,1004.7,76,59,0
29.6,27.6,31.2,26.8,26.8,25.6,1002.1,80,84,3.5
27.8,25.5,29.7,27.8,25.8,25,999.4,85,88,39.5
26.3,24.6,27.4,24.8,25.3,24.8,989.1,92,97,148.4
27.2,25.4,28.8,24,25.5,24.8,1000,87,97,50.2
28.8,27.7,30.7,26.8,26.5,25.6,1004.1,83,88,1.3
29.6,28,32,26.6,26.7,25.6,1003.5,79,78,0
29.9,27,32.9,25.8,27,25.8,1002.6,79,79,0.7
27.9,24.8,30.7,27.3,26.2,25.6,1002.4,87,91,36.4
26.6,23.8,28.6,23.2,25.2,24.6,1004.3,89,89,32.3
29.1,27.5,30.2,26.4,26.9,26,1005.5,84,89,0
29.1,27.3,30.5,26,26.8,25.9,1006.6,83,93,8.3
28.9,25.6,31.4,25.1,26.5,25.6,1007.1,83,91,37.6
28.1,25.2,29.9,24.4,26.2,25.5,1006.6,86,95,77.2
27.2,25.7,28.5,25.3,25.8,25.2,1007.2,89,92,23.1
27.7,25.6,29.6,25,26.4,25.9,1006.7,90,82,18.2
29,26.9,32.2,26,26.4,25.3,1006,81,69,0
27.8,26.2,30.9,26.5,26,25.3,1004.7,87,71,4.9
28.6,26.5,31.4,25.3,25.6,24.3,1001.5,78,67,0
29.9,26.9,33.2,25.9,24.9,22.6,997.5,66,30,0
30.1,27.9,32.4,26.4,25.2,23,998.3,66,24,0
29.5,26.2,32.8,27,26,24.5,1001.8,75,58,2.2
27.3,25.6,29.3,26,25.1,24.2,1001,83,90,38.7
26.4,24.4,27.6,25,25.4,25,1002.6,92,98,199.7
27.8,26.4,29.9,25,26.2,25.5,1005.1,88,86,3.7
26.7,24.8,28.9,24.6,25.7,25.3,1006.2,93,90,57
27.5,25.6,30.9,25.1,26,25.4,1006.1,89,79,27.6
27.6,25.8,30.2,25.3,25.7,24.9,1006.7,85,78,5.9
27.8,24.9,30.2,24.4,25.5,24.5,1006.8,83,74,16.1
29.1,26.8,32,25.9,26,24.7,1004.6,78,36,0
30.3,27.5,33,26.8,26.6,25.1,1001.5,74,23,0
30.5,29.3,33.1,28.2,27.2,25.9,1004.1,77,74,0
29.7,28.5,32.1,28.1,26.6,25.4,1007.2,78,81,0
29.7,28.4,31.5,27.3,26.4,25.1,1007,76,83,0
29,28.1,30.4,26.3,26.2,25,1006.6,79,79,0.1
27.7,25.1,29.3,26.7,25.6,24.7,1007.2,84,86,5
27.3,25.7,29.1,24.3,24.6,23.4,1007.1,79,88,0.9
28.3,25.8,30.9,24.7,24.2,22.3,1006.9,71,38,0
28.9,27.2,31.4,26.2,25.6,24.2,1008,76,48,0
25.6,24.4,28,24.3,24.9,24.6,1009.4,94,91,96.3
26.5,24.6,28.8,23.8,24.8,24,1011.8,87,88,23.4
27.8,25.6,30.6,24.5,25.2,24,1012.8,81,74,0
28.2,26.4,30.9,25.2,25.4,24.2,1012.8,79,66,0
28.4,26.2,31.3,25.1,25.2,23.9,1011.6,77,45,0
28.5,26.3,31.5,25.1,25.5,24.3,1010.6,79,30,0
28.7,26.9,30.9,25.4,25.7,24.4,1010.9,78,33,0
27.4,24.2,30.1,23.3,24.5,23.2,1010.3,78,66,19.3
27.7,26.4,30.1,23.7,24.9,23.7,1010,79,66,0.2
27.3,24.4,29.6,25.1,24.6,23.4,1012,80,77,10.7
27.1,24.9,29.5,23.4,24.2,22.8,1013.8,78,57,0
26.7,24.5,28.9,23.8,24.6,23.6,1013.9,83,84,6.1
26.5,24.7,28.5,23.8,24.3,23.3,1013.7,83,85,17.4
26.7,24.5,28.2,23.8,24.4,23.3,1013.3,82,85,3.1
21.6,19.3,24.6,20.7,19.7,18.6,1015.2,83,96,3.3
23.7,21.1,25.8,18.9,20.7,19,1016.1,75,92,0
25.6,24.6,26.5,23.6,22.3,20.6,1016.2,74,91,0
26,24.9,27.4,24.4,22.5,20.7,1015.4,73,76,0
26.5,24.2,29.2,22.7,23.1,21.5,1014.6,75,56,0
25.4,23.8,27.7,22.6,21.2,18.9,1014.9,67,79,0
24,22.3,26.5,20.9,18.8,15.5,1015.3,59,77,0
21.5,19.8,23.1,21.4,18.8,17.2,1015.8,77,96,1.1
21.1,19.7,22.4,19.3,20.4,20,1014.9,93,96,20.7
22.8,21.8,23.7,21.5,22.3,22.1,1014,96,99,25.3
25.1,23.2,27.6,22.7,23.4,22.6,1013.9,86,72,0
26.3,25,28.5,23.8,24.1,23.1,1014,83,68,0
25.9,24.7,26.8,23.3,24.2,23.4,1015.2,87,93,0.9
27.2,25.7,29.4,24.2,25.3,24.6,1015.2,86,57,0
27.1,25.7,29.3,24.4,24.9,23.9,1016.2,83,66,0
26.1,24,28.4,23.5,24.1,23.2,1017.3,85,67,4.4
26.7,25.5,28.7,24.1,24,22.8,1017.8,80,55,0
26.2,25.4,27.3,23.9,23.6,22.4,1018.6,80,86,0.4
25.8,24.7,27.6,22.8,22.7,21.1,1016.9,76,56,0
26.8,24.9,29.1,23.4,24.4,23.3,1014.5,81,40,0
27,25.9,28.6,24.3,25.2,24.4,1014.8,86,68,0
26.1,24.6,27,25.1,24.9,24.3,1016,90,72,46.4
26.4,25.1,28.4,23.6,24.1,23.1,1015.4,83,65,0
26.5,25,28.2,23.4,24.1,23,1014,81,51,0
27,25.3,29.4,23.5,24.5,23.4,1013.7,81,36,0
27.2,25.7,29.7,24.3,24.7,23.5,1015.2,81,51,0
26.7,24.6,28.6,24.1,24.7,23.9,1016.3,85,82,54.6
25.8,23.9,27.3,23,24.1,23.3,1015.5,86,90,5
26.5,25.2,28.9,24.1,23.8,22.5,1013.9,79,69,0
27,24.9,29.3,23.4,24.3,23.1,1012,79,54,0
27.9,26,30.4,24.6,25,23.8,1010.1,79,39,0
27.8,26.2,30,24.3,25.4,24.4,1010.1,82,28,0
27.2,25.9,28.4,24.6,25.2,24.4,1012.6,85,60,1.1
26.7,25.4,28.7,23.6,24.1,22.9,1016.3,80,33,0
26.1,25.3,27.7,23.5,23,21.4,1017.7,75,37,0
25.8,24.1,28.1,22.5,22.6,21,1018.2,75,67,0
23.1,21.1,25.4,21.3,19.1,16.7,1020.1,67,75,0
21,19.5,22.8,18.9,17.6,15.3,1021.1,70,79,0
22.8,19.8,25.8,19,18.3,15.4,1020.7,63,38,0
23.2,20.9,25.5,19.2,17.2,12.8,1020.6,53,23,0
22,20.1,24.1,18.1,15.4,9.8,1021.7,46,16,0
20.9,18.2,23,16.6,14.9,9.9,1023.4,49,23,0
21.7,18.8,24.4,16.6,17.1,13.9,1021.9,61,56,0
23.2,21,25.8,19.3,19,16.2,1020.6,66,76,0
23.4,20.9,25.8,18.3,16.2,10.2,1021.3,45,15,0
21.6,19.3,23.8,16.8,13.7,6,1021.9,36,10,0
20.8,18.6,24.4,15.7,15.4,11.1,1022.5,54,15,0
21.8,19.6,24.2,17.2,17.4,14.3,1022.5,63,46,0
22.6,21.3,24.2,18.6,18.7,16.3,1021,68,50,0
22.8,21.2,24.1,19,19.5,17.6,1020.9,73,80,0
23.3,21.8,25.1,19.9,20.4,18.7,1020.5,76,49,0
24,22.5,25.9,20.6,21.1,19.6,1018.6,77,51,0
24.9,23.5,27.2,21.5,21.1,18.9,1016.9,70,47,0
25.6,22.7,28.6,20.2,20.7,17.8,1014.8,63,13,0
25.4,23.4,28,20.5,22.1,20.4,1014.1,74,20,0
25.6,23.8,28.6,21.4,23.3,22.3,1013,82,55,0
24.6,19.9,27.8,21.8,22.2,21,1013.5,81,73,3.2
18.5,16.5,20.5,16.4,13.6,9.1,1018.1,55,53,0
18.5,15.8,20.4,14.3,14,10.2,1020.1,59,45,0
20.1,18.4,21.8,16.2,16.4,13.6,1020.5,67,39,0
22.2,20.5,24.4,18.1,19.6,18.1,1019.2,77,62,0
23.8,21.7,26.8,19.5,21.6,20.5,1017.2,82,48,0
24.4,22.3,26.9,20,22.1,20.9,1015.4,82,24,0
23,22.1,24,21.6,21.4,20.5,1014.4,86,94,2.8
23.4,21.9,24.9,20.7,22,21.3,1012,88,92,0.9
26,24.5,27.2,22.5,23.6,22.5,1010.7,81,85,0.2
26.3,25.2,28.1,23.8,24.2,23.2,1013.6,83,81,0
25.9,24.6,27.4,23.8,23.6,22.4,1015.3,81,76,0
24.9,23.9,26.5,22.5,23.3,22.6,1015.6,88,53,0
23.3,21.5,25.3,21.9,21.1,19.9,1016.9,82,70,0
21.8,20.6,22.7,19.8,19.2,17.6,1019.2,77,94,0
22.2,17.8,25.2,19.5,19.1,17.3,1020.3,74,63,0
16.4,15.3,17.9,15.5,12.9,9.7,1024.5,65,89,0
16.4,15.3,17.9,15.1,13.3,10.7,1024.9,69,90,0
18.4,15.5,21.1,14.5,15.7,13.6,1023.3,74,69,0
21,19.8,22,17.5,18.8,17.5,1021.1,80,90,0
22.9,21.7,24.9,20.8,20.9,19.9,1017.6,83,89,0
21.6,17.2,24,20.8,19,17.2,1015.5,77,84,0
15.9,13.2,18.4,13.8,11.4,6.7,1021.6,55,61,0
14.6,12.4,17.3,11.7,10.3,5.5,1024.5,55,45,0
14.8,12.7,17,11.2,10.7,6.4,1024.5,57,59,0
14.9,13.4,16.8,13.1,10.6,5.9,1023.9,55,79,0
15.3,14,16.3,12.8,12,8.9,1023.3,66,77,0
15.5,13.8,17.3,12.8,12.1,8.9,1022.9,65,66,0
17.9,15.7,19.9,13.5,15.9,14.4,1021.7,80,51,0
19.4,17,21.8,14.5,16.9,15.2,1021.2,77,7,0
20.4,18.4,22.5,16.1,18.2,16.9,1019.6,81,20,0
21.8,19,24.8,16.6,19,17.2,1017.4,76,15,0
21.3,20.5,22.6,17.5,19.1,17.7,1016.7,80,51,0
21.5,20.3,23.6,18.6,19.7,18.7,1015.9,84,51,0
22.2,20.3,24.6,18.1,20.3,19.2,1015.8,84,46,0
21,20.6,22.2,20,20.2,19.7,1016.2,92,99,0.7
18.9,16.7,20.7,18.9,17.7,16.9,1018.6,88,99,4
16.2,14.6,18.9,13.7,13.7,11.5,1020.4,74,83,1.8
16,13.7,17.7,12.6,13.5,11.4,1020,74,84,0
18.6,17.2,20.1,16.1,16.3,14.7,1020.1,78,66,0
19.4,18.4,20.8,17.5,17.1,15.5,1020.9,79,86,0
19.6,18.5,21,16.6,17.4,15.9,1021.7,79,77,0
19.7,19,21.2,18.1,17.7,16.4,1021.2,82,60,0
20.4,18.5,22.6,16.5,18.2,16.8,1018.8,80,46,0
21.6,19.3,24.9,16.9,19.2,17.9,1017.9,80,19,0
20.3,19.7,21.4,18.6,18.5,17.4,1018.3,83,71,0
21.5,19.6,24.9,17.8,19,17.5,1016.8,79,36,0
20.3,19.2,21.9,17.2,18.2,16.8,1018.8,80,60,0
20.6,19.5,21.8,18.4,18.6,17.3,1018.7,82,80,0
21.2,17.7,25.2,17.7,18.7,17.2,1019.8,78,38,0
17,15.2,18.7,14.9,13.9,11.3,1023.7,69,70,0
18.2,16.9,19.3,15.2,15.8,14,1023.1,77,79,0
19.1,17.9,20.5,16.3,17.2,15.9,1019.2,81,86,0
21.7,19.1,25.9,16.9,20.2,19.3,1015.4,87,55,0
20.7,19.7,22.3,19.1,19.6,19,1014.8,90,89,0.1
21.2,19.8,23,18.9,20.1,19.4,1014.5,90,73,0
21.2,19.2,24.5,17.9,19.3,18.1,1015,83,40,0
18.5,16.4,19.7,15.3,16.3,14.7,1016.3,78,79,0.2
19.6,17.8,21.1,17,18.5,17.8,1013.9,90,94,1.7
21,17.6,24.5,19,19.8,19.1,1008.6,89,89,31.8
14.6,13,17.9,12.7,12.8,11.1,1011,80,59,13.2
15.9,13.6,18,12.2,14.5,13.4,1010.7,85,94,1.2
16,13,18,15,14.1,12.6,1012.6,80,73,0
12.7,10.2,15.6,0,9.8,6.6,1018.9,67,19,0
12.1,10.9,13.2,10.2,10.1,8,1023,76,95,0
13.3,12.1,14.7,12.2,12.1,11,1022,86,100,0
14.1,11.9,15.8,12.2,13.3,12.6,1021.2,91,99,0
17.4,15.8,18.7,14.8,16.7,16.3,1017.1,93,99,0
14.2,12,18.7,12.6,12.3,10.4,1018.1,78,93,0.6
10.8,9.7,13.8,9.7,9.1,7.2,1025.4,79,99,0.1
11.4,10.4,12.3,9.5,9,6.3,1026.4,71,100,0
12.6,10.5,14.7,10.5,11,9.5,1023.5,81,100,0
15,13.9,15.9,13.6,14.2,13.5,1022.2,91,100,0
14.8,13,17.8,12.6,11.8,8.7,1027,68,69,0
13.4,12.2,14.4,10.9,10.1,6.5,1028.9,63,91,0
15.4,13.9,17,13.5,13,10.9,1024.9,75,66,0
16.7,14.7,18.4,13.2,15.2,14.1,1022.7,85,67,0
18,16.4,20.6,15.4,16.5,15.5,1021.9,86,68,0
17.5,15.9,19.1,15.4,16.1,15.1,1021.1,86,86,0
18.8,17.5,20.6,16.7,17.8,17.1,1019.1,90,90,0
13.4,10.3,19.1,12.8,11.9,10.6,1023.6,84,100,2.7
9.8,8.9,10.9,9.3,8.7,7.6,1025,86,100,6.5
10.1,8.9,11.2,8.4,8.8,7.4,1022.5,84,100,3.5
12.8,9.4,15.8,8.9,9.9,6.9,1021,68,61,0.2
14.9,12.6,17.2,10.4,11.6,8.4,1021.7,65,53,0
16.5,14.9,18.5,14.5,13.7,11.3,1020,71,71,0
18.6,16.5,21.4,15,15.3,12.8,1019.5,69,77,0
17.8,16.2,19.7,15.2,15,12.7,1019.1,73,88,0
20.4,18,24.6,16.7,18.3,17,1017.9,81,51,0
21.5,20.4,23.3,18.2,20.3,19.7,1017.1,90,86,0.6
20.7,18.9,23.2,19.4,19.6,18.9,1015.7,89,83,4.3
18.6,16.8,19.8,17.2,17.3,16.4,1015.8,87,86,6.8
19.9,16.8,23,16.5,19.4,19.1,1012.6,95,96,0.2
22,17.6,25.5,20.6,21.4,21.1,1012,95,94,58.4
18,17.4,19.1,16.9,17.5,17.1,1013.1,95,94,33
23.9,19.1,26,17.6,22.7,22.1,1011,90,86,0
23.6,19.6,25.4,22.4,22.7,22.3,1012,93,92,3.8
18.4,15.4,19.9,18,16,14.2,1016.6,77,91,0.3
15.3,13.5,16.1,13.6,12.9,10.9,1020.4,76,96,4.4
15.3,13.8,16.5,12.6,14.2,13.4,1017,89,99,0
15.5,13.7,16.9,13.5,13.8,12.3,1016.5,82,96,6.1
15.9,14.1,18.4,14,13.2,10.7,1018.2,72,80,0
15.1,14,16.7,14.2,14.1,13.2,1017.7,88,96,8.7
14.9,13.9,16.8,13.6,14,13.2,1018.4,90,96,9.9
14.5,13.7,15.5,13.5,13.3,12.2,1020.7,86,99,4.3
15.2,14.1,15.8,12.4,12.3,9.5,1021.3,69,97,0
15.7,14.8,17.2,14.5,12.7,10,1020.4,69,93,0
17.3,15.9,19.2,15.8,15.6,14.3,1018.7,83,93,0
18.2,17.2,20.9,16.9,17.1,16.4,1015.7,90,77,14.6
18.8,17.1,21.3,15.5,16.7,15.3,1016.8,81,66,0
17.6,16.4,18.7,16.3,16,14.9,1015.5,84,90,0
18.8,17.8,20.3,17.4,18.4,18.1,1012.7,95,99,0
19.1,18.3,21.3,18.2,18.7,18.5,1010.8,96,98,0
24.4,21.1,26,18.7,22.9,22.2,1006.5,88,90,13.8
17.1,13,23.3,17.2,15.6,14.4,1010.7,84,97,10.6
14.4,12.6,16.2,12,12.7,11.2,1015,82,100,4
14.6,12.4,16.4,11.9,12.7,10.9,1015.9,79,93,2.1
16.8,14.1,20.2,12.3,13.8,11.3,1014.9,71,23,0
17.9,17.4,18.6,15.3,16.4,15.4,1012.8,85,97,0.3
17.9,16.4,19.3,16.6,16.7,16,1014.8,89,99,9.4
18.1,17,19.8,16.6,17.1,16.5,1015.6,90,94,0
18.4,17.5,19.8,17.7,17.9,17.6,1016.5,95,100,0
18,17.1,18.8,17.1,16.8,15.9,1016.4,88,99,0
22.4,18.6,26.2,18.4,21.4,21,1013.4,92,90,0
23.9,20.8,27.6,21.4,22.7,22.1,1012.6,90,86,0
17.5,14.2,20.8,17.8,16.5,15.8,1017,89,99,0
14.9,13.2,16.3,13.4,13.4,12.2,1021.5,84,100,0
17.8,15.5,20.8,14.8,16.2,15.1,1021.3,84,92,0
19.1,16.8,22,15.6,17.5,16.5,1019.2,85,69,0
20.4,18.8,22.8,18.1,19,18.3,1018,88,95,0.4
20.5,19.2,22.3,19.2,19.7,19.2,1018.8,92,98,0.1
23.3,20.8,26.8,19.9,21.9,21.1,1018.4,88,75,0
23.3,21.7,26.2,20.3,22.1,21.5,1018.4,90,78,0
22.7,20.8,25.6,20.7,21.3,20.5,1019.9,88,79,0
22.7,20.7,26.3,20.3,20.9,19.9,1019.5,85,47,0
23.7,21.3,27.2,20.3,21.8,20.8,1016.3,85,57,0
24.2,21.9,27.5,20.7,22.1,21.1,1014.4,83,76,0
23,20.7,26.4,21.6,20.3,18.7,1018.3,77,85,0
20.6,19.3,22.8,19.1,17.9,16.2,1019.9,76,86,0
22,20,24.5,19.8,19.3,17.7,1019.4,77,82,0
24.2,21.3,27.8,20.5,22.3,21.4,1018.6,84,66,0
24.6,22.9,27.2,21.9,22.2,21,1016.8,81,60,0
24.5,22.3,27.7,20.6,22.4,21.4,1013.9,83,59,0
25.1,23.2,28.1,21.8,23.1,22.2,1012,84,79,0
26.2,24.1,28.4,22.9,24,23,1010.6,83,77,0
26.3,24.6,29,23.2,24.5,23.6,1012.9,85,57,0
26.2,24.6,28.5,23.2,24.3,23.5,1011.8,85,76,0
23.5,21.1,26.5,20.5,22.5,22,1008.5,91,92,36.7
24.5,23.3,27.2,22.1,23,22.3,1008.1,88,79,0.1
23.8,22.5,26.3,21.9,22,21,1011.3,85,84,9.9
23.8,22.3,25.9,21.2,20.4,18.4,1013.9,73,78,0
23.9,21.7,27,20.3,20.2,18.1,1013,70,42,0
26,22.1,30.8,20.2,19.5,15.2,1013.2,54,39,0
26.3,24.2,29.8,21.8,20.5,17,1014.5,57,69,0
24.3,22.4,26.4,22,22,20.8,1013.8,81,89,2
23,20.7,25.4,19,20.8,19.6,1014.6,81,90,1
24.4,22.7,27,21.9,23.2,22.6,1014.5,90,92,1.6
26.7,24.3,29.2,23.6,24.6,23.7,1011.5,84,82,0
27.8,26.6,29.4,25.6,25.2,24,1009.5,80,87,0
28,26.8,29,26.5,25.6,24.6,1009.6,82,88,3.8
26.7,24.9,28.1,24.6,25.3,24.7,1011.2,89,90,32.6
26.2,22.6,28.8,24.8,24.6,23.9,1010.5,87,90,76.4
23.2,22.1,24.1,21.1,22.7,22.5,1011.4,95,91,66.9
24.9,23.1,26.9,22,23,22,1010.9,85,85,0.3
25.3,23.8,27.9,22.8,23.5,22.7,1010.8,85,87,0.4
25.4,24.6,27.4,22.9,24.1,23.6,1011,89,88,5.4
27.6,25.7,29.9,24.8,25.3,24.3,1010.5,83,73,0
26.4,21.9,28.7,25.6,24.6,23.7,1011.1,86,90,69.2
24.6,22.1,25.9,21.1,22.8,21.9,1011.3,85,84,4.5
25.2,23.9,27.3,22.9,23.5,22.7,1010.3,86,78,2.8
26.1,24.8,28.5,23.7,24.2,23.4,1011.8,85,67,0
26.7,24.7,29.9,23.8,24.5,23.6,1013.6,83,52,0
27.5,25.4,31,24.6,25,23.9,1014.2,82,36,0
28.1,26.3,31.3,25.5,25.8,24.8,1013,83,49,0
27.7,26.8,30.2,26.2,25.7,24.9,1011,85,84,0.9
27.6,25.8,30.1,25.2,26.2,25.7,1010,89,79,20.5
28.6,26.9,32.2,26.1,25.7,24.5,1010.1,79,75,0
28.5,26.7,31.1,25.9,25.9,24.8,1010.7,81,65,0
28.8,27.1,31.6,26.3,26.1,25,1010.6,81,59,0
28.8,27.3,31.3,26.3,25.7,24.4,1008.7,78,61,0
26.7,24.3,29,23.8,25,24.2,1007.4,86,78,37.6
27.7,25.4,30.8,24.5,24.9,23.7,1008.9,80,55,0
26.5,25.2,27.6,25.9,25.3,24.9,1009.8,91,88,37.3
27.6,26.2,29.9,25.4,25.9,25.2,1011,87,86,0.3
26.7,25.2,27.9,26,25.7,25.2,1010.3,91,92,10.8
27,25.4,28.9,24.3,25.4,24.7,1009.8,87,90,1.2
26.5,25.5,28.2,25,25.4,25,1009.2,91,91,7.9
26.9,25.3,28.4,24.3,25.1,24.4,1007.6,86,88,0
27.4,26.5,28.7,25.3,25.8,25.2,1006.4,88,86,2.7
25.2,22.4,27.4,25.7,24.3,23.8,1005.5,92,94,78.1
22.6,21.2,24.8,20.3,19.7,18,1006.7,76,88,0
24.1,21.4,26.4,20.8,21.2,19.7,1008.5,76,88,0
25.8,24.6,27.9,23.6,23.4,22.3,1009,81,79,0
27.1,24.5,30.3,23.4,23.9,22.3,1007.1,76,31,0
28.1,26.5,31.1,25.8,25.1,23.7,1005.7,78,73,1.6
26,24.2,27.3,24.9,24.8,24.2,1007.7,90,95,23
25.4,24.3,26.5,23.6,24.7,24.3,1008.9,94,99,36.8
28,26.2,30.5,20.4,26.4,25.8,1005.6,88,89,6.5
28.9,26.9,29.9,26.1,26.4,25.4,1003.5,82,84,14
28.4,27.3,29.8,26.4,26.8,26.2,1004.9,88,88,0.2
26.8,25.2,28.1,25.1,26,25.6,1006,94,90,58.8
26.3,24.3,28.5,24.5,25.2,24.7,1007.1,91,94,22
23.5,22.5,24.6,21.4,21.7,20.7,1008.8,84,94,4.8
23.6,21.8,25.1,20.3,22.2,21.4,1007.7,87,95,1
25.1,23.2,28.4,22.5,24.4,24.1,1005.7,94,93,32.6
25.9,23.4,28.9,24.2,25.2,24.9,1005,94,95,411.3
26.8,24.8,28.9,24.9,25.7,25.2,1007.8,91,90,28.6
27.1,25.1,29.1,24.4,25.9,25.4,1008.5,91,92,60.7
29.4,28.2,31.4,27.1,26.5,25.4,1007.8,79,84,0
29.6,28.5,31.9,27.4,26.3,25,1008,76,78,0
29.9,28.9,31.9,27.7,26.7,25.4,1008.4,77,80,0
30.2,28.8,32.4,27.3,27,25.7,1007.4,77,73,0
30.4,29.3,32.7,27.7,27.1,25.8,1005.4,77,82,3.9
30.4,29.4,32.1,28.6,27.3,26.1,1004.2,78,88,0.2
30.5,29.3,31.9,27.7,27.6,26.5,1005.1,79,88,0.7
29.9,26.5,30.9,27.4,27.2,26.2,1005.9,81,91,4.3
30.2,28.9,31.8,27.3,27.3,26.2,1006.6,79,86,4.1
30.1,28,31.7,27.2,27,25.7,1006.9,78,86,5.1
29.9,27.9,31,26.2,27,25.8,1006.1,79,88,8.5
27.6,25.2,30.3,24.2,26.3,25.7,1005.4,90,93,81.4
29.4,26.8,30.6,25.7,27,26.1,1004.1,82,90,4.8
29.5,28.3,30.6,27.9,27.1,26.2,1004.7,82,87,5.4
28,25.9,30.8,26.5,26.4,25.8,1007.1,88,89,29.8
26.5,25.7,28.2,25.4,25.8,25.5,1010.6,94,89,23
28.5,26,31.6,25.2,26.7,26,1012.1,87,71,0
29.2,27.4,32.1,26.6,27,26.2,1010.1,84,77,1.5
29.8,27.2,32.7,26.3,27,25.9,1009.2,80,74,1.3
29.3,26,32.3,26.9,26.3,25.1,1010.5,78,81,9.5
26.7,24.6,29.4,24.5,25.3,24.8,1010.8,90,82,38.7
26.2,24.4,27.9,24.5,25,24.5,1011.6,90,92,42.5
25.6,23.7,29.1,24.5,24.4,23.9,1012.5,91,89,51.3
26.6,24.4,29.6,23.1,25.2,24.7,1011.4,90,87,0.7
26.1,25,28.8,25,25.1,24.6,1010.6,92,90,11.4
27.3,25.6,30.3,24.6,25.3,24.5,1009,85,82,0
27.6,25.4,30.8,25.2,25.5,24.6,1007.7,84,75,1.8
28.2,26.2,30.5,25.6,25.6,24.6,1007,81,84,0
29.1,26.5,32.5,26.1,26.3,25.1,1005.7,80,49,0
29.4,27.6,31.2,27.3,26.4,25.1,1004.1,78,82,0
28.9,27,30.2,27.6,26.7,25.8,1003.6,84,86,9
26.3,24,29.4,23.6,24.9,24.2,1007.3,89,90,80.8
29.5,25.7,32,24.6,26.7,25.6,1009.5,80,81,2
30,28.1,32.4,27.1,26.8,25.5,1009.2,77,58,0
30,28.6,32.3,28,26.8,25.5,1006.9,77,60,0
30.1,28.7,32,28.2,27.1,25.9,1005.9,79,66,0
30.1,28.8,31.9,27.5,27.2,26,1006.5,79,86,0
30.1,29,32.2,28.7,27,25.8,1005.7,78,83,0
30.3,28.9,32.6,28.2,26.9,25.5,1004.7,76,82,0
30.2,27.7,32.2,26.6,27,25.8,1004.7,77,85,12.1
30.3,29.2,32.6,28.2,26.7,25.2,1005.3,74,84,0.6
30.2,29.1,31.8,27.1,27,25.7,1004.7,77,86,0.5
30.1,28.9,32.1,26.9,27,25.7,1003.9,77,88,0.4
30.3,29.3,32.7,28.6,26.9,25.6,1005,76,79,0
30.3,29.1,32.7,28.2,27.1,25.8,1006.3,77,81,0
30.2,28.1,33.2,27.2,27,25.8,1007.3,78,59,0
30.3,28.1,33.3,27.3,26.9,25.5,1007,76,74,0.4
30.1,27.7,32.4,26.8,26.7,25.2,1007.1,76,81,1.6
30.3,28.6,32.6,28,26.7,25.2,1007.5,75,76,0
30.3,27.4,32.9,25.9,26.8,25.3,1008.5,76,53,3.9
30.6,28.9,33.2,28.2,26.8,25.3,1008.2,74,63,0
30.9,28.9,33.9,28.9,27.2,25.8,1007.7,74,64,0
31.3,29.4,34.4,28.5,26.9,25.1,1007.5,70,45,0
30.7,29,33.3,28,27.1,25.6,1006.6,75,49,0
30.5,29.2,32.5,28.8,27.1,25.7,1006.9,76,85,0
29.7,27.6,32.3,28.8,26.8,25.7,1007.7,79,87,12.4
28.2,25.2,30.4,24.7,26.1,25.3,1009.3,85,81,38.8
29.3,27.5,32.7,26.6,26.5,25.4,1009.4,80,47,0
29.9,28.1,33.1,27.2,26.9,25.8,1007.9,79,57,0.7
27.7,25.8,29.6,24.7,26.1,25.5,1006.1,88,86,41.9
26.2,24.8,28.5,25.1,24.8,24.2,1007.9,89,82,25.4
28.8,25.7,31.9,24.2,26.5,25.7,1009.9,84,70,13.6
29.7,27.7,32.2,27,26.3,24.8,1010.6,76,43,0
29.7,27.7,32.5,26.8,26,24.4,1010.5,74,53,0
29.8,27.5,32.8,26.5,26.2,24.6,1010.7,74,26,0
30.2,28.1,33.4,27,26.6,25.1,1009.6,75,49,0
29.9,27.9,32.3,26.5,26.8,25.5,1008.8,77,40,0
30.6,28.9,33.7,27.5,27.3,26,1010.2,77,41,0
30.4,28.4,32.9,27.1,26.7,25.2,1010.1,74,42,0
30.1,27.9,33.6,26.9,26.9,25.6,1008.9,77,64,0
30.4,28.8,32.7,27.4,26.8,25.3,1007.9,75,84,0
28.5,27,30.3,25.8,27,26.4,1007.6,89,86,23.4
28.6,26.1,30.8,25,26.3,25.4,1009.2,83,80,12.1
29.5,27.4,32.3,26.4,26.3,25,1009.5,77,47,0
30,28.1,32.7,27.1,26.8,25.6,1007.5,77,55,0
29.9,28.4,32.7,27.1,26.7,25.3,1007.1,77,77,0.2
29.1,24.9,31.2,27.5,26.8,25.9,1006.8,83,81,21.1
29,26,30.7,27.8,27,26.2,1006.4,85,87,10.5
30,27.1,32.5,25.7,27.2,26.1,1005.7,80,76,1.8
29.6,25.8,31.9,27.2,27.1,26.1,1006.4,82,79,15.9
27.1,25.3,29.6,24.8,25.8,25.2,1008.3,90,92,27.6
26.3,25,27.6,24.6,25.4,25,1009.6,93,91,65.7
27.2,26,28.9,25.4,25.8,25.2,1011.8,90,86,3.5
27.9,26.6,30,25.4,26,25.2,1011.8,85,72,0.1
28.1,27.3,29.6,26.3,26.2,25.4,1009.8,85,83,0
28.7,26.9,31.1,25.5,26.2,25.2,1007.1,82,85,0.5
27,25.3,30.1,24.7,25.6,25,1007.1,89,88,32.8
27.5,26.3,29.3,25.4,25.8,25.1,1008.9,87,83,3.2
28.4,26.8,30.7,25.8,25.8,24.6,1009.1,80,74,0
27.9,27,29.4,25.6,25.4,24.4,1006.4,81,83,0
26.3,25.1,27.7,24.6,25.1,24.6,1005.2,90,90,41.1
27.6,25.9,31,25,25.5,24.6,1004.2,84,88,7.9
26.4,25.8,27.5,25.3,25.4,25,1003.9,92,89,29.8
26.6,25.6,27.6,24.7,25.5,25.1,1004.6,92,89,21.2
27.6,25.6,29.9,25,25.9,25.2,1005.4,87,77,24.7
28.9,27.3,31.1,25.9,26,24.8,1005,79,37,0
28.9,27.6,30.9,25.7,25.4,24,1007,75,35,0
28.5,27.2,30.4,26,25.2,23.8,1008.5,76,61,0
27.7,26.7,29.3,25.4,24.2,22.6,1008.1,74,57,0
28,25.9,30.5,24.6,24.2,22.4,1007.4,72,59,0
28.9,26.2,32.1,24.1,22.4,19,1006.5,56,62,0
28.5,25.9,31.1,23.9,22.6,19.5,1007.4,58,29,0
28.3,26.6,31.1,24.5,24.3,22.5,1010.6,71,40,0
28.1,26.6,30.4,25.1,25.2,23.9,1012.3,78,72,0.4
28.1,26.8,30.4,25.6,24.7,23.2,1012.7,75,68,0
27.8,26.4,30,25.2,24.1,22.4,1012.5,73,33,0
27.9,26.1,30.7,24.9,23.8,21.8,1011.9,70,22,0
29,26.9,31.9,25.6,24.9,23,1009.9,71,59,0
28.4,26,31.8,24.7,23.1,20.4,1008.1,62,36,0
26.9,24.9,29.4,23.5,21.5,18.6,1007.6,61,27,0
27.1,24.3,30.4,22.9,21.8,18.9,1008.6,61,51,0
27.6,25.7,30.2,23.7,22.1,19.1,1009.6,60,33,0
27.5,25.4,29.6,23.6,22.5,19.9,1009.5,64,47,0
27.6,25.7,29.9,24,22.9,20.5,1009.3,66,49,0
26.2,25,27.6,22.9,23.1,21.6,1010.6,76,91,2.4
26.4,25.2,27.2,23,24.3,23.3,1012,83,95,0.2
27.1,24.9,30,25.4,24.9,24,1012.2,83,88,32
27.6,26.2,29.5,24.2,25.3,24.3,1011.6,83,83,0
27.5,26,29.4,24.6,24.3,22.8,1012.5,76,51,0
26.2,24.5,27.1,25,24.1,23.1,1013,84,87,15.2
25.3,24.1,26,23.7,24,23.5,1012.9,90,94,54.4
26.4,25.6,27.2,24.3,24.7,24,1014,87,86,0
27.6,26.2,29.8,25,25.2,24.1,1015,82,53,0
27.9,26.1,30.7,24.5,25.3,24.2,1013.2,81,34,0
29,26.6,32.3,25,24.7,22.7,1008.4,70,40,0
27.3,24.5,30,23.1,21.9,19,1004.2,61,64,0
27.7,25.1,30.8,23.3,20.4,15.8,1005,49,65,0
27,24.2,29.8,21.5,18,11.1,1009.2,38,29,0
25.7,23.5,28.1,20.6,19.2,14.9,1012.3,52,49,0
25.8,24.1,27.8,21.9,20.9,18.1,1015,63,46,0
25.4,24.3,26.9,23.1,21,18.5,1016.7,66,65,0.1
25.1,23.3,27.4,21.5,20.9,18.5,1015.6,67,39,0
25.2,23,27.8,20.5,20.6,17.8,1013.6,65,24,0.3
25.8,22.9,28.8,20.7,20.1,16.7,1011.4,58,12,0
25.9,23.7,28.7,21.5,20.9,18,1009.6,63,63,0
23.8,21.8,26,23.4,21.2,19.8,1005,79,95,14.4
23.2,21.7,24.4,20.6,20.4,18.7,1004.4,76,92,14.9
24.1,21.8,26.6,19.1,19.7,17.1,1011.4,65,81,0
24.3,22.4,26.4,21.2,20.7,18.6,1014.5,71,62,0
24.7,23.2,27.5,21.5,22.5,21.3,1015.4,82,59,0
24.9,23.3,27.4,21.8,22.5,21.3,1016.4,81,29,0
24.6,23.1,26.4,21.2,21.9,20.5,1016.1,79,34,0
24.8,23.7,26.8,22.1,22.2,20.8,1016.3,79,66,0
23.7,22.4,24.6,21.7,21.1,19.6,1017,78,78,0.6
23.6,21.9,25.6,20.4,20.4,18.5,1016.6,73,53,0
24.5,22,27.4,20.1,21,19,1014.8,72,34,0
24.8,23.2,27,21.6,21.9,20.3,1015.3,76,85,0.3
24.3,22.1,27.4,21.1,20,17.4,1015.7,66,33,0
23.3,21.1,25.6,19.6,18.9,16.2,1015.8,65,6,0
22.8,21.2,24.8,19.9,19.3,17.2,1015.4,71,24,0
23.8,20.7,27.9,18.9,17.9,13.6,1014.8,55,2,0
23.5,21.4,25.6,19.1,17.9,14,1017.3,56,5,0
22.6,20.8,24.6,18.8,19,16.8,1018.8,70,22,0
22.2,20.2,24.2,18.1,18.2,15.6,1017.5,66,44,0
22.8,20.6,25.7,19,18.9,16.5,1015.2,69,33,0
23.4,21.4,26,19.6,20.1,18.2,1015.5,73,73,0
24.4,23.4,25.9,22.2,21.7,20.3,1015.2,78,82,0
25.5,24.1,27.4,23.2,22.2,20.6,1012.7,74,59,0
25.6,23,29.1,22,22.4,20.8,1011.7,75,60,0
22.8,21.7,24.4,20.7,19.7,17.9,1015.2,74,82,0
22.8,20.9,24.7,19.9,20,18.3,1016.1,76,82,0
22.6,20.9,24.1,20.6,19.3,17.4,1016.8,72,87,0
23.3,21.5,26,21,19.3,16.9,1017,68,88,0
22.4,20.1,24.5,19.6,17.5,14.1,1017.1,60,62,0
22.3,20,24.9,18.7,17.1,13.4,1017.1,57,51,0
22.6,20.1,25.5,18.6,17.7,14.2,1015.6,60,28,0
22.4,21.5,23.6,19.9,18.7,16.3,1014.8,69,80,0
20.8,19.3,22.2,18.1,19.2,18.3,1014.2,86,100,3.8
21.8,20.8,23.1,20.2,20.3,19.4,1014.2,86,96,8.1
20.9,19.4,22.3,19.1,19.8,19.2,1015.6,90,97,14.7
21.6,20.8,22.7,20.2,19.7,18.6,1015.1,83,87,0
22.9,21.8,24.6,20.9,21.7,21,1013.8,89,90,1.3
23.5,22.5,25.3,22,22.7,22.4,1013.4,94,88,0.5
23.6,22.1,25.4,21.3,22.2,21.4,1015.2,88,63,0
19,16.5,22.8,19.9,16.9,15.3,1020.7,80,95,0.3
17.3,15.7,19.1,15.8,14.9,13,1020.7,76,80,0
19.1,16.7,21.3,15.8,16.3,14.3,1021.5,74,66,0
19.3,17.4,21.3,16.7,16.5,14.4,1021.8,73,87,0
18,16.3,20.4,16.2,14.9,12.5,1022.3,70,58,0
17.6,15.6,19.8,14.8,13.4,9.7,1023.1,60,46,0
16.7,14.1,18.8,12.6,12.4,8.2,1025.1,57,53,0
17.3,15.2,19.6,14.3,12.6,8,1025,54,77,0
16.8,14.6,19,13.5,11.4,5.6,1024.8,48,51,0
16.7,14.3,19.3,13,11.7,6.5,1023.5,51,65,0
17.8,16.4,19,14.8,13.1,8.9,1021.4,56,88,0
15.6,13.8,18.5,14.1,12.6,9.8,1022.8,69,95,2.4
17,16.2,17.7,13.4,10.9,3.9,1021.6,42,96,0
18.3,16,21,14.6,12.3,6.2,1020,45,89,0
19.2,17.2,21.7,14.6,14.8,11,1018.4,60,55,0
20.6,19,23.2,17.2,17.1,14.7,1015.7,70,86,1.5
19.2,18.1,20.7,17.5,18.5,18.1,1013.3,93,95,8.4
20.6,19.6,21.4,18.6,18.3,16.8,1011.1,79,99,0.6
21.4,20,24.3,19.4,19,17.6,1011.5,80,75,0
22,19.9,25.7,18.4,19.4,17.9,1012.6,78,26,0
21.5,19.3,23.9,17.1,17.1,13.9,1015.3,63,10,0
20.2,19.2,22.2,17.2,17.7,16,1019.4,77,56,0
19,17.3,21,15.6,16.5,14.8,1020.4,77,31,0
18.9,17.9,20.4,16.3,16.2,14.2,1020,75,37,0
19,17.1,21.6,15.4,16.6,14.9,1021.2,78,12,0
19.2,17.6,21.5,15.8,16.5,14.5,1023.2,75,23,0
19.3,17.6,21.3,15.7,16.7,14.8,1022.2,76,9,0
19,17.7,20.5,16,15.7,13.1,1020.4,69,32,0
19.9,18.2,22.6,16.5,17.1,15.2,1020.5,75,35,0
18.5,17.5,20.2,16.9,16.2,14.5,1021.6,78,48,0
17.8,15.5,20,13.5,14.2,11.2,1019.3,66,18,0
17.3,15.2,19.3,12.8,13.5,10.3,1017.1,64,4,0
17.8,15.5,21,12.8,13.3,9.1,1016.7,58,2,0
17,14.6,19.3,12.2,13.6,10.5,1015.9,66,1,0
17.9,15.3,21.2,12.1,13,8.3,1015.3,55,8,0
16.9,14.5,19.4,12,10.9,4.3,1017,43,40,0
15.8,13.6,17.8,11.2,11.8,7.8,1017.5,59,35,0
16.2,14.9,17.5,13.3,12.7,9.5,1020.2,65,80,0
15.9,14.1,17.5,12.7,12.6,9.6,1022.4,66,71,0
15.9,14.5,16.9,13.1,12,8.2,1021.9,61,87,0
11.9,10.3,15.9,9.4,10,8,1023.6,78,99,2.4
13,10.4,15,9.1,11.4,10,1023.2,82,100,1.8
14.4,12.6,16.4,13.4,12.4,10.6,1021.5,78,100,0
11.9,10.8,13.7,10.5,8.2,3.5,1025.1,57,98,0
13.2,11,15,10.2,8.9,3.8,1025.7,53,88,0
15.5,13.9,17.8,12.8,11.4,7.2,1023.8,58,88,0
16.5,14.1,18.8,12.4,14.1,12.1,1018.6,75,92,0.3
19.3,16.8,22,15.2,16.8,15.2,1017.6,77,43,0
18.5,17.1,20.4,15.5,16.6,15.2,1020.5,81,71,0
17.3,16.4,18.5,15.6,14.8,12.9,1021,76,83,0
18.3,16.1,21.1,14.6,15.6,13.6,1016.7,74,75,0
20.7,18.4,23.7,16.3,18.7,17.5,1013.5,82,88,0
21.1,18.9,24.4,18.4,19.3,18.2,1014.4,84,58,0
21,18.8,23.9,16.9,18.8,17.5,1014.4,81,44,0
19.3,17.7,20.6,16.8,17.1,15.6,1013.1,79,41,0
20.1,18.4,22.5,16.6,16.7,14.2,1012.8,69,16,0
21.6,19.3,25,17.5,19.2,17.8,1014.6,79,48,0
18.9,18.1,20.1,17.2,16.5,14.9,1016.1,77,87,0
18.6,17.4,19.9,15.8,15.9,13.8,1015,74,65,0
19.8,18,21.5,16.8,17.5,16.1,1011.9,79,78,0
22.4,20.2,25.3,18.7,20.3,19.1,1011.9,82,64,0
19.9,16.6,22.4,17.3,14.7,9.9,1018,55,57,0
16.3,14,18.6,12.4,8.8,-1.8,1023.7,29,0,0
14.9,12.2,17.1,10.1,9.1,1.5,1025.1,41,1,0
15.5,13.3,17.1,10.8,11.6,7.7,1024.9,60,5,0
16.4,14,18.4,11.8,12.5,8.9,1023.2,62,5,0
17.8,14.8,21,12.6,14.2,11.2,1021.3,66,10,0
18.4,16.3,20.8,13.7,15.1,12.4,1020.4,68,1,0
18.9,16.3,21.1,13.3,15,11.8,1019.1,64,14,0
20.6,18.5,23,16.8,16.3,13.1,1017.7,63,65,0
22.2,18.9,26.1,16.2,18.1,15.3,1019,66,20,0
19.4,17.7,21.6,15.9,14.8,10.9,1023,59,20,0
17.3,15.7,18.7,14.1,14.1,11.4,1022.5,68,21,0
17.7,15.9,19.6,14.1,14.3,11.4,1021.8,67,20,0
18.9,17,21.7,14.9,15.7,13.2,1021.6,70,14,0
20,18.1,22.5,16.2,17.1,15.2,1019.6,74,19,0
19.7,18.3,21.3,16.9,17.8,16.5,1017.2,82,76,0
21.6,19.1,25.2,16.6,18.3,16.3,1017.7,72,42,0
16.2,13.9,19.6,16.1,12.3,8.6,1023,61,94,0
13.9,13,15.2,12.6,9.4,4.1,1024.3,52,97,0
14.6,12.9,16.6,12.4,10.8,6.8,1024,60,88,0
17,15.2,19.2,13.8,13.8,11,1021.7,68,44,0
18.7,16.5,21.7,15.7,16.5,14.9,1018.4,79,71,0
20.8,17.8,24.3,15.4,18.2,16.5,1015.7,77,8,0
20.3,19.3,21.2,16.7,18.7,17.7,1015.3,85,75,0
22,20.1,24.9,19.6,20.2,19.2,1014.7,84,58,0
22,18.7,27.3,18.8,19.7,18.4,1017.6,81,66,0
18.8,17.7,20.8,17.1,16,13.9,1021.6,73,67,0
19.7,17.5,22.9,17,16.6,14.4,1018.4,72,37,0
20.4,18.6,22.7,17.6,18.3,16.9,1015,81,51,0
22.1,19.5,25.8,17.4,19.8,18.4,1012.4,80,38,0
21.7,19.6,24.1,18.2,19.5,18.2,1010.1,81,33,0
22.4,19.9,26.5,18,20.1,18.8,1007.3,81,3,0
22.5,20.4,25.1,18.1,20.7,19.8,1005.9,85,53,0
23.4,21.3,26,19.7,21.1,19.8,1006.1,81,54,0
19.9,18.7,23.6,17.7,18.7,18,1008.6,89,98,7.9
20.3,18.9,21.4,18.1,19.3,18.7,1008.5,90,97,0.2
20,16.2,21.6,19.5,19,18.4,1009.6,91,99,0
15.6,14.6,16.8,13.5,13.6,12,1013.1,80,97,0.5
16,15.3,16.9,13.9,14.8,13.8,1011.9,86,100,0
17.2,16.2,18,15.9,16.5,15.9,1010.4,92,100,0.3
17.8,16.7,19,16.7,17,16.5,1011.2,92,99,0
17.7,16.6,18.9,16.3,14.2,11.2,1012.1,66,80,0
17.7,16.6,19.2,14.7,15.5,13.8,1011,78,86,0.5
19.5,18,21.4,17.1,18.5,17.9,1008.8,90,95,3.6
24.7,21.1,27.5,19,23.2,22.6,1006,88,82,1.9
26,24.8,27.4,23.2,24.1,23.3,1006.4,85,83,0
25.6,21.9,28.5,23.7,23.9,23.1,1007.8,86,87,0
19.2,15.1,21.9,19.7,18.5,18.1,1011.4,93,100,3.5
15.1,12.7,16.4,12,13.4,12,1017.9,82,91,0.9
17,15.6,18.2,14.7,15.8,14.9,1017,87,100,0.2
19.8,17.8,22.1,17.2,18.9,18.4,1014.2,92,95,0
22.4,20.1,25.1,19.8,21.5,21,1011.8,92,84,0
25.5,23.1,28,21.8,23.4,22.5,1010.7,84,78,0
25.9,21.2,29.5,23,23.8,22.8,1012.2,84,67,3.4
20,18.8,21.4,17.8,18.1,16.9,1015.4,83,92,0.1
19.3,18,20.5,17.9,17.5,16.4,1015.3,84,93,0.5
19,16.2,22.4,15.9,15.6,13.1,1015.7,69,57,0
20.7,18.1,23.5,16.4,17.5,15.4,1015.2,72,34,0.1
22.8,20.1,26.1,18.8,20,18.5,1013.5,77,69,0.1
25,22.6,28.5,21.5,21.8,20.2,1013.5,75,80,0.2
20.6,19.5,23.9,19,18.1,16.6,1016.4,78,92,0.1
20.8,19.9,22.8,19.4,18.2,16.6,1016.2,77,98,0
21.8,19.6,24.5,19.2,17.9,15.2,1015.2,67,56,0
23.2,20.1,26.6,17.8,17.4,13,1014.2,55,2,0
23.5,21.1,26.2,18.7,18.5,14.9,1014.9,60,26,0
23.2,21.3,25.5,19.8,20.3,18.7,1014.3,76,77,0
24.5,22.7,27.1,21.5,22.4,21.4,1013.4,83,79,0
25.9,23.6,30,22.5,22.8,21.2,1011.9,76,64,0
23.6,22.3,25.4,22.2,21.5,20.3,1009.2,83,90,2.5
24.5,22.3,26.8,21.6,23.3,22.8,1006.5,91,84,81.5
24.9,22.3,27.8,22.5,22.4,21.2,1010.6,80,60,0
22.3,21.1,24,20.3,19.1,17.1,1014.6,72,84,0
22.9,21.1,24.5,19.4,20.4,18.9,1014.3,78,82,0
25.1,23.5,26.9,22.4,23.1,22.2,1011.1,84,83,0
27.1,25.4,29.3,24.4,24.9,23.9,1007.3,83,88,0
27.7,26.7,29.4,24.9,25.3,24.2,1007.2,81,77,0
25.2,23.5,27,24.3,23.8,23.1,1008.7,88,87,8.4
24.2,22.5,25.3,22.9,22.9,22.3,1012,90,97,0.7
24,22.3,26.7,21.4,22.4,21.6,1012,87,85,16.8
26,22.5,29.8,21.9,23.6,22.5,1008.8,82,66,0.4
27.3,25.1,31.1,23.7,24.7,23.6,1006.6,81,59,0
27.5,26.2,30.3,24.9,24.9,23.7,1006.8,80,76,0
27.6,26.2,30,24.7,25.3,24.3,1006.5,83,61,0
27.1,25.1,30.4,24.5,25.1,24.3,1008.4,85,65,5.4
24.8,23.7,26.5,23.4,22,20.5,1011.5,77,89,0
23.9,22.5,27,22,20.1,17.8,1012.1,69,85,0
20.6,19.4,23.4,18.7,19.2,18.4,1011.7,87,97,58.9
20.6,18.3,22.9,17,18.5,17.2,1010.8,81,96,1.9
23.1,21.3,25,19.9,20.9,19.8,1008.2,81,91,5.7
23,22.1,24.3,20.9,21.4,20.5,1006.2,86,90,9.6
25.5,23.2,28.6,21.3,22.7,21.2,1009.3,77,54,0
26.6,24.3,29.7,23.1,23.8,22.6,1009.1,79,43,0
22.7,21.3,26.2,21,21.2,20.3,1011.7,87,98,29
19.7,17,21.6,17.4,17.7,16.4,1012.3,82,94,9.1
21.5,18.6,24.3,15.9,18.3,16.2,1011.3,72,87,1
20.4,18.6,22.6,18.8,18.7,17.7,1010.4,85,95,10.8
19.7,18.6,20.5,17.9,18.8,18.3,1009.9,92,87,24
23.2,20,27.5,18.3,20,18,1011.5,74,53,0
24.7,21.6,28.3,20.3,21.9,20.4,1012.4,77,57,0
24.7,23.7,27,22.5,22.7,21.7,1013.2,84,87,0.5
25.2,23.5,27.8,22.5,22.9,21.7,1012.3,81,80,0
25.7,24.2,28.7,23.3,23.3,22.2,1011.1,81,86,0
25.8,24.8,28,24,24.1,23.3,1009.9,86,86,0
27.3,25.7,29.9,24.8,24.6,23.5,1007.7,80,85,0
28.5,27.1,31.5,26.1,25.4,24.1,1006.3,77,80,0
27.6,24.9,30.5,25.4,25.1,24.1,1006.5,81,87,2.1
24.5,23.6,26.4,22.8,23.3,22.7,1010.8,90,95,46.9
24.8,24.1,26.3,22.5,22.2,20.8,1014.1,78,88,0
24.8,24,25.7,23.6,22.6,21.5,1013.2,82,88,2.9
25.9,24.3,28.1,23.2,24.5,23.8,1010.6,88,84,0.5
27.6,25.9,30.2,24.8,25.2,24.2,1008.5,82,79,0
28.4,27.1,30.8,26,25.5,24.3,1006.9,79,82,0
28.3,25.8,30.5,24.6,25.5,24.3,1006.2,79,88,3.7
28.5,25.2,31.2,26.4,25.5,24.3,1007.3,78,87,1.3
24.2,21.9,25.2,23.2,23.1,22.5,1009.6,90,96,28.1
22.9,21.9,23.8,19.7,20.9,19.9,1009.9,83,93,1.9
23.7,21.8,24.9,20.6,21,19.5,1008.2,78,93,0.7
25.8,24,29.1,21.9,23.6,22.6,1007,83,89,0
26.9,24.8,29.8,23.9,24.7,23.8,1007.5,83,61,0
27.8,26,30.7,25.5,25.5,24.5,1007.1,83,58,0
29,26.3,32.9,25.3,25.7,24.3,1005.8,77,32,0
29.1,26.9,32.6,26.1,26.4,25.2,1005,80,40,0
29,27.2,32.3,26.4,26,24.8,1004.6,79,49,0
28.1,26.7,30.7,26.4,25.6,24.6,1001.7,82,82,0
30.1,26.3,33.4,26.2,25.5,23.5,994.4,70,83,0
26.6,25.1,30.9,24.2,25.3,24.8,991.2,90,99,61.3
28.1,25.6,29.6,24.5,25.8,24.8,1001.4,82,93,19.2
28.8,26.8,31.6,25.9,26.3,25.3,1007.5,82,78,3.3
29.1,27.1,32,25.9,26.3,25.2,1008.5,80,67,0.9
29.3,27.7,32.1,26.4,25.8,24.4,1008.2,75,62,0
29.4,27.8,32.1,26.7,25.8,24.3,1007.3,75,58,0
29.5,27.9,32.8,26.8,25.7,24,1007.6,73,51,0
29.7,27.9,32.4,27.1,25.9,24.3,1007.9,73,44,0
29.3,28.1,31.6,27.2,25.9,24.4,1007.2,75,79,0
29.5,27.4,31.9,26.3,26.2,24.8,1006.4,76,88,0
28.1,25,29.6,25.3,26.2,25.5,1005.8,86,86,19
28.8,25.8,30.6,25.8,26.1,25,1005.3,80,84,5.6
29.1,27.3,32.2,26,26.3,25.2,1006.2,80,81,5
28.1,26.2,29.2,25.9,26.2,25.5,1006.2,86,78,4.5
27.7,25.5,30.2,24.8,26.1,25.5,1005.3,88,91,53.1
28.9,25.9,30.7,25,26.2,25,1005.4,80,88,7.7
28.8,26.6,30.2,26.9,25.9,24.7,1005.6,79,82,0.4
29.4,28.1,31.5,26.8,26.2,24.9,1006.4,77,84,0
29.5,27.1,31.8,25.5,26.1,24.7,1006.9,76,76,0.9
28.9,26.9,30.6,25.5,26.2,25,1008.9,80,76,10.8
29.5,27.7,32.5,26.5,25.9,24.4,1009.6,75,73,0
29.4,27.3,32.2,25.8,25.9,24.4,1008.4,75,83,0.2
29.4,26.6,32.1,25.3,26,24.5,1006.9,76,82,2.9
28.9,25.7,31.1,24.7,25.9,24.6,1006.2,78,82,2.6
29.3,27.9,31.6,26.5,26.1,24.8,1005,77,86,0.2
29.4,26.3,32.3,24.7,26.2,25,1004.9,78,74,9
28.3,26.2,30.9,25.1,26.2,25.3,1006.7,84,86,8
26.8,25.4,28.9,24.8,25.5,24.9,1007.5,89,85,5
27,25.5,30.4,24.5,25.1,24.2,1006.3,85,86,16.3
26.7,25.1,29.3,24.2,24.9,24.1,1006.9,86,87,14.2
27.7,25.6,29.7,24.5,25.7,24.9,1006.2,85,88,2.7
28,23.8,29.7,26.1,25.9,25.1,1004.8,84,90,32.2
28.2,25.6,29.2,26.6,26.1,25.3,1003.7,85,88,21.5
29.3,27.9,30.9,26.4,26.4,25.3,1002.9,79,86,0.3
29.6,28.4,32,26.6,26.4,25.1,1002.8,77,84,0
29.7,28.4,32.2,27,26.7,25.4,1002.4,78,83,0
29.3,26.1,32.1,24.9,26.7,25.7,1002.1,82,86,41.8
30,26.3,32.9,25,26.8,25.5,1003.4,77,81,2.3
29.5,26.7,32.2,27,26.6,25.5,1003.8,79,83,5.5
29.6,27.9,32.2,26.4,26.7,25.5,1004.3,79,87,2
29.6,27.8,31.5,26.9,26.7,25.6,1006.1,79,82,6.3
29.3,28.1,30.6,26.8,26.8,25.8,1005.4,82,88,2.3
29.8,28.3,32.6,26.8,27.2,26.2,1004.1,81,86,0
30.1,28.5,33,27.7,27.2,26.1,1003.6,79,81,0
30.4,28.6,32.7,27.8,27.5,26.4,1003,79,80,0
30,28.2,32.3,27.3,27.3,26.2,1002.2,80,78,0
30,28.3,32.8,27.6,27.1,26,1000.3,79,74,2.3
30.5,28.3,33.7,26.9,27.3,26.1,998.4,78,65,0.6
30,28.5,32.4,27.9,26.5,25.1,997.6,75,80,0.8
28.3,26.3,30.9,25.3,26,25.1,995.5,83,89,25.8
28,25.8,30.3,24.9,25.6,24.6,995.7,82,90,4.4
29.6,27.4,33,26.2,26.5,25.3,999.2,78,73,0
29.8,27.9,32.4,26.7,27.1,26,1001.9,81,63,0
30,28.5,32.7,27.1,27.2,26.1,1003.5,80,73,0
29.8,28.7,31.9,27.6,27.2,26.1,1003.9,81,86,0.3
30,28.3,32.6,26.9,26.8,25.5,1002.1,77,70,0
29.8,27.4,32.6,27.1,26.7,25.4,999.1,78,68,6.2
29.7,28.3,31.4,27.6,26.9,25.8,998.4,80,84,0
28.3,25.7,30.3,24.7,26.5,25.8,999.6,87,86,39.9
28.4,25.3,32.6,26.5,25.9,24.9,999.6,82,86,42.3
28.6,26.1,31.4,24,25.8,24.7,998.4,80,88,0
29.8,28.5,32.2,27.4,26.9,25.8,999.2,79,85,0
29.6,26.7,32.6,25.6,26.5,25.2,1001.2,78,86,3.3
28.8,27,30.4,25.8,26.7,25.8,1002.4,84,91,19.5
27.8,25,31,24.3,26,25.3,1003.4,87,89,32.3
27.2,25.2,29.6,25.4,25.9,25.3,1002.9,89,93,41.8
27.8,25.9,28.7,25,25.7,24.9,1002.2,85,97,25.6
26.9,25.4,28.4,24.6,25.5,25,1003.1,89,95,20.2
28.3,26.1,30.2,24.7,26.1,25.2,1006.4,84,89,15.8
29.2,26.5,32,25.3,26.7,25.7,1010.3,82,79,5
29.4,27.9,32,26.4,26.4,25.1,1009.6,78,61,0
29.6,27.9,32.4,26.1,25.8,24.2,1009.4,73,60,0
29.6,27.4,32.3,25.7,25.6,23.9,1010,72,47,0
29.7,27.2,32.7,26,26.6,25.4,1009.1,78,41,0
30.5,27.9,33.2,26.3,26.5,24.9,1004.9,73,14,0
29.8,26.2,35.1,27.1,26.2,24.8,1000.4,75,76,6.8
26.5,23.9,28.8,23.8,24,22.8,991.6,81,95,157.9
25,23.7,26.1,22.6,23.8,23.2,1006.2,90,100,207.4
25.7,23.9,27.3,22.4,24.3,23.7,1010.4,89,95,174.9
25.7,23.8,27.3,23,24.7,24.3,1010,92,92,69.2
27.5,25.1,30.8,23.6,25.5,24.7,1010.8,85,86,0.3
28,26.6,30.6,25.2,25.9,25,1011.7,84,88,0
27,25.3,29.7,25,25.4,24.8,1012,88,91,10.6
27.4,26,29.1,24.8,25.6,24.9,1011.4,86,85,8.4
28.4,27,30.9,25.4,25.4,24,1009.9,77,85,0
28.2,26,31,24.8,25.8,24.7,1010.4,82,87,4.6
27.7,25.4,31.2,25.3,25.5,24.6,1010.8,84,79,11.5
28.5,26.4,32.1,25.1,25.4,24.1,1008.7,77,71,1.1
28.9,26.8,32.8,25.4,25.4,23.8,1005.1,75,69,0
28.9,27.4,30.9,25.7,25.5,24,1004.8,75,85,0
28.2,27.1,29.5,25.5,26.5,25.8,1007.6,87,80,3.8
29,27.3,31.8,25.8,26.7,25.8,1007.8,83,71,0
29.2,27.4,31.1,25.7,26.7,25.7,1008.2,82,59,0
28.5,26.4,30.3,25,26.1,25.2,1009.5,83,77,3.9
28.3,27,30.3,25.5,25.6,24.4,1008.3,79,62,0.5
29.1,27,32.1,25.4,25.7,24.3,1007.3,76,52,0
29.7,27.8,32.6,26,26.1,24.5,1005.9,75,39,0
29.8,27.9,32.5,26.5,26.6,25.2,1004.3,77,72,0
29.7,27.8,32.5,27.2,26.9,25.7,1002.1,79,86,1.4
30.2,27.6,32.8,25.6,25.8,24,998.8,70,81,0.4
29,27.3,31.1,26.6,25,23.3,995.8,71,90,1.4
25.2,23.8,27.4,23.6,24.1,23.6,987.1,91,100,276
27.2,24.7,28.4,27,25.2,24.3,1002,84,93,5
28.4,26.8,31.6,25.1,25.4,24.1,1005.3,78,82,0
27.7,26.4,29.8,24.8,25.9,25.1,1006.8,86,75,15.4
27,24.6,29.5,24.7,25.3,24.6,1007.5,87,61,4.3
26.9,25.2,29.9,23,23.3,21.5,1008.8,73,73,0
26.1,23.6,29.3,21.9,20.5,17.3,1009.1,58,16,0
26.2,23,29.3,20.8,21.1,18.2,1010.1,62,10,0
26.6,23.7,29.7,21.2,21.5,18.7,1010.9,63,47,0
25.7,23.7,27.2,22.9,21.7,19.5,1009.9,69,84,1.4
24.8,22.8,25.9,22.1,23,22.1,1008.9,85,91,26.7
26.7,24.2,30.4,23.3,24.5,23.5,1011.8,83,88,6.4
26.8,25.4,28.5,24.2,25.1,24.4,1012.9,87,90,6.5
27.8,26.1,30.4,24.4,25.1,24,1013.1,80,72,0
27.3,25.7,29.9,23.9,24.3,23,1012.7,78,36,0
27.5,26.2,30.1,24.6,24.6,23.3,1012.2,78,73,0
28.1,26.2,31.1,24.5,25.2,23.9,1012.2,78,56,0
27.5,25.4,31.1,25,24.9,23.7,1013.6,81,74,5.6
26,25.2,28.1,23,23,21.5,1015.1,76,83,1.1
26.8,24.7,29.7,22.8,22.6,20.5,1012.8,69,82,0
27.7,24.9,30.4,23.1,23,20.7,1009.9,66,85,0
28.4,25.5,31.6,23.4,23.2,20.6,1006.6,63,76,0
27.3,25.3,29.5,23.7,22.7,20.3,1006.1,66,85,0
27.6,25.8,29.6,23.8,23.6,21.7,1008.2,71,25,0
28,26.1,30.8,23.8,25.1,23.8,1012,79,19,0
28.3,26.4,31.5,24.5,25.6,24.5,1012.8,80,32,0
27.6,26.8,29.5,24.9,25,23.8,1014.7,80,62,0
27.9,26.2,30.2,24,24.9,23.6,1015.1,78,53,0.1
28.1,26.5,30.9,25,25,23.6,1014.8,77,30,0
28.2,26.6,31,24.6,24.9,23.4,1014.3,76,39,0
26.6,24.1,29.2,23,23.7,22.2,1013.9,78,77,30.8
23.3,21.7,25.7,21,18.8,16,1015.5,64,66,0
22.4,19.9,24.2,18.6,17,13.2,1015.6,56,77,0
23.9,22.9,25.4,21.3,18.9,15.7,1015.7,60,88,0
24.9,23.2,26.9,20.8,21.3,19.4,1015.7,72,85,0
25.2,24.2,27.1,23.2,21.8,20.1,1016,74,54,0
25.3,24.3,27.3,22.7,21.8,20,1016.8,73,45,0
25.6,23.9,28.6,22.5,22.1,20.2,1016.6,73,51,0.4
24.6,23.6,26.7,21.7,22,20.7,1016.4,79,68,0.8
24.8,23.3,26.9,21.3,20.5,18,1015.7,67,46,0
25.1,23.7,27.2,22,22.3,21,1015.2,78,48,0
24.9,23.7,26.9,22.3,21.9,20.3,1014.9,76,72,0
25.2,24,27.4,22.3,22.1,20.6,1014.8,76,39,0
25.3,23.9,27.9,22.1,22.6,21.3,1014.6,79,71,0
24.7,24,25.5,22.7,22.2,20.9,1014.6,79,86,0
25.4,23.9,27.3,22.9,22.6,21.2,1013.4,78,66,0
24.8,21.1,27.1,22.6,19.7,16.5,1016.5,61,70,0
21.1,19,22.7,18.2,15.2,10.3,1020.1,50,84,0
21.6,18.4,23.8,16.9,16.5,12.6,1019.3,57,29,0
22.8,20.5,24.8,18,18.9,16.3,1017.5,67,74,0
23.8,22.4,25.8,21.2,20.3,18.2,1016.1,71,71,0
24.1,22.8,25.9,21.8,21.2,19.6,1015.4,76,83,0
24.4,23.2,26.5,21.8,21.5,19.9,1014.4,76,81,0
24.9,23.5,27.7,21.3,21.3,19.4,1013.3,72,88,0
23.7,22.6,25.2,21.1,20.9,19.4,1014.2,77,88,0
23.4,22.3,26.1,21.6,19.8,17.6,1015.3,70,53,0
23.6,22.1,25.9,20.9,21,19.6,1013.5,79,77,0
21.9,21,23.5,21.1,20.6,19.9,1014.1,89,95,15.7
22.7,21.7,24.4,20.2,20.2,18.7,1015.1,78,88,0
23.1,21.7,26.2,20.3,20.4,18.8,1015,77,38,0
23.4,21.4,27.1,18.8,17,11.9,1017.2,51,2,0
21.1,18.7,23.1,16.7,17,14,1022,64,21,0
20.4,18.4,22.7,16.8,16.1,12.9,1023.3,62,16,0
19.5,16.9,21.6,14.9,15.6,12.7,1020.4,65,13,0
21.3,19.1,23.8,16.8,18.1,15.9,1017.8,72,24,0
22,20,24.2,17.8,18.7,16.6,1018,73,54,0
22.3,20.4,24.4,18.2,19.6,18.1,1017.6,77,47,0
22.9,21.5,24.6,19.4,20.5,19.2,1017.2,80,69,0
23.1,21,26.1,18.5,20.5,19,1015.8,78,23,0
23,21.6,24.8,19.2,19.9,18,1015.6,74,30,0
23.3,21.2,26.3,18.3,20,18.1,1014,73,8,0
22.2,21.3,23.6,19.4,19.4,17.7,1015.5,76,55,0
22.4,20.7,24.2,19.2,19.5,17.7,1016.8,75,65,0
18.7,15.2,22.5,15.8,14,9.9,1020.2,57,44,0
16.1,13.7,18.5,13.2,11.8,7.5,1021.5,57,51,0
18.5,15.5,21,13.5,14.1,10.3,1020.5,58,62,0
20.5,17.8,23.6,14.9,15.6,11.8,1019.7,57,51,0
20,18.4,22.3,15.2,15.8,12.5,1022.4,62,60,0
18.2,16.2,19.9,16.2,15.3,13.1,1023.7,73,90,8.7
18.7,16.7,20.2,15,15.6,13.3,1021.8,71,96,0.7
18.7,17.5,21,16.3,15.4,12.8,1020.6,68,85,0
16.7,15,18.2,14.9,12.6,8.7,1022.5,60,83,0
16.8,15,19,13.5,11.5,6,1024,49,49,0
17.9,15,20.6,12,12.3,6.8,1022.6,49,12,0
18.7,16,21.7,12.6,13.2,7.9,1020.2,50,12,0
19.2,16.7,22.3,13.2,15.3,12.3,1018.6,65,38,0
20.1,17.8,23.2,14.1,15.2,11.2,1019.6,58,45,0
19.8,19.2,20.7,16.6,15.9,12.8,1019.4,65,84,0
20.3,19.2,22.3,17.8,17.4,15.3,1018.3,74,74,0
20.2,18.7,22.2,16.5,15.1,10.7,1017.9,56,84,0
19.6,17.6,22,15.3,15,11.2,1017.7,59,83,0
18.5,17.2,19.8,17.7,16.2,14.5,1017,78,94,2.8
16.9,15.9,17.5,15.8,15.6,14.8,1017,88,99,10.8
14.5,13.5,16.6,12.9,13.2,12.1,1020.3,86,100,5.6
14.2,12.3,16.1,11.3,11.7,9.2,1022.4,73,89,4.3
12.5,10.4,15.2,8.9,7.8,1.5,1025.2,47,4,0
10.6,8.3,13.4,5.8,5.2,-4.2,1028.4,36,0,0
8.5,6.7,10.2,4.9,3.1,-8.1,1030.2,30,1,0
9.2,5.8,12,3,3.7,-7.2,1028,31,1,0
12.7,8.7,16.2,4.9,6,-5.8,1024.2,27,0,0
13.7,10.6,16.6,6.4,8,-0.3,1022.3,40,0,0
15,12,18.1,7.8,10.7,5.9,1022.1,57,29,0
16.4,15.3,17.8,12.2,13,10,1022.5,66,87,0
18.1,16.3,21.1,13.9,15.2,13,1020.9,72,43,0
17.8,16.2,20.1,12.8,15.5,13.8,1018,78,64,0
18.7,15.9,22.3,12.6,15.7,13.4,1016.3,72,8,0
18.9,17.3,21.1,13.6,14.8,11.3,1017.1,63,1,0
19.2,17.2,22.7,13.9,15.9,13.3,1017.1,69,6,0
20.4,17.8,23.6,14,16.2,13.1,1017.2,64,2,0
19.2,18.2,20.5,15,15.6,12.8,1016.8,67,10,0
18.9,17.5,20.5,15.7,16.1,14,1016.1,74,60,0
20.6,18.3,23.2,15.5,17.8,15.8,1013.9,75,40,0
21.2,19.2,23.4,16.1,19.5,18.5,1013.7,85,48,0
18.9,17.9,20.8,16.8,16.9,15.5,1016.8,81,88,0
18.5,16.8,20.2,14.6,16.1,14.3,1016,77,46,0
19.9,18.3,22.8,15.9,18,16.7,1015,82,71,0
20.1,18.7,22.1,16,18,16.7,1015.5,81,78,0
19.3,18.2,20.3,17.1,17.5,16.3,1015.1,83,94,0
21.6,19.9,24,18,20,19.1,1013.1,86,59,0
19.5,18.4,21,17.2,18.1,17.1,1013,86,90,0
18.2,17.8,18.8,17.1,16.6,15.4,1014,84,92,0
18.5,17.3,19.6,15.9,16.7,15.5,1014.4,83,82,0
19.2,17.8,21.1,16,17.5,16.4,1016,84,74,0
17.2,14.9,19.2,16.2,14.6,12.5,1018.3,74,89,0
13.3,11.9,15.2,12.6,10.4,7.4,1021.2,68,95,0
12.7,9.9,15.2,8.5,8.9,4.6,1023.3,58,54,0
14.1,12.2,15.7,9.5,10.6,6.9,1024.6,62,19,0
15.2,13.4,16.9,11.3,12.3,9.7,1025.4,70,85,0
17.9,16.4,19.3,15.2,15.1,12.8,1021.2,72,89,0
18.6,17.2,19.6,16.3,18,17.6,1017.8,95,100,32.6
18.3,17.7,18.6,17.2,17.9,17.6,1018.6,96,100,30.8
12.9,10.5,17.8,11.7,11.6,10.2,1024,84,100,6.8
9.8,8.2,11.9,8.7,7.4,4.3,1028,69,73,0
10,7.2,12.7,6.1,6.4,1.3,1028.3,55,13,0
12.3,9.7,15.4,7.5,8.8,4.7,1026.6,60,55,0
15.1,12.9,18.1,10.5,11.8,8.5,1026.6,65,40,0
14.4,11.5,17.3,9.3,10,5.1,1028.4,54,40,0
12,10.9,14,10.1,8.7,4.8,1028.4,62,88,0.1
10.8,8.5,12.9,8.3,8.9,6.8,1026.7,77,85,4.8
12.8,9.7,15.3,8.8,11.4,10,1023.9,83,88,1.6
15.7,13.3,18.7,12.5,14.1,12.8,1020.9,83,88,0.6
16.2,15,18.3,13.5,14.7,13.5,1019.3,84,86,0
17,14.9,20.6,12.7,15.2,14,1018.3,83,28,0
16.2,13.8,18.3,12.7,13.4,11.1,1016.7,72,13,0
16.4,14.3,19.5,12,13.3,10.5,1017,69,54,0
14.6,12.3,17.3,9.4,10.9,7,1018.8,61,28,0
14.7,13.3,16.7,11.1,11.6,8.5,1019,67,27,0
15.6,13.8,17.3,12.2,13.5,11.7,1016.9,78,82,0
18.1,16.2,21,14.3,15.6,13.7,1015.2,76,31,0
17.2,15.3,19.3,13.5,15.4,14,1014.9,82,41,0
18,16.5,20.4,15.1,16,14.6,1013.7,81,39,0
19,16.4,21.6,14.3,17.1,15.8,1014.5,82,16,0
16.5,15.2,19.4,14.2,14.2,12.3,1019.3,76,57,0
15.8,14.7,17.7,13.5,12.7,9.9,1018.8,68,64,0
15.7,15.1,16.9,14.2,13.9,12.4,1018.4,81,88,0
16.7,15.4,18.2,14.7,15,13.7,1015.4,83,88,0
19.7,16.8,22.3,16.3,18.9,18.4,1010.8,92,88,0
19.7,15.5,23.2,19.7,19.2,18.8,1010.8,95,94,0.7
14.6,13.8,15.6,13.5,13.8,13.2,1014.6,91,95,1.4
14.9,13.8,16,13,14.3,13.9,1013.7,94,100,1.7
15,14.3,15.9,13.6,14.5,14.2,1014.4,95,100,4.1
13.6,12.5,14.7,12.4,12.6,11.7,1017.8,88,100,0.9
12.1,11.2,13.1,10.2,10.6,9,1019.8,82,92,2.5
11.7,9.7,12.9,8.6,8.7,5.2,1022.1,65,89,1.2
12.2,11.3,13.1,11.1,9.4,6.2,1021.5,67,93,0
12.2,11.1,14,9.9,11.4,10.6,1021,90,95,2.7
12.6,11.2,14.3,11.4,11.3,10,1022.5,84,95,5.4
12.8,11,14.4,10.2,12.1,11.6,1021.3,93,98,12.8
14.9,13.2,16.7,12.4,14.2,13.7,1019.2,93,95,14.6
17.2,15.2,19.7,14.2,15.8,14.8,1017.6,86,72,0
20,17.3,23.7,15.5,18,16.8,1014.6,82,48,0
21,18.4,25.3,15.9,19,17.7,1011.6,82,28,0
18.6,16.8,20.7,16.1,16.9,15.8,1013.4,84,85,0
18.1,16.5,20.2,15.6,15.4,13.4,1015.5,75,58,0
16.9,15.8,18.4,14.7,14.6,12.8,1017,77,70,0
16.2,14.8,17.9,13.7,13.9,11.9,1018.6,76,58,0
16.5,15,18.3,13.5,14.7,13.2,1016.5,81,78,0
17.9,16.2,19.2,15.1,16.8,16,1011.9,89,87,9.8
17.4,15.4,19,17.1,16.7,16.2,1011.9,93,95,2.1
16.9,15,17.9,14,15.5,14.5,1014.5,86,92,1.3
18,16.6,19.1,15.6,16.5,15.6,1015.1,86,89,0
19.9,17.4,22.9,16.9,18.5,17.7,1012.7,87,57,0
20.2,17.9,22.9,17.2,18.8,17.9,1011.7,87,85,0.3
17.1,15.9,18.1,15,14,11.4,1013.9,70,96,0
18,15.7,19.8,14.2,15.8,14.2,1012.8,79,89,0
21,19.3,24.6,17.3,19,17.9,1013,83,89,0
19.3,18.3,21.2,15.7,16.3,14.2,1014.9,73,74,0
20.6,17.9,22.8,16.6,17.3,14.8,1014.4,70,58,0
22.4,20.3,25.1,17.3,20.5,19.4,1013.9,83,21,0
22.2,20.2,25.1,18,20,18.7,1015.9,81,52,0
20.2,19,22.4,16.8,17,14.8,1018.9,71,67,0
19.7,18,21.8,16.4,14.8,10.8,1020.1,57,61,0
20.2,18.5,22.4,16.2,16.5,13.7,1019.9,66,73,0
20.9,18.4,23.9,15.1,17.6,15.4,1016.3,71,17,0
22.9,19.4,27.7,15.7,18.9,16.3,1014.5,68,22,0
22.6,20.1,25.3,16.7,18.6,16,1017,67,20,0
21.5,19.2,24.6,16.1,17.5,14.8,1014.8,67,56,0
22.8,21.1,24.8,17.9,21.1,20.1,1009.6,85,86,0
24.1,21.6,27,20.9,22.5,21.7,1007.1,87,86,1.5
21.3,20.7,22.7,19.9,20.3,19.6,1009.5,90,92,47.9
22.4,20.8,24.8,20.1,21.8,21.5,1009.2,95,93,124.2
21,20.2,21.8,20.1,20.2,19.8,1010.1,93,92,0.3
21.9,19.7,23.6,18.4,19.7,18.5,1012.4,81,86,2.3
20.1,19.2,20.7,17.1,17.4,15.6,1015.4,76,89,0
20.7,19.1,21.8,18.4,18.3,16.8,1015.9,79,95,0
21.1,20.5,21.5,19.2,19.4,18.3,1014.6,84,92,0
22,19.9,24.4,19.1,20.2,19.1,1013,84,77,0
23.2,21.8,26,19.6,21.5,20.7,1013.8,86,91,0.3
21.2,20.7,22.3,19.1,18.9,17.4,1015.4,79,86,0
22,20.1,24.2,19,20.2,19.2,1012.1,84,90,0.8
23.1,22.3,23.9,20.9,22.3,21.9,1008.9,93,88,16.8
24.4,21.7,26.3,22,23.3,22.7,1006.7,91,91,60.8
22.2,20.7,24.9,19.8,19,17,1012.1,73,83,2.1
21.3,19,24.6,16.5,16.8,13.5,1015.1,62,49,0
21.7,20,24.3,17.3,18.7,16.8,1015.3,74,76,0
23.1,21.2,25.4,19.3,20.8,19.6,1013.7,81,76,0
25.1,22.8,28.2,21.7,23.2,22.3,1010.9,85,65,0
26.3,24.7,28.8,22.3,23.9,22.8,1009,81,67,0
25.8,24.9,26.8,22.9,24.5,24,1009.7,90,85,0.7
26.4,24.2,28.8,22.6,24.4,23.6,1009.4,85,86,16.5
23.4,22.7,25.8,22.4,23,22.9,1009.2,97,96,172.5
22.4,21.9,22.8,21.6,21.6,21.2,1008.5,93,96,1
26.3,22.4,30.2,21.8,24.4,23.5,1006.3,85,85,0.1
26.8,23.8,29.8,25.3,25,24.2,1006.7,86,89,33.3
23.6,21,25.9,21.8,22.1,21.3,1010.1,87,88,1.9
20.7,19.9,21.9,19.3,20.1,19.7,1010.9,94,92,54.2
22.6,20.9,24.6,19.3,22,21.7,1011.7,95,91,9.9
26.3,23.3,29.1,22,24.8,24.1,1010.1,89,87,0.6
27.6,25.8,30.6,24.8,25.7,24.9,1008.5,85,82,10
24.9,23.9,27.5,23,24.2,23.9,1010.1,94,94,69.1
22.3,20.6,24.3,21.9,20.8,19.9,1012.4,87,92,5.1
22.7,20.9,25.3,20.2,20.3,18.9,1012.8,80,60,0
24.5,22.3,27.8,20.7,22.2,21.1,1013,81,49,0
25.6,23.4,29.1,21.9,23.5,22.5,1012.8,83,43,0
25.5,24.5,27.5,23,23.2,22.1,1012.3,82,70,0
24.4,23.6,25.7,22.6,22.1,21,1011.2,81,85,0
24.8,23.4,26.9,22.5,22.6,21.5,1008.1,82,90,0
23.5,22.4,24.9,22.9,23,22.7,1006.7,95,95,50.7
24.2,22.8,26.9,21.6,22.1,20.9,1007,82,88,0.6
25.2,23.9,27.4,22.7,23,21.9,1006.8,82,89,0
26.2,24.2,29.6,22.4,23.5,22.2,1007.1,79,78,0
26.5,25.2,28.1,23.7,23.8,22.6,1007.9,79,88,0
27.4,25.7,30.3,24,24.4,23,1007.3,78,56,0
28,25.7,31.6,23.6,24,22.1,1006,71,5,0
26.9,25.7,29.3,24,24.1,22.9,1006.5,79,62,0
26.2,24.8,28.4,23.2,23.7,22.5,1007,80,80,0.3
23.4,21.8,25.8,21.6,21.1,19.8,1007.6,80,93,1.3
25.2,22.6,27.6,20.6,20.3,17.3,1008.1,63,88,0
25.6,24.8,26.6,22.7,19.8,16.2,1009.2,56,88,0
26,24.3,28.5,22.9,22.2,20.2,1010.8,71,83,0
25.7,24.5,28,23.4,23,21.6,1010.3,78,86,0
25.2,24.3,26,24.2,23.8,23.2,1008.1,89,92,29.4
27.3,24.9,30.1,23.8,25.4,24.5,1005,85,82,36.9
28.5,27.2,30.2,25.6,25.9,24.8,1004.7,80,81,0
29,27.8,31.1,25.5,26.3,25.2,1006.2,80,82,0.6
29.2,27.7,31.3,25.7,26.4,25.3,1008.1,80,82,0
28.9,26.9,31.2,25.5,26.3,25.3,1009,81,64,4.3
28.9,27.5,31.2,25.7,26.5,25.5,1008.2,82,61,0
29.6,27.6,32.4,25.7,26.1,24.6,1007.4,75,51,0
29.4,28,32.1,25.9,26.4,25.2,1008.6,78,75,0
29.5,28,32.3,25.9,26.4,25.1,1010,77,58,0
29.6,27.7,32.2,25.5,26,24.5,1009.2,74,34,0
29.5,27.2,32.8,25.5,26,24.5,1007.5,75,16,0
30.4,28.3,34.2,26.4,26.6,25.1,1006.2,74,18,0
29.9,28.5,32.7,26.6,26.5,25.2,1007.3,76,71,0
29.9,27.7,32.5,26,26.3,24.7,1007.9,74,69,1.3
29.6,27,31.8,26,26.5,25.2,1007.3,77,83,3.9
29.4,26.5,30.5,24.6,26.6,25.4,1006.3,79,87,9.8
30.1,28.9,32.4,27.4,26.7,25.3,1006.1,76,88,0
29.6,28.9,31.5,27.3,26.4,25.1,1004.5,77,88,0.2
24.9,21.8,29.5,0,23.5,22.9,1004.1,89,97,140.2
22.5,21.8,23.2,20.7,20.3,19.1,1007.2,81,99,0.4
24.5,22.3,27.6,20.5,20,17.3,1007.3,64,88,0
25.9,24.2,29.5,22.8,21.4,18.8,1005.4,66,69,0
26.9,24.2,30.7,22.3,23.4,21.7,1005.1,74,67,0
25.7,24.8,27.2,24.5,24.3,23.6,1005.8,89,94,57.2
25.7,24.9,26.7,24.4,25.2,24.9,1004.1,96,97,168.1
27.3,24.7,29.6,24.1,25,24,1006.4,83,87,1.7
26.5,24.6,28,24.1,25.2,24.6,1008.1,89,92,31.4
28.4,25.9,30.9,25.2,25.8,24.8,1009.2,81,79,2.6
29,27.7,31.1,25.3,25.9,24.5,1009.1,77,84,0
28.2,25.5,29.7,24.1,25.6,24.5,1007.7,81,85,22.8
29.1,27.6,31.6,25.3,26,24.6,1007.1,77,78,0.1
28.9,26.1,31.8,25.2,26,24.9,1007.8,79,76,3.4
29.3,27.3,32,25.4,26.2,24.9,1008.7,77,57,0.2
29.4,27.7,32,25.8,26.4,25.2,1009.3,79,56,0
29.5,27.5,32.3,25.5,25.9,24.3,1008.1,74,53,0
29.8,27.7,33,25.8,26.1,24.5,1006.3,74,31,0
30,27.9,33.5,25.8,26,24.3,1006.6,72,36,0
30.1,27.9,33.1,26,26,24.2,1006.7,72,58,0
28.5,26.2,31.7,26.1,26.5,25.7,1005.7,85,85,14.8
28.6,25.1,31.4,24,26.2,25.2,1004.1,82,84,15.1
29.7,27.6,33,25.7,25.6,23.9,1002,72,63,0
29.1,27.3,30.5,26,26.1,24.8,1001.7,78,85,0.2
28.2,26.8,30.3,25.5,25.3,24.1,1001.7,79,85,0.2
27.9,26.3,29.9,25.6,25.9,25.1,1000.2,85,91,14.7
28.6,27.3,30.9,25.9,25.7,24.5,999,79,87,5.8
29,26.7,32.2,26.2,25.9,24.5,999.1,77,61,0
29.2,26.7,32,25.9,26.2,24.9,1002.6,78,53,11.6
28.2,26.3,29.9,25.6,26.4,25.7,1005.9,87,83,15.7
28.3,26.6,30.9,26,26.3,25.4,1008.3,84,81,21.3
29.2,27.3,31.8,25.5,26.1,24.8,1006.7,78,58,0
29.5,27.7,31.9,26.3,26.3,25,1004.3,77,53,0.3
29.5,27.8,31.9,26.3,26,24.6,1002.2,75,69,2.1
28.1,25.5,30.3,26.1,25.9,25,1000.9,83,89,34.9
27.2,25.6,28.7,24.9,25.4,24.6,1000.1,86,92,53.8
27.2,24.5,28.4,25.3,25.3,24.5,1000.3,86,91,50.7
27.8,25.7,28.9,25.6,25.8,25,1002.6,85,93,13.8
26.6,25.1,28.3,24.5,25.2,24.6,1006.6,89,93,10.3
26.6,25.5,28.6,25.5,25.6,25.2,1009,92,89,33.6
28.4,26.4,31.4,25,25.8,24.7,1007.4,81,70,0.6
28.8,26.5,31.9,25,25.5,24.1,1004.7,76,31,0
29.5,27.2,32.6,25.8,25.6,23.9,1004.2,73,41,0
29.9,28,32.6,26.3,26.1,24.5,1003.7,73,37,0
30.2,28.4,32.7,26.8,26.6,25.2,1002.9,75,45,0
30.2,28.8,32.1,26.9,26.9,25.6,1001.4,77,77,0
30.3,28.8,33.2,26.9,26.6,25.2,1002.9,74,50,0
30.1,28.5,33,26.8,26.5,25,1003.7,74,62,0
30.2,28.7,32.6,27.1,26.8,25.4,1004.1,76,60,0
29.7,26.3,32.1,27.5,26.9,25.8,1004.4,80,85,4.5
26.4,24.3,27.8,23.6,25,24.4,1005.4,89,91,70
26.4,24.7,27.7,24.2,25.1,24.6,1005.4,90,89,31.6
25.9,24.3,28.2,23.9,24.9,24.4,1005,92,90,88.7
25.6,24.5,26.4,24.6,25,24.7,1006,95,96,77.8
25.6,24.6,27.9,24.6,24.6,24.1,1007.4,91,89,6.4
26.5,24.1,29.9,23.9,24.8,24.1,1008.2,87,82,26.6
28,25.9,30.5,24.7,25.7,24.7,1009,82,43,0
28.7,26.7,31.4,25.1,25.5,24.2,1009.6,77,44,0
29.2,26.8,32.1,25,26,24.7,1008.1,77,23,0
29.8,27.6,32.8,26,26.5,25.2,1005,77,24,0
30.1,28.4,33.3,26.8,27,25.8,1003.1,78,45,0
30,28.4,32.7,26.8,26.8,25.5,1005.1,77,68,0
30.1,28.6,32.4,26.9,26.7,25.3,1005.7,76,80,0
29.9,28.6,33.2,26.7,26.8,25.6,1005.2,78,82,0.3
29.5,28,31.1,26.9,26.8,25.7,1005.1,80,84,3.5
29.2,26.2,31.3,25.1,26.4,25.3,1005.2,80,88,8.2
29.6,28.1,32.1,26.3,26.3,24.9,1007.3,76,76,0
29.3,28,32.1,26.2,26.6,25.5,1008.6,80,58,0
29.7,27.3,32.7,25.8,26.6,25.4,1006.5,78,31,0
30,28.2,32.7,26.4,26.8,25.5,1004.9,77,37,0
29.8,27.5,31.9,26.1,26.7,25.4,1004.6,78,61,3.6
30,28.2,32.3,26.2,26,24.4,1003.9,72,47,0
29.1,26.2,31.4,26.9,25.9,24.6,999.4,77,87,5.9
28,24.9,29.3,24.1,26,25.2,1001.4,85,91,153.2
28.6,25.8,29.9,26,26.1,25.1,1004.2,82,87,25.4
26.7,25.7,28.7,24.7,25.6,25.2,1004,92,91,54
26.4,24.3,28.4,24.6,25.5,25.2,1002.3,93,89,24.3
27.7,26.3,30,24.9,25.3,24.2,1001.3,81,84,0
29.9,26.8,33,24.5,25.2,23.2,999,68,67,0.5
29.7,28.1,32.3,25.8,25.8,24.1,997.4,73,82,0
28.5,26.9,30.8,26,26.1,25.1,996.7,82,90,20.7
28,24.6,30.3,24.4,26,25.2,998.9,85,96,50.8
27.1,24.7,29.2,25,25.9,25.4,1004.9,91,92,93.9
27.8,26.6,29.2,25.3,26.1,25.4,1007,87,77,0.3
28.6,26.5,31.2,25.1,26,24.9,1006.1,81,54,0
29.2,26.9,32.2,25.3,25.9,24.6,1003.2,77,70,0
28.9,27,30.9,24.7,25.4,23.9,1003.8,75,70,0
28.6,27.1,30.8,24.3,24.2,22.1,1005.7,68,64,0
27.5,25,28.6,23.8,23.8,22,1007.1,73,88,1.7
27.5,25.6,29.1,23.6,23.8,22,1008.6,72,77,0.8
27.2,24.8,29.9,22.8,22.8,20.5,1007.2,67,60,0
27.7,25.1,30.4,22.8,22.7,20.1,1006,63,30,0
27.7,25,30.3,22.5,21.6,18.3,1007,57,26,0
27.4,24.8,30.5,22,20.3,15.9,1005.9,50,4,0
27.2,23.9,30.7,21.1,18.9,13.4,1004.2,43,2,0
27.5,25,30.1,22.5,18.6,12.2,1005.1,39,3,0
27.1,24.8,29.9,21.9,20.6,16.6,1009.2,54,20,0
27.3,25.9,29.6,23.4,23.9,22.4,1011.1,75,69,0
27.3,25.8,29.3,24,23.8,22.2,1011.9,74,73,0
27.2,25.8,28.9,23.9,22.9,20.7,1012.9,68,78,0
26.3,23.9,27.2,23.9,23.5,22.2,1013.9,78,88,4.5
27.3,25.7,29,24,24.3,23,1015.1,78,79,0.6
27.5,26,29.6,24.1,24.4,23.1,1014.9,77,67,0
27.8,26.4,30.2,24.6,25.1,23.9,1013.5,79,79,0
27.4,26.1,29.3,24.2,24.7,23.5,1011.7,80,82,0
27.7,26.3,30,24.5,25.1,23.9,1011.2,80,61,0
27.9,26.6,29.9,24.5,24.9,23.6,1011.9,78,73,0
27.7,26.7,29.2,24.7,24.8,23.5,1012.3,78,76,0
27.9,26.8,29.7,25.1,25.2,24,1012.6,80,68,0
28.2,26.8,30.9,25.2,25.5,24.3,1013,80,52,0
28.3,26.7,30.6,24.9,25.3,24,1014,78,41,0
28.2,26.6,30.5,24.5,25,23.6,1014.3,77,30,0
28.3,26.6,31.2,24.4,24.6,22.9,1012.4,73,29,0
28.3,26.6,31,24.4,24.5,22.7,1010.8,72,44,0
28.1,26.8,30,24.9,25,23.7,1011.1,77,68,0
27.5,25.8,29.3,24.2,25.4,24.4,1012.3,84,74,4.7
27.9,26.1,29.4,24.7,25.6,24.6,1012.6,82,79,1
27.8,26,30,24.6,25.3,24.2,1011.7,81,76,0.8
27.8,25.4,29.7,24.1,25.3,24.2,1009.7,81,54,4
27.9,26.9,29.4,24.7,24.4,22.8,1009.7,74,58,0
28.1,26.2,30,24,23.9,21.9,1009.8,70,42,0
28.2,26.9,30.1,25.4,24.9,23.4,1009.4,76,81,0.6
27.4,25.4,29,25.1,24,22.4,1008.7,74,93,3.9
24.3,22.1,26.8,21.4,21.5,20,1008.4,77,98,5
22.5,21.2,23.6,20.3,20.6,19.5,1010.8,83,95,4.9
23.7,22.3,24.9,20.6,20.7,19,1014.7,75,90,0
24.8,22.1,27,20.5,21.2,19.2,1015.2,71,63,0.1
25.3,22.6,28,20.6,21.3,19,1012.7,69,63,0
25.1,23.1,26.2,21.9,22.3,20.8,1011.5,77,89,0
24.1,22.1,25.4,21.2,22.5,21.7,1011.6,86,91,17.8
24.1,23.6,25,23.1,23.4,23.1,1011.4,94,99,116
24.5,23.6,25.4,22.9,23.8,23.4,1011.3,94,95,27.6
26.6,24.7,28.3,23.3,25.5,25.1,1010.8,92,87,10.7
26.5,25.5,28.3,24.7,25.4,24.9,1011.2,91,76,5.1
27.6,25.5,30.2,23.8,25.2,24.2,1012.8,83,49,0
27.3,25,29.1,23.7,24.6,23.4,1014,79,69,1.9
26.6,25.6,27.7,23.8,24,22.8,1015.1,80,79,0
25.6,24.8,26.7,0,22.9,21.6,1016.4,79,84,0
25.1,24.1,26.3,23.2,22,20.4,1015.2,75,78,0
23.1,20.5,25.2,20.2,18.8,16,1013.4,65,27,0
21.1,18.7,23.3,16.9,15.5,11,1011.4,53,49,0
21.4,18.9,23.9,16.9,15.6,11,1009.6,52,61,0
20.7,18.6,23.3,16.7,14.4,9,1013.3,47,27,0
19.9,16.9,23.7,14.3,14.1,9.1,1017.3,50,10,0
21.5,18.6,23.9,15.3,16.4,12.6,1016.8,57,33,0
22.2,20.9,23.3,18.9,17.1,13.4,1015.6,58,85,0
23.5,21.4,25.8,18.6,19.5,17,1011.7,67,74,0
23.7,22.8,25,20.6,20.8,19.2,1009.9,76,88,0.1
23.2,22.2,24.1,20.7,21.9,21.3,1010.3,89,95,23.5
24,23.3,24.8,22.6,22.8,22.3,1011.6,90,91,3.1
23,22.1,23.9,21.2,20.8,19.7,1013.7,82,89,0
23.7,22.2,25.7,20.4,21.1,19.6,1017.8,78,74,0.4
21,17.2,23.6,19.2,18.9,17.6,1018.9,81,90,13.7
15.7,14.9,17.5,14.4,14.9,14.2,1019.4,91,92,44.1
18.1,15.1,20.6,14.1,15.9,14.4,1017.8,79,73,0
22.1,19.5,24.3,17.2,19,17.2,1016.1,74,45,0
24.1,22,26.5,19.9,21,19.3,1016.3,75,74,0
21.2,19.3,23.2,18.5,18.9,17.6,1017.6,80,88,9.6
19.5,18.5,20.7,18,16.5,14.3,1018.8,72,88,0
19.9,18.3,21.2,18.1,17.4,15.6,1018.4,76,88,0
21.3,19.9,22.5,19.3,18.8,17.3,1016.2,78,88,0
17.7,14.7,21.5,17,14.2,11.1,1018.3,66,85,0
15.8,14.1,17.7,13.3,11.5,7.1,1020.5,56,70,0
17.6,14.7,19.9,12.9,13.9,10.7,1020.4,64,7,0
19.7,17.6,21.6,15.2,16.9,15,1019.5,75,33,0
21,19.9,22.1,18.5,18.6,17.1,1017.2,78,82,0
21.7,20.5,23.6,19.6,19.4,18.1,1016.3,80,46,0
22.3,20.5,24.3,19.5,20.1,18.9,1017.1,81,69,2.3
22.5,21.4,24.3,20,20.6,19.6,1018,84,67,0
21.4,20.5,22.4,20.5,19.2,17.9,1018.5,80,88,0
21,19.9,22.2,18.8,18.4,16.8,1018.4,77,69,0
21.3,19.7,22.9,17.8,19.1,17.8,1016.6,80,36,0
22.4,20.2,25.4,18.3,19.8,18.3,1015.8,78,56,0
21.3,19.4,22.9,19.1,19.1,17.8,1018,80,56,0.5
18.6,17.2,21,16.1,15,12.2,1018.9,66,41,0
18.1,16.3,19.7,14.8,15,12.6,1017.6,70,69,0
19.6,17.7,21.8,15.8,16.7,14.7,1017.6,74,44,0
20.1,18.8,21.5,17.1,17.8,16.3,1018.1,79,49,0
20.8,19.5,22.4,17.6,18.5,17.1,1018,80,61,0
20.5,19.4,21.6,17.6,18.2,16.8,1017,79,51,0
20.2,19.1,21.6,16.7,17.7,15.9,1015.7,77,38,0
21.6,19.7,24.2,17.8,18.2,16,1016.9,71,63,0
20.5,17.8,21.6,18.4,18.3,17,1019.5,81,89,1.7
16.2,13.9,17.9,15.6,15.6,15.3,1019.8,94,96,25.8
12.7,11.3,14.2,11.1,12.1,11.5,1018.4,92,95,24.8
15.8,13.1,18.6,12.1,13.5,11.5,1019.7,76,58,0
18.2,16.3,20,14.5,15.6,13.7,1020.2,75,85,0
20.2,18.6,22.6,17.9,17.7,16.1,1019.9,77,70,0
21.3,19.7,23.9,17.8,18.5,16.8,1018.4,76,77,0
20.9,19.8,22.9,18.8,19.2,18.2,1016,85,88,0
20.7,19.5,22.1,19,19.3,18.4,1016.2,87,88,2.4
20.3,17.3,23.1,18.5,18.8,17.9,1017.6,86,88,0.6
15.9,13.9,17.9,14,12.7,9.8,1019.8,67,77,0
14.8,12.6,17.3,11.4,12.1,9.7,1018.9,72,49,0
16.3,12.9,19.5,11,12.5,9,1018.9,63,4,0
17.5,15.2,20,12.5,13.8,10.6,1019.7,64,2,0
18.4,16.4,20.5,14,15.5,13.2,1020.9,73,13,0
18.6,16.6,20.6,14.6,15.7,13.5,1021.8,73,69,0
19.2,18,20.6,16.2,16.3,14.3,1020.4,73,87,0.2
20.1,18.5,22.6,16.1,17.1,15,1019,73,32,0
18.7,17.2,20.6,15.2,16.5,14.9,1017.7,79,17,0
18.1,16.2,21.6,13.8,14.6,11.7,1016.2,67,5,0
16.7,14.4,19.3,12.3,12.3,8.1,1016.9,57,0,0
16.4,15.1,17.9,12.7,13.4,10.7,1017.9,69,41,0
17.9,16,19.8,13.8,15.7,14,1016.7,78,61,0
18.3,17.1,19.8,14.9,16.4,15.1,1017.6,82,35,0
18.4,17.7,19.4,15.9,16.4,15,1019.6,80,86,0
18.6,17.6,19.9,16.2,16.4,14.8,1019.8,79,57,0
19,17.9,20.4,16.3,17,15.6,1017.4,81,48,0
20.1,17.3,23.2,15.4,17.8,16.3,1014.4,79,7,0
19.6,18.8,20.8,16.4,17.6,16.2,1014.2,81,55,0
19,15.3,22.9,15.5,16.2,14.1,1015.3,74,56,0
15.8,13.2,17.7,12.6,13,10.5,1015.9,71,92,0
16.5,14.7,18.1,13.6,14.5,13,1015.3,80,94,0.4
18.1,17.5,19,16.1,16.1,14.7,1016.2,81,82,0
17.2,15.1,19.4,13.7,14.2,11.7,1017.5,71,56,0.7
16.5,14.7,18.1,13.4,13.5,10.9,1021.5,69,31,0
14.7,13.4,16.1,12.3,11.4,8.2,1024.6,65,67,0
15.3,13.7,16.6,12.8,12.1,9,1025.5,66,77,0
16.2,14.5,17.6,12.9,13.3,10.7,1023.3,70,36,0
18.4,15.6,21.2,13.5,15.7,13.7,1020.3,75,53,0
19.6,18.1,21.5,15.9,16.9,15,1019.7,75,53,0
20.3,18.2,23.3,15.2,17.1,14.9,1017.7,71,40,0
18.9,18.2,20.1,16.6,17.2,16.1,1015.6,84,76,0
20,18.5,21.8,17.1,18.3,17.2,1013.5,84,85,0
19,17.6,20.4,18.3,18.2,17.7,1014.8,92,99,0.3
18.7,17.7,20.2,16.8,17.8,17.3,1012.7,91,100,0
19.6,16,21,18.6,19.1,18.8,1008.6,95,93,2.3
13.7,11.4,16.2,12.6,11.9,10.1,1013.5,80,89,27.3
12.5,11.2,13.8,10.2,10.8,9.1,1017.4,80,91,6.4
11.2,9.8,12.9,9.1,10.1,9,1020.4,87,96,10.2
13.8,12.3,15.2,11.2,11,8.3,1021,70,88,0
15.8,14.5,17.3,12.8,13.4,11.4,1018.1,75,82,0
16.9,15.8,18.5,14.1,15.2,13.9,1015,83,88,0
17.3,15.6,19,15.6,15.4,14,1014,81,89,0
14,13.2,15.7,13.1,12.5,11.1,1015.4,82,91,0
15.1,14.1,16.3,13.3,14.3,13.6,1014.4,91,100,0.1
15.4,14.7,16.1,14.2,14.6,14,1015.7,91,100,0
17.3,15.9,18.8,14.5,16.2,15.4,1015,89,79,0
19.5,17.4,21.7,15.5,18.1,17.2,1012.8,87,77,0
20,16.7,23.6,16.5,17.8,16.4,1014.7,81,49,0
15.6,14.6,17,14,13.1,10.9,1019.2,74,90,0
16,14.5,17.7,13.6,13.5,11.5,1019.2,75,85,0
15.7,13.9,17.3,13.9,13.5,11.5,1019,76,89,1
17.1,15.4,19,13.3,15.1,13.6,1017.9,80,78,0
19.4,16.8,22.8,15.2,17.1,15.6,1016.4,79,69,0
17.6,13.7,20.4,15.9,15.3,13.6,1018.5,78,89,0
13.3,10.5,15.9,9.1,9.9,6.3,1023.1,63,59,0
15.2,12.5,18,10.1,11.8,8.4,1023,64,32,0
16.8,14.9,18.9,12.5,13.8,11.2,1023.7,70,49,0
16.4,14.8,17.8,12.7,13.3,10.6,1021,69,62,0
19.3,16.4,22.8,14,16.6,14.7,1017.1,75,37,0
20.3,17.8,24.1,15,17.8,16.2,1016.3,78,11,0
19.7,17.9,22.3,15.4,17.2,15.4,1015.3,76,14,0
20.7,18.5,23.2,16.4,17.9,16.1,1013.4,75,59,0
21.1,18.9,24.2,16.4,18.7,17.1,1012.3,78,7,0
21,17.7,25.3,15.9,18.1,16.2,1010.8,75,17,0
21.6,18.6,26,17.7,19,17.3,1012.1,78,59,0
15.4,12.9,19.4,14.9,13.5,11.9,1018.5,80,89,8.8
14.8,12.9,16.7,12.1,13.4,12.2,1019.1,85,96,0
18.9,16.6,20.4,14.5,16.9,15.6,1018.4,81,88,0
18.5,17.2,20.3,17.1,17,16.1,1017.3,86,83,1
17.7,14.3,21.2,12.4,13.7,10.3,1019.4,63,31,0
18.1,16.5,19.4,13.8,14.5,11.4,1019.4,65,55,0
19.9,18.3,22.8,17,16.8,14.6,1018.7,72,83,0
19.6,17,22.6,14.2,13.4,7.4,1020.2,46,23,0
19.1,17.3,21.1,14,15.6,12.9,1017.5,68,40,0
20.9,18.8,23.4,16.7,18.6,17.1,1015.9,79,58,0
21.6,18.2,25.1,17.6,19.8,18.8,1015.8,85,72,0
16.6,15.4,18.3,14.4,14.3,12.5,1022,77,94,0
16.6,14.9,17.9,13.3,13.1,9.9,1022.1,65,87,0
18,17.3,18.7,14.9,14.9,12.5,1019.3,70,90,0
18.3,16.9,19.7,14.9,16.8,15.8,1018.5,85,100,2.7
18.2,16.1,20.6,15,15.6,13.7,1019.7,76,90,1.3
18.5,16.9,20.1,14.5,14.6,11.4,1019.2,64,76,0
20.3,18.5,22.5,16.9,18.2,16.8,1017.8,81,73,0
22.2,19.8,25.3,17.7,19.6,18.1,1015.4,79,45,0
21.8,20.8,23,19.1,20.5,19.8,1012,89,82,0
22.9,20.5,26.9,20.6,21.1,20.1,1011.4,85,77,0
21.5,19.9,23.6,19.4,19.9,19.1,1014.3,86,74,0
20.7,19.1,22.6,18.4,18.9,17.9,1014.6,84,94,0
23,21.3,25.4,19.6,21.3,20.4,1011.8,85,92,0.1
22.6,19.5,26.5,17.3,19.1,17,1011,72,31,0
22.5,20.9,24.9,18.2,20.7,19.7,1010.2,84,73,0
24.4,22.2,27.7,21.1,22.4,21.4,1009.5,84,80,0.2
25.5,23.9,27.9,21.7,23.1,21.9,1007.9,81,86,0
23.7,20.7,26.2,22.8,22.2,21.4,1006.4,87,80,46.2
20.1,19.1,20.8,17,18.2,17,1008.3,82,84,0
19.8,18.9,20.7,18.1,18.6,17.9,1007.5,89,97,5.4
21,19.5,23,17.5,18.7,17.2,1010.8,79,86,0
19.9,17.1,22,15.1,16.7,14.4,1013.9,71,51,0.6
20.4,18.4,22.7,15.9,17.6,15.8,1015.1,75,44,0
21.9,20,24.2,17.9,19.8,18.5,1016.5,81,72,0
20.4,19.6,22.1,18.8,18.4,17.2,1017.1,82,91,0
21.9,20,24,18.7,19.9,18.9,1012.6,83,60,0
24,21.4,26.8,19.3,21.6,20.4,1010.3,81,66,0
20.7,18.8,24.2,19.8,19.9,19.4,1012.2,93,96,41.3
19.9,18.5,21.4,17.9,18.8,18.1,1013.6,89,92,17.9
20.2,19.5,21,19.5,19.4,18.9,1013.3,92,98,5
20.8,19.7,22.3,18.8,20,19.5,1011.9,92,99,0.2
24.3,21,26.4,19.9,23.1,22.5,1006.3,90,96,0.1
23.1,21.4,25.2,22.7,22.6,22.3,1008.7,95,96,46.6
21.4,21,21.8,19.9,20.2,19.5,1012.7,89,98,0.3
18.1,15.6,21.1,17.9,16.5,15.3,1015.7,84,91,4.2
17.8,15,21.1,13.9,14.1,11,1016.6,65,46,0
19.4,18.7,20.5,16,16.8,15,1016.2,76,96,0
21.1,19.7,23,17.6,17.9,15.8,1018.3,72,93,0
22.2,20.7,24.2,18.5,19.2,17.2,1016.8,74,59,0
22.6,20.7,25.8,19.1,20.4,19.2,1013.2,82,77,0
23.9,22.1,26.8,20.2,22.1,21.2,1010.2,85,84,0
23.7,21.9,25.1,21.9,22.7,22.2,1008.8,91,93,5.4
22.9,21.7,24.4,21.1,22.2,21.9,1008,94,95,2.3
26.5,24.1,28.6,22.7,24.4,23.5,1004.6,84,87,0
25.6,23.1,27.6,24.4,24,23.3,1005.5,87,92,1.2
21.6,19.9,23.3,21.5,20.5,19.9,1010.8,90,99,3.6
20.8,19.5,22.4,18.8,19.7,19.1,1012.5,90,93,1.4
23.1,21.3,26.8,20.8,21.8,21.2,1012.1,89,90,0
21.6,20.2,22.9,21.4,20.5,20,1013.3,91,96,3.2
22,20.1,24.2,19.3,20,18.8,1014.7,82,71,0
22.7,21,24.9,19.4,20.2,18.8,1012.5,79,73,0
24.2,22.8,26.2,22,23,22.5,1009.8,90,89,0
26.8,24.3,30,23.2,25,24.3,1009.6,87,83,0.3
27.8,25.8,31.8,24.1,25.3,24.3,1011,82,67,0
25.6,24,27.1,23.6,23.7,22.9,1011.1,85,86,0.8
24.9,23.6,26.7,22.7,23.3,22.5,1009.7,87,88,0
23.9,23.4,24.9,22.5,22.7,22.1,1011.8,90,92,3.2
24.5,23.3,26.4,22,22.9,22.1,1012.6,87,89,0.1
26.8,24.3,30.5,22.9,24.4,23.3,1010.5,82,68,0
28.1,26,31,24.4,25.4,24.2,1008.3,80,71,0
28.9,27.7,31,25.9,25.9,24.7,1006.2,78,83,0
29,27.4,32.2,25.9,26.5,25.4,1004.7,82,88,5.2
26.5,23.4,30.3,24.4,24.8,24.1,1005.3,87,87,30.4
24.7,23.5,26.9,22.3,22.2,21,1009.6,80,88,0
24.6,22.9,26.6,21.5,22,20.7,1010.8,79,76,0.2
25.7,23.4,29.6,21.6,22.4,20.7,1008.6,75,68,0
26.2,23.9,29.2,22,23,21.5,1007.2,76,37,0
27.1,25.4,30,23.4,23.8,22.2,1008.8,75,60,0
26.5,25.3,28.5,23.9,23.9,22.7,1011.5,80,85,0.1
26.1,25,27.8,23.3,23.5,22.3,1012.1,80,88,1.2
25.8,24.9,27.5,23.6,24.1,23.4,1010.5,87,85,0.5
26.8,25.3,28,24.6,25.1,24.3,1006.2,86,91,22.8
26.6,25.5,27.9,24.3,25.2,24.5,1004,89,88,1.8
28.3,26.2,31.9,24.7,25.7,24.6,1003.5,81,75,0
27.8,23.9,31.7,25.1,25.5,24.6,1003.1,83,88,27.6
26.8,24.8,28.9,22.9,25.3,24.6,1002.9,88,87,14.6
27.1,26.3,28.6,24.9,25.4,24.7,1004,87,80,0
27.5,25.8,30.3,24.3,25.2,24.3,1004.5,83,54,0
27.6,26.3,29.8,24.9,25.3,24.3,1006,82,84,0
28,26.7,30.7,25.3,25.3,24.1,1008,80,58,0
28.3,26.1,31,24.6,24.3,22.4,1007.5,72,64,0
27.7,26.2,29.3,24.9,25.2,24.1,1006,81,80,1.2
27.4,26.3,29.3,25.2,24.8,23.6,1004.7,80,74,0
26.3,24.5,29,25.2,25,24.4,1005.3,89,89,50.8
26.5,24.8,29.7,23.2,24,22.8,1009,81,85,1.5
26.2,25.1,27.9,23.3,22.8,21.1,1011.1,74,85,0
25.8,25,26.8,24.1,24.1,23.3,1011.6,86,89,1.7
27.4,25.5,31.4,24.1,25,24,1010.6,82,88,0
28.7,27.4,30.5,25.8,25.7,24.5,1006.5,78,88,0
27.5,25,29.5,25.5,25.4,24.6,1005.1,85,90,73.6
26.3,24.9,27.9,24,25.2,24.7,1006.4,91,91,54.7
25.9,23.7,27.8,25.1,24.8,24.3,1006.5,91,95,72.3
24.9,23.9,26.8,22.7,24.3,24.1,1006.3,95,97,131.3
26.1,24.2,27.7,24,25.2,24.8,1006.2,93,93,54.5
28.2,26.8,29.7,24.5,26,25.1,1005.5,83,92,4.4
26.3,24.2,28.2,24.4,25,24.5,1006,90,93,101.3
27.3,24.9,29.3,24.2,25.8,25.1,1005.5,88,90,73.2
27.7,24.3,30.2,23.9,25.6,24.6,1002.4,84,89,41.6
26.7,24.9,28.9,23.1,24.5,23.4,1002.9,82,85,0.4
27.1,24.9,29.4,24.3,25.5,24.9,1004.7,88,80,4.9
28.3,26.9,30.2,25.6,26.1,25.3,1005.5,84,80,7.1
29.2,27.2,32.2,25.4,26.3,25.1,1006.4,79,58,0
29.6,27.5,32.5,25.6,26,24.5,1004.6,75,43,0
29.6,27.7,32.3,25.9,26.1,24.6,1001.7,75,57,0
28.8,27.2,30.6,25.5,26.8,26,1002.5,85,83,29.9
29.4,28,32.2,26.2,26.8,25.8,1003.9,82,73,0
30,28,33.2,26.3,26.8,25.5,1003.7,77,39,0
29.6,26,33.2,26.4,26.9,25.8,1002,81,64,39.4
28,25.7,30.4,24.5,26.1,25.3,1004.9,85,89,39.3
26.5,25.2,28,24.6,25.7,25.4,1004.8,94,88,106.1
26.6,25,29,24.1,25.6,25.2,1004.1,92,89,73.1
25.9,23.9,27.5,24.8,25,24.7,1006.3,93,91,136.4
28.1,25.4,30.6,23.4,26.4,25.7,1007.3,87,73,5.2
28.6,27.1,30.9,25.9,26.5,25.6,1007.2,84,78,2.9
27.7,26.1,29.2,24.8,26.2,25.7,1004.6,89,86,30.3
27.1,25.1,28.3,25,25.5,24.9,1002.1,88,92,57.8
27.3,25.6,28.7,24.1,25.8,25.1,1004.7,88,88,11.8
27.9,26.3,29.6,25.4,25.9,25,1005.4,85,72,6.9
29.7,25.8,33.2,23.4,25.1,23,998.9,68,60,0
30.1,26.3,33,26.7,25.5,23.6,990.1,69,88,15.8
26.7,25.4,28.3,23.9,25,24.3,986.5,87,97,142.1
28.6,27.3,30.1,24.9,26.4,25.5,1002.6,84,91,8.8
28.1,27.1,29.9,25.6,26.6,26,1008.8,89,86,1.4
29,27.1,32.2,25.5,26.4,25.3,1008.8,81,60,0
29.1,27,32.1,25.3,26.1,24.8,1006.9,78,25,0
29.3,27.7,32.1,25.9,26.5,25.4,1004.4,80,70,0
29.5,28.5,30.9,26.9,27,26,1002.3,82,87,0
27,24.9,29.5,23.8,24.8,23.9,1003.7,83,90,41
29.3,27.4,31.5,25.2,26.5,25.4,1006.3,80,86,1.2
26,24.3,29.1,24,25,24.6,1007.6,92,92,114
27,25.1,29.9,23.4,25.3,24.6,1006.5,87,88,1
27.2,24.6,29.4,25.1,25.6,24.9,1003.3,87,89,37
26.8,24.4,29.6,23.4,25.4,24.8,1002.3,89,91,45.8
27,25.4,28.7,24.6,25.6,25.1,1004.7,89,86,10.8
27.6,25.8,30,25.3,26.3,25.8,1004.8,90,81,21.5
26.8,25.3,28.9,24.4,25.9,25.5,1005.3,93,86,87.3
28,26.3,30.8,24.9,26.2,25.5,1008,87,71,4.2
29.1,26.8,31.7,25.5,26,24.7,1006.9,78,51,0
28.1,26.1,31.3,26.2,25.9,25,1003.7,84,83,14.5
26.7,25.2,28.1,24.6,24.9,24.2,1003,86,94,17.7
27,25.5,28.9,24.5,25.7,25.2,1006.5,90,88,15.8
28.1,26.8,30.2,25.1,26.5,25.8,1006.9,87,77,0
28.8,26.8,31.5,25.2,26,24.9,1006.1,80,68,0
29.2,26.8,32,25.3,26.2,25,1005.6,78,32,0
29.9,27.9,32.4,26.2,26.7,25.3,1005.7,77,58,0
30.2,28.7,32.7,27.2,26.9,25.6,1004.9,76,71,0
28.6,25.1,31.3,27.3,26.2,25.2,1004.3,83,88,11.3
26.9,24.3,30.2,24.9,25.5,25,1006.2,90,86,54.5
27.7,25,29.6,23,26,25.3,1010.3,87,80,0
29.1,26.9,31.8,24.9,26,24.7,1011.2,77,22,0
29.3,28.1,31.2,26.3,26.9,26,1010.6,83,74,0.2
29.7,28,32.2,26.3,26.7,25.6,1008,79,64,0
30.1,27.9,32.9,26.2,26.5,25,1005.6,75,54,0
30.3,28.2,33.4,26.3,26.7,25.3,1006.3,75,35,0
30,28.4,32.2,26.4,27.1,25.9,1007.9,79,54,0
29,26.9,31.1,26.9,26.9,26.1,1008.3,85,81,20.9
28.9,26.9,30.6,25.7,26.5,25.5,1009.7,82,86,1.6
28.8,24.3,31.8,26,26.3,25.3,1008.9,82,83,32.1
29,24.6,32.6,22.5,25.6,24.2,1008.3,76,78,0.5
29.5,27.8,31.8,25.8,26.5,25.3,1008.5,78,64,0
29.1,27.3,31.9,25.6,26.3,25.2,1006.5,79,78,0.6
28.5,26.8,30.4,25.3,25.5,24.2,1004.1,78,82,0.1
29.1,26.8,32.2,24.5,25.9,24.6,1003.6,77,79,0
29.8,28.2,32.5,26.2,25.9,24.2,1003.9,72,70,0
29.2,27.8,30.4,25.9,26.1,24.9,1004.7,78,72,1.3
29.9,27.9,33.2,25.7,26.1,24.6,1005.9,73,49,0
30.1,28.3,32.9,26.3,26.7,25.4,1005.2,76,56,0
30.2,27.8,32.9,26.2,26.7,25.3,1003.4,76,28,0
31,29,34,26.8,27.2,25.6,1002.2,74,35,0
30.9,29.3,33.4,27.3,27.5,26.1,1001.8,76,70,0
30.3,29.1,32.2,26.9,27,25.7,1003.1,77,69,0
30.4,28.9,32.6,26.6,26.9,25.4,1002.9,75,73,0
29.3,26.1,32.1,26.1,26.3,25.1,1001.7,78,88,32.3
27.3,26.5,28.5,25,25.7,25,1000.2,88,89,17.4
26.9,25.6,28.3,24.8,25.9,25.5,1000.1,92,91,51.9
26.5,25.4,28.5,24.3,25.9,25.6,1001.7,95,95,90.6
29.1,26.9,30.6,25.8,26.7,25.7,1003.6,82,88,3.6
27.2,25.2,29.2,25.3,26.2,25.7,1003.9,92,92,133.2
26.2,25.2,27.4,24.3,25.4,25.1,1004.5,94,92,33.3
26.1,25.1,27,24.3,25.1,24.7,1007.3,92,92,73.9
26.6,25.3,28.3,24.4,24.7,23.9,1007.2,85,86,0.2
25.9,24.6,26.6,24.5,24.9,24.4,1006.8,92,91,100.8
27.5,25.9,30.3,24.6,25.7,24.9,1007.1,86,84,4.4
26.8,24.9,28.8,24.6,25.5,25,1008,90,83,98.7
27.2,25.4,29.1,24.2,25.2,24.4,1007.3,85,67,32.3
27,25.6,28.5,24.2,24.9,24,1007.5,84,83,1.5
27.4,26.5,28.1,24.7,25,24,1008.2,82,85,0
27.8,26.9,29.7,25.3,25.5,24.5,1008.7,82,85,0
28.4,26.8,31,25,25.2,23.8,1009.2,77,76,0
28.4,26.7,30.5,24.8,25.6,24.5,1008.2,79,59,0
27.9,25.6,29.8,25.1,25.5,24.5,1008.4,82,61,6
29.2,27.2,32.5,25.1,25.3,23.5,1007.6,72,47,0
29.4,26.8,32.4,23.6,23.4,20.4,1007.7,59,6,0
29.7,27.2,32.6,24.4,25.1,23,1006.6,68,9,0
30.1,28,32.9,25.6,26.4,24.9,1006.1,75,31,0
30.5,28.2,33.8,25.6,25.8,23.7,1005.3,68,65,0
28,24.9,30.9,25.5,24.8,23.4,1005.6,77,88,52.6
26.5,24.9,28,23.8,24.9,24.2,1010.3,88,89,26.4
27.5,26.4,29,23.8,24,22.4,1011.7,74,50,0
28.2,26.1,30.2,23.6,23.4,21,1009.7,66,40,0
29.2,26.3,31.9,22.9,23.4,20.5,1007.5,60,39,0
29.7,27.2,32.4,23.4,23.1,19.7,1005.6,55,27,0
29,27.4,30.9,24,23.3,20.4,1004.9,60,68,0
29.1,26.7,32.1,23.3,22.9,19.8,1005.7,57,17,0
29.1,26.5,32.3,23.3,23.4,20.6,1007.7,60,37,0
29,26.6,31.8,23.3,23.5,20.8,1008.7,61,35,0
29,26.6,31.6,23.2,23.5,20.8,1010.1,61,16,0
28.6,25.6,30.8,23.8,23.9,21.7,1012.8,67,59,9.2
27,25.8,28.2,23.4,23.7,22.2,1014.7,75,71,0
27,26.2,28.5,23.4,23.9,22.5,1014.2,76,60,0
27,24.8,29,23.4,24.2,23,1014.4,79,73,0.7
26.5,24.8,28,22.9,23.3,21.8,1014.2,75,84,0.2
26.6,25.4,28,22.6,23.5,22.1,1013.7,76,82,0
26.9,26,28.1,23.6,24.3,23.2,1012.9,80,65,0
27.4,26,29.9,23.8,24.7,23.5,1012.1,79,65,0
26.8,25.5,28.8,23.2,22.9,20.9,1012.4,71,86,0
26.1,24.7,27.5,22.3,22.1,19.9,1014.6,69,85,0
26.5,25.4,27.9,22.9,22.8,20.9,1015.4,71,47,0
26.1,24.9,27.4,22.5,22.3,20.3,1014.9,71,55,0
25.6,24.9,26.7,22.5,21.9,19.9,1013.1,71,64,0
25.7,24.9,27,22,21.9,19.9,1012.1,70,72,0
26,24.4,28,21.9,22.9,21.5,1012.1,76,63,0
27.4,24.7,31.2,22.1,21.9,18.9,1010.4,61,23,0
26.8,24.1,29.7,21,21.4,18.4,1011.8,60,20,0
25.9,24.6,27.3,21.7,22.4,20.7,1015.9,73,69,0.5
25.2,24.4,26.5,22.3,21.4,19.4,1018.7,70,60,0
25,23.7,26.5,21.3,21,18.8,1017.4,69,47,0
25.3,23.6,26.9,20.8,22,20.2,1015.6,73,44,0
26,24.1,27.9,21.2,22.2,20.2,1016.1,71,68,0
25.6,24.6,26.7,21.8,22.2,20.5,1017,74,66,0
25.7,24.7,27.2,22.3,22.4,20.7,1015.8,74,39,0
25.2,24.3,26.2,22.2,21.9,20.2,1015.1,74,42,0
25.4,24.2,27.2,21.8,22.7,21.3,1014.8,79,48,0
26,24,28.3,21.8,23.4,22.1,1014.4,79,43,0
26.3,24.9,28.5,22.5,22.5,20.5,1015,71,61,0
24,22,25.2,19.7,20.5,18.5,1017.5,72,88,0.1
24.2,22.7,25.6,20.6,20.8,18.9,1017.9,72,74,0
24.9,23.8,26.6,22.4,21.7,19.9,1017.6,74,67,0
25.8,24.3,27.9,22.5,22.9,21.5,1017.1,78,44,0
25.7,25,27.3,22.9,23.4,22.4,1015.6,82,74,0
26.2,24.9,28.3,23.1,24.1,23.2,1014.7,84,55,0
24.8,23.6,26,23.2,22.5,21.4,1016.6,81,90,0.7
25.4,23.5,27.9,21.8,21.8,19.9,1018.6,72,36,0
22.7,21.3,24.3,19.9,18.1,15.1,1020.6,63,65,0
22.7,21.4,24.1,20.4,18.8,16.3,1019.1,67,63,0
22.8,20.7,24.5,18.8,19.2,17,1016.9,70,22,0
22.8,20.4,25,18.3,17.2,13,1016.2,55,59,0
22.1,19.3,24.2,17.5,16.5,12.2,1016.2,54,37,0
22.2,20,24.2,17.7,16.7,12.6,1016.3,55,66,0
22.1,20.7,23.2,18.1,17.1,13.5,1017.1,59,76,0
21.2,18.6,22.8,20.5,17.3,14.6,1018.5,67,98,1
17.7,14.1,21.7,14.6,12.9,8.5,1021.9,55,99,1
16.5,13.1,19,10.7,11.1,5.1,1022.7,48,91,1.1
18.5,15.6,21.1,12.7,12.5,6.5,1021.7,46,12,0
19.1,16.2,21.9,12.8,13.6,8.6,1021.8,51,0,0
19.7,17,22.4,14.1,14.9,10.7,1022.1,57,0,0
19.8,17.7,22.5,14,13.8,8.2,1021.8,48,0,0
19.6,17.3,21.9,13.9,13.8,8.5,1021.9,50,1,0
19.5,17.1,21.7,13.6,14.6,10.3,1021.2,56,1,0
19.6,17.3,21.8,13.9,15.3,11.8,1020.2,62,3,0
20.1,18.3,22.5,15.1,16.3,13.4,1018.5,67,11,0
20.2,17.8,22.8,15.1,16.5,13.8,1016.3,68,6,0
20.4,18.6,22.8,15.5,16.4,13.4,1016.5,65,8,0
20.9,19.1,22.8,15.5,16.2,12.4,1020.8,60,16,0
20.4,18.9,21.8,16,17,14.6,1020.5,70,24,0
20.9,19.8,22,17.8,18.9,17.6,1016.4,82,90,0.2
22.2,21.3,23.5,19.4,21,20.4,1014.9,89,84,0.3
22.7,21.3,25.1,19.4,21,20.1,1015,86,56,0
21.7,20.9,22.9,19.7,19.9,18.8,1015.9,84,70,0
21.8,21.2,22.8,19.3,19.5,18.1,1016.5,80,84,0
21.6,20.7,22.7,20.1,19.5,18.3,1016.6,82,72,0
23.2,21.2,26.2,19,19.9,18,1014.8,73,36,0
22.1,21.3,23,20.2,19.7,18.3,1015.9,79,75,0
21.4,18.8,22.4,19.6,18.6,16.7,1017.9,75,93,0
19.5,17.5,20.7,17,16.6,14.6,1018.9,74,88,0
20.1,19.2,21.4,17.7,18.2,16.9,1018.2,82,94,7.1
20.9,19.6,22.2,18.7,19.5,18.7,1018.5,87,98,9.6
21.3,19.5,23.6,18.9,19.4,18.2,1018.7,83,92,7.8
20.2,19.4,20.9,18.8,18.4,17.2,1018.8,83,88,0
21,20,22.5,18.9,19.2,18.1,1019.3,84,84,0
18.6,14.9,21.3,17.9,15.9,13.7,1022.9,73,84,0
15.1,13,17.4,12.7,12.1,9.3,1027.3,68,90,0
17.1,15.5,18.6,13.9,14.2,11.9,1025.2,72,83,0
18.9,17.9,20.1,16.8,16.6,15,1022,78,94,0
20.5,18.8,21.5,18.7,18.7,17.6,1020.8,83,96,1.7
17.3,15.2,19.2,17.2,16.5,15.9,1022.8,92,99,18.4
17.4,15.2,19.4,14.7,15.4,13.9,1024.7,80,73,0
18.7,17.2,20.2,15.9,16.4,14.7,1024.8,78,84,0
14.5,11,18.2,13.3,11,7.3,1026.7,62,51,0
11.7,8.9,14.3,7.3,7,0.2,1027.7,45,14,0
13.9,11.3,16.7,8.9,8.7,1.9,1025.8,45,31,0
15,12.6,17.3,8.9,10.7,6,1025.3,56,38,0
15.8,13.5,17.9,10.3,12.4,9.3,1027.6,66,17,0
15.8,14,17.6,11.5,12.8,10.1,1027.8,70,46,0
16.2,14.7,17.6,12.1,13.2,10.6,1027.4,70,39,0
15.7,13.4,18.5,10.4,11.1,6.3,1027.2,54,6,0
15.6,13.1,18.2,10,10.8,5.7,1024.7,53,3,0
16,13.9,18,10.3,12.3,8.9,1022,63,3,0
17.4,15.1,21.1,11.9,13.9,10.9,1019.8,67,7,0
18.9,16.4,22.5,12.5,14.8,11.5,1020.9,63,23,0
18.1,16.4,20,12.2,12.8,7.6,1025.4,51,8,0
16.4,14.3,18.8,0,11.9,7.4,1025.7,55,14,0
16.9,14.7,19.8,11.1,13.4,10.4,1024.6,66,7,0
18,15,21.2,11,13.1,8.4,1021.8,55,15,0
18.5,16.8,20.8,12.7,15.7,13.5,1022.3,73,18,0
19.2,16.5,22.2,12.9,15.8,13.2,1023.2,69,6,0
18.3,17.3,19.8,13.3,14.5,11.2,1025.1,64,8,0
17,15.7,17.8,12.9,14.5,12.5,1024.7,75,32,0
18.1,16,20.8,13.2,16.3,15.1,1021.2,82,57,0
19.2,16.9,22,13.7,17.2,15.8,1017.8,81,18,0
20.2,18.6,22.1,15.4,18.5,17.4,1017.8,84,84,0
21.5,19.7,23.7,17.2,19.2,17.8,1016.9,80,82,0
21.2,20,22.7,17.3,19.5,18.4,1014.7,84,89,1.7
19.7,18.9,20.2,18.1,19,18.5,1014.3,93,98,1
21.6,19.9,24.7,17.8,20.3,19.5,1014.1,88,56,0
20.6,18.4,23.6,16.6,19.4,18.7,1013.2,89,47,0
19.6,18.8,20.5,18,18.6,18,1014,90,92,1.9
17.5,16.8,19.6,16.3,16.4,15.6,1017.4,89,92,0.5
15.8,12.2,17.5,16.1,14,12.5,1020,80,93,0
12.9,9.5,15.7,8,9,4.4,1022.3,57,4,0
14.3,11.7,16.6,9,10.4,6.3,1023,59,45,0
15.8,14.2,17,11.2,12.2,8.8,1023.1,63,60,0
16.3,15.5,17.2,12.8,13.9,11.9,1020,76,92,0
16.5,14.7,18,14.8,15.3,14.5,1016,88,100,0.2
14.2,12.4,15.5,13.8,12.8,11.6,1017.6,85,95,13.7
12.2,11,13.3,11,11.6,11,1020.8,93,99,6
12.6,11.5,13.4,10.9,11.3,10,1023.4,84,96,0
13.8,11.9,15.8,11,11.6,9.5,1025.6,76,90,0
15.3,13.8,17,12.1,12.7,10.5,1025,73,48,0
15.9,14.2,17.6,11.8,13.7,11.9,1024,77,27,0
15.7,13,17.2,12.8,13.3,11.2,1022.8,75,91,0
13,10.1,15.5,9.7,11.2,9.5,1023.5,80,87,2.6
15.1,14.1,15.9,12.8,12.4,9.9,1021.4,71,87,0
16.4,15.2,17.6,13.8,13.9,11.8,1019.4,74,88,0
16,14.9,17.6,14.6,14.6,13.5,1018.7,85,100,1.9
16.2,15.3,17.1,14.5,14.7,13.5,1017.8,84,89,0.1
17.6,16.6,18.7,15.2,15.6,14.2,1017.4,80,93,0
18,16.3,20.1,15.3,16.1,14.8,1017.9,82,81,0
18.7,17,20.5,15.4,17,15.9,1017,84,76,0
18,16.8,18.9,16.3,15.3,13.1,1019.5,74,88,0
16.7,15.7,18,13.3,13.4,10.6,1023.1,67,70,0
16.8,15.1,18.6,12.4,13.5,10.7,1022.5,68,16,0
17.8,15.9,20.2,12.8,15.4,13.5,1020.3,76,21,0
18.6,16.7,20.5,13.5,16,14.1,1022.1,75,47,0
17.8,16.7,19.2,15.6,15.7,14.1,1023.3,79,64,0
18.3,16.5,20.2,15,15.7,13.8,1021.7,75,72,0
20.6,17.7,24.1,15.1,17.3,15,1020.8,71,23,0
19.6,18.6,20.9,16.1,17.1,15.4,1022.8,77,35,0
18.9,17.6,20.3,15.1,15.8,13.6,1025,71,40,0
17.5,15.8,18.9,14.2,14.9,12.9,1025.8,75,85,0
19.1,16.7,21.4,14.3,16,13.7,1023.1,71,41,0
20.6,18.4,23.5,15.9,18.1,16.6,1021.8,78,14,0
20.1,18.9,21.4,16.4,18.6,17.7,1019.5,86,55,0
20.2,19.1,21.6,17.1,18.1,16.8,1020.1,81,79,0
18.9,17.5,20.4,16.9,16.7,15.2,1020.6,80,58,0
20.3,18.3,23.2,16.1,18.3,17,1018.5,81,32,0
21.2,19.7,23.1,17.4,19.5,18.5,1016,85,74,0
21.7,19.7,24.5,17.4,19.8,18.7,1015.8,83,56,0
21.7,20.7,23.3,19,20.1,19.2,1016.7,86,85,0
21.4,20.1,23.4,18.1,19.3,18,1016.2,81,53,0
20.5,19.9,21.6,17.9,18.7,17.6,1016.8,84,80,0
20.4,19.1,21.8,17.9,18.1,16.7,1016.5,80,81,0
21.2,17.9,25.6,18.6,18,16,1015.7,73,74,0
17.5,14.9,20.9,12.7,11.8,5.8,1019.7,47,43,0
18.1,15.6,20.6,12.4,12.8,7.7,1021.7,51,32,0
19.5,17.3,21.7,13.7,15,11.2,1022.7,60,60,0
20.4,19,22.1,15.8,16.6,13.7,1021.7,66,85,0
21.1,19.6,23.3,17.2,18.6,17,1019.8,78,66,0
21.7,19.9,24,17.4,19.1,17.5,1018.5,78,57,0
21.9,20.5,24,17.9,20,19,1017.6,84,68,0
22,21.2,23.1,18.9,20.5,19.7,1015.1,87,82,0
22.7,21.1,24.8,19.4,20.9,19.9,1012.9,85,87,0
24.3,22.6,26.3,21.1,22.3,21.2,1011.3,83,86,0
23.2,20.4,26.1,21.9,21.9,21.3,1012.7,89,94,1.1
20.9,20,21.7,19.2,19.2,18.2,1017.8,84,98,0
20.7,19.6,22.2,18.4,17.6,15.6,1021.8,73,90,0
21.5,19.4,24.3,16.7,17.4,14.6,1020.1,65,44,0
22.7,20.6,25.9,18.4,20.2,18.7,1016,79,66,0
23.5,21.3,27.3,18.9,20.7,19.1,1011.9,76,46,0
23.5,22.2,25.5,19.5,21.5,20.5,1009.8,84,82,0
20.3,18.8,23.6,19.8,19.7,19.3,1011.9,94,96,130
19.6,19.1,20.2,18.7,19.1,18.8,1011.7,95,93,33.7
20.7,19.4,23.2,18.7,19.6,18.9,1012.8,90,84,0.1
21.2,20.8,22,19.4,20.1,19.5,1011.9,90,89,0
22.8,21.2,24.7,20.5,21.9,21.4,1011.8,92,91,0
22.5,21.8,23.3,22,21.9,21.6,1011.8,95,89,2.3
24.5,21.9,26.8,21.2,23.2,22.5,1011.6,89,91,57
22.3,21.4,24.2,21.1,21.5,21,1013.2,93,96,13.6
21.6,21.2,22.3,20.5,20.4,19.8,1015.4,89,90,0.9
22.7,20.8,25.3,19.7,20.6,19.4,1016.1,82,54,0
24.8,22.2,28.3,20.6,22.5,21.4,1013.8,82,71,0
25.8,24.3,28.1,22.5,23.4,22.3,1010.3,81,76,0
25.8,24.3,28.1,22.4,23.5,22.4,1009.7,82,72,0
26.1,24.7,28.6,22.8,23.4,22.1,1010,79,80,0
25.9,21.3,27.8,23.1,23.4,22.3,1010.7,81,85,9.2
26.2,24.6,28.2,22.5,23.4,22,1011.6,78,81,0
26.4,24.7,28.5,22.6,23.5,22.1,1011.8,78,61,0
25.8,23.2,28.7,22.7,23.5,22.4,1012.2,82,79,0.1
22.3,20.6,23.4,21.5,21.2,20.6,1013.4,90,99,2.9
18.8,17.8,21.1,17.4,16.7,15.2,1017,80,94,0
19.8,17.8,21.9,16.3,17,15,1018.6,74,69,0
21.6,19.5,24.3,18.1,18.4,16.3,1016.1,73,32,0
23.4,21,26.2,18.7,21.6,20.6,1012.6,84,60,0
25.3,23.3,28.3,21.6,23.5,22.7,1012.4,86,76,0
25.7,24,28.8,22,23.8,22.9,1013.1,85,76,0
26.1,24.2,29,22.5,23.9,22.9,1012.7,83,83,0
23.8,22.9,25.3,22.8,22.2,21.4,1015,86,90,0
23.2,22,24.8,21.5,21.4,20.5,1016.2,85,88,0
24.9,23,27.6,21.6,22.8,21.7,1013.1,83,52,0
25.9,23.4,29.5,21.8,23.1,21.7,1010.6,78,32,0
26.5,24.5,29.4,22.4,24,22.8,1011,80,56,0
27.2,25.5,29.6,24,24.7,23.5,1012.5,81,52,0
27.1,25.2,29.7,23.3,24.7,23.6,1011.9,81,58,0
24.5,23.5,26.5,23.6,22.5,21.5,1014.2,84,92,0
22.9,22.4,23.8,21.8,21,20,1014.8,84,98,0
23.4,22.5,24.8,21.8,21.5,20.5,1014.1,83,92,0
24.1,23.1,25.8,22,22.3,21.4,1013.4,85,88,0.2
25.5,23.9,28.2,22.8,23.7,22.9,1011.6,85,79,0
26.4,24.9,28.6,23.7,24.3,23.3,1010.4,84,53,0
26.3,25,28.4,23.7,24.1,23.1,1010.1,83,53,0
27.2,25.3,29.9,23.8,24.6,23.4,1011.9,81,53,0
27.5,25.7,30.2,24,24.7,23.4,1012.6,79,48,0
27.4,25.7,29.9,24,24.5,23.2,1012.3,79,68,0
27.1,25.9,29.3,24.4,24.4,23.1,1011,79,79,0
27.1,25.7,29.1,24.4,24.6,23.5,1009.9,81,64,0.2
27.7,25.8,30.6,24.2,24.6,23.2,1009.6,77,29,0
27.7,26.1,30,24.7,24.7,23.3,1011.2,77,65,0
26.4,25.2,28,24.6,25.1,24.6,1011.2,90,88,19.3
26.8,24.2,29.5,23.6,24.9,24,1010.1,86,89,56.3
27.6,24,30.2,23.1,24.7,23.4,1010.3,79,82,31.3
26.6,25.5,28.4,25.5,25.3,24.7,1012.2,89,93,29.7
26.5,24.7,28.8,24.2,24.9,24.2,1011.6,87,81,6
27.6,24.1,29.9,25,25.4,24.5,1008.4,83,84,21.2
26.4,23.9,28.4,22.6,23.8,22.5,1007.9,80,90,1.4
26.4,23.5,29,24.1,24.4,23.5,1008.5,85,90,18.2
24.4,22.3,26.5,21.9,23.1,22.5,1008,89,92,23
25.4,24.6,26.8,23.3,24.1,23.5,1007.6,89,85,5.1
25.7,24.5,27.7,24,25,24.8,1004.9,94,88,34.3
26.2,25,27.8,24.7,25.2,24.8,1003.9,92,95,7.2
29.2,27.2,30.7,25.9,26.6,25.6,1003.3,81,89,0
29,26.4,30.9,0,26.6,25.7,1005.1,82,89,13.9
27.7,25.7,30.3,25,25,23.8,1008.4,80,91,3.4
26.6,25.1,28.2,23.4,23.3,21.7,1011.3,75,89,0
26.4,24.8,28.9,23.9,22.1,19.8,1011.1,68,88,0
26.8,25.2,29.3,22.3,21.5,18.5,1010.2,61,83,0
27.2,25.2,29.9,23.2,23.6,21.9,1009.3,73,63,0
27.3,26.1,29.2,24.7,24.1,22.7,1008.7,76,70,0
27.8,25.9,30.1,24.3,24.7,23.3,1007.7,77,57,0
28,25.8,31.8,25.4,25.3,24.2,1006.3,80,78,4.9
28,26.5,31,24.6,24.9,23.5,1004.6,77,78,0.2
28.1,26.7,30.9,25.1,25.9,25,1003.8,84,84,3.8
26.4,24.2,27.9,25.8,25,24.4,1004.4,89,89,3
26.6,25.7,27.8,24.9,24.1,22.9,1004.9,80,85,0
27.6,26.2,29.5,24.9,24.8,23.6,1005.1,79,84,0
27.4,26.5,28.4,25.6,25.2,24.3,1004.9,83,82,1
27.8,25.9,29.9,25.1,25.5,24.5,1004.1,83,75,3.3
28.5,26.6,31.2,25.3,25.2,23.7,1004.7,76,42,0
28.7,27.1,31.4,25.9,25.8,24.6,1005.2,79,53,0
26.8,24.5,28.5,26.2,25.4,24.8,1005.9,89,82,24.7
27.9,25.6,30.2,24.1,25.8,25,1005.4,84,87,9.7
27.7,23.9,29,23.6,26,25.3,1006.3,87,95,109.2
28.1,26.4,30.2,25.5,26,25.2,1007.6,85,89,6.4
29,27.8,31.3,26.2,26.1,24.9,1007.5,79,86,0
29.3,27.6,31.8,25.8,25.7,24.2,1007,74,84,0
29.5,28.5,31.2,26.6,26.2,24.8,1006.3,76,86,0
29.1,26.8,31.1,25.2,26.3,25.1,1006.7,79,85,11.9
29.4,26.8,31.5,26.4,26.3,25.1,1006.6,78,86,9.6
29.4,27.9,30.9,25.1,26.4,25.2,1006.8,78,85,0.5
29.3,27.5,31.3,26.1,26.3,25.2,1006,79,83,6.8
28.7,26.1,30,25.2,26.4,25.5,1005.2,83,84,15.6
29.6,28.1,32.6,26,26.9,25.9,1005.4,81,71,2.5
28.9,26.8,31.2,26,26.9,26.1,1007.2,85,72,5.5
29.3,28.1,32.4,26.8,27.2,26.4,1008.6,85,82,9.4
30.2,28.6,33.1,26.3,26.7,25.2,1008.4,75,51,0
30.1,27.2,33.5,26.2,26.7,25.2,1008.8,76,43,11.8
30.5,28.9,33.4,27.1,26.8,25.3,1009.3,74,50,0
30.5,28.9,33.1,26.9,26.8,25.3,1009.5,74,62,0
30.4,29.2,32.5,27.4,26.7,25.1,1008.9,74,81,0
30,27.2,32.2,25.8,26.6,25.2,1007.2,76,86,2.3
29.9,29,32.2,27.2,26.5,25.1,1005.1,76,88,0.6
29.5,25.9,31.5,24.6,26.7,25.6,1004.7,80,88,11.5
28.7,26.3,31.7,25.9,26.4,25.4,1005.8,83,88,4.7
29.3,27.3,32.5,25.1,26.5,25.4,1004.4,80,78,0
29.5,27.1,32.5,26.4,26.3,25.1,1001.3,78,50,12
30.4,28.2,33.6,27,27.3,26.1,1000.3,78,60,0
28.8,26.7,30.7,25.5,27,26.3,999.8,86,86,5.6
28.3,26.8,30.3,27.1,26.2,25.4,997.9,85,86,12.5
28.5,25.8,32.2,25.5,25.6,24.3,996.9,79,86,0.5
28.9,26.5,32.7,25.3,25.6,24.2,996.7,77,80,9.3
29.5,26.9,32,25.4,25.8,24.2,998.1,74,73,0
30.3,27.2,32.8,26,26.8,25.4,1000.1,76,69,0
30.4,28.4,33.3,27,26.5,24.9,1001,73,39,0
30.8,28.7,33.3,27.3,27.2,25.8,1000.4,75,60,0
30.8,28.5,33.1,27.2,27.8,26.6,1000,79,57,0
30.5,29,32.7,27.6,27.2,25.9,1001.4,77,55,0
28.2,26.1,30.3,25.9,26,25.1,1002.9,84,82,24.3
29.3,25.2,32.1,24.9,26.8,25.8,1004.3,82,90,38.2
29.7,28.7,30.9,27.4,26.8,25.7,1003.6,79,88,0.9
29.5,28.6,30.3,26.4,26.7,25.6,1005,80,90,0.2
29.3,26.7,30.4,25.8,26.8,25.9,1007.2,82,88,8.8
29.2,26.6,32.3,25.1,26.6,25.6,1007.5,82,83,0.8
28,25.3,31.9,26.3,25.8,24.9,1006.6,83,86,17.9
28,24.7,30.5,24,25.7,24.8,1005.3,83,83,8
29.2,27.5,31.8,25.7,26.5,25.4,1004.5,81,81,0
29.4,26.6,32.1,25.6,26.6,25.5,1002.1,80,83,0.9
27.9,25.5,31.4,25,26,25.2,1001,86,89,41.8
27,26.1,28.1,25.7,26.1,25.7,1003.7,93,88,17.7
26.7,25.2,28.7,25.7,25.6,25.2,1006.1,92,88,16
26,24.5,28.6,23.6,25.1,24.8,1006.4,93,88,71.8
26.8,25.6,28.6,25.1,25.9,25.5,1006.9,93,90,7
27,25.8,28.4,0,26,25.5,1006.1,92,88,10.4
28.8,25.8,31.5,24.7,25.8,24.5,1004.4,79,39,0
29.2,26.2,31.6,24.3,26.5,25.4,1002.8,80,86,0
27.6,25.9,30,25.8,25.8,25.1,999.2,87,87,13.3
27.1,25.9,28.4,25.4,25.2,24.4,993.2,86,88,19.4
27.1,25.1,29.8,24.1,25,24.1,994.2,84,90,6.2
27.8,24.2,29,24.6,25.7,24.9,1000.6,84,92,43.7
28.7,27.5,30,26,26.2,25.2,1003.2,82,87,1.2
28.9,27.9,30.6,26.2,26.3,25.2,1003.8,81,88,0
26.6,24.7,28.9,26.5,25.5,25.1,1004.8,92,93,91.7
26.2,24.4,28.2,23.7,25.4,25.1,1007,94,89,90.5
27.7,26.2,30.1,25.5,26.2,25.7,1009.3,89,83,3
28.3,26.6,30.9,26.3,26.2,25.4,1009.7,84,78,0.8
28.6,27,31.1,26.2,26,25,1008.1,81,63,0
28.7,27.3,31.1,26,26,24.9,1005.9,80,61,0
29,27,31.5,25.9,25.8,24.5,1004,77,76,0
29,28.2,30.4,26.6,25.8,24.4,1002.5,76,88,0
28.9,27.7,30.5,26.7,25.9,24.6,1002.4,78,88,1
27.2,25.6,28.5,25.5,25.4,24.7,1002.4,87,89,51.6
27.2,25.7,28.3,24.9,25.8,25.2,1002.5,89,88,26.8
27.5,26.1,29.4,25.6,26.3,25.8,1007.2,91,87,14.6
28,26.7,30.1,26.2,26.4,25.8,1010.8,88,68,0
29,26.9,31.5,26.1,26.1,25,1011,80,37,0
29.1,27.2,31.4,25.8,25.3,23.7,1010.9,73,25,0
29.1,27.2,32.1,25.7,25.6,24.2,1010.4,76,26,0
29.3,27.6,32.1,26,25.8,24.3,1008.5,75,47,0
29.3,27.8,31.6,26.2,26.5,25.3,1007.1,79,61,0
29.7,28.3,32.4,26.6,26.8,25.6,1006.8,79,71,0.4
29.5,26.9,33,25.5,25.9,24.4,1007.8,75,38,0
29.8,27.4,32.8,25.4,25.2,23.2,1007.2,69,16,0
29.6,27.2,32.9,26.5,26.3,25,1005.7,77,35,1.7
29.2,27.8,31.8,25.8,26.1,24.8,1005.9,77,38,0
29.6,27.6,32.9,26.1,26.2,24.8,1008.3,76,31,0
29.4,26.9,32.1,26.5,25.7,24.1,1010,74,43,0.6
27.8,25.1,30.6,26,25.2,24.1,1009.9,80,73,6.8
28.2,26.2,30.9,25,24.4,22.7,1008.9,73,43,0
29.1,26.7,31.9,24.7,24.2,21.8,1007.7,65,38,0
30,27.3,33.4,25.7,25.4,23.4,1005.5,69,55,0
29.1,27,31.7,24.7,22.1,18.2,1003.9,52,10,0
28.2,25.6,31.7,23.1,22.5,19.4,1004.9,59,31,0
28.7,26.3,31.6,24.2,24.8,23.1,1006.3,72,52,0
28.2,25.9,31.7,25.8,25.7,24.6,1004.8,82,86,49
26,23.8,28,24.9,24.3,23.5,1003.3,86,94,39.5
26.5,24.4,27.7,24.3,24.7,23.9,1008.2,86,89,17.8
26.6,25.3,28,25.1,25.4,24.9,1009,90,84,9.2
26.1,24.7,27.2,25.5,25.2,24.8,1007.7,92,90,56.2
25.3,24.3,26.1,23.9,24.9,24.7,1005.7,96,97,161.1
25.4,24.1,27.8,24.4,24.9,24.7,1006,96,95,121.9
24.7,23.9,25.9,23.8,24.2,24,1008.4,96,98,162.8
27,24.7,29.4,24.2,24.4,23.3,1012,81,74,3.5
27.8,26.3,29.7,24.7,24.6,23.2,1012.9,76,75,0
27.5,26.4,28.9,24.8,24.4,23.1,1012.8,77,38,0
27.5,26.6,29.2,24.9,24.8,23.6,1011.8,79,69,0
26.1,24.5,27.4,24,24.4,23.7,1012.5,87,90,83
26.3,24.6,27.8,24.3,23.2,21.7,1013.4,76,89,0
25.4,23.9,26.5,24.7,22.8,21.6,1013.8,79,88,0.4
25,24.2,26.2,23.9,23.6,22.9,1013.6,88,88,5.6
26.2,24.9,27.5,24.7,24.6,23.9,1013.2,87,86,0.2
27.4,26.1,29.4,25.1,25.3,24.4,1012.5,84,71,0.2
27.1,26,28.7,25,25.2,24.4,1012.9,85,73,0.8
26.2,24.7,27.2,24.7,24.3,23.5,1012.9,85,88,4.4
26.3,25.8,27.2,24.8,23.4,22,1012.7,77,85,0
25.4,23.8,27.2,24.7,23.7,22.9,1012.7,86,86,7.6
26.3,24.7,28.1,24,23.4,22.1,1012.9,78,83,0
26.7,25.5,28.3,24.5,23.7,22.4,1013.9,78,81,0
26.9,25.8,28.4,24.6,24.5,23.5,1014,82,77,0
27.1,26,28.4,25.2,24.7,23.7,1012.8,82,79,0
25.2,23.7,26.9,25.1,20.8,18,1012.7,66,86,0
23.8,23,24.7,21.6,17,12,1015.6,48,86,0
24.1,21.4,26.5,19.4,16.8,11.2,1017.1,45,17,0
23.9,21.2,26.7,17.7,17.4,12.6,1017.3,50,5,0
24.5,22.1,27.2,18.9,19.9,17.1,1016.3,64,27,0
25.8,23.9,28.1,21.4,22.3,20.5,1013,73,52,0
26.5,25.1,28.3,22.5,23.5,22,1011.6,77,79,0
26.6,25.6,27.7,23.7,24.2,23.1,1012.5,81,81,0
26.3,24.9,27.8,22.7,23.3,21.9,1014.1,77,38,0
26.5,24.9,28.4,22.9,23.9,22.7,1015.3,80,31,0
26.5,25.3,28.1,23.4,24.1,23.1,1014.6,81,70,0
27.1,26.1,28.5,24.5,24.8,23.8,1011.6,82,89,0.1
26.6,24.5,28.1,25.1,24.9,24.1,1009.9,87,81,54.9
27.5,26,29.6,24.6,24.8,23.6,1010.2,80,51,0
27.6,25.8,30.2,24.3,24.7,23.5,1011.4,79,76,0
24.1,22.3,27.4,22.9,22.8,22.2,1012.9,89,91,50.1
23.5,23.1,23.9,22.8,21.7,20.8,1014,85,88,0
20.8,19.8,23.7,21.3,19.3,18.3,1015.3,86,89,9.2
22.1,19.6,24.2,19.3,19.5,17.9,1016.4,77,74,0
24.6,23,26.3,21.4,21.8,20.4,1017.5,78,59,0
24.9,23.1,26.6,22.6,22.2,20.8,1017,78,70,0.5
23.8,22.4,24.7,21.4,21.1,19.7,1015.7,78,84,0.1
24.1,22.9,24.6,22.4,22,20.9,1014.1,83,93,1
24.5,23.8,25.2,23.2,23,22.2,1013,87,89,4.1
23.5,23.1,24,23.3,23,22.8,1013.7,96,90,66.2
23,22,24.4,22.2,21.8,21.2,1014.7,90,87,5.2
22.9,20.7,25.3,20.1,19.7,17.8,1016.9,73,57,0
21.4,20,23.2,19.4,18,15.7,1019.9,70,72,0
20.7,18.5,22.9,17.6,14.8,9.5,1022.1,51,8,0
20,18.2,21.5,15.5,13.4,7,1022.6,43,27,0
20.6,18.1,22.3,15.9,16.1,12.6,1020.8,61,35,0
21.7,19.6,23.5,16.9,17.9,15.2,1019.1,67,9,0
23.6,21,26.9,18.1,19.1,16.1,1017.7,64,2,0
23.8,21.7,26.4,17.7,18.5,14.9,1017.9,58,12,0
22.7,22,23.6,19.1,19.4,17.4,1019.5,72,50,0
22.4,20.5,24,18.7,19.4,17.5,1018.1,74,66,0
23.9,22.3,25.7,20.1,21.9,20.9,1016.7,83,62,0
24.7,22.7,27.6,20.2,22,20.7,1015.3,79,11,0
24.4,22.7,26.4,20.2,21.8,20.4,1012.7,78,16,0
25.1,23.3,27.3,0,22.6,21.4,1010,80,45,0
25.7,21.8,28,21.8,23.5,22.6,1010.7,83,68,0
19.8,18.3,22.3,19.7,17.9,16.7,1016.1,83,93,5.4
20.1,18.1,21.8,17.5,17,14.9,1019.7,73,91,0
20.4,19.6,21.2,18.6,17,14.6,1020,69,88,0
19.6,17.7,20.9,18.3,17.6,16.3,1018.9,81,88,5
21.8,19.5,24.2,18.1,19.1,17.4,1018.1,76,73,0
22.3,20.6,24.3,19.1,18.9,16.9,1017.8,72,51,0
20.6,18.8,22.4,17.6,17.5,15.3,1017.3,72,65,0
21,19.2,23.1,17.4,18.1,16.1,1016.1,74,57,0
20.4,17.8,22.2,17.9,16.6,14,1017.8,67,67,0
18.5,16.4,20.5,15.3,14.6,11.4,1020.5,63,68,0
18.5,16.2,20,14.3,14,10,1022.8,58,34,0
19.1,18.5,20.1,16.3,15.3,12.2,1021.8,64,87,0
18.6,16.6,19.9,16.4,17.3,16.4,1019.7,87,92,3
20.6,19.2,21.8,18.6,19,18.1,1019,86,91,0.7
20.8,20,21.4,19.8,19.7,19.1,1017.2,91,97,9.2
20.4,19.7,21.1,19.3,19.4,18.8,1016.1,90,92,2.3
21.3,20.3,22.1,19.9,20.2,19.6,1016.6,91,94,0.6
22.7,21.2,24.5,19.8,21.4,20.7,1016.6,89,57,0
23.3,22,25.4,20.2,21.8,21,1016.1,87,59,0
23.2,22.8,23.9,21.2,22.3,21.8,1016.1,92,89,0.2
23.8,22.5,25.3,22,22.6,22.1,1015.4,91,84,0
24.3,23.3,25.7,21.8,23.1,22.5,1015.1,90,72,0
16.1,11.8,23.9,18.4,14.3,12.8,1021.4,81,91,4.3
13.2,11.1,15.3,11.1,10.1,6.7,1025.6,65,62,0
15.8,13.8,17.2,12.5,12.5,9.4,1024.1,66,48,0
15.7,13.6,17.1,14.1,13.4,11.3,1023.1,75,93,8
15.2,12.8,18.3,12.3,12.8,10.7,1026,76,44,8
16.2,13.7,17.9,12.1,13.3,10.9,1027.8,71,59,0
17.6,15.7,19.2,14.1,14.9,12.7,1025.5,73,66,0
19.4,17.6,21,15.5,16.9,15.2,1022.6,77,66,0
20.9,18.9,23.3,17,18.6,17.1,1020.9,79,66,0.2
20.6,19.7,21.6,16.9,18.3,16.9,1019.3,79,78,0
21.2,20.2,22,18.4,19.3,18.2,1015.5,83,89,0
22.5,20.7,25.3,19.8,21.1,20.3,1013.6,87,79,0
18.9,17.4,20.9,18,18,17.5,1012.9,92,88,23
19.3,17.6,21.3,17.2,17.6,16.5,1014.5,84,82,0.7
18.7,17.3,20.1,15.9,16.6,15.1,1017.5,80,66,0
18.9,17,21.5,15.7,16.1,14.1,1019.1,73,84,0
18.5,16.9,20.3,15.4,15.7,13.6,1019.4,73,83,0
17.4,15.6,18.8,14.8,14.8,12.7,1020.9,74,86,0
11.8,7.2,16,11.5,9.8,7.6,1022.5,76,88,8.9
8.2,6.8,9.3,6.9,7.5,6.7,1023.4,90,92,7.4
12,8.9,14.7,8.4,9.9,7.8,1021.8,76,79,0
15.1,13.1,17.6,11.8,12.9,11,1022,77,72,0
15.9,14.1,18.1,12.5,13.5,11.4,1020.1,75,56,0
15.4,13.6,17.2,12.5,13.3,11.5,1020.6,78,85,0.5
15.8,15.1,16.3,14.5,13.7,12,1023.1,78,84,0
16.4,15.6,17.8,14.8,14.3,12.6,1023.4,78,88,0
15.5,12.8,17.9,12,12.2,9,1024.2,66,38,0.8
15.2,12.7,17.2,10.6,12.1,9.2,1025,68,39,0
15.2,13.7,16.4,13.3,12.2,9.4,1026.6,68,86,0
11.8,8.8,14.9,12.4,10.1,8.5,1022.8,80,92,16.5
11.4,8.9,14.2,8.1,9.3,7.1,1023.3,76,61,0.1
13,10.2,15.3,9.1,10.5,7.9,1023.7,72,33,0
15.2,12.9,17.6,10.6,12.1,9.2,1021.7,68,17,0
15.2,12.8,18.1,10.3,11.6,7.9,1020.9,62,2,0
15,12.4,17.7,9.6,10.8,6.3,1022.7,56,33,0
15.1,13,17.4,10.1,11.4,7.7,1022.5,62,13,0
16.2,13.6,19.5,10.6,13.1,10.3,1020.5,69,26,0
16.9,14.9,19.2,11.2,12.5,8.3,1021.7,57,61,0
16.3,15.4,17.7,11.5,12.8,9.4,1024,64,36,0
16,14.7,17.8,12.6,13.4,11.2,1023.6,73,70,0
17.5,15,20.4,12.2,14.2,11.3,1022.7,68,10,0
18.6,17.5,20.3,13.2,15,12,1022.6,66,35,0
19.1,16.3,22.6,13.2,15.9,13.6,1019.7,71,24,0
18.1,16.8,19.6,14,15.4,13.3,1018.7,73,42,0
16.9,15.7,17.8,13,14.3,12.2,1017.2,74,51,0
18.1,15.7,21,13.1,15.1,12.8,1014,72,27,0
18.1,16.9,19.9,13.8,14.8,12.1,1015.4,69,52,0
16.3,15.6,17.5,14.5,14.3,12.7,1016.3,79,88,0
17.7,16.6,18.9,15.6,16.4,15.5,1015,87,90,0
20.1,18.1,22.8,16.8,18.8,18,1014,88,87,0
15.2,11.8,20.6,12.7,12.2,9.2,1020.5,69,45,4.3
13.6,11.3,16.2,10,9.6,4.9,1024.4,56,29,0
15.1,13.1,17,10.7,12,9.1,1024,68,28,0
16,15,17,12.3,13.5,11.4,1022.7,74,90,0
18.1,16.6,19.9,15.8,16.2,14.9,1020.2,82,76,0
19.5,17.7,22.2,15.7,17.6,16.3,1020,82,78,0
15.9,14.9,17.8,14.4,13.6,11.7,1023.4,76,89,0
15.2,14.7,15.9,14.6,13.3,11.7,1023.9,80,88,0
14.8,13,17.7,12.8,11.4,8.1,1024.3,65,53,0
14.5,12.4,16.7,10.3,10.7,6.6,1025.9,60,23,0
14.9,13.1,16.6,11,12.3,10,1024.4,73,58,0
16.1,15.1,16.9,13.5,13.8,11.8,1018.1,76,88,0
17.8,16,20.3,15.3,16.6,15.7,1014.5,88,85,14.4
18.4,17.2,20,15.7,17.6,17,1015.6,92,76,0
19.8,18.2,22.1,15.9,18.4,17.6,1016.6,87,44,0
19.9,18,23.9,15.8,18.2,17.2,1017.5,85,50,0
16.6,14.8,18.3,16.4,15,13.8,1021,83,97,0
15.6,14.2,17.1,13.8,13.7,12.2,1021.5,80,88,0
17.2,16.1,18.4,14.9,15.6,14.4,1019.3,84,91,0
19.1,17.8,20.7,0,18.1,17.4,1016.3,90,89,0
21.4,19.7,24.6,18.2,20.2,19.5,1015.2,89,80,0
18.4,17.4,21.1,17.7,17.2,16.4,1018.5,88,90,0
19.4,17.6,21.5,16.6,17.4,16.2,1017.7,82,63,0
20.4,18.7,22.6,17.2,18.8,17.8,1016.9,85,70,0
17.7,16.7,19.8,16.6,15.5,13.7,1019.1,78,76,0
18.1,16.8,19.3,16.3,16.4,15.1,1019,83,86,0
21.1,18.6,24.8,17.4,19.3,18.2,1016.1,84,50,0
21.5,19.4,24.1,17.7,19.4,18.1,1014,82,55,0
21,19,24.6,18.2,19.3,18.4,1014.6,86,60,0
19,17.8,20.2,17.5,17.4,16.3,1017,84,88,0
20.9,18.8,23.7,18.4,18.6,17.2,1016.7,80,81,0
22.5,20.3,25.7,18.1,20,18.6,1016.4,79,48,0
20.4,19,21.8,18.8,18.9,18,1015.4,86,88,0.7
22.3,20.5,24.9,19.2,20.6,19.7,1012.6,86,56,0
21.5,20.4,22.8,19.5,20.2,19.5,1011.9,89,82,0
21.9,20.4,23.6,19.1,20.6,19.9,1009.6,89,83,0.3
20,17.7,23.1,20.4,19,18.5,1009.4,91,89,5.5
18.1,17.2,19.2,17.2,17.6,17.2,1009.6,94,99,10.7
16.8,12.7,19.6,18.4,15.7,14.9,1012.6,89,93,7.7
13.9,11.5,16,11.4,10.8,7.8,1018.3,67,81,0
14.7,12.4,16.8,12.4,11.2,7.7,1021.9,63,82,0
15.1,13.9,15.8,13.7,12.3,9.6,1023.1,70,90,0.7
15.2,12.9,17.5,13.4,13.3,11.7,1023.3,80,84,1.5
16.4,14.6,18,12.6,13.1,10,1023,66,38,0
17.8,16.3,19.9,14.6,15.8,14.4,1023.1,80,59,0
19.1,17.5,21.4,15.3,16.9,15.5,1023.2,80,44,0
18.2,16.8,19.6,16.3,16.2,14.8,1020.9,81,85,0
20.2,18.5,21.7,17.1,18.4,17.3,1015.4,83,88,0
22.1,20.6,24.4,18.7,20.7,19.9,1015.3,88,56,0
23.2,21.1,26.6,19.3,21.5,20.6,1016,86,48,0
20.3,17.9,23,19.4,19.1,18.3,1018.1,89,77,0
16.9,16.1,18.1,17,15.4,14.2,1019.1,84,88,0
15.5,14.5,16.4,15.6,14.3,13.4,1017.8,88,88,8.7
16.8,14.7,18.7,14.7,15.1,13.9,1019.8,84,86,0.1
17.7,16.2,18.8,15.8,14.9,12.6,1021.1,73,88,0.4
17.9,17.2,18.8,16.8,15.7,14,1020.3,78,90,0.7
18.9,16.8,21.4,16.7,17.7,16.9,1018.8,89,90,2.3
20.2,18.4,22.5,17,18.3,17.1,1019.1,83,75,0
21,18.7,23.3,16.7,18,16,1017.8,74,78,0
23.3,21.2,26.6,19.1,21.3,20.3,1014.8,84,67,0
20.6,19.2,22.6,19.6,19.1,18.3,1013.5,86,68,0
19.9,18.7,21.7,18.6,18.3,17.2,1013.3,85,88,0
20.9,20.1,22.2,19.6,19.6,18.9,1013.3,88,88,0
24,21.3,26.7,20,22.1,21.2,1010.9,85,88,0
25.5,24.2,27.9,22.5,23.5,22.6,1007.8,84,88,0
25.8,24.9,26.8,23.7,24.2,23.5,1006.6,87,88,0.8
26.2,24.7,27.4,23.8,24.7,24.1,1007.1,88,88,0.3
23.7,20.9,26.3,23.7,22.1,21.2,1009.3,86,91,1.3
20.2,19,21.2,18.3,17.3,15.3,1015.1,73,88,0
19.4,18.7,20.2,18.8,17,15.3,1014.8,78,89,0.5
21.1,18.8,24,18.8,20.5,20.2,1011.7,94,92,11.8
21.6,18.7,24.2,21.3,20.9,20.6,1012.4,94,89,65.4
19.1,18.2,20.1,18.7,17.7,16.9,1015,87,95,1.2
18.8,17.8,20,18.4,18.2,17.8,1015.2,94,96,2.6
21.8,19.8,24.4,19.4,21.2,20.9,1012.9,94,91,0
25.8,23.5,27.6,21.8,24,23.2,1010.8,86,86,0
26.6,25,28.6,23.1,24.1,23,1008.7,81,86,0
23.3,21.6,27.2,21.6,20.4,18.8,1012,77,89,0.5
21.4,20.8,22.2,20.7,19.1,17.7,1015.6,80,88,0
21.6,20.4,22.9,19.9,19.3,17.9,1016.9,80,88,0
23.5,21.5,26.2,20.5,22,21.2,1014.6,87,84,0
24.9,23.3,27.5,22.8,23.5,22.9,1012.2,89,79,0
25.4,24,27.8,22.9,23.6,22.8,1009.5,86,65,0
25.4,24,27.5,22.7,23.4,22.4,1011.7,84,56,0
25,23.8,27.5,22.8,23.2,22.3,1014.1,85,78,0
24.5,22.6,28.2,22.2,21.7,20.2,1014.7,77,59,0
25.8,23.6,29.5,22.3,22.8,21.3,1011.7,77,52,0
26.5,24.3,29.8,22.8,23.6,22.2,1009.5,77,48,0
27,25.3,29.2,24.1,23.7,22,1010,75,42,0
26.3,25.1,28.8,0,23.5,22.2,1012,79,74,0
25,23.9,26.7,23.5,22.8,21.7,1013.6,82,80,0
25.3,23.9,27.4,23.3,22.8,21.6,1014,80,66,0
26.1,24.4,28.8,23.2,23.9,22.9,1013.4,83,73,0
25.5,23.9,27.8,22.9,21.7,19.6,1014,71,80,0.1
23.5,21.3,24.9,22,20.4,18.7,1013.3,75,65,1.4
24.1,23.1,25.2,21.5,22,20.8,1010.8,82,85,0
24.6,23.9,25.9,23.1,23.7,23.3,1008.7,92,92,19.8
25.5,23.5,28.8,23.4,24.1,23.4,1006.7,89,88,33.4
24.9,23.3,27.2,23.4,24.1,23.8,1005.6,93,92,141.1
28.1,26.5,29.1,24.1,26,25.1,1005.2,84,88,0
28.5,27.6,29.6,26.1,26.2,25.3,1007.1,83,86,0.4
28.7,27.4,30.9,25.9,26,24.9,1010.7,80,75,0
25.5,24.4,27.5,24.7,23.4,22.3,1014.7,83,87,0
25.4,24.3,27.4,24.2,22.9,21.6,1014.7,80,64,0
25.9,24.5,28.3,23.8,23.3,22,1013.5,80,49,0
26.3,25.4,28.1,24.7,24.5,23.8,1012.7,86,85,0
27.2,25.8,29.9,25.4,25.3,24.5,1011.4,85,80,0
28,26.1,32.1,25.3,25.3,24.1,1008.7,80,81,2.3
28.6,26.2,31.5,25.8,25.8,24.6,1007.9,80,81,0
29.1,27.8,31.2,26.1,25.9,24.6,1006.8,77,88,0
29.2,27.7,31.3,26.2,26.3,25.2,1004.6,79,87,4.1
26.7,25,28.4,24.5,25.1,24.5,1006.2,88,89,16.4
25.4,23.8,27.2,24.1,23.4,22.4,1011,84,88,2.3
26.9,25.2,29.9,24.8,24.3,23.1,1012.6,80,75,0
27.2,25.6,29.6,25.1,23.5,21.7,1011.8,73,29,0
27.5,26,29.3,25.4,25.2,24.2,1009.7,83,62,0.1
28,26.4,30.3,25.9,25.3,24.2,1008.4,80,60,0
28.5,27.1,30.5,26.3,25.9,24.8,1006.6,81,81,0
27.5,25.3,30.7,25.7,25.6,24.9,1005.9,86,87,27.7
27.1,26,29.1,25.6,24.3,23,1005.2,79,76,0
26.4,25.7,27.7,25,23.3,21.8,1003.1,76,86,0
25.8,25.3,26.3,25.1,23.4,22.2,1003,81,89,0
26.4,25.4,27.6,24.6,24.2,23.1,1004.1,82,91,0
28.1,26.2,30.9,25,24.9,23.5,1004.8,77,70,0
28.1,26.5,31.3,25.2,23.8,21.7,1007,69,43,0
27.3,25.8,30,24.8,22.6,20.2,1007.1,66,28,0
27.5,25.4,30.7,24.1,22.4,19.8,1006.3,63,27,0
27.4,25.7,30.1,24.2,23.1,21,1007.9,68,51,0
27.6,26.2,29.4,24.7,24.2,22.7,1009.8,75,78,0
27.7,26.2,29.8,25,24.7,23.4,1009,78,68,0
27.8,25.9,30.3,25.8,26,25.2,1003.7,86,84,35.8
27.2,24.8,29,26.9,25.6,25,1001.8,88,86,29.4
27,26.2,28.5,25.1,25.4,24.7,1004,88,88,0
25.7,24.8,27,25.5,25,24.7,1003.8,94,90,128.1
25.9,24.2,27.9,25.2,25.3,25,1003.1,95,93,46.7
25.7,24.3,28.2,24.2,24.6,24.1,1002.9,91,89,134.3
26.5,25.5,29.2,24.4,25.1,24.5,1004.6,89,88,6.4
26,23.9,27.3,24.9,25,24.5,1006.4,92,92,22.7
26.5,24,28.4,24.6,25.1,24.6,1006,89,90,21.2
26.1,25.5,27.6,24.7,25.1,24.7,1004.8,92,89,14.1
25.2,24.6,25.8,25.1,24.4,24,1005.6,93,94,29.1
27,24.3,30.3,24,22.7,20.5,1006.4,68,75,0
28.7,26,31.8,24.7,25.1,23.6,1004.7,75,18,0
29.5,27.5,33.3,26,26,24.5,1003.6,75,21,0
28.2,27.6,29.2,26.5,26.3,25.6,1004.5,86,73,0.6
26.7,25.1,28.4,25.3,25.5,25,1005.9,90,89,34.6
28,25.6,30.1,25.1,25.8,24.8,1009,83,82,5.4
28.9,27.5,31.1,26.2,26,24.7,1009.8,79,79,0
29.4,28.1,31.9,26.3,25.8,24.3,1007.2,75,70,0
29.4,27.5,30.9,25.9,26.2,24.9,1004.6,77,83,1.9
29.6,28,30.9,26.7,26.6,25.4,1005.2,79,88,3.3
29.5,28.3,30.4,26.8,26.5,25.3,1006.3,78,90,1.2
28.8,24.8,31.2,24.3,26.2,25.1,1008.2,81,85,8.6
29.4,28.1,31.9,26.5,26,24.6,1009.5,75,66,0
29.6,28,32.7,26.4,26,24.6,1010,75,54,0.1
29.3,26.7,32.1,26.3,26,24.6,1010.9,76,47,7.7
29.8,27.8,32.7,26.5,25.7,24,1012,72,27,0
30,27.8,33.6,26.3,25.4,23.3,1011.1,68,22,0
30,28,33.3,26.5,25.7,23.8,1009.4,70,44,0
30,28.2,33.1,26.4,25.6,23.6,1008.9,70,43,0
29.9,28.3,32.4,26.6,26,24.4,1009,73,51,0
30.2,28.1,33.4,26.4,26.1,24.4,1008.7,72,46,0
29.9,26.9,33.1,27.3,26.3,24.9,1008.3,75,69,1.5
30.2,28.4,33.3,26.9,26.4,24.8,1008.3,73,63,0
29.6,27.6,32.8,26.9,26.3,25,1007.2,76,69,6.9
28.9,27,32.1,26.3,26.5,25.5,1007.8,82,77,5.9
30,28.1,32.9,27,26.8,25.5,1009.3,77,63,1.6
30.4,28.8,33.2,27.6,26.3,24.5,1009.6,72,41,0
30.3,28.2,32.9,27.4,26.5,24.9,1008.5,73,38,0
30.3,28.5,33.4,27.3,26.7,25.2,1007.9,75,35,0
30,28.2,33,27.1,26.7,25.3,1008.4,76,44,0
29.8,27.8,32.9,26.7,25.9,24.3,1008.3,73,44,0
29.7,27.8,32.7,26.3,25.9,24.3,1006.2,73,76,0
30.1,27.8,33.3,26.3,26.4,24.8,1005.1,74,69,0
29.2,27.5,30.7,27.2,27.2,26.5,1005,86,86,9.9
28.2,26.3,30.1,26.6,26.5,25.8,1005.3,87,79,27.3
29.8,26.9,32.7,25.5,26.7,25.5,1005.7,79,48,0
29.4,26.3,32.9,27.7,26.2,24.9,1001.1,77,81,31.2
28,26.4,29.1,25.5,25.7,24.8,1003.1,83,95,5.4
28.6,27,31.3,26.1,26.5,25.6,1009.4,84,83,4.4
28.9,27.5,30.8,26.5,26.2,25.2,1011.3,81,70,0
28.7,26.7,31.6,25.8,25.8,24.6,1010.3,79,57,0
29.2,27.2,32.7,26.2,25.3,23.6,1009.5,73,54,0
29.3,27.4,31.9,25.8,25.8,24.4,1008.3,75,48,0
29.3,27.7,31.4,26.7,26.1,24.8,1006.2,77,63,0
29.7,27.8,32.7,26.5,26.1,24.7,1005.3,75,61,0
29.7,27.8,32.6,26.5,26.3,24.9,1004.6,76,56,0.1
30.1,28.4,32.8,26.8,26.5,25.1,1004.4,75,48,0
30.4,28.3,33.7,26.8,26.5,24.8,1004.3,73,48,0
29.4,25.4,32.6,27.7,26.6,25.5,1002.9,79,74,38.5
28,25,30.7,23.8,25.5,24.4,1000.9,81,88,6.2
27.9,26.6,29,25.5,25.6,24.6,1001,82,89,1.9
29.5,27.6,32.7,26.4,26.4,25.2,1003.6,78,74,1.6
29.8,27.5,32.1,26.7,26.7,25.5,1003.4,78,71,0.6
30,27.7,33,26.5,26.8,25.5,1002.2,77,64,11.8
30.5,28.5,33,27.1,27.1,25.8,1002.5,77,59,1.2
29.8,27.9,31.7,27.7,27.3,26.3,1003.8,82,72,5.6
28,26.4,29.3,25.8,26.5,25.9,1005.1,88,85,20.3
29.3,27.4,31.3,26.5,26.7,25.7,1006.9,81,83,5.6
28.8,26.6,31.7,26.8,26.6,25.7,1006.2,84,74,6.2
29.7,28.3,32.1,27.2,27.1,26.1,1004.8,81,82,0
28.2,26.5,29.5,27.2,26.5,25.8,1005.5,87,86,8.2
27.8,25.6,30.2,25,26.3,25.8,1006.9,89,83,33.6
29.2,27.4,31.8,26.4,26.1,24.8,1005.6,77,79,0
29.4,26,32.1,26.9,26.6,25.5,1002.8,80,81,6.4
28.5,26.7,32.4,25.6,25.2,23.8,1000.9,76,70,4.7
26.7,25.3,28.1,25.2,25.4,24.8,1003.8,90,92,72.6
26.9,24.7,29.8,24.5,25.7,25.2,1008.4,91,86,49.3
28.9,26.5,31.3,25.6,26.2,25.1,1006.9,80,66,2
26.9,24.8,29.3,25.3,25.2,24.4,1003.7,87,92,77.5
27,25.6,28.3,25.2,25.5,24.9,1006.4,89,95,60.9
28.5,27.4,30.5,25.9,26,24.9,1010,81,83,0
28.7,27,31.1,25.8,26,24.8,1010.1,80,65,0
28.7,27,31.3,25.5,25.6,24.3,1009.6,77,46,0
29,27.2,31.2,0,25.4,23.8,1010.4,74,36,0
29.2,27.4,31.4,0,25.8,24.3,1009.2,76,28,0
29.6,27.8,32.1,0,26.1,24.6,1007.4,75,55,0.2
29.5,27.5,31.8,0,26.2,24.8,1005,76,84,0.2
27.1,24.2,29.9,24.5,24.6,23.5,994.7,81,92,75.6
26.1,24,27.6,23.1,24.9,24.3,1004.3,90,93,27
26.4,25.7,26.9,24.6,24.9,24.3,1009.7,89,81,0.9
26.9,25.9,29.1,24.9,25.4,24.8,1009.5,88,88,6.5
26.4,25,27.7,25.1,25.1,24.5,1008,90,86,10.8
26.2,25,28,24.5,25.2,24.8,1007.1,92,88,36.5
27.4,25.4,29.3,24.5,25.8,25.1,1008.1,88,83,8.3
28.3,26.9,30.4,25.4,25.9,24.9,1008.5,82,44,0
28.7,26.5,31.4,24.8,26.1,25,1007.2,81,32,0
29,27.4,31.1,25.1,25.4,23.8,1006.4,74,37,0
28.8,27,31.3,24,24.5,22.6,1007.9,70,17,0
29,27.7,31.1,25.3,26.4,25.4,1009.4,81,60,0
26,24.7,28.5,23.8,25.1,24.7,1008.4,93,94,89
25.6,24.6,26.6,23.8,24.9,24.7,1008.3,95,97,97
27,25.4,29.2,24.5,25.8,25.4,1010,91,86,23.6
27.9,26.4,29.7,25.1,25.9,25.1,1010.9,85,79,0.3
29.1,26.9,31.7,24.8,25.5,23.9,1009.6,75,55,0
29.3,27.4,32.1,25.2,26.2,24.9,1008.1,78,36,0
29.9,28,32.6,25.7,26.8,25.5,1008.7,78,43,0
27.8,25.9,30.6,25.3,25.1,23.9,1010.2,80,81,15.2
25.1,23.6,26.5,23.8,22.9,21.9,1011.2,83,92,2.3
26,24.9,27.5,23.8,23.1,21.7,1011.5,77,85,0
26.8,25.4,28.6,23.8,23.8,22.4,1012.5,77,74,0
27.3,25.4,29.2,22.9,23,20.8,1012.9,69,43,0
27.8,26.1,29.9,23.7,24.1,22.4,1011.6,73,60,0
27.9,26.7,29.8,24.6,24.7,23.2,1009.9,76,40,0
28.2,27,30.3,24.8,25.3,24.1,1009.4,79,63,0
28,26.8,29.9,24.7,24.6,23,1010.5,75,53,0
27.6,25.9,29.2,24.7,24.7,23.4,1011.5,78,67,0.8
27.5,26.5,29.3,24.2,24.5,23.1,1012.5,77,40,0
27.8,26.3,29.8,24.1,24.4,22.8,1013.6,75,37,0
27.9,26.7,29.6,24.3,24.3,22.6,1015.4,73,58,0
27.1,25.1,28.7,23.3,23.1,21.2,1015.5,70,74,0
26.8,24.7,28.6,23.1,22.6,20.4,1014.3,68,69,0
26.5,24.5,28.8,22.4,21.7,19.1,1013.2,64,52,0
25.9,23.5,28,21.4,21.5,19.2,1012.4,67,47,0
26.7,25.2,28.6,22.5,23.4,21.8,1011.9,74,67,0
27.3,26.2,28.4,24,24.3,22.9,1011.4,77,75,0
26.8,25.6,27.2,24.8,24.8,23.9,1010.5,84,89,15.9
26.7,25.3,29.1,24.4,25.3,24.7,1009.2,89,85,32.7
27.6,26.2,29.6,24.4,25.1,24.1,1010,82,63,0
27.2,24.3,29.7,24.6,24.5,23.2,1012.3,79,75,0
22.1,20.7,24.3,21.3,18.4,15.9,1016.2,68,89,0
21.7,19.9,23.3,19.4,18.1,15.7,1018,69,87,0
23.7,22,26.3,20.3,19.2,16.4,1017,64,53,0
24.1,22,25.8,19.6,20.1,17.7,1016,68,24,0
24.3,22.6,25.9,20.3,20.2,17.7,1016.3,67,20,0
24.3,22.5,25.6,20.1,19.8,17,1016.4,64,31,0
24.1,22.4,26.2,19.3,19.6,16.8,1015,64,16,0
24.6,22.7,27,20,20.5,18.2,1014.5,68,11,0
24.7,23.1,26.8,20.5,21.2,19.3,1015.6,72,14,0
24.4,23,26.1,20.3,20.7,18.7,1017.1,71,10,0
23.9,22.8,25.7,20.3,20.7,19,1015.8,74,36,0
24,22,26.4,19.3,19.4,16.5,1015.8,64,2,0
23.9,22,26,19.2,19.7,17.1,1016.9,66,3,0
24.4,22.7,26.2,20,21.2,19.4,1018.5,74,63,0
25,23.2,27.4,20.3,20.9,18.6,1019.1,68,20,0
24.7,23.3,26.2,19.8,20.2,17.6,1018.7,65,14,0
23.7,22.4,25.2,19.2,19.5,16.9,1016.1,66,5,0
23.7,22.4,25.5,19.8,20.7,19.1,1014.6,75,27,0
24.3,22.6,26.9,19.9,21.6,20.2,1014.1,78,13,0
25.6,23.1,28.6,20,22.3,20.6,1013.7,75,5,0
26.7,24.4,29.6,20.8,20.5,16.4,1013.9,56,5,0
24.9,23.5,26.8,20.3,21.2,19.2,1015.5,71,19,0
24.6,23.5,26.4,20.8,21.9,20.6,1014.9,79,44,0
24.4,22.9,26.1,20.3,22,20.7,1014.2,80,38,0
25.2,24.5,27.1,21.7,23,21.9,1013.2,82,77,0
24.5,23,25.2,22.6,23.5,23,1012.6,92,89,32.7
23.7,23.2,24.1,22.3,22.5,22,1013.7,90,96,9.1
20.8,18.1,23.4,20.6,18.4,16.9,1017.2,79,91,0
18.9,17,21.4,17.3,15.5,12.9,1021.1,68,75,0
17.7,15.5,19.8,15.4,13.9,10.6,1022.3,64,47,0
19.9,17,21.9,15,16.7,14.4,1020.8,71,63,0
22,20.9,23.7,18.4,19.1,17.3,1018.9,75,45,0
23.3,20.8,26.1,18.4,19.9,17.9,1015.8,73,32,0
23.6,22.8,24.9,19.4,20.3,18.4,1014.8,73,85,0
22.4,21.4,23.3,20.3,19.7,18.2,1015.8,77,88,0
22.4,20.7,23.3,19.8,20.7,19.8,1014.8,85,92,2.6
23.1,22.3,23.9,21.3,22.2,21.8,1013.2,92,95,5.6
24.2,23.5,25.3,22,23.3,22.8,1012.3,92,79,0.1
23,20.3,25.4,21.1,19.9,18,1016.1,74,41,0
19.7,17.8,21,16.8,16.5,14.2,1021.5,71,90,0
20.6,19.1,21.9,18.3,17.4,15.2,1022.4,72,53,0
21.8,20.1,23.6,18.1,19,17.3,1020.7,76,35,0
22.2,20.5,24.6,17.9,19.2,17.4,1019.9,74,19,0
22.1,20.4,24.1,18.1,18.8,16.7,1019.4,72,26,0
21,19.4,22.9,16.4,17.1,14.3,1018,66,9,0
19.5,17.3,22.3,15.7,15.5,12.5,1019.1,64,13,0
17.3,15.3,19.6,13.7,13.1,9.3,1019.6,60,1,0
16.4,13.9,18.4,12.4,13.2,10.3,1018.9,67,4,0
18.1,16.5,20.1,14.2,15.2,12.9,1019.7,72,10,0
18.3,16.7,20.4,14.1,15,12.3,1019.9,68,2,0
18.8,17.2,20.3,14.6,15.4,12.7,1019.1,69,9,0
19.6,18.4,20.9,15.1,17,15.2,1018.5,76,28,0
20.6,18.7,22.5,16.2,18.1,16.4,1018.8,77,52,0
22.3,20.5,25.3,17.5,19.1,17.1,1018.6,72,38,0
19.9,18.5,21.3,16.6,16.7,14.4,1022.1,71,61,0
19.1,17.7,20,16.5,16.2,14.2,1022.9,73,84,0
19.4,18,21.2,16.8,16.3,14.1,1022.6,71,64,0
18.4,16.8,20.3,15.6,15.1,12.6,1022.2,69,59,0
17.8,15.8,19.9,14.9,14.1,11,1020.6,65,55,0
16.1,14.2,18.1,12.8,11.6,7.2,1022.4,56,38,0
15.6,13.1,17.5,11.3,11.2,6.6,1023.2,55,4,0
15.9,13.1,18.5,10.5,11.4,6.8,1022.5,56,2,0
15.9,13.7,17.5,10.5,12.5,9.3,1022,65,4,0
16.6,14.4,18.4,0,13,9.7,1021,65,23,0
17.3,15.5,19.9,0,14.2,11.6,1019.3,70,19,0
18,16.2,20.3,13.4,14.2,10.8,1021.4,64,30,0
14,12.1,16.4,10.6,8.2,0.1,1026.6,39,4,0
12.5,10.3,14.4,7.4,7.5,0.7,1027.9,45,58,0
14.6,11.8,16.5,8.8,10.8,6.6,1026.4,59,15,0
16.3,14.3,18.5,10.9,13.4,10.9,1023.1,71,13,0
17.2,15.5,18.9,12.1,15,13.3,1020.3,78,7,0
18.2,16.2,21.1,12.6,15.3,13,1018.3,72,4,0
19.4,17.4,22.3,13.7,16.2,13.8,1017.9,71,2,0
18.7,16.1,20.4,14,13.1,7.5,1020.7,49,11,0
15,13,16.6,9.9,10.1,4.5,1025.9,50,6,0
15.8,13,18.3,10,12.6,9.7,1026,67,17,0
17.9,15.6,20.5,12.2,15,12.8,1024.3,73,12,0
18.7,16.9,20.6,13.3,15.7,13.4,1021.9,72,4,0
19.9,17.4,23.2,13.8,16.5,14,1019.7,69,4,0
18.5,17.4,19.6,13.7,15.9,14,1019.6,75,37,0
19.8,17.8,23.4,14.6,16.4,13.9,1019.2,69,39,0
18.3,17.1,19.6,14.3,15.6,13.5,1020.3,74,42,0
19,17.8,20.5,14.5,16.1,14,1020.8,73,76,0
19.8,18.3,21.8,14.9,17.3,15.5,1020.4,77,49,0
19.6,18.6,20.9,15.1,17.7,16.5,1019.9,83,56,0
18.9,18.1,20.2,15,16.7,15.2,1021.6,79,45,0
18.5,17.5,19.7,15,16,14.3,1023.4,77,56,0
18.5,17.2,20,15,16,14.2,1023,76,50,0
18.9,18.2,19.5,14.9,16.8,15.3,1020.6,80,92,0
18.7,17,20.9,16.1,16.3,14.6,1020.6,78,86,1.8
16.4,14.2,18.5,14.2,13,9.9,1022.1,65,83,0
14.2,11.3,16.5,9.6,10.9,7.5,1022.3,64,56,0
15.9,14.5,16.9,11.5,13,10.4,1020.8,71,47,0
17.8,16.1,19.6,13.1,15.6,14.1,1018.3,79,67,0
19,16.1,22.3,14.9,17.1,15.9,1017.1,82,72,0.3
15.6,13.7,17,11.4,13,10.6,1019.3,72,56,0
15.8,13.6,16.8,13.3,14.2,12.9,1017.5,84,86,15
11.9,10.5,13.7,9.8,11.2,10.7,1019.2,92,90,30.7
10.6,8.8,11.9,10.8,9.6,8.6,1019.9,87,91,2.5
10.3,8,12.9,7.4,7,2.6,1022.7,59,40,0
11.7,9.1,13.7,6.7,8.6,5.1,1022.4,64,39,0
11.8,9,13.8,11,9.5,7,1022.3,73,93,0.7
10.6,9,12.7,6.4,5.9,-1.6,1025.6,43,53,0
11.1,8.5,13.1,5.4,7.1,1.5,1024.2,52,46,0
13.3,12,14.5,7.8,9.8,6,1021.3,62,84,0
13.4,12.7,14.7,11.3,10.3,6.9,1020.4,65,88,0
13.2,12.3,14.7,10.9,10.5,7.7,1018.2,70,92,0
15.4,14.2,16.6,11.9,13.7,12.3,1015,82,89,0
17.4,15.3,19.7,13.3,15.7,14.5,1016.2,83,81,0
16.6,15.5,17.6,14.5,15.1,14,1016.8,85,92,0
18.1,16.2,19.4,13.6,16.5,15.5,1013.7,85,82,0
19.7,18,21.8,15.5,18.3,17.5,1012.4,87,83,0
13.7,11,18,14.5,12.5,11.4,1016.2,86,91,1.7
9.6,8.6,11.2,10,8.8,8,1018.7,90,91,15
9.5,7.8,11.7,7.6,8.7,7.9,1022.4,90,99,14.9
12.1,11.4,12.8,10.2,9.9,7.5,1024.5,74,94,0
10.3,8.9,12.7,9.7,9.3,8.2,1025.4,87,96,11.5
9.2,8.3,10.3,8.3,8.6,8,1024,92,94,8.7
11.3,7.7,14.5,5.9,9.4,7.5,1024.7,78,24,0
13.9,11.9,16.3,8.9,11.5,9,1025,73,36,0
15.8,13.2,17.8,9.9,12.8,10.1,1022.9,70,44,0
17.8,15.4,21.2,11.9,15.2,13.2,1022.5,74,36,0
18.5,15.9,21.3,12.2,14.3,10.6,1020.6,62,10,0
18.7,15.8,21.6,11.6,14.2,10.4,1017.3,59,4,0
18.2,16.4,20.4,11.7,14.6,11.4,1018.4,66,28,0
18.4,17.2,20.2,14,15.4,13.2,1019.3,72,82,0
20,17.9,23.1,14.6,17.3,15.5,1017.1,75,40,0
19,17.9,20.5,14.8,17.4,16.4,1015.8,85,43,0
19.9,17.7,22.8,14.9,18.2,17.1,1016.4,84,40,0
20.4,19.3,22.5,16.1,18.6,17.5,1017.7,84,72,0
20.9,19.2,22.9,16.5,19,17.8,1015.7,82,63,0
21.8,19.4,24.8,16.7,19.5,18.2,1014.2,80,31,0
19.4,17.9,21.7,16.1,16.3,14.1,1017.6,72,68,0
18.4,17.1,19.7,15,16.3,14.8,1016.9,79,86,0
20.5,19.2,23,17.2,18,16.3,1015.5,77,86,0
20.1,19.1,21.9,16.3,17.9,16.4,1016.6,80,63,0
19.9,18.2,21.7,0,17.1,15.2,1016.8,75,40,0
21,19.3,22.8,16.6,19.1,18,1014,83,80,0
22.8,20.6,24.7,17.7,20.7,19.6,1011.2,83,81,0
24.2,23.1,25.5,20.2,22.1,21,1008.5,83,84,0
17.9,15.3,23.7,17.7,16.8,16.1,1010.7,89,93,1.3
14.7,13.7,16,12.7,11.4,8,1017,65,81,0.2
15.5,13.3,17.6,11,11.5,7.3,1018.7,58,34,0
17.8,15.5,20.5,12.6,14.7,12.2,1017.9,70,59,0
19.1,17.4,22,14,14.7,11,1021.1,60,58,0
17.8,16.5,19.5,14.2,13.9,10.6,1027,63,71,0
16.8,15.1,19.2,12.6,13.9,11.5,1026.8,71,15,0
18.1,15.7,21,13,15.4,13.4,1019.6,75,2,0
20.1,17.2,23.6,13.9,17.8,16.2,1014.2,79,52,0
22.5,20.5,26.2,17.5,19.6,17.9,1012.6,76,55,0
23,21.4,26.1,17.7,20.6,19.3,1014,80,56,0
19.4,18.7,21.9,18.3,18,17.1,1017.4,87,90,0
19.8,18.8,21.1,17.1,17.9,16.7,1018,82,84,0
19.7,18.8,21.2,17.1,17.6,16.2,1017.1,80,84,0
20.2,18.7,21.9,17.1,18.4,17.3,1014.2,84,88,0
22.3,20.2,25.2,18.3,21.2,20.7,1013.9,91,84,0.5
20.8,19.1,23.2,19.8,19.4,18.6,1016.1,87,89,0
18.9,17.7,20.5,16.8,16.3,14.4,1015.5,75,88,0
19.9,18.6,22.3,17.3,17.2,15.4,1013.8,75,85,0
20.1,18.5,22.3,17.5,17.4,15.6,1013.7,75,79,0
19.8,18,21.2,16,17,15.1,1014,74,77,0
18.8,18.1,19.8,17,16.8,15.4,1013.4,81,90,0
18.5,18.2,19.1,16.9,16.9,15.8,1012.4,84,95,0.1
17.8,17.4,18.2,16.7,17.4,17.1,1011.1,96,98,8.3
16.7,15.9,18,15.3,15.8,15.2,1014.6,91,90,3.2
16.9,15.7,17.7,14.8,15.8,15,1016.8,89,92,0.1
18,16.9,18.8,15.7,17.1,16.4,1015.2,91,99,0.1
18.4,18,19.2,17,17.8,17.4,1014.3,94,98,0.4
19.8,18.8,21.7,17.6,19.1,18.7,1014.9,94,91,89
18.9,18.3,19.4,17.1,18.1,17.6,1015.9,92,95,1.1
20.2,18.9,21.7,17.9,19.5,19,1015.6,93,94,21
19.9,18.8,21.1,17,17.6,16.1,1017.1,79,86,0
19.3,16.5,22,15,17.3,16,1017.7,81,85,2.2
20.1,18.9,22.6,16.8,18.5,17.5,1017.9,85,63,0
19.3,17.8,20.6,17,17.2,15.8,1016.6,81,83,0
21.1,19.4,23.1,17.7,19.6,18.7,1013.3,86,86,0
22.8,21.3,25,19.9,21.7,21.1,1012.2,90,88,0.2
19,18,23.1,16.6,16.4,14.5,1016.1,76,88,2
19.2,18.1,20.7,17,16.9,15.3,1016.5,78,85,0
21,19.2,23.4,17.4,18.7,17.2,1014.4,79,71,0
23.8,21.2,27.2,18.8,21.5,20.4,1012,82,73,0
24.6,22.5,27,20,22.1,20.8,1009.9,80,57,0
25.5,23.8,28.6,21.6,23.5,22.6,1008.9,84,82,0
22.4,20.2,24.8,21.8,21.6,21.2,1010.7,93,92,54.3
20.9,20,21.8,19,19.5,18.7,1012.1,87,91,0.3
22.1,21.1,23.2,19.7,20.8,20.1,1011.8,89,90,2.4
22.7,21.4,26.8,20.5,21.9,21.5,1008.6,93,88,55.4
23.7,21.4,26.8,20,20,17.8,1008.3,72,47,0
25.4,22.4,29.2,19.5,21.4,19.2,1011.5,69,26,0
25.2,23.1,27.5,20.3,22.5,21.2,1013.3,79,27,0
25.6,24.1,27.4,21.8,23.9,23.2,1011.6,87,67,0
27.4,25.4,30.7,23.2,24.4,23,1008.9,77,69,0
27.4,25.9,29.9,0,24.8,23.6,1008.6,80,64,0
23.9,22.3,27.1,23,22.1,21.2,1012.8,85,87,0
22.3,20.9,23.4,20,21,20.2,1013.7,88,93,0
24.8,22.9,26.8,21.5,23.1,22.4,1011.2,87,85,0
26.4,23.3,29.5,22,23.6,22.3,1010.9,79,73,8.5
23,21.8,24.8,21.6,21,19.9,1013.8,83,91,0.9
22.9,22.1,23.6,20.8,21.6,20.9,1012.1,89,92,0
25.2,22.9,28.6,21.2,23.4,22.6,1009.9,86,63,0
26,24.3,28.6,22.4,23.9,22.9,1009.6,84,49,0
26.3,24.9,29.1,22.8,24.5,23.7,1010.4,86,64,0
27.4,25.1,30.6,23,24.7,23.5,1010,80,52,0
25.1,22.3,27.8,24,22.9,21.8,1011.3,83,76,0
22.2,19,24.4,18.9,19.6,18.1,1013.4,78,81,6.4
24.1,22.5,26.1,20.7,21.8,20.7,1014.2,82,77,0
24.2,23.3,25.8,21.6,21.7,20.4,1011.8,79,84,0
24.4,23,25.3,22.2,23.3,22.8,1006.4,91,89,124.4
26.4,23.5,30.5,21.5,23.6,22.3,1008.2,79,26,0
27.3,24.7,30.7,22.8,24.7,23.5,1009.5,80,52,0
27.2,25.9,28.9,23.8,25.3,24.5,1008.7,86,63,0
28,26.2,30.4,24.5,25.4,24.3,1005.5,81,79,0
28.5,27.5,30.6,25.5,25.9,24.8,1006.5,80,86,0
26.2,23.7,28.1,25.3,24.9,24.4,1010.2,90,87,31.6
26.1,24.5,28.5,23.7,24.7,24.1,1010.7,89,77,1.5
27.6,25.7,30.4,24.2,25.4,24.5,1009.7,83,55,0
26.4,25.1,28.5,23.5,23.1,21.5,1011.1,75,81,0
25.7,24.6,27.7,23.5,23.5,22.4,1009.1,82,87,0
26.2,24.9,27.4,23.6,24.1,23.1,1004.7,83,88,1.6
25.3,23.5,27.3,22.7,22.9,21.7,1002.9,81,79,1.1
23.4,21.9,25.9,21.9,22.2,21.6,1002.2,90,88,16.9
23.9,22.3,25.4,21.5,21.9,20.9,1004.4,84,88,0.2
25.9,23.6,28.5,21.9,22.9,21.5,1006.5,77,46,0
26.4,24.3,29,22.6,22.9,21,1008.3,73,53,0
26.4,25,28.2,24.1,24.4,23.5,1009.3,84,80,0
27.3,25.6,29.3,24,25,24.1,1010,83,47,0
28.5,26.6,31.4,25,25.9,24.8,1010.6,80,59,0
28.4,25.8,31,25.6,25.8,24.8,1009.3,81,78,10.1
27.3,26.1,29.6,24.8,25.1,24.1,1008.7,83,86,0.6
28.1,26.4,30.1,24.5,25.5,24.4,1009.4,81,81,0
29,27,32.4,25.3,25.5,24.1,1011,76,57,0
28.2,26.6,30.9,24.8,25.6,24.5,1012.8,81,76,0
27.9,26.2,30.1,25.1,25.8,25,1011.6,84,77,7.7
28.1,27,29.9,25.5,25.6,24.6,1010.4,82,74,0
27.7,26.6,29.7,24.9,24.6,23.2,1009.8,77,56,0
27.1,26.4,28.4,24.7,24.4,23.2,1008.3,80,84,0
26.2,25,27.8,24.5,24.4,23.6,1008.1,86,91,8.3
26,24.5,27.6,24.1,24.4,23.7,1008,87,94,1.2
27.1,26,29.4,24.4,24.2,22.8,1008.4,78,78,0
27.9,26,30.4,24,24.8,23.4,1009,77,56,0
27.4,26.1,29.1,24,24.4,23,1010.9,77,51,0
27.3,25.9,29.1,24,23.2,21.2,1012.1,70,36,0
27.5,26.3,29.6,24.2,23.5,21.6,1012.9,71,53,0
27.8,26.3,30.1,24.2,22.9,20.3,1012.4,65,31,0
27.6,26.1,30.2,24.1,24,22.4,1010.3,74,34,0
27,25.8,28.3,24.6,25.5,24.8,1009.1,88,79,27.9
28.2,26.5,30,25.5,25.9,24.9,1007.3,82,83,2.9
29,27.6,31.2,25.7,26.3,25.2,1007.6,80,71,0
29.1,27.6,31.3,25.6,26.2,25,1005.2,79,60,0
29.9,28.4,32.3,26,26.5,25.2,1002.4,76,60,0
29.9,25.6,33.2,24.9,26.9,25.7,1003.2,78,69,34.2
28.6,25.3,31.8,23.8,26.5,25.6,1003.8,85,82,27
29.9,27.6,32.2,26.8,27,25.8,1002.9,79,82,8.7
29.4,27.3,31.3,26,26.8,25.8,1001.3,81,84,9.7
30.2,28.9,32.6,26.4,26.8,25.5,1002.1,76,78,0
30.2,28.6,32.6,26.4,26.7,25.3,1002.6,75,66,0
29.9,28,32.6,26,26.8,25.6,1003.6,78,62,1.6
29.6,28.1,31.5,25.8,26.9,25.8,1005.4,80,64,0.2
30.4,28.3,32.7,26.5,26.6,25,1004.1,74,57,0
31.4,29.2,34.2,26.9,27.2,25.6,999.9,72,36,0
30.4,27.4,32.9,27.9,27.7,26.7,998.3,81,57,15.3
31.6,29.1,34.6,27,28.1,26.8,997.5,76,48,0
30.8,29.4,33.8,26.9,27.5,26.2,998.1,77,80,0.1
29.4,28.6,30.5,26.4,27.3,26.5,1000.1,85,91,8.6
29,26.4,30.9,26.8,26.8,25.9,1003.4,84,83,2
29.9,28.2,31.5,26.2,26.9,25.7,1004.6,78,84,1
29.9,29.3,30.9,27,26.9,25.8,1005.6,79,87,0.4
29.8,26.6,31.9,26.8,27,25.8,1007.5,79,81,18.3
29.8,28.7,32.3,26.7,26.9,25.7,1008.9,79,86,0
29.5,28.5,31.7,26.6,26,24.5,1009.3,75,77,0
29,27.4,31.2,26.1,25.9,24.5,1008.7,77,84,3.1
29.1,27.2,31,25.6,25.9,24.6,1007.3,77,79,1.2
29,27.3,30.8,25.5,26,24.7,1008.3,78,83,5.3
28.5,25.9,30.5,24.8,25.7,24.5,1009.7,80,71,8.1
29.1,27,32.1,25.6,25.5,23.9,1009,74,33,0
29.1,26.8,32.8,25.7,25.5,24,1008.8,74,45,0
25.5,23.5,28.1,24.6,23.9,23.1,1006.3,87,81,77.5
25,22.7,26.7,21.2,24,23.6,1008,92,84,44.4
27.9,24.8,31.3,24,25.4,24.4,1006,82,65,0
27.8,25.5,29.5,25.8,25.9,25.2,1006,86,79,19.1
27.3,25.6,29.1,25.4,25.7,25,1008.6,87,86,6.9
26,24.9,27.5,25.1,25.3,25,1011.3,94,90,58.9
27.7,25.2,29.7,23.6,25.7,24.9,1011.7,85,80,27.6
28.2,27.3,30.1,26.3,25.8,24.8,1010.1,82,83,0
28.4,26.8,30.9,25.8,25.7,24.6,1007,80,55,0
28.6,27.2,30.5,26.3,25.7,24.5,1005.3,79,64,0
27.9,25.7,29.6,25.4,25.4,24.3,1004.6,81,77,1.5
28.7,26.6,31,25.3,25.3,23.8,1003.2,75,68,0
27.7,26.8,29.3,24.8,25.9,25.2,1005.6,86,88,7.9
25.8,23.8,27.7,24.2,25.2,25,1008.9,96,91,94.3
26.7,25.9,27.8,25.1,25.5,25,1009.9,90,91,0.5
28.2,26.6,30.5,25.5,25.8,24.8,1008.8,82,54,0
28.9,26.6,31.9,25.4,25.4,24,1007.2,76,22,0
29.3,27.3,32,25.5,26,24.7,1005.8,76,33,0
29.7,28,31.9,26.2,26,24.4,1004.4,74,42,0
29.1,25.6,31.8,26.3,26.1,24.9,1003,78,68,23
27.3,25.3,29.1,24,25.7,25.1,1004,88,84,14
26.3,24.7,27.4,24.7,25.3,24.9,1006.8,92,81,83.9
28.5,26.7,30.6,25.3,25.7,24.5,1007.2,79,44,0
29.3,27.2,31.7,25.2,25.7,24.2,1006.1,74,38,0
30.1,28,32.9,26.2,26.7,25.3,1005.5,76,39,0
31.1,28.9,33.9,26.9,26.9,25.2,1003.4,72,18,0
28.2,25.2,31.1,26.9,25.6,24.5,1002.3,81,79,36.4
27.7,25.9,29.9,24.2,25.1,23.9,1001.3,80,79,2.7
29.1,27,32,25.1,25.8,24.4,1001.1,76,64,0
28.9,25.9,32.1,24.8,26.2,25,1002.7,80,82,18.3
28.9,27.8,30.3,25.5,26.4,25.4,1004.5,81,81,0
29.2,27.1,31.9,25.7,25.6,24.2,1005.1,75,41,0
30.4,27.5,33.4,25.9,26.5,25,1004.2,73,16,0
30.6,29.3,32.7,27,27.4,26.1,1004,77,53,0
29.9,28.8,32.4,27.4,27.1,26,1005.1,80,64,0
27.7,25.7,30.1,24.8,25.8,25,1006.4,85,87,10.3
26.1,25.3,27.3,24.5,25.4,25.1,1007.3,95,90,64.3
26.4,25.5,27.4,25.1,25.6,25.2,1007.5,93,77,16.4
28.1,26.2,31.4,25,26,25.1,1005.4,84,48,12
28.5,26.9,31.4,25.8,26.5,25.6,1003.1,84,58,29.8
30.1,27.5,32.7,25.9,26,24.3,998.8,72,63,0
27.5,25.3,29.6,24.9,24.6,23.3,994.9,78,88,12
25.8,24.9,27.1,24.2,24.9,24.4,994.7,93,97,5.7
26.5,25.3,29,0,25.5,25.1,998.1,92,86,21.8
26.8,25.2,28.6,23.7,25.6,24.2,1000.1,91,92,114.7
27.7,25.6,29.6,24.7,26,25.2,1003.2,87,88,14.3
27.7,26,29.9,25,26.2,25.6,1005.4,88,86,8.9
28.5,27.2,30.2,25.6,26.7,26,1006.8,87,53,0
29,27.7,31,0,26.8,25.9,1008.5,83,66,0
27.8,26.2,30,26,26.6,26.1,1008.8,91,74,18.2
28.6,27.1,30.9,25.7,26,25,1006.7,81,65,0
29.1,26.8,32.4,25.3,26,24.7,1004.2,78,52,0
29.3,26.4,32.6,26.3,26.5,25.3,1003.1,79,79,0
29.3,27.4,31.9,25.7,26.4,25.2,1003.4,79,64,0
26.7,26,28.7,25.1,25.9,25.6,1004.7,94,89,34.3
25,24.1,26,24.2,23.8,23.2,1006,90,97,29.1
25.2,23.9,27.2,23.2,22.7,21.5,1007.8,80,89,0
25.8,24.3,27.5,22.9,22.3,20.5,1008.1,73,87,0
26.5,24.4,28.5,23.1,22.4,20.4,1009.8,70,88,0
27.9,25.5,30.4,23.2,22.7,20,1010.4,63,51,0
28,26,30,23.2,22.4,19.5,1008.6,60,42,0
28.2,26.1,30.4,23.5,23,20.3,1008.2,63,74,0
28.5,27,30.1,24,25,23.5,1012.2,75,50,0
28.2,27.1,30.3,24.7,25.8,24.9,1013.9,82,70,0
28,26.4,30.1,25.1,26.1,25.3,1013.4,86,82,6.8
26.5,25.2,27.6,24.7,25.6,25.2,1013.5,93,71,58.8
27.6,26,30,24.1,25.2,24.1,1013.9,82,44,0
27.6,24.2,30.9,24.1,24.8,23.7,1013.6,80,48,16.2
26.8,24.5,29.4,22.7,24,22.7,1012.5,79,75,0.9
27.1,24.8,30.5,22.8,23,20.9,1011.9,70,22,0
27.2,26.4,28.7,23.9,24.2,22.8,1012.9,77,83,0
26.9,25.9,28.6,23.8,23.6,22,1013.1,75,51,0.1
27.3,25.2,30.1,22.7,22.4,19.7,1012.6,65,17,0
27.9,25.4,31,22,22.2,19.1,1011.7,59,13,0
28,26,30.5,22.5,23.7,21.6,1010.7,69,31,0
28.5,27,31.6,24.3,25.2,23.8,1012.8,76,57,0
27.7,26,29.1,24.7,25.3,24.2,1014.6,82,73,2.9
28,26.3,30.8,24.2,25,23.7,1014.3,78,58,0
23.9,22.5,26.3,21.3,18.7,15.2,1016.4,59,81,0
23.2,20.9,25.5,18.2,16.9,12.1,1016.4,50,37,0
24.1,21.4,26.7,18,18.1,13.9,1015.4,53,23,0
24.9,22.4,28.3,18.8,19.6,16.4,1015.3,60,14,0
25.1,22.6,28.7,20.2,20.3,17.4,1015.1,63,9,0
25.3,23.4,27.4,20.6,21,18.7,1012.7,67,31,0
25.9,23,29,19.8,18.2,12.8,1012.2,45,32,0
25.6,23.1,30,19.2,19.4,15.3,1014,54,12,0
25.5,23.4,29,20.3,20.9,18.3,1016.1,65,27,0
25.6,23.6,29,20.7,22.1,20.3,1016,73,61,0
25.7,23.6,29.3,20.9,21.4,19,1016.4,68,34,0
25.6,23.5,28.9,20.5,20.3,17,1017.6,60,12,0
25.1,23.9,26.8,21.6,21.3,19.2,1019,70,48,0
24.7,22.7,26.7,20.3,20.4,18,1018.5,67,19,0
24.5,23.2,26.6,20.3,21.2,19.3,1015.9,73,20,0
24.6,22.9,26.9,20,21.2,19.4,1014.3,73,23,0
26,22.6,28.9,19.2,19.3,14.9,1012.1,52,5,0
25.8,23.3,28.4,19.6,19.3,15.1,1010.7,52,2,0
24.7,22.4,27.3,18.9,20.1,17.3,1013.4,64,10,0
25.1,24.2,26.7,21.1,21.7,19.9,1016.7,73,55,0
24.7,23.5,26.4,20.4,20.9,18.8,1018.9,70,46,0
24.3,22.7,25.8,19.5,19.8,17,1019,64,29,0
24.5,22.3,27.4,19.1,20,17.3,1018.3,65,33,0
26.1,23.1,28.6,19.4,20.1,16.5,1015.5,56,55,0
25.5,21.9,27.9,20.4,19.8,16.3,1018.4,58,80,2.3
23.5,21.3,25.3,18.6,19.4,16.8,1020,66,69,0
23.4,22.2,24.8,19.5,20.2,18.3,1019.2,74,57,0
23.7,22.2,25.5,20.1,20.2,18.2,1018.4,72,47,0
23.9,22.6,26,19.6,20.9,19.3,1017.1,76,30,0
24.1,22.4,26.3,19.5,21.1,19.5,1015.7,76,22,0
24.5,22.6,27.1,19.7,21.7,20.2,1015.5,77,27,0
24,22.2,26.1,19.2,20.4,18.3,1017.6,71,44,0
23.8,22.9,25.1,20.2,20.9,19.3,1018.8,76,45,0
23.1,22.1,24.5,19,19.9,18,1017.8,73,34,0
23.5,22.3,25,19.6,21,19.7,1017.2,79,52,0
23.6,22.1,25.4,19.6,20.8,19.2,1017,77,57,0
23.8,22.8,25.1,20.2,21,19.6,1017.3,77,45,0
23.7,22.7,25.1,20.1,21.1,19.7,1017.4,78,55,0
24.2,23.5,25.3,20.7,22.3,21.4,1015.3,84,87,0
25.2,24,27,21.9,23.6,22.8,1014.9,87,81,0
25.5,24.5,27.2,22.1,23.7,22.9,1015.9,85,55,0
25.5,24.2,27.5,21.6,23,21.8,1018.6,80,72,0
24.4,23.7,25.3,21.7,21.9,20.6,1018,80,85,0
25,23.5,27.2,21.1,22.8,21.7,1015.8,82,55,0
23.2,20.1,24.5,21.1,19.9,17.9,1017.1,73,66,0
19.8,18.5,21.7,17.2,16.6,14.3,1019.9,70,86,0
20.9,18.9,23.9,17.5,16.9,14.1,1019.9,65,59,0
20.6,18.2,23,15,14.4,9.1,1019.7,48,4,0
20.4,18.3,22.7,14.4,14.7,9.8,1019.5,51,0,0
20.4,18.5,22.3,15.2,16.7,14.1,1019.6,68,2,0
20.8,18.9,22.6,15.8,17.4,15.1,1020.9,70,18,0
21.7,19.4,23.9,16.2,18.1,15.7,1020.5,69,34,0
22,20.5,23.2,17.4,19,17.1,1019.8,74,79,0
22.8,21.3,24.6,18.8,20.5,19.1,1020.4,80,91,0.4
23.7,21.9,26,19.3,20.9,19.4,1020.7,77,80,0
22.2,19.2,23.9,19.2,18.1,15.4,1021.6,66,71,0
19.4,17.8,21.1,16.8,15.5,12.6,1022.3,65,75,0
20.5,18.4,22.9,15.7,16.7,13.9,1020.8,66,9,0
21.2,19.3,23.8,16.5,18,15.9,1019.5,73,11,0
21.2,19.5,22.9,16.5,17.7,15.4,1019.1,71,18,0
21.5,19.9,23.3,16.7,18.3,16.3,1020.2,72,32,0
22,20.2,24.4,17.2,19.2,17.5,1019.5,76,31,0
23.3,20.6,25.8,17.6,18.5,15.3,1012.4,62,72,0
22.1,19.1,24.6,17.8,16.4,12,1013.6,53,11,0
19.3,17.2,21.4,14.1,14.2,9.7,1019.9,54,28,0
19.5,18.1,20.9,15.4,16.1,13.6,1023.8,69,39,0
19.4,18,21.5,15.5,13.7,8.3,1023.7,50,72,0
18.3,16.1,20.5,12.7,13.4,9,1022.3,55,15,0
18.8,16.7,20.8,13.4,14.9,11.8,1021.7,65,3,0
19.3,17.3,21.4,13.7,15.7,12.9,1022.1,67,5,0
19.4,17.9,21.3,14.7,16.5,14.3,1022.5,73,12,0
20.5,18,23.3,14.3,15.1,10.3,1022.4,55,4,0
19.2,17,21.2,13.4,14.7,11,1021.5,60,21,0
19.2,17.3,20.9,13.9,16.2,13.9,1018.7,72,26,0
20.4,18.4,23,15.3,17.8,16.1,1017.2,77,14,0
20.3,18.8,22.1,15.7,17.4,15.5,1018.6,75,29,0
20.1,18.4,21.8,15.3,17.5,15.9,1018.8,77,28,0
20.1,18.6,22.5,15.7,18.1,16.9,1016.3,82,41,0
20.3,19.2,22.6,16.4,18.4,17.2,1014.6,82,33,0
20.3,18.7,22.1,15.7,18.1,16.7,1016.4,81,27,0
19.9,19.2,21,17.2,17.3,15.5,1016.7,76,72,0
20.2,19.4,21.5,17.1,18.3,17.2,1015.3,83,81,0
21.4,19.8,24.1,16.9,19.2,17.9,1015.5,81,61,0
19.6,18.3,20.6,16.4,17.2,15.6,1019,78,71,0
19.1,18.1,20.2,15.7,16.9,15.4,1019,79,81,0
19.3,18.4,20.9,17.2,17,15.4,1017.6,78,51,0
18.8,16.9,21.4,15.4,15.9,13.8,1018.9,73,46,0
13.5,9.9,17.1,12.7,10.8,8,1020.7,70,60,0
12.4,8.9,14.9,7.1,9.9,7.2,1021.1,71,39,0
14.2,9.3,16.8,0,11.2,8.3,1022,68,87,0
9.4,8.2,11.6,0,5.2,-1.7,1027,46,47,0
9.4,6.4,12.1,4.3,4.8,-2.8,1026.8,43,19,0
12.1,10.7,14.1,7.1,8.1,2.7,1022.5,53,61,0
15.3,12.1,18.1,8.9,11.9,8.7,1018.7,65,68,0
16.7,15.3,18.2,13.7,12.9,9.3,1020.4,62,85,0
16.9,16.2,18,12.8,14.6,12.8,1021.4,77,87,0
17.5,15.2,20.4,12.1,14.3,11.6,1020.5,69,27,0
17.4,16.2,19.3,13.7,15.4,13.9,1021.2,80,36,0
17.7,16.8,19.4,14,15.3,13.5,1021.5,77,88,0
16.2,14.3,17.6,12,13.2,10.7,1022,70,56,0
15.2,12.9,16.7,10.6,12.6,10.3,1022,73,47,0
16.6,15,18.8,12.1,14.2,12.3,1021.7,76,27,0
16,14.3,18.1,11.6,13.5,11.3,1021.1,74,51,0
12,9.9,16.2,10.2,10.5,8.9,1019.7,82,92,3.5
11.3,7.4,14.3,5.7,7.5,2.6,1021,56,42,0
12.5,9.7,15.3,6.8,8.1,2.6,1021.3,52,21,0
13.5,11.2,15.9,8,9.5,4.9,1022.2,56,22,0
14.4,13,16.1,9.5,11.7,9.2,1021.6,72,34,0
15.8,14.1,17.7,10.8,13.7,12,1020.3,78,68,0
16.8,15.6,18.4,12.8,14.9,13.5,1021.1,81,78,0
15.8,15.2,16.5,12.8,14,12.6,1025,82,87,0
15.9,14.4,17.2,12.5,13.9,12.3,1025.3,79,81,0
17.3,15.6,19.9,13.3,15.7,14.5,1021.6,84,60,0
18.2,16.1,21.1,13.3,16.5,15.3,1019.2,84,30,0
17.8,16.5,19.7,14.8,16,14.7,1017,82,76,0
19.8,18.2,21.6,15.2,18.5,17.7,1012.4,88,81,0
18.5,16.9,20.8,15.7,17.6,17,1012.1,91,78,0
18.2,16.7,19.6,15.5,17,16.1,1011.8,87,86,0
18.9,18.3,19.6,16.1,18.3,17.9,1010.6,93,92,0.4
18.3,17.4,19.3,16.2,17.6,17.2,1011.9,93,94,0
17.3,14.8,18.8,16.6,16.7,16.3,1015.3,94,100,1
13.8,12.9,14.9,12,12.5,11.4,1018.3,85,96,1
13,12,14.2,10.6,10.8,8.7,1018.3,75,95,0
13.1,12,13.9,10.7,11.6,10.2,1018.9,82,97,0
13.6,12.9,14.6,12,12.8,12.1,1018.4,91,100,0.6
16.6,14.3,18.9,12.8,15.9,15.4,1016.5,93,97,0
18.5,17.9,19.2,16.4,17.9,17.5,1016.2,94,97,0
18.5,17.8,19.4,16.9,17.8,17.3,1017.8,93,92,0.1
20.7,18.1,24.5,16.8,19.1,18.2,1018.8,87,54,0.1
19.3,17.9,21.2,16.2,18.6,18.2,1019.6,94,88,0.3
19.3,17.6,21.2,16.3,17.8,16.8,1019.6,85,89,0
19.2,16.6,24.1,16.5,17.6,16.6,1021.5,85,82,0
16.1,14.8,17.5,13.9,13.9,12.1,1024,77,86,0
17.4,15.7,20.3,13.7,15.4,13.9,1022.3,80,60,0
16.6,15.2,17.9,13.9,14.8,13.5,1020.9,82,83,0
17,15.4,18.4,14.1,15.5,14.5,1017.3,85,92,0
19.1,17.3,20.8,16,18.4,18,1014.1,94,96,0.2
22.8,20.5,24.7,18.8,21.5,20.9,1011.7,89,89,0
22.6,19.5,24.4,20.5,21.4,20.8,1011.2,90,90,1.1
15.2,12.8,19.5,14.9,13.8,12.7,1015.9,85,96,0.9
12.6,10.6,14.6,10.5,9.2,5.3,1021.6,61,88,0
9.9,9,10.8,8.3,7.5,4.6,1024.6,70,93,0
10.3,9.4,11,8.5,8.7,6.8,1022.9,79,98,0
12.3,10.6,13.8,9,11.2,10.2,1019.4,87,100,0
16,13.6,18,12.2,15.1,14.4,1013.1,91,95,0
20,17.4,23.1,15.3,19.3,18.8,1009.5,93,96,2.7
18.2,16,20.8,17.2,17.7,17.3,1012.3,95,96,0.8
15.3,14,16.5,14.6,14.2,13.4,1017.3,88,100,0
14.1,13.1,14.5,12.7,13.1,12.2,1018.3,89,97,3.7
13.8,11.7,15.4,11.1,12.5,11.4,1019.6,86,90,8.7
13.7,12.5,14.4,11.3,12.4,11.3,1021,85,94,6.7
13.9,12.3,15,12.3,13,12.3,1020.9,91,98,12.7
12.6,10.6,14.4,10.2,10.6,8.6,1024.2,77,76,3.7
12.5,10.6,14.2,9.2,9.3,5.5,1028.7,63,74,1.1
13.9,11,17.2,7.7,9.4,3.9,1030.7,52,14,0
14.1,12,16.6,8.5,10.2,5.8,1028,58,0,0
16.2,13.3,19.8,9.7,13.2,10.6,1025.1,70,34,0
18.1,15.7,21.4,12.4,15.8,14.1,1021.4,78,26,0
19.6,17.1,22,14.2,17.9,16.8,1017.4,84,67,0
20.7,18.7,22.9,15.7,19.3,18.4,1013,87,86,0
21.1,20.5,21.8,18.1,20.5,20.3,1012.2,95,94,0.5
15.8,9.8,22,15.9,15.2,14.7,1016.6,93,93,5.5
10.5,9.5,11.5,8.3,8.3,5.9,1024,74,92,0
12.6,11.2,13.5,9.6,10.2,7.6,1020.6,72,89,0
14.8,12.6,16.6,11.4,13.7,12.9,1017.8,88,98,0.1
18.6,16.5,20.4,15,17.6,17,1018,90,94,0
22,19.1,25.7,16.7,20.2,19.2,1016.7,85,73,0
19.1,16.6,22,16.8,16.9,15.4,1019.9,79,80,0
17,15.1,19.1,0,14,11.5,1020.8,71,47,0
18.8,15.6,21.8,13.3,15.6,13.1,1018.5,70,68,0
18.9,17.6,19.9,16.8,17.1,15.8,1015.1,83,88,0.9
20.6,19,22,17,19.7,19.2,1011.7,92,88,4.7
20.9,17.6,24.8,17.9,18.2,16.4,1015.1,77,87,8
18.3,16.4,21.1,14.6,14.7,11.9,1021,66,76,0
17.2,16.4,18.3,14,14.2,11.7,1020.6,70,81,0
17.4,15.9,18.6,14.3,15.8,14.5,1016.5,83,92,0.9
19.5,17.4,22.3,15.7,18.4,17.8,1013.7,90,92,3.4
22.8,20.3,26.1,18.7,21.8,21.3,1013.3,91,81,0
22.5,19.8,25.7,19.6,21.2,20.5,1012.4,89,88,0
17.3,16,20,16.1,16.7,16.2,1012.4,93,97,3.6
17.4,16,18.1,15,16.4,15.7,1012.4,90,93,0.8
18,17.1,18.4,16.1,17,16.4,1013.6,91,99,0
20.7,18,23.1,16.8,18.5,17.2,1014.7,81,77,0.2
21.7,19.1,25.1,16.8,18.3,16.2,1018.1,72,74,0
20.5,19.1,22.6,16.5,17.1,14.7,1020.7,70,63,0
20,18.9,21.6,16.6,17.4,15.6,1018.2,76,86,0
22,19.6,24.8,17.4,20,18.9,1013.7,83,77,0
23.2,20.9,26.9,18.4,21.5,20.6,1012.5,86,63,0
25,22.9,28.4,20.1,23.3,22.5,1012,87,86,0.4
25.9,24.2,28.2,22.1,23.8,22.8,1011.8,84,88,0
25.9,24.5,27.4,22.6,24.2,23.4,1012.3,86,87,0
25.9,24.3,28.4,22.6,23.8,22.9,1012.5,83,86,0
21.3,17.3,24.6,20.9,20.3,19.6,1014.3,90,89,4.1
16.1,14.6,17.3,13.1,15.2,14.6,1019,91,92,15.7
19.8,17,22.9,14.7,17,15,1018.8,75,74,0.3
21,19.5,22.8,17.5,18.6,17.1,1018.5,79,84,0.3
21,19.8,22.1,18.7,19.3,18.4,1016.8,85,94,1.4
21.4,20,23.1,17.9,19.1,17.8,1017.1,80,85,0
23.3,21,26.3,18.8,20.9,19.6,1017.2,80,24,0
24.1,21.9,27.5,19.1,21.5,20.2,1017.2,79,28,0
25.4,22.6,29.2,20,22.5,21,1015.6,77,66,0
24.3,22.9,26.3,20.9,22.3,21.4,1013.1,84,83,0
25.3,22.9,28.8,20.1,22.8,21.6,1012.3,81,61,0
25.7,24,28.7,21.1,23.5,22.5,1012.3,83,74,0
25.1,23.8,27.2,21.3,23.4,22.7,1012.3,87,81,0
24.4,23.7,25.5,21.8,23.4,22.8,1011,91,88,3.5
23.5,22.7,25.1,20.6,22.2,21.5,1011.2,89,91,0
22.2,21.2,22.9,20,21.2,20.7,1011.3,92,99,3.1
25,22.2,28.2,19.6,23.2,22.3,1009.6,85,85,0.2
27.2,25.9,28.8,21.8,25,24,1008.4,83,87,2.4
27.7,26.3,29.2,24.1,25.3,24.3,1007.7,82,88,0.7
27.8,27,28.5,24.7,25.4,24.4,1007.4,82,88,0
28,27.1,29.6,24.9,25.5,24.4,1008.7,80,87,0
28.1,26.7,30.6,24.1,25.3,24.1,1009,79,77,0
27.8,26.4,29.7,24.1,25.2,24.1,1007.9,80,82,0
28.2,27,29.9,24.6,25,23.7,1004.2,77,87,0
25.6,22,28.2,20.3,22.4,20.7,1005.3,75,69,22.6
25.4,24.4,27.4,21.4,22.5,21,1008.3,77,78,0
24.9,24.2,26.2,23.2,24.1,23.8,1008.4,93,91,37.1
24.6,22.2,27.4,23.1,23.6,23.1,1005.8,91,92,67.5
24.2,23.2,26,21.7,23.5,23.2,1005.7,94,89,87.9
24,23.2,24.7,22.2,23.3,22.9,1007.6,94,93,0.2
27.1,24.5,29.8,23.3,25.5,24.9,1007,88,88,0
28.8,27.9,30.1,25.4,26.3,25.2,1005.7,81,87,0
29.1,28.2,30.5,25.6,26.3,25.1,1006.3,79,85,0
29.1,28.3,30.5,25.6,26.5,25.4,1008.7,81,84,5.5
28.5,26.1,30.7,24.7,26.4,25.6,1009.4,84,84,9.6
29.2,27.3,30.6,25,26.3,25.2,1009.1,79,83,6.5
29.1,24.1,32.2,25.7,26.4,25.3,1009,81,85,47.2
26.3,24.5,27.9,22.3,25.4,25,1010.1,92,87,16.4
26.2,25.5,27.5,24.2,25.2,24.9,1010.8,93,88,38.1
27.1,25.7,28.7,24.1,25.5,24.9,1009.7,88,72,0.4
29.1,26.9,32.6,24.6,25.7,24.2,1008.9,75,44,0
28,24.8,30.1,23.5,25.8,24.8,1008.3,83,75,8.5
26.6,24.3,28.7,22.9,25,24.3,1007.6,88,84,44.7
26.8,26.4,27.4,24.5,25.2,24.5,1009.1,87,72,0
25.6,23.5,26.5,23.8,24.8,24.5,1009.3,94,90,30.5
25.8,23.6,28.7,21.8,24.9,24.5,1006.5,92,90,85.6
26.3,24.5,28.5,22.5,25,24.4,1006.5,89,91,0.3
25.7,25,26.7,23.4,23.5,22.4,1009.3,82,86,0
26.3,24.8,28.8,22.4,23.3,21.9,1008.5,77,58,0
26.7,24.8,29.3,23.4,24.5,23.6,1006,83,82,0
28.1,26,31,24.4,25.7,24.7,1004,82,86,0
29.3,28,30.8,26.2,26.8,25.8,1003.2,82,86,3.2
29.8,26,33.4,26.4,27.1,26.1,1003.8,81,83,1.7
27.1,25.8,29.4,24.6,26.1,25.7,1005.2,92,86,32.5
25.2,23.2,26.6,22.3,22.4,20.9,1006.2,78,88,7
25.6,25,26.1,21.7,23.4,22.3,1006.3,82,88,0
25,23.6,25.8,22.5,23.1,22.1,1006.2,84,89,1.4
26.3,25.1,28.2,23.4,24,22.9,1005.9,82,84,0
25.7,25,27.9,23.2,24.2,23.4,1004.6,87,80,5.3
28,25.3,31.4,23.9,25.6,24.6,1002,83,58,0.9
29.7,27.8,32.7,25.6,26.7,25.5,1000.9,79,69,0
29.3,26.9,30.9,26.5,26.6,25.4,1000.9,80,86,4.8
27.9,26.4,28.7,24.6,26.1,25.4,1001.8,86,88,8.1
28.6,26,31.2,25.7,26.7,25.9,1000.9,86,88,19.2
27.2,25.1,29.3,24.2,26.2,25.7,1001.4,92,90,168.5
26.3,25.4,27.5,24.1,25.4,25,1004.6,93,91,26.1
26.8,24.4,29.4,23.2,25.7,25.2,1006.9,91,87,35.1
28.9,27.6,30.9,0,26.5,25.5,1005.7,82,91,3.3
29.4,28.3,30.9,0,26.6,25.5,1004.9,80,88,0
29.5,28.3,30.5,25.9,26.9,25.9,1004.8,81,88,1
28.7,25.1,29.6,25.7,26.6,25.8,1004.9,84,90,106.3
27.4,24.7,29.3,26.1,25.8,25.1,1005.3,87,90,32.7
26.7,24.8,28.5,24.8,25.6,25.1,1005.8,91,95,106.6
26.2,24.2,28.7,23.5,25.4,25,1007,93,91,232.6
28.5,26.5,30.9,25.1,26.6,25.8,1006.6,85,82,3.9
28.7,26,30.7,24.6,26.6,25.8,1005.1,85,83,11.5
29.4,28,31.4,25.8,26.7,25.6,1004.8,80,80,3.4
29.4,28,31.6,25.8,27,26,1005.2,82,68,0
27.9,25.6,30.3,25.4,26.3,25.6,1006.2,88,80,31.8
26.1,25,28.1,24.4,25,24.6,1007.6,91,88,47
26.8,24.7,29.8,23.3,25.5,25,1010.3,90,84,18.4
28.2,26.7,31,24.5,26.4,25.7,1010.5,87,58,0
29.2,27.4,32.1,25.3,26.7,25.7,1009.5,82,33,0
29.9,28,33.2,26,26.8,25.5,1008.6,78,58,0
29.9,28,33.3,25.6,26.3,24.8,1007.7,75,33,0
29.8,27.6,33,25.5,26.1,24.5,1006,74,23,0
28,26,29.4,24.9,25.9,25.1,1004.3,85,77,38.1
28.8,26.9,31,24.7,25.6,24.2,1006.8,77,83,0
27.4,24.9,29.1,25.5,25.5,24.7,1008.7,86,78,33.5
29.2,26.4,31.8,24.9,26.4,25.2,1010.4,80,67,4.3
29.9,27.8,32.5,25.9,26.3,24.8,1011.4,75,39,0
30,28,32.5,26,26.2,24.6,1011.2,73,35,0
29.8,28,32.5,25.9,26.3,24.9,1011.3,75,58,0.2
30,28.3,32.6,26,26.3,24.9,1012.1,75,61,0
30,28.2,33.3,26.2,26.7,25.4,1011.5,77,41,0
30.4,28.6,33,26.4,26.6,25.1,1009.4,74,49,0
30.3,28.2,33.1,26,26.2,24.5,1005.2,71,39,0
31.2,29,34.4,26.4,27.1,25.5,1001.1,72,74,0
31.8,26.9,35.4,25.1,27,25.1,998.1,69,76,28.5
30.8,24.6,34.4,0,27.3,25.9,999.4,76,52,20.4
29,24.8,32.9,22.7,26.1,25,1001.4,79,84,4.4
26.5,24.8,29,23.4,25.1,24.5,1004.6,89,86,79.7
27.6,26.1,30.2,24.5,25.2,24.2,1005.9,82,73,0
28.7,26.7,31.4,25.1,26.2,25.2,1005.1,82,37,0
29.5,27,32.7,25.5,26.1,24.6,1004.4,76,34,0
29.2,26.9,32.5,25.2,25.7,24.3,1004.2,75,33,0
29.2,27.6,31.8,25.5,26.1,24.9,1004.3,78,36,0
29.4,28,31.8,25.7,26.7,25.6,1003,81,65,0.7
27.4,25.5,28.7,25.6,26.3,25.9,1001.3,92,89,35.4
26.9,26,28.8,24.2,26.1,25.8,1003.5,94,90,47.3
27.1,26,28.3,24.9,26.4,26.1,1007.1,94,87,49.5
28.2,25.8,30.3,24.6,26.8,26.2,1008.4,89,57,15.9
29.3,27.2,31.8,25.4,26.1,24.8,1006.1,78,31,0
29.4,27.4,32.3,25.3,26.1,24.8,1002.9,77,34,0
29.7,28.1,32.6,25.8,26.8,25.7,1000.9,79,57,0
29.8,28.1,32.5,26.1,26.7,25.4,999.4,78,76,0
30.3,28.4,33.5,26.3,27.1,25.9,997.9,78,68,0
30.3,29,32.9,26.5,27.2,26.1,1000.2,78,62,0
29.9,28.6,32.3,26.6,27.4,26.5,1003.7,82,64,0
28.1,26.1,30.7,24.6,26.5,25.9,1004.1,88,86,48.5
27.7,26.4,29.3,25.2,26.4,25.9,1002.9,90,85,26.4
28.5,25.9,30.6,24.7,26.7,25.9,1004,86,72,12.6
29.4,27.1,32.6,24.7,26,24.5,1000.7,75,65,9.4
26.7,23.9,29.5,24.5,25.4,24.9,999.4,90,92,83.9
28.8,24.6,30.9,22.4,26.2,25.2,1004.2,81,87,2.5
27.6,26.1,29.1,25.9,26,25.4,1005.3,88,85,14.9
26.2,25.4,27.6,24.5,25.5,25.2,1005.4,94,88,49
25.6,24.8,26.6,24,25.1,24.9,1005.7,96,87,51.6
25.9,25,28.1,24.1,24.9,24.4,1006.8,92,90,39.7
25.5,24.5,26.9,23.3,24.5,24.1,1006.3,92,97,242.9
25,23.9,26.5,22.4,24.1,23.7,1004.4,93,99,303.3
27.2,25.9,27.8,23.4,26,25.5,1006,90,91,17.8
28.5,27,30.5,24.9,26.1,25,1008.9,82,86,0
28.8,27.1,31.6,24.5,26.1,25,1008.8,80,63,0
27.6,25.9,30.1,24.7,25.7,24.8,1006.7,85,80,16.6
27.5,26.3,29.6,24.4,25,23.8,1007.1,80,85,0
27.1,26.4,28.4,24.1,25.6,24.9,1009.2,88,88,2.8
27.3,26.4,28,24.6,25.8,25.2,1009.4,89,90,0.3
28,26.8,29.8,25,26.1,25.4,1008.6,86,86,2.5
28,26.4,30.2,25,26.5,25.9,1008,89,69,9.1
28.3,25.4,30.9,24.1,26.2,25.3,1005.3,85,41,21.3
29.4,26.8,32.3,24.4,26,24.6,1002.4,76,20,0.3
30.1,28.2,32.1,25,25.1,22.9,999.8,66,49,0
29.2,27.8,31.7,24.7,24.7,22.7,1002.6,69,85,0
27.9,25.5,29.9,24.3,26.3,25.6,1004.4,87,84,11.7
26.7,25.2,27.4,24.8,25.8,25.4,1006,93,87,54.3
28.3,26.3,30.7,24.7,25.1,23.7,1007.8,77,31,0
27.9,26.7,30.5,24.2,25.5,24.4,1008,82,73,11.5
28.5,26.4,31.4,24.4,25.5,24.3,1008.8,79,60,20.4
27.9,26.4,30.3,24.5,26.1,25.3,1010.1,86,81,0.7
28.4,27,30.5,25.4,25.7,24.6,1010.3,80,77,0
28.2,26.8,30.5,25.1,25,23.6,1008.3,77,69,0
28.7,26.4,31.3,24.3,25.3,23.8,1006.3,75,56,0
29.1,27.5,31,25.5,26.4,25.2,1009.2,80,63,0
28.7,26.9,30.6,25.5,27,26.3,1012.7,87,79,13.2
29.3,28,31.9,26.3,26.4,25.3,1013.7,79,65,0
29.1,27.3,31.6,26,26.4,25.3,1012.2,80,53,1.7
29.5,28.3,31.8,26,26.2,24.8,1010.5,76,45,0
27.8,25.4,30.9,0,25.5,24.5,1010.9,83,79,23
28.2,26.1,29.6,25.2,26.3,25.5,1014,86,87,3.8
28.8,27.8,30.9,26,26.6,25.7,1015.3,84,59,0
28.8,26,30.8,25.4,25.9,24.7,1011.9,79,64,2.7
29.5,27.6,31.7,25.6,26.4,25,1008.6,77,49,0
31,28.9,34.3,26,26.3,24.3,1005.7,68,63,0
28.6,27,31.7,25.1,24,21.8,1005.2,67,80,0
26.5,24.2,27.8,24,23.6,22.2,1004.5,78,88,10.6
25.8,23.5,27.4,23.1,24.6,24,1005.7,90,94,130.2
25.9,24.8,26.8,24,25,24.5,1010,92,92,37.2
25.9,25.2,26.9,24.6,25.1,24.8,1014.2,93,87,30.6
27,25.5,29,24.6,25,24.1,1014.3,85,65,1
27.4,26.3,29.4,24.2,25,24,1013.2,82,64,0
27.6,26.1,30.1,24.2,25.2,24.2,1013,82,47,0
28.6,26.8,30.8,24.4,25.9,24.7,1011.2,80,36,0
29,24.9,32.4,23.7,26,24.7,1006.9,78,54,3.6
29.6,27.5,32.3,24.7,24.9,22.7,1006.8,67,72,0
27.7,25.6,30.6,23.3,23.6,21.6,1011.6,70,59,0
27.8,26,30.5,23.9,24.4,22.8,1012.6,74,79,0.1
28.1,26.1,30.3,24.1,25,23.6,1012.5,77,62,0.1
28.1,26.5,29.9,25.1,25.1,23.7,1012.4,78,71,2.1
27.4,25.4,29.7,23.1,22.4,19.8,1013.1,63,67,0
26.5,24.6,28.5,22,22,19.6,1014.6,66,72,0
26.8,25.1,28.9,22.8,23.4,21.7,1014.5,74,60,0
27.3,26,29.1,23.7,23.8,22.2,1014.6,74,65,0.6
26.7,26,28,23.7,23.6,22.1,1013.6,76,71,0
27,25.4,29.6,23.3,24,22.6,1013.2,77,47,0.1
27.2,25.7,29.8,23.5,24.4,23.2,1013.1,79,34,0
26.9,25.6,29,23.6,24,22.6,1014.3,78,53,0
26.1,24.3,28.3,22,22.8,21.2,1015.1,75,45,0
26.3,25.4,27.9,23.2,23.8,22.6,1016.4,80,75,0
26.1,25.2,27.7,23.1,22.2,20.1,1017.8,70,61,0
25.6,24,27.7,21.3,21.2,18.8,1017.8,66,41,0
25.5,23.5,27.8,20.8,21.4,19.2,1017.3,68,31,0
26.1,24.1,28.9,21.5,22,19.7,1016.7,69,21,0
25.2,23.2,27.7,20.4,20.2,17.1,1018.4,61,44,0
23.3,21.3,25.3,19.3,18.6,15.6,1019.4,62,39,0
23,20.6,25.6,18.1,18.8,16,1019,65,10,0
24.4,23.2,26.2,20.2,21,19.1,1017.8,73,84,0
24.8,23.1,26.8,20.8,21.8,20.2,1017.6,76,59,0
25.4,24.1,27.3,21.6,22.4,20.8,1017.6,76,57,0
25.8,24.2,27.8,22,23.2,21.9,1016.2,79,40,0
24.8,22.6,26.1,22.1,21.1,18.9,1014.9,70,80,0
22.9,20.8,24.9,19.3,18.8,16.3,1016.7,67,87,0
22.1,20.5,23.2,18.3,17.4,14.1,1018.2,61,88,0
22.9,22,23.8,19.2,18.4,15.4,1017.2,63,86,0
24.6,23.3,26.6,20.9,21.4,19.7,1016.4,75,82,0
24.9,23.7,27,21.1,22,20.4,1016.5,76,66,0
24.8,23.6,26.9,21,22.5,21.4,1015.3,82,53,0
25.3,23.8,27.6,21.5,23.5,22.7,1013.6,86,42,0
26.3,24.4,28.3,22.1,24,22.9,1012.8,82,47,0
26.1,24.9,28.5,22.7,24.6,23.9,1013.9,88,72,0
25.6,24.9,27.1,22.9,23.9,23.2,1015.6,87,59,0
25.6,24.7,27.2,22.5,23.9,23.1,1015,86,67,0
25.9,24.1,28.4,21.8,24.1,23.3,1012.6,86,50,0
25.6,24.2,27.9,21.6,23.7,22.8,1011.8,85,30,0
25.8,24.4,28.4,21.8,23.4,22.2,1012.5,81,55,0
25.4,24.7,26.2,22.4,23,21.9,1012.9,81,85,0
25.3,24.5,26.6,23,23.3,22.3,1012.7,84,88,0
22.5,20.3,24.5,21.2,20.3,19,1014.1,81,89,1.6
21.1,19.2,23.3,17.8,17.9,15.8,1017.3,72,69,0
21.2,19.1,23.5,16.8,18.1,16.1,1019,73,50,0
21.1,19.1,23.2,16.8,17.6,15.2,1021.4,69,58,0
19.3,17.1,21.4,15.8,15.8,13.2,1022.2,68,38,0
17.9,15.4,20.6,13.5,14.5,11.8,1021.6,68,20,0
18.5,16.5,20.6,14.1,14.5,11.3,1022.1,63,28,0
19.1,16.2,21.8,13.5,15,11.8,1021.7,63,28,0
20.9,18.3,23.6,15.3,16.9,14.1,1020.2,65,32,0
20.8,18.9,22.9,16.2,17.5,15.3,1019.6,71,55,0
21.1,19.9,22.7,17,18.7,17.2,1018.5,79,64,0
21.7,19.7,24.8,17.1,19.1,17.6,1017.6,78,17,0
21.9,20.1,24,17.2,19.3,17.8,1017,78,21,0
23.5,21.5,26.1,19,21,19.6,1016.9,79,76,0
23,21.9,25.1,19.1,20,18.3,1015.6,75,48,0
21.4,20.5,22.5,18.9,19,17.6,1014.7,79,81,0
21.1,19.6,22.7,17.1,18.8,17.4,1015.7,79,30,0
21.8,20,24,17.5,19.6,18.3,1016.9,81,20,0
22.1,20.9,24,18.6,19.3,17.6,1016.2,76,79,0
19,17.2,22.3,15.8,14.7,11.2,1017.8,61,39,0
15.7,12.8,17.6,14.9,11.3,6.9,1021.6,56,94,0
12.1,11.1,13.6,10.6,8.1,3,1024.6,54,95,0
14.1,11.7,16.5,10.6,9.9,5.1,1023.8,55,93,0
17.5,15.5,19.6,13.8,13.9,10.9,1022,66,66,0
19,17.2,21.3,14.6,16.7,15,1019.1,78,66,0
20.5,19,22.5,16.8,18.4,17.1,1017.1,81,81,0
19.8,17.2,21.9,16.8,16.5,14.1,1018.9,70,59,0
16.1,14.7,17.7,13.7,12.5,9.1,1022.3,63,84,0
15.7,13.5,17.4,12.8,12.1,8.8,1023.2,63,88,0
15.4,13.8,16.9,12.8,10.6,5.4,1024.6,52,88,0
14.6,12,17,0,8.6,0.8,1025.8,39,74,0
15.1,12.3,17.5,9.8,10.1,4.1,1024.9,48,65,0
15.8,13.4,18.3,10.6,9.8,2.3,1025,42,27,0
13.4,11.2,15.6,8.7,8.6,2.2,1024.5,48,10,0
14.3,11.4,16.7,8.8,11.1,7.7,1021.9,65,20,0
16.6,13.9,19.1,10.9,13.3,10.4,1021.2,68,22,0
15.2,12.5,16.9,11.1,8.9,0.2,1025.4,37,24,0
12.7,10.4,14.8,7.9,6.5,-3.9,1025.3,32,4,0
14.5,11.7,17,8.3,10.6,6.3,1021.6,58,13,0
17.4,15.2,19.8,11.9,14.6,12.3,1019.9,72,43,0
18.6,16.6,20.8,14.2,14.5,11,1019.2,62,83,0
19.2,17.7,21.1,14.7,15.1,11.8,1019.9,63,51,0
17.9,16.7,19.5,15.1,15.3,13.3,1021.4,75,85,0
16.7,16,17.5,15.3,15.4,14.4,1020.8,86,92,1.6
18.5,16,21.5,15,16.7,15.4,1019.6,83,81,0.1
18,15.9,19.5,15,17.3,16.8,1018.9,93,95,7.8
19.9,18,22.9,16.2,18.2,17.2,1019,85,51,0
19.2,17.7,21.6,16.5,17.3,16,1019.9,82,56,0
18.5,17.1,21.3,14.9,16.4,14.9,1019.2,80,31,0
17.5,16.2,18.3,14.8,15.7,14.5,1017.1,83,85,0
18.7,17.2,20.1,15.7,17.1,16,1014.8,85,89,0
17.1,13.3,19.6,16.3,15.2,13.6,1018.8,80,79,0
11.2,9.4,13.3,10.7,8.5,5.3,1024.8,67,88,0
10.4,8,12.7,8,7.1,2.6,1025.1,59,51,0
11.7,10.8,13.5,8.4,8.4,4.3,1023.7,61,85,0
12.8,10.8,14.8,10.1,9,4.5,1021.7,57,88,0
15.6,14.3,17,12.7,13.3,11.5,1019.5,77,88,0
17,14.9,18.9,12.6,14.9,13.2,1017.6,79,71,0
19,17.4,21,14.8,17.2,15.9,1015.9,83,51,0
19.5,17,22.8,14.1,17.7,16.5,1015,83,15,0
18.5,17.5,19.7,15.4,17,16,1016.1,86,41,0
19,17.1,21.4,14.3,17,15.5,1016.1,81,47,0
19.9,18.3,22,15.9,18.1,17,1015.2,83,58,0
18.9,18.1,19.9,16.5,17.9,17.2,1015.8,90,89,0.7
18.9,17.7,19.6,16.8,18.2,17.7,1013.5,93,93,0.8
18.7,18.4,19.1,17.7,18.1,17.8,1011.5,94,100,0.3
17.1,14.1,18.7,17,16.5,16.1,1013.3,94,88,1.3
13,11.4,14.3,11.5,11.6,10.4,1016.9,85,93,4.3
12.8,11.7,13.4,12,11,9.4,1018.2,80,88,0
12.3,10.5,14.9,10.5,9.9,7.4,1021.9,72,87,0
13.6,11.1,15.8,9.8,10.9,8.2,1022.8,70,84,0
15.8,13.7,18.7,12.8,12.6,9.6,1022.7,67,62,0
15.3,12.8,17.6,10.8,11.8,8.4,1022.7,64,68,0
15.8,13.5,18.2,11.7,12.9,10.3,1019.7,71,83,0
15,13.5,15.8,12.8,14.3,13.8,1017.4,93,96,6.8
17.2,15.2,19.9,14.4,16.4,15.9,1017.6,92,71,2.1
19.1,17.3,21.4,15.2,17.3,16.1,1019.5,83,59,0
20.5,18.3,23.6,16.1,18.3,17,1019.8,80,62,0
19.1,17.9,20.8,16.7,17.6,16.6,1021,86,56,0
17.8,16.4,19.4,14.8,15.5,13.8,1022.2,78,40,0
18.4,16.6,20.7,14.8,16.3,14.7,1024.2,79,55,0
15.7,14.7,16.6,14.1,13.9,12.5,1026.8,82,89,0
15.8,14,17.4,13.2,13.3,11.3,1023.9,75,82,0
18.2,15.3,21.7,13.3,15.8,14.1,1019.7,78,31,0
19.1,16.8,22.3,14.7,16.4,14.6,1021.7,76,21,0
17,15.4,19.6,13.2,13.9,11.2,1025.7,69,43,0
15.4,14.5,17.1,13.5,13,11,1027.5,75,77,0
16.5,13.9,19.8,12,14.3,12.5,1022.8,78,52,0
18.3,15.6,21.3,13.3,16,14.3,1019.6,78,23,0
18,16.9,19.8,14.9,15.1,12.8,1021,73,64,0
17.6,15.8,18.7,13.6,14.6,12.2,1018.8,71,94,0
18.6,17.6,20.4,16.4,17.3,16.4,1015.5,88,96,4.7
20.9,18.5,24.4,0,19.7,19.1,1013,90,72,0
22.4,19.6,25.3,18,20.8,20,1015.1,87,86,0
17.3,15.8,20.2,16.6,15.6,14.5,1020.9,84,88,0
14.6,13.1,15.8,13.7,13.2,12,1020.8,84,88,0
15.2,12.3,18.5,12.2,13.6,12.4,1019.5,84,88,0.5
17,15.3,20.3,13.8,15.1,13.7,1019.3,81,76,0
19,16.8,23.2,14.7,17,15.5,1017.7,81,62,0
21.3,18.8,25,16.8,18.7,17.1,1017.1,77,71,0
18.4,17.2,20.6,17,16.6,15.3,1018.8,82,90,0
17.1,16.8,17.8,16.1,15.9,15,1018.5,87,88,0
17.7,16.1,19.8,15.2,16,14.9,1015.3,84,88,0.3
19.1,16.6,22.5,16.4,17.2,15.9,1015.2,82,85,0.3
15.2,14.1,16.6,13.8,14.2,13.5,1016.7,89,91,11.9
14.2,9.7,16.6,13.6,13.6,13.2,1017.1,94,92,20
10.6,9.1,12.9,9.1,8.3,5.5,1020.7,71,63,0.1
12.7,9.7,15.8,8.6,9.9,6.9,1021.3,68,64,0
15,12.3,18.6,0,12.5,10.3,1020.1,74,5,0
15.6,14.1,17.1,0,13.1,10.9,1019.3,74,70,0
17.2,15.3,18.6,14,16.1,15.2,1017.5,88,89,2.4
19.3,17.8,20.7,16.3,18.5,18,1015.6,92,91,1.8
19.9,19.2,21,17.9,18.9,18.3,1015.4,90,86,0
19.8,18.3,21.9,16.7,18.2,17.3,1016.7,86,77,0
20.8,18.7,24,16.7,19.4,18.6,1016.5,87,51,0
20.5,19.6,22.5,17.2,19.3,18.5,1015.7,88,47,0
21,19.9,23,17.7,19.9,19.2,1012.7,90,87,0
20.7,15.6,23.6,19.1,20,19.5,1012.2,93,90,0.8
12.1,9.1,15.5,12.8,10.9,9.8,1021.5,86,89,5.1
12.5,9,15,9.6,10.9,9.3,1022.6,81,84,0.3
16.5,14.2,18.3,12.7,14.8,13.5,1017.7,82,87,0
20.2,17.6,23.4,16.3,18.2,16.9,1012.8,82,81,0
19.9,19.3,20.8,18,19,18.3,1012.1,91,86,0
22.4,19.6,26.2,18.3,21.1,20.5,1012.6,89,57,0.3
21.5,19.2,22.7,19.3,19.2,17.8,1014.8,81,71,0
18.3,17.6,19.2,17,16.3,14.9,1015.2,81,88,0
19.5,17.7,21.4,16.8,18.5,18,1011.2,91,88,0
21.1,19.6,22.4,19,20.6,20.4,1009.6,96,93,0
22.6,18.5,24.9,19.9,21.9,21.6,1008.7,95,88,11.2
17.5,16.7,18.6,16.8,17,16.7,1012.5,95,91,15.7
17.5,16.9,18.3,16.3,16.9,16.5,1013.5,93,89,6.6
18.5,17.8,19.9,16.9,18.1,17.8,1012.1,96,94,3
18,17.2,19,16.8,17.6,17.3,1011.1,96,94,1.1
19.5,16.9,22.8,15.8,16.8,15,1014.3,75,36,0
19.8,18.2,21.7,15.4,17,15,1016.4,74,57,0
20.5,19,22.5,17.6,18.8,17.8,1016.3,84,81,0
21.8,20.5,24.3,19.2,20.3,19.4,1014.3,86,83,0
23.2,20.8,26.8,19.5,21.6,20.7,1011.9,86,68,0
23.4,22.1,25.2,20.6,22,21.3,1012.5,88,86,0.1
23.9,22.2,26.6,20.9,22.6,22,1012,90,81,0
25.5,23.1,28.2,21.2,23.4,22.4,1010.5,83,79,0
26.3,24.6,28.2,22.5,24.1,23,1009.8,82,87,0
24.4,22.2,26.8,22.9,22.7,21.9,1012.5,86,83,0
22.2,21.4,23.2,21,20.8,20.1,1014.6,88,86,0
22.3,20.5,24.6,19.2,19.1,17,1013.7,73,81,0
24.1,22.2,25.7,19.7,22.8,22.2,1010.7,89,86,0
27,25.6,28.6,22.7,24.8,23.8,1008,83,85,0
27.6,26.5,29.6,23.7,24.9,23.8,1008.1,80,86,0
27.8,26.6,29.9,24.9,24.7,23.3,1006.8,77,81,0
23.2,19.7,27.3,20.9,21.5,20.7,1011,86,97,0.9
19.5,18.6,20.4,17.6,18.2,17.3,1015.7,87,99,0.1
16.8,15.1,18.7,16.3,15.2,14,1016.5,83,90,1
17.5,15.7,18.8,14,15.5,14.1,1016.6,80,87,0
20.5,17.8,23.2,16.2,17.6,15.7,1015.2,74,76,0
22.8,20.7,25.6,19.9,20.6,19.3,1015.1,81,57,0
25.5,22.1,28.9,20.1,22.2,20.6,1014.6,75,39,0
24.7,22.2,29,22,22.8,21.8,1014.4,84,69,0.2
23.3,21.7,25.8,20.9,21.4,20.4,1012,84,77,0
26.1,23.3,29.3,21.5,23.5,22.4,1008.9,81,73,0
27.4,25.6,30.1,23.8,25,24,1009.4,82,81,0
24.3,23.4,26.7,22.4,23.7,23.4,1011.6,94,90,109.4
23.6,22.8,25,22,22.5,22,1011.1,91,88,0
26.8,23.8,29.2,22.4,24.6,23.7,1008.9,83,83,8
27,25.3,28.4,23.9,25.1,24.3,1009.3,86,89,11.9
23.3,21.2,27,0,22.7,22.4,1009.8,95,95,66
22.6,20.9,24.4,20.8,21.5,21,1011,91,92,1.6
25.3,23.1,27.8,22,23.1,22.1,1010.8,82,70,0
27.4,25.2,29.8,23.3,25.2,24.2,1009.7,83,78,0
27,23.3,29.8,24.9,25.1,24.3,1010.2,86,88,70.1
22.8,21.7,23.6,20.5,22.2,21.9,1013.1,95,89,108.2
24.2,23.3,25.1,21.8,23.2,22.7,1013.6,91,87,0.2
26.4,24.2,28.3,23.1,24.9,24.3,1011.8,89,86,1.3
28.1,26.8,30.3,24.2,25.2,23.9,1010.3,78,71,0
28.2,26.7,30.2,24.4,25.3,24.1,1010.4,79,56,0
28.5,26.7,31.5,24.3,25.6,24.4,1011.3,79,53,0
28.5,26.4,31.4,24,25.2,23.7,1010,76,47,0
28.8,27.2,31.2,24.4,25.2,23.6,1010.1,74,39,0
27.5,25.5,30.5,24.8,25.5,24.6,1012.9,85,80,0
26.5,24.6,29.6,23.7,24,22.9,1014,81,49,0
26.6,22.7,30.9,23.3,23.3,21.6,1012.9,75,41,0
23.7,20.5,27.1,19.6,19.9,17.6,1013.7,69,35,0
24.7,22.6,27.2,21.6,20.8,18.6,1010.9,69,88,0
24.5,22.7,26.3,22,21.5,19.8,1007.1,76,92,1.6
22.8,21.1,24.3,20.5,20.7,19.6,999.6,82,92,15
25.3,22.6,28.8,20.1,21.1,18.9,1005.7,68,68,0
25.7,22.9,29.8,20.9,21.3,18.9,1009,67,52,0
24.6,23.2,25.7,22.5,22.7,21.8,1011.1,85,88,1
23.3,22.3,24.8,22,22.9,22.7,1010.2,97,94,69.7
25.5,24.5,26.5,23.2,24.5,24,1009,92,91,22.9
25,24.3,26.7,23.5,24.4,24.1,1010,95,91,30.9
25.5,24.5,26.5,23.7,24.8,24.4,1010.5,94,85,0.5
26.7,24.8,28.8,23.6,24.6,23.6,1010.6,83,73,0
27.7,26.4,29.8,24.4,25,23.9,1011,80,82,0
26.9,26,27.4,24.4,25.1,24.4,1010.1,86,88,5.5
25,23.7,27.1,22.5,23.8,23.3,1008.1,90,89,59.7
23.1,22.3,24.4,21.8,22.5,22.1,1007.9,94,91,4.2
24,22.4,26.7,21.5,23.3,23,1008.7,94,88,13
26.2,23.7,28.5,22.8,24.9,24.4,1008.9,90,90,27.7
27.1,25.5,27.8,23.8,25.5,24.8,1008.2,88,88,33.2
26.5,24.4,27.6,25.1,25.6,25.3,1008.4,93,91,80.2
27.7,26.9,28.3,24.9,25.8,25,1008,86,89,0.6
28.2,27.2,29.4,25.4,25.7,24.7,1006.8,82,87,1.5
28.5,27.9,29.3,25.5,26,25,1005.7,81,87,0
28.9,27.6,30.7,25.3,26.2,25.2,1005,81,87,0.8
28.8,28.1,29.9,25.6,26.3,25.3,1004.6,81,88,0.4
28.6,27.3,29.4,26.2,26.5,25.6,1002.5,84,88,12.4
26.4,24,28.2,26,25.5,25.1,1000.7,92,90,136.7
24,22.6,25.4,22,22.9,22.4,1003.6,91,89,26.4
24,21.9,26.6,22.3,22.8,22.2,1006.6,89,89,9.5
24.4,23.1,26.2,21.1,23.5,23,1006.7,92,89,9.4
27.4,24.5,30.5,23.7,25.9,25.3,1006.8,89,88,65.2
28.5,26.8,30.1,25,26.1,25.1,1006.4,82,81,0.4
28.4,27.9,29.4,25.6,26.3,25.4,1005.5,84,92,0.2
28.8,27.8,30.8,25.6,26.3,25.3,1006.3,82,80,0.1
29.3,27.5,31.7,25.3,26.4,25.2,1007.8,79,66,0
29,27.5,30.9,25.6,26.6,25.7,1009.1,83,78,0
27.7,26.3,28.5,25.8,25.8,25,1010.1,86,85,0.6
28,26.6,31.6,25,26.1,25.3,1010.4,85,70,0
28.2,25.5,31.4,24.4,26.4,25.8,1009.7,87,62,10
27.6,26.5,28.7,25.8,26.3,25.7,1008,90,68,10.4
29.2,26.2,32.9,24.9,26.1,24.9,1008.1,78,43,1
29.8,28,32.7,25.9,26,24.4,1009.1,74,34,0
30,28.2,32.8,26.3,26.7,25.4,1009.1,77,44,0
29.9,27.8,32.5,26,26.8,25.5,1008.5,78,34,0
29.7,27.9,31.9,26.4,27.5,26.6,1007,84,72,0.1
27.2,25.3,29.3,25.9,26.2,25.8,1006.2,92,85,51
28.3,26.1,30.7,25.1,26.5,25.8,1006.8,87,84,16.6
28.7,26.6,31.1,25.1,27,26.3,1008.6,87,79,2.5
28.9,27.1,31.1,26,27.1,26.5,1009.2,87,68,2.9
29.2,27.5,31.4,26.3,27.4,26.7,1008.4,87,57,5.3
29.2,27.7,31.4,26.1,27.3,26.6,1007.3,86,77,6.3
29,27,31.8,26,26.8,26,1005.8,84,77,14.8
29.6,28.4,32,25.8,26.7,25.5,1005.4,79,69,1.5
29.8,27.6,32.3,25.6,26.6,25.3,1003.7,77,73,2
30,28.6,32.7,26.2,27,25.8,1002,78,79,3.2
29.7,27,31.9,26.9,27.1,26,1000.8,81,77,19.5
29.4,26,30.8,27.1,27,26.1,1000.2,82,84,7
29.6,27.9,30.6,27.1,27.4,26.5,1001.5,84,88,6.8
28.7,26.4,31.1,0,27.2,26.6,1002.8,89,81,32.3
30,28,32.2,26.5,27,25.8,1001.1,79,51,0
30.7,28.2,34,26.8,27.3,26.1,997,77,75,0
30.2,28.8,32.2,27.2,27.3,26.3,994.5,80,79,0.2
28.8,27.9,29.9,25.7,26.5,25.6,997.6,83,97,7
28,24.1,29,23.4,26.2,25.5,1001.1,86,97,195.6
29,27.6,31.4,26.1,26.6,25.7,1004.7,82,87,5.3
29.7,28.2,32.4,26.2,26.8,25.7,1008.9,79,73,0
29.5,27.7,31.7,26.3,26.5,25.2,1008.6,78,51,0
29.5,27.4,31.9,26,26.1,24.7,1006.9,76,34,0
29.9,27.7,32.6,26,26.2,24.7,1006,74,35,0
29.3,28.1,31.7,0,26.8,25.8,1005.4,81,46,0
29.8,28.2,32.2,26.6,27.2,26.2,1004.1,81,46,0
29.9,26.3,33.9,26.6,27,25.9,1002,80,58,10.1
30.9,29.2,33.9,26.9,26.9,25.3,999.6,73,70,0
28.8,26.1,30,26,25.8,24.5,1000.4,78,88,0
25.8,24.4,27,23.6,24.7,24.2,1002.4,91,91,72.8
25.5,23.9,28.3,23.5,25,24.7,1003.6,95,89,85.6
24.6,23.7,25.3,23.2,24.4,24.3,1008,98,93,87.2
26.5,24.8,28.4,23.6,25.3,24.8,1010.4,91,85,3.8
28.3,26.2,30.9,24.8,25.7,24.5,1009.4,80,57,0
28.9,26.5,32.4,25,25.9,24.7,1006,78,39,0
26.9,25.2,28.6,23.6,24.8,23.9,1001.7,84,84,26
25.8,24.5,27.1,23.2,24.4,23.9,999.2,90,94,54.2
27.4,25.6,30,23.3,26,25.4,1005,89,89,18
27.4,25.8,29.7,25,26.1,25.6,1006.9,90,86,5.9
26.8,24.9,28.6,24.2,25.6,25.1,1006.6,91,81,4.6
27.9,26,30.4,24.7,25.5,24.5,1004.7,82,55,0.1
28.5,26.1,31.1,24.8,25.8,24.7,1003.7,80,54,0
28.8,26.8,31.7,25.1,25.6,24.3,1002,77,70,0
26.7,24.6,28.8,23.4,25.5,25,1000.7,91,88,45.6
27.6,26.1,29.3,25.2,26.4,25.9,1002.3,90,80,3.7
28.8,27.2,31.1,25.7,26.5,25.6,1005,84,66,0
29.1,27.2,32.1,25.4,26.7,25.7,1005,83,31,0
28.9,27.5,31.6,25.8,26.5,25.6,1004.1,83,39,0
28.9,27.5,31.6,25.7,26.7,25.8,1003.8,84,68,0
29.1,27.6,32.1,26,26.8,25.9,1004.3,83,40,0
29.7,27.7,32.5,25.9,26.3,24.9,1004.7,76,49,0
30.1,28.4,32.5,26.6,27,25.8,1004.1,78,73,0
27.6,24.3,29.8,23.3,25,23.9,1005.2,81,85,51.1
28.3,27.2,30.8,25.8,26.1,25.2,1004,84,86,0.1
28.9,27,32.1,25.2,25.9,24.7,1004.4,79,60,0
28.9,27,32,25.3,25.8,24.6,1004.9,78,53,0
29.3,27.4,32.1,25.7,26.2,25,1005.4,78,49,0
27.6,26.1,29.5,25.7,26.6,26.3,1005.5,92,80,38.8
27.3,26,29.9,25.5,26,25.5,1007,90,89,20.6
28.3,26,30.9,25.4,26,25,1007.8,83,79,2.2
28.2,25.2,30.5,25,26.4,25.7,1008.6,87,77,2.3
28.3,27.5,29.9,26,26.7,26.1,1008.8,88,79,2.2
29.3,27.8,31.9,26,26.8,25.8,1010.8,82,65,0
29.2,27.7,31.5,25.8,26,24.7,1010.9,77,46,0
29.3,27.8,31.6,26.1,26,24.6,1007.9,77,67,0
29.9,27.8,32.8,26,26.4,25,1006.1,76,57,0
30,28.7,32.5,26.9,26.9,25.7,1006.3,78,71,0
28.8,28.3,30.3,26.7,26.2,25.1,1006.2,81,80,0
28.5,26.6,30.4,25.2,25.9,24.7,1006.5,80,76,0.6
29,26.8,31,25.4,25.8,24.5,1007.2,78,72,3.2
28.3,25.6,30.3,25.1,25.7,24.5,1007.4,81,85,4.9
26.4,24.7,27.7,24.7,24.8,24,1007.9,87,90,35.1
27.4,25.9,29.3,25,25.4,24.6,1008.4,85,88,11.8
26,23.1,28.2,25.4,24.8,24.3,1009.6,90,88,92.4
24.1,21.9,26.6,23,21.9,20.7,1010.5,82,85,3.5
23.7,22.5,26.2,22.1,20.6,18.9,1008.5,74,85,0
22.2,20.7,23.5,21.3,20.8,20,1008.6,88,88,5
24.3,22.2,25.4,22.2,24.1,24,1009,98,96,248.3
25.3,24.6,27.8,23.9,24.9,24.7,1010.5,96,88,12.9
26.4,24.9,29.3,23.9,24.3,23.4,1009.4,84,86,1
26.4,25.1,28,22.5,23.3,21.8,1009.6,76,84,0
26.6,24.1,30.1,20.8,21.8,19.3,1009.6,64,24,0
26.1,24.1,29.4,20.5,22.3,20.4,1011.1,71,57,0
26.2,24.3,29.3,21.8,22.9,21.2,1012.4,75,48,0
26.3,24,29.9,21.8,22.6,20.7,1011.8,72,57,0
26.5,24.4,29.6,21.5,22.5,20.4,1011.4,70,81,0
26.7,25.1,29.3,22.2,23.3,21.6,1011.7,74,82,0
27.2,25,30.4,22.1,23,20.9,1011.1,68,69,0
25.8,24.2,26.7,22.3,23,21.6,1011.3,78,88,0.9
26.6,25.3,29.5,23.4,23.4,21.8,1011.7,76,65,0
26.4,24.5,29.4,22,22.9,21.1,1010.3,74,31,0
26.2,24.8,29,22.3,22.9,21.2,1010.9,75,44,0
26.2,24.4,29.2,22.2,22.9,21.3,1011.5,75,35,0
27.5,24.7,31.8,22.4,23.8,22.1,1010.8,73,52,0
26.6,25.3,28.6,24.7,23.5,22,1010.9,76,88,0.6
26.3,25.7,27.6,24,23.4,22,1011.1,78,88,0
26.9,25.6,29.4,24,23.8,22.4,1010.9,77,88,0
26.9,24.4,29.4,23.4,24.2,23,1010.5,80,70,5.1
27.1,25.3,29.9,23.5,23.5,21.7,1009.6,73,55,0
26.8,24.9,30.4,22.5,23.5,21.9,1010.2,75,24,0
26.3,24.9,29,22.8,23.3,21.8,1011.6,77,63,0
26.2,24.3,29.1,21.8,22.4,20.3,1011.9,71,16,0
26.3,25,29,22.9,23.6,22.3,1013.7,79,60,0
25.2,24.2,26.3,22.9,23.2,22.2,1014.3,83,84,0.6
26.2,24.2,29.1,22.2,23.3,21.9,1015.3,77,64,0
26.8,25,30.1,22.8,23.9,22.5,1015.6,78,73,0
26.7,25,29.5,22.9,23.7,22.2,1016.9,77,34,0
26.8,25.3,30.1,23.3,23.7,22.2,1016.7,77,56,0
26.4,25.3,28.2,23.3,24.2,23.1,1014.5,82,84,5.3
26.6,24.8,27.9,23.9,24.5,23.6,1014,84,88,10.7
25.9,24.1,28.3,22.9,24,23.1,1015.6,85,85,7.1
26.4,25.3,28.6,23.6,24.1,23.1,1015.8,82,84,0
26.5,25.4,29,23.5,24,22.9,1015.6,80,65,0
26.1,25.4,27.8,23.4,23.3,21.9,1016.6,78,79,0
26.4,24.7,29.3,22.4,23.5,22.1,1016.9,77,51,0
26.4,25.1,28.9,22.8,23.7,22.4,1016.3,79,49,0
26.5,24.6,29.7,22.2,23.7,22.4,1015.5,79,36,0
27.3,25.3,31,22.9,24.4,23.1,1015.7,79,56,0
26.4,24.7,28.4,23,23.7,22.5,1017.8,79,86,1.9
26.3,25.1,28.6,23.7,23.4,22,1018.1,77,84,0
26,24.6,28.8,22.7,22.4,20.6,1018.3,73,72,0
25.4,23,28.4,20.5,21.5,19.3,1018.1,70,65,0
26.1,23.4,29.2,20.6,21.8,19.5,1016.2,68,54,0
26.2,23.8,29.9,21,22.5,20.5,1014.6,72,40,0
25.9,23.5,29.4,20.6,22.1,20.1,1014.4,71,44,0.5
25.7,23.3,28.3,20.6,20.7,17.8,1013.4,63,74,0
25,23.5,27.1,21,18,13,1012.2,47,81,0
23.6,21.9,25.7,19.4,18,14.1,1013.2,56,79,0
23,21.4,26.4,18.8,18.8,16,1014.8,66,73,0
23.9,21.3,28,17.9,19.6,17,1014.9,67,10,0
24.2,21.8,27.8,18.7,20.3,17.9,1014.5,69,10,0
24.9,22.4,28.7,18.8,19.3,15.6,1015.8,58,12,0
23.8,21.5,26.6,17.6,18.8,15.6,1018.8,61,18,0
23.6,21.7,26.4,19.3,19.6,17.2,1019.8,68,26,0
24.2,22.3,27.4,19.8,21.1,19.3,1019.5,75,15,0
25,22.7,28.3,20.3,21.7,20,1017.5,75,16,0
26,23.6,29.2,21.1,20.5,17.1,1016.7,60,18,0
23.3,21.3,25.8,17.5,17.9,14,1018,57,27,0
23,21.3,25.3,19,19.9,18.1,1016.6,74,80,0
24.5,23.4,26.6,21.2,21.7,20.2,1017.3,77,88,0.3
22,20.3,23.9,21.2,20.1,19.1,1018.5,84,95,9.2
22.5,20.4,24.7,19.3,20.7,19.7,1016.7,85,89,0
23.6,22.3,25.2,20.5,21.7,20.8,1015.6,84,80,0
23.9,22.8,25.9,21.5,22.7,22.1,1014.2,90,79,1.6
24.1,23.5,25.8,21.5,22.4,21.6,1014.8,86,86,0
23.6,22.4,25.5,20.5,21.4,20.3,1015,82,85,0
22,19.6,23.6,21,20.9,20.3,1011.5,90,95,66.5
20.7,19.4,21.9,18.5,20,19.6,1012,94,95,9.7
22.1,20.5,24,0,20.1,19,1015,83,80,3
22.5,21.1,23.3,19.4,20.5,19.5,1016.1,83,88,0
22.8,22.1,23.2,20.8,21.7,21.2,1013.8,91,89,0
24.1,22.5,25.7,21.6,22.7,22,1010.7,88,76,1.2
23.5,21.8,25.2,21,22.4,21.8,1011.9,90,83,7
20.7,18.7,22.4,17.9,18.5,17.1,1015.4,80,88,1.1
21.1,20,21.9,18.7,19.3,18.3,1017.1,84,96,0
20.6,19,22.5,17.6,18.2,16.6,1017.1,78,82,0
19.1,16.8,21.7,15.5,15.6,12.9,1017.3,68,64,0
18.5,16.1,21.5,14.3,15.4,13.1,1018.7,71,42,0
19.1,17.1,21.1,15.3,16.2,14,1021.2,73,66,0
19.2,16.5,20.8,14.6,16.3,14.2,1022.8,73,60,0
20.2,17.5,23.1,15.7,17.8,16.3,1021.9,78,67,0
20.9,19.6,22.4,17.9,18.7,17.2,1019.3,80,69,0
22.4,19.8,24.7,18.6,20.4,19.3,1017.8,83,56,0.3
22.8,21.5,25.6,19,20.6,19.3,1018.3,81,24,0
21.2,19.2,22.4,19.1,18.6,16.9,1020.9,77,88,0
18.9,17.3,20.2,16.9,15.9,13.6,1021.4,71,87,0
19.7,17.7,21.7,16,16.6,14.4,1019.1,72,79,0
21.6,19.4,23.5,17,18.4,16.4,1017.6,73,83,0
20,17.8,22.4,18.7,18.5,17.7,1017.2,87,88,13
16.8,15.7,18.4,15.9,15.7,14.9,1016.9,89,88,5.8
15.7,14.7,16.7,14.3,14.9,14.4,1019.3,92,94,9.3
15.8,14.5,17.4,13.8,11.7,7.1,1024.1,60,68,1.5
14.9,12.6,17.3,9.7,9.1,1.7,1026,41,3,0
14.8,12,17.6,9.5,10.4,5.4,1026.2,54,18,0
16.1,13.1,18.9,9.8,12.2,8.4,1025.2,60,16,0
17.3,14.8,19.9,11.7,12.9,8.8,1024,58,10,0
17,14.4,19.6,11.5,12.5,8.2,1022.4,56,4,0
17.2,14.6,20,11.3,12.5,7.9,1021.5,55,6,0
17,14.8,19,11.5,13.9,11.3,1020.2,69,40,0
18.4,16.6,20.9,14.2,15.2,12.7,1018.4,70,64,0
18.1,16.1,21.5,11.8,12.7,7.4,1017.3,50,15,0
17.7,15.9,20.1,12.6,15.3,13.5,1017.9,77,29,0
17.7,15.9,20.5,12.8,15.4,13.6,1018.3,77,10,0
17.5,15.5,19.8,12,14,10.9,1021.5,67,11,0
15.2,13.4,16.7,11,12.5,10.1,1024.3,71,43,0
15.9,13.6,18.3,11.1,13.1,10.6,1022.7,71,29,0
17.4,15.4,19.7,12,15,13.2,1021.4,76,38,0
18.5,16.7,21.1,13.7,16.4,14.9,1018.9,80,64,0
18.8,17.7,20.5,15.4,16.9,15.6,1016.9,82,86,0
18.6,17.7,19.4,16.7,17.7,17.2,1016.9,92,92,8.5
17.4,16.2,19.4,15.2,15.1,13.3,1019.3,77,79,0
16.1,13.4,18.9,12.3,13,10.3,1021.6,69,36,0
14.3,12.3,16.9,10.5,10.3,6,1024,58,43,0
13.5,11.2,16.3,9.1,9.4,4.5,1024.8,55,22,0
13.6,10.9,16.1,8.7,9.2,3.9,1026.1,52,26,0
14.3,11.3,16.8,8.1,9.7,4.2,1025,52,23,0
16.1,14.4,18.1,10.5,12.2,8.4,1023.1,61,86,0
17.2,16.2,17.9,13.6,14.9,13.1,1021.4,77,87,0
17.9,16.9,19.4,15.8,15.9,14.5,1021.3,81,86,0
17.2,15.3,20.1,13.4,14.9,13.2,1022,77,53,0
17.2,15.6,19.5,14.3,15.1,13.4,1022.6,79,81,0
18.3,16.4,21.3,14.1,16.1,14.4,1021,78,87,0
20.4,17.9,23.7,15.1,17.7,15.9,1019.1,76,81,0.4
17.4,14.2,20.4,16.7,17,16.7,1020.2,95,97,20
15.9,14,18.3,13.1,14,12.5,1022,80,88,0.2
16.8,15.6,19.3,14.3,14.5,12.8,1021.1,78,88,0
16.9,15.5,18,14.2,15.6,14.6,1019.1,86,90,0.5
16.7,15.4,17.4,15.5,15.5,14.6,1019.7,87,94,0
16.6,15.9,17.8,15,15.2,14.1,1021.7,85,88,0
16.7,13.9,18.6,15.2,14.7,13.2,1023.1,80,70,0
14.1,11.8,16.5,10.2,11.3,8.6,1024.2,70,69,0
15.2,13.9,16.9,11.5,12.5,10,1023.7,71,72,0
15.1,12,18.7,10.1,11.8,8.6,1023.5,66,6,0
14.7,11.1,18.9,8.7,10.8,6.8,1024.8,61,11,0
15,12.9,18.1,8.7,9.2,1.9,1027.2,41,6,0
14,11.2,17.5,6.9,9.5,4,1025.6,51,1,0
15.7,12.7,20.3,9,12.1,8.7,1025.1,65,9,0
16.7,14.2,20,9.4,12.2,7.7,1024.4,56,10,0
17.3,15.3,20.7,0,11,3.6,1025.8,41,18,0
16,12.9,19.7,8.3,10.7,4.6,1025.8,48,30,0
15.4,13.2,18.6,9.8,12.6,9.9,1023.9,71,23,0
16.6,14,20,10.4,12.9,9.5,1020.6,64,34,0
18.1,15.4,21.7,12.1,15.3,13.2,1020.2,73,9,0
19.6,16.7,23.7,12.9,16.7,14.7,1020.1,74,18,0
20.7,18.2,24.3,14.6,17.3,15,1020.5,70,47,0
21.7,19.7,25.1,16.3,17.6,14.8,1019.9,66,65,0
22.2,20.3,25.6,17.2,20,18.8,1017.7,81,55,0
20.7,19.8,22.6,17.7,19.2,18.3,1017.4,86,83,0
19.3,18.5,20.4,17.8,17.4,16.1,1019.8,82,88,0
19.3,17.9,21.3,17,17.2,15.8,1018.1,80,86,0
20.7,19.2,23.1,16.6,19.6,18.9,1015.6,90,79,0
21.7,20,24.2,17.5,19.8,18.7,1016.6,83,85,0
18.9,17.5,21.7,17.2,17.7,16.9,1017.1,88,88,0.6
19.6,17.6,20.8,16.7,18.8,18.4,1013.7,93,88,0
22,20.5,23.7,18.3,20.9,20.3,1012.6,90,83,0
23.1,21.3,25.3,18.6,21.1,20.1,1012.8,84,74,0
20.1,18.4,21.7,18.3,19.2,18.7,1014.3,92,82,0
19.1,17.9,20.2,17.2,18.1,17.6,1015.7,91,89,1
19.8,18.5,21.2,18,18.4,17.6,1016.2,87,90,0.2
18.5,17.8,19.1,16.8,17.6,17.1,1014.5,92,94,4
19.7,18.1,21.7,15.2,17.6,16.3,1015.1,81,65,0
18.6,18,19.8,16.2,16.9,15.7,1015,83,86,0.1
20.4,18,24.5,17.1,18.2,16.8,1014,80,78,1
19,18.2,21.1,17.2,16.8,15.2,1016.8,78,88,0
18.8,16.7,21.4,15.2,16.2,14.4,1017.1,76,66,0
19.4,18.3,20.6,17.2,17.3,15.9,1016.5,81,87,0
19.3,18.5,21,17.2,17.5,16.4,1015.9,83,82,0
21.2,18.9,24.8,16.9,19,17.7,1015.2,81,71,0
22.1,20.3,25.7,18.8,20.1,18.9,1013.6,83,51,0
22.3,20.6,25.6,18.9,20.8,19.9,1011.8,87,83,0.1
21.4,17.9,25.6,18.1,19.1,17.7,1014.8,80,64,3.4
15,12.7,18,14.3,13.3,11.9,1018.6,82,89,8.1
12.8,10.6,14,10.2,11.3,10,1017.5,83,94,1
14.6,13.2,15.8,12.7,13.5,12.6,1016.9,88,89,0.1
16.1,14.7,17.3,14.6,15.2,14.5,1017.8,90,100,0
18.9,17,21,16.2,18,17.4,1016.7,91,94,0
18.1,17,19.8,17.8,17.2,16.6,1018.2,91,99,0.1
17.3,16.5,18.1,15.9,16.1,15.2,1019.1,88,95,0
19.4,17.5,21.6,15.9,18.3,17.5,1016.5,89,89,0
20.6,19.5,22.7,19,19.8,19.3,1013.1,92,89,0
22.5,20.2,25.2,18.2,21.3,20.6,1010.4,89,84,0
23.9,22.2,26.8,20.2,22.3,21.5,1011.7,87,83,0.2
19.1,17.3,22.8,18.5,18,17.4,1016.2,90,91,0.6
18.4,17.4,20.3,16.2,16.5,15.1,1016,81,88,0
18,15,22.3,14.2,16,14.7,1017.2,82,72,7.1
16.9,14.1,19.5,14,13.5,10.5,1020.8,67,79,0
18.5,16.7,21.2,14.6,15.9,13.9,1020.1,75,85,0
19.7,18.1,21.7,16.4,17.6,16.2,1019.3,80,83,0
20.6,19.3,22.9,18.1,18.7,17.5,1017.5,83,88,0
22.1,20,24.1,18.8,20.8,20.2,1012.5,89,88,1
23.8,22.1,26.3,20.3,22.1,21.3,1010.7,86,81,0
23,21.2,25,20.6,22.2,21.7,1011,93,92,2
24.9,23.4,27.8,22.2,23.3,22.5,1012.1,87,89,3.9
22.2,20.9,24.8,20.3,19.9,18.5,1014.8,79,87,0
24.1,21.7,26.8,20.3,21.8,20.7,1013.2,82,74,0
25.1,23.1,27.7,21.1,23.1,22.1,1012.8,84,84,0
25.6,24.3,27,21.5,22.9,21.6,1011.6,78,77,0
25.9,24.6,27.5,22,23.2,21.9,1009.1,79,82,0
23.2,17.7,26.5,23.6,21.9,21.2,1010.5,89,88,24.2
15.5,13.7,17.7,15.5,13.6,12,1019.3,80,88,1.6
14,12.3,15.1,11.7,12.9,12,1021.8,88,93,8.9
16,14.8,17.2,13.2,14.5,13.3,1020.3,84,88,0
18.3,16.4,20.5,15.7,16.7,15.6,1018.7,84,91,1.7
18.4,16.7,20.7,16.3,16.9,15.9,1017.9,86,91,0.6
19,17.1,21.1,16.2,17.1,15.8,1018.3,82,89,0.3
20.4,18.3,23.6,16.4,16.7,14,1018.1,68,78,0
18.5,17.2,20.2,16.1,17,16,1017.7,85,91,6.6
20.3,18,24,16.5,17.3,15.2,1017.2,73,53,0
20.8,18.4,24.5,15.4,16.7,13.6,1016,65,27,0
22.3,19.2,26.7,16.8,18.7,16.4,1014.7,71,77,0
23.1,21,25.7,18.4,19.7,17.8,1012.3,72,82,0
24.6,21.9,27.9,19.2,21.7,20.2,1010.5,77,69,0
25.8,23.6,29.4,21.1,23.3,22,1009.8,80,83,0
25.1,20.7,27.2,22.2,23,21.9,1009,83,88,6.6
22.1,17.4,28.3,15.7,16,11,1013.6,53,35,0
21.8,20.1,25.5,17.1,18.9,17.1,1016,75,51,0
23,20.7,26.4,18.4,21.1,20.1,1014.4,84,79,0
24.2,23,25.5,21.3,23,22.4,1012,89,86,0
26,24,27.9,22.4,24,23.2,1009.7,85,86,0
25.2,22.9,26.8,23.9,23.1,22.1,1008.5,83,88,7.8
23.3,21.3,26.7,22.7,22.5,22.2,1010.5,93,89,64.4
20.9,19.9,22,19.9,19.3,18.4,1015.6,86,86,0.6
22.9,20.6,26.8,19,19.4,17.3,1017.2,72,43,0
24,21.5,28.2,19.5,20.3,18.2,1016.5,71,32,0
23.3,22,26.3,20,20.9,19.5,1015.3,79,75,0
22.5,21.5,23,20.5,20.8,19.9,1014.4,85,87,0.4
23.3,21.7,25.2,21,21.7,20.9,1013.6,87,88,1.8
25.6,22.8,30,20.8,22.5,20.9,1013.8,76,75,0
25.3,22.8,30,20.8,22.7,21.4,1012.8,80,78,0
24.6,22.4,28.1,19.8,21,18.8,1012.2,71,78,0
24,23,25.3,22.1,22.9,22.4,1011,91,88,6.9
24.3,22.9,25.8,22.2,22.9,22.1,1008.4,88,89,2.3
25.9,23.5,29.4,21.7,20.8,17.8,1008.2,63,80,0
26.5,22.5,31.8,0,21,17.7,1009.9,61,15,0
25.7,22.9,30.1,20.1,22.4,20.7,1012,75,37,0
25.7,23.9,30,21.8,22.6,21.1,1012.5,76,83,0
26.1,24.5,29.4,22.6,22.5,20.6,1012.3,72,80,0
25.6,23.6,29,22.1,22.4,20.8,1013.1,75,74,0
26.5,24.3,30.5,22.8,23.4,22,1013.1,77,65,0
26.3,24.6,30.2,22.8,23.4,22,1013.6,77,65,0
26.2,23.7,30.4,22.2,23.1,21.6,1013.3,76,58,0
26.7,24.2,31.2,22.4,23.8,22.4,1012.3,78,61,0
27.4,25.1,30.5,23.1,24.5,23.2,1010.9,78,60,0.1
28,25.2,32.3,23.1,23.7,21.7,1009.6,69,85,0
27.7,24,32.3,24.8,25,23.8,1009,80,77,13.8
24.9,22.7,29,23.2,23.3,22.6,1010.3,87,90,47.2
22.4,21.4,23.1,20.9,21.9,21.6,1008,95,92,81.6
23.4,22.5,24,21.9,22.7,22.4,1006.7,95,89,29.7
24.5,23.9,25.4,23,24.1,24,1005.2,97,89,37.3
27.8,24.9,31.1,0,25.8,25.1,1004.1,86,86,0.6
28.9,26.9,30.6,24.8,26.3,25.2,1003.5,81,80,0
29.5,28,31.7,25.8,26.3,25,1005.1,77,63,0
29.5,28.1,32.5,25.5,26.6,25.4,1007.4,79,80,0
26.5,23.6,31.1,22.5,24.9,24.2,1008,88,88,53
26.8,25.5,29.5,24,25.3,24.6,1008.4,88,77,10.9
28.7,26.4,32.9,24.7,25.8,24.6,1008.7,79,58,0
29.1,27.1,32.3,24.9,26.2,25,1009.2,79,59,0
28.5,26.2,32,25.1,26,24.9,1008.2,81,70,4.9
29.6,26.2,33,24.7,26.6,25.3,1005.9,78,68,4
29.5,25.9,32.3,24.4,26.7,25.6,1005.7,80,81,9.2
29.9,28.5,31.9,26.3,26.7,25.4,1007.4,77,66,0.1
29.9,27.2,33.2,25.5,26.8,25.5,1007.6,78,58,0.1
29.7,28.1,32.6,26.3,26.5,25.3,1006.3,77,81,0
29.5,27.8,31.8,26,26.8,25.7,1006.6,81,85,1.3
28.8,25.4,30.1,23.8,26.8,26,1005.9,85,89,41.3
28.7,25.5,29.6,26.3,26.5,25.7,1005.8,84,90,14.1
29.1,27.6,30.8,26,26.7,25.8,1005.1,83,88,5.4
25.7,22.8,29,22,24.6,24.1,1004,91,94,95.5
27.9,25.8,30.8,24.3,25.8,25,1003.3,85,87,0
27.8,26.8,29,25,26,25.2,1004,86,87,6.8
28.1,24.9,30.2,24.2,26,25.2,1004.2,84,88,35.3
25.8,23.7,27.8,22.5,24.5,24,1005.2,90,88,29.6
26.3,24.8,29.1,23.9,25.1,24.6,1005.9,90,86,13.1
28.1,25.6,32.1,24.4,25.5,24.5,1006.4,81,86,0
27.6,26.3,29.1,25.4,25.7,24.9,1007.1,85,87,0.5
28.1,25.9,31.4,24.4,26,25.2,1007.5,84,74,0
29.2,27,32.9,25.5,26.5,25.3,1008,80,66,0
29.6,27.3,33.3,25.8,26.6,25.4,1008,79,45,0
29.1,27.6,32.5,26.1,26.4,25.3,1007.8,80,51,5.6
29.9,27.6,33.5,25.9,26.4,25,1007.9,76,49,0
29.8,27.9,33,25.9,26.2,24.7,1008.9,74,64,0
30.2,28.4,33.2,27,26.6,25.2,1008,75,68,0
29.6,27.6,32,25.8,26.7,25.5,1006.2,79,80,3.2
29.2,25.7,33.5,24.5,26.7,25.7,1004.7,82,73,15.3
27.7,26.4,29.1,25.5,26.4,25.8,1005,90,84,34.9
26.4,25.2,28.1,25.6,25.6,25.3,1006.4,94,91,53.2
26.6,24.8,30,23.5,25.3,24.7,1006.9,90,88,62.3
25.9,24.8,29.8,23.9,24.8,24.4,1007.2,92,87,59.3
27.2,24.6,29.1,23.9,25.9,25.4,1007.8,90,84,3
27.7,24.7,32.4,24.7,26.1,25.5,1008,88,86,15.5
28.4,25.3,31.6,24,26.6,25.9,1007.1,86,82,0.3
28.3,26.8,31.6,25.5,26.5,25.8,1005.7,86,77,19.3
28.3,26.3,31.3,25.2,26.3,25.5,1005.9,85,82,17.8
29,26.8,32.4,25.6,26.6,25.6,1007.5,82,69,5.5
29.9,27.5,33.7,25.8,26.6,25.3,1008.6,77,59,0
29.8,27.3,33.1,25.9,26.3,24.8,1006.4,75,48,0.3
29.9,27.3,33.4,25.6,26,24.4,1004.1,73,49,2.7
29.7,27.9,32.5,25.7,25.9,24.3,1003.2,74,53,0.4
29.9,27.9,32.7,26.2,26.2,24.6,1001.9,74,45,0
29.9,27.8,32.8,26.1,26.2,24.7,1000.3,74,50,0
29.9,28.3,32.1,26.8,26.5,25.2,999.6,76,70,0
30.6,28.4,34.4,26.8,26.9,25.4,1001.2,74,67,0
30.6,28.3,34.1,26.4,27.2,26,1004.3,77,66,0.6
30.1,28,32.8,25.6,27.1,25.9,1006,78,78,0.8
30.2,27.9,32.5,25.3,26.8,25.4,1006.8,76,75,1.6
29.9,28.1,32.4,26,26.6,25.3,1007.9,77,84,3.7
29.8,27.8,32,25.6,26.3,24.9,1008.6,76,70,5.4
29.6,28.1,32.4,26.2,26.3,24.9,1008.9,76,63,0
29.7,28.2,32.5,26,26.2,24.8,1008.7,75,36,0
30,28.1,33.1,26.6,26.4,24.8,1008.4,75,38,0
29.8,27.7,32.8,26.2,26.2,24.7,1009.3,75,31,0
29.9,28,33.8,26.4,26.3,24.8,1010,74,53,0
29.9,28,33.9,25.9,25.7,24,1010,71,33,0
29.7,27.5,33.9,25.5,25.5,23.8,1009.5,71,35,0
30.2,27.6,34.5,25.5,26.3,24.7,1009.7,73,47,0
30.7,28.7,34.8,26.3,27,25.6,1009.4,75,47,0
30.4,28,34.6,26.7,26.6,25.1,1009.4,74,47,0
30.1,28.3,33.1,26.4,26.4,24.9,1009.2,74,59,0
29.8,28,34.1,25.9,26.1,24.5,1008,74,45,0
29.9,27.9,33,0,25.9,24.2,1007,72,46,0
30.2,28.2,33.3,26.1,26,24.2,1006.4,71,26,0
30.8,28.4,35.3,26,26.6,24.8,1006.1,71,25,0
30.8,28.7,34.9,26.8,27.3,25.9,1005.6,76,52,0
29.3,26.5,31.8,26.2,26.7,25.6,1006.4,81,73,7.7
26.7,25.2,29.6,23.9,25.7,25.3,1006.7,92,88,100.4
28.3,25.6,32.4,24.1,26.6,25.9,1003.5,87,73,17.4
28.5,25.8,32.2,25.3,25.7,24.6,998.2,80,77,17.9
26.7,25.4,28.9,25,25.8,25.5,995.3,93,88,33.6
25.7,24.7,26.6,23.7,24.6,24.1,994.1,91,91,57.8
26,25.2,26.9,23.5,24.9,24.4,993.5,91,93,39.9
26.8,26.4,27.3,24.2,25.7,25.3,998,91,95,5.3
28.1,26.4,30.4,25,26.3,25.6,1001.1,87,88,0
26.4,25.1,28.5,24.6,25,24.4,999.8,89,90,14.7
26.7,25.6,28.6,24.2,24.9,24.1,998.4,86,88,10.9
25.5,24.7,26.8,23.7,24.5,24,1000.7,92,86,60.7
27.1,24.9,30.8,24,25.1,24.2,1003,85,69,27.9
28.6,25.2,32.8,24.6,25.3,23.8,1001,76,66,1.2
28.9,25.4,32.7,23.1,25.8,24.5,1000.8,78,68,0
28.5,27.8,29.8,26.6,26.3,25.4,1003.9,83,91,0
28.6,28,29.5,25.1,26,24.9,1005.3,80,88,0
27.8,25.8,28.6,25.5,25.8,25,1006.4,85,88,15.1
28.4,27.7,29.9,25.8,26,25,1008.2,82,84,0
28,25.1,31.4,23.9,26.1,25.4,1010.3,86,80,15.3
27.7,24.9,30.6,25.8,25.8,25.1,1009.4,86,86,10.3
27.6,25.1,30.9,23.6,25.3,24.3,1008.8,83,76,0
27.6,25.7,30.1,25.9,26.2,25.6,1010,89,84,25
27.9,25.8,31.3,24.7,26.2,25.5,1010.3,87,80,25.9
28.3,25.5,31.7,24.3,26.3,25.5,1009.4,85,70,1.3
28.5,26.9,30.8,25.9,25.7,24.6,1008.1,80,55,0.1
28.9,26.7,32.9,25.4,25.4,23.9,1007,75,31,0
29.1,27.2,31.6,25.9,25.1,23.3,1006.6,72,60,0
27.4,25.6,29.9,25.9,25.2,24.2,1007.3,83,84,3.7
28.3,26.5,30.6,25.6,25.4,24.2,1007.4,79,78,0
27.7,25.6,29.8,24.8,25.3,24.3,1007.4,82,84,2.3
26.8,25.4,28.8,24.9,23.9,22.4,1008.1,78,88,1.5
26.7,25.1,28.5,24.1,22.7,20.6,1007.9,69,87,0
26.8,25.6,28.5,24.1,23.9,22.6,1007.4,78,85,0.1
27.4,26.1,30,24.3,24.6,23.4,1007,79,83,0
27.4,26.5,29.9,24.8,24.9,23.8,1007.1,81,87,0
27.5,26.5,28.9,25.1,24.9,23.7,1008.3,80,84,0
27.8,25.5,30.8,24.9,24.8,23.5,1008.4,78,59,10.7
27.2,24.9,30.6,23.4,23.9,22.3,1008.1,76,54,0
27.8,25.9,31,23.8,23.5,21.4,1008.2,69,23,0
28.4,26.3,31.5,24.4,24.1,22.1,1006.9,70,52,0
29.4,26.8,32.6,24.8,25.2,23.3,1005.2,70,40,0
28.5,27.3,30.9,25.1,25.8,24.7,1006,80,76,6
28,26.7,30.7,24.9,25.1,23.8,1006.9,78,82,0.5
28.9,26.5,32,22.9,21.7,17.7,1003,51,35,0
28.2,25.6,30.8,22.9,21.6,18,1002.6,54,38,0
27.8,25.8,30.8,23.6,22,18.8,1007.3,58,74,0.1
27.9,23.5,32.5,21.8,23.6,21.5,1008.6,69,81,1.7
28.7,26,32.6,23.9,23.2,20.5,1006.5,62,73,0
25.8,24,28,22.5,23.3,22.1,1002.8,81,89,12.5
25.4,24.6,26.4,23.1,24.7,24.3,1004.5,94,90,60.1
26.8,25.7,28.6,23.6,25.1,24.4,1010.9,87,86,2.1
27.3,25.7,30.3,23.9,24.5,23.2,1012.3,79,65,1
27.6,25.8,31,23.8,24.6,23.2,1011.4,78,38,0
27.9,25.8,31.6,23.7,24.9,23.5,1011.3,78,51,0
28.5,26.6,32.2,24.7,25.2,23.7,1011,76,65,0
29,27,32.3,25,25.4,23.8,1008.1,74,79,0
28.6,27.6,30.7,25.5,25,23.4,1005.5,74,88,0
26.8,24.7,28.2,23.5,24.9,24.1,1006.7,85,88,17.6
26.2,24.4,27.7,23.2,24.7,24,1010.3,88,88,22.2
27.4,26,30.6,23.8,24.1,22.6,1010.9,75,78,0
27.9,25.9,30.4,23.8,24.5,23,1007.4,75,60,0
29.1,26.8,31.6,24.5,24.6,22.4,1003.6,68,22,0
29.4,27.5,31.1,23.8,23.9,21.3,1003.7,62,63,0
28.9,26.4,31.1,25.3,24.5,22.5,1008.4,69,84,0
25.8,23.1,29.2,20.8,20.8,17.9,1012.7,62,64,0
25.6,23.9,28.2,22.8,21.7,19.6,1013.9,70,84,2.1
25.9,24.4,28.5,0,23,21.6,1015.2,77,84,0
25.9,24.8,28.1,23.4,23.3,22,1016.5,79,88,0.2
25.8,23.5,28.9,23,22.3,20.5,1016.9,73,88,1.4
25.4,24.2,27.2,22.2,22.6,21.2,1017.6,78,88,0.2
24.7,23.1,27.5,21.8,20.5,18.1,1019.1,67,84,0
24.3,22.2,27.4,20.9,19.6,16.6,1019,62,73,0
23.8,21.9,27.1,20.1,19.3,16.5,1018.1,64,80,0
24.1,22.5,27.3,20.8,20.6,18.7,1017.2,72,65,0
24.5,22.1,28.2,20.2,18.6,14.5,1017.8,56,20,0
24,21.8,26.9,18.5,18.9,15.5,1017.7,60,18,0
23.7,22.1,26.3,20.1,19.7,17.4,1017.1,68,31,0
24.1,22.3,27.5,19.9,20.5,18.4,1016,71,42,0
24.5,22.6,27.9,20.2,21.3,19.6,1016.1,74,56,0
25.3,23,29.4,20.3,21.5,19.4,1016.5,71,35,0
25.7,23.9,29.4,21.6,22.5,20.8,1015.3,75,38,0
25.7,23.3,30.1,20.9,21.9,19.9,1014.2,71,23,0
24.9,23.7,27.7,22.1,21.8,20.3,1013.5,76,53,0
24.6,23.3,27.1,21.2,21.7,20.1,1013.6,76,77,0
24.7,23.1,27.7,20.4,21.1,19.2,1014.8,72,66,0
23.3,21.5,26.3,20.7,21.1,19.9,1016.7,82,89,6.3
22.8,21.6,24.8,21,21,20,1017.3,84,89,1.7
20.1,18.1,22,19.1,18.3,17.2,1018.3,84,93,2.1
19,15.4,21.6,14.7,16.1,14,1018.3,74,89,1.6
21,18.6,24.4,16.9,16.6,13.5,1018.1,62,75,0
21.6,19,25.3,16.5,17.3,14.3,1018,64,21,0.2
21.8,19,25.3,16.1,16.1,11.6,1015.6,53,54,0
23.2,19.9,26.8,16.9,17.4,13.3,1013.5,54,51,0
22.7,21.1,24.5,18.9,17.3,13.4,1013.2,56,86,0
21.4,19.1,23,17.4,17.9,15.7,1013.5,70,88,0
23,21.1,26.7,19,18.6,15.7,1014.5,64,45,0
22.2,20.3,25.6,17.7,18.9,16.8,1016.4,72,26,0
21.6,19.9,24.3,17.2,18.2,16.1,1017.6,71,51,0
21,19.5,23.2,16.8,17.6,15.3,1017.5,70,32,0
21.1,19,24,16.3,17.6,15.2,1017.2,70,27,0
21.5,19.8,24.5,17.5,18.4,16.5,1018.1,74,33,0
21.9,19.9,25.4,17,18.8,16.8,1019.2,73,47,0
22.6,21.1,25.6,17.7,19.3,17.4,1017.7,72,32,0
22.7,21.2,25.4,19,19.8,18,1015.7,75,56,0
22.1,20.9,24.6,19,18.7,16.6,1018.3,72,70,0
20.5,18.7,22.7,17.8,16.7,14.1,1021.2,67,72,0
19.4,16.6,22.6,14.6,15.7,12.9,1020.7,67,28,0
20.8,18.4,24,16.1,16.9,14,1020.4,66,53,0
20.7,19,23.4,17.1,17.4,15.2,1019.9,71,81,0
20.6,18.2,23,15.6,17.1,14.6,1017.9,69,71,0
21,18.9,24,16.3,17.1,14.3,1017.6,66,72,0
21.7,19.7,24.4,17.5,17.5,14.6,1016.8,65,84,0
22.1,20.3,24.8,18.2,16.6,12.5,1014.1,55,86,0
19.4,16.3,22.2,17,12.2,4.3,1013.3,38,48,0
16.4,13.7,19.5,0,9.2,-0.7,1016.1,31,13,0
16.8,13.9,20,9.5,10.2,2.4,1020.5,39,13,0
17.1,14.9,20.1,10.3,12.5,8,1023.7,56,21,0
18.4,16.1,21.3,12.7,15.6,13.4,1022.2,73,50,0
20.4,18.3,24,15.6,16.8,14.3,1020.8,69,45,0
20,17.9,23.2,14.3,15.5,12,1021.9,61,20,0
18.6,16.3,20.9,13.4,15.1,12.4,1024.2,68,51,0
18.7,17.3,20.4,15.8,15.2,12.4,1024.3,67,85,0
19.4,17.6,21.4,15.4,15.7,12.9,1021.9,67,82,0
19.2,17.4,22.3,14.5,15.2,12,1020.4,64,52,0
18.4,16.8,20.8,14.2,15.4,13.2,1020.4,72,55,0
19.1,17.6,22,15.2,16.4,14.4,1018.5,74,81,0
19.7,18.4,21.8,15.8,17.3,15.7,1017.3,78,45,0
21.1,18.7,24.2,15.4,17.7,15.4,1015.3,70,45,0
21.6,20.1,24.6,17.5,18.5,16.6,1013.5,73,43,0
21.4,19.3,24.2,16.8,18.4,16.4,1014,74,31,0
19.5,18.3,21.4,16.9,17,15.2,1016.2,76,53,0
19.3,17.8,21.9,15.4,16.9,15.3,1018,78,43,0
19.4,18.6,21.1,16.3,17,15.4,1019.8,78,77,0
21.2,18.9,24.7,16.5,17.7,15.4,1018.7,70,73,0
21,19.9,23.5,16.8,18.4,16.8,1018.3,77,64,0
19.6,19.1,20.1,17.7,17.7,16.4,1018.5,82,88,0
19.9,18.9,22.1,0,17.6,16.1,1018.5,79,72,0
21.2,19.4,23.4,16.9,19,17.6,1016.7,80,56,0
21.7,20.1,23.7,17,19.9,18.9,1015,84,73,0
20.1,18.6,20.8,18.6,18.8,18.1,1015.3,88,92,1.1
17.8,16.3,20.2,15.5,16.2,15,1016.6,84,79,14.6
17.3,16,19.4,13.7,14.5,12.3,1018.6,72,73,0
17.7,15.6,19.8,12.8,15,12.8,1019.5,73,38,0
18.2,16.5,20.6,13.4,15.6,13.6,1016.9,74,18,0
19.2,17.1,22.4,13.9,16.7,14.9,1014.9,77,23,0
18.1,15.6,20.7,13.9,14.5,11.5,1016.1,66,57,0
15.9,14.2,18.7,12.1,11.2,6.3,1019.3,54,68,0
14,12,16.7,9.4,8.4,1,1022.6,41,23,0
12.9,10.2,15.7,7.2,6.7,-3,1025.3,33,8,0
12.9,10.2,16,6.6,7.6,0,1025.6,42,11,0
14.5,11.8,18.1,7.9,10.4,6,1023.6,57,13,0
15.7,13.6,18.4,9.7,13,10.7,1021.8,73,17,0
17,14.3,20.9,10.9,13,9.3,1020.1,62,23,0
17.8,15.9,20.7,12.7,15.4,13.5,1019.7,76,31,0
20.2,17.3,24,14,16.4,13.7,1018.4,67,59,0
20.8,19.6,23.7,16.4,17.6,15.4,1016.7,72,79,0
21.4,19.3,24.5,16.6,18.7,17,1015.3,77,71,0
20.8,20.2,21.8,18.5,19.2,18.2,1014.3,85,89,0
21.4,20.2,23.4,19.8,20.5,20.1,1012.9,92,85,0
22,19.6,25.8,17.4,19.3,17.6,1013.2,78,42,0
18.7,15.8,21.7,17.8,16.4,14.6,1017,78,88,0
15.3,13.6,17.3,14,12.1,9,1019.8,66,84,0
14.7,12.4,16.4,12.1,11.9,9.3,1021.9,70,87,0.7
14.2,12,16.8,12.5,10.6,6.9,1024.3,62,81,0
12.7,11.4,14,10.9,9.9,7,1024.2,69,87,0
14.7,12.6,16.4,11.3,12.7,10.9,1021.3,78,83,0
16.6,15.3,18.4,13.7,15,13.8,1018.2,84,85,0
18.4,16.1,22.2,14.4,16.7,15.4,1015.4,83,40,0
17.4,15.7,20.2,14.3,15,13.1,1015.1,76,46,0
17.1,15.1,19,14.4,14.4,12.2,1017.9,74,69,0
17.1,15,18.9,13.7,13.3,9.8,1019.5,62,86,0
14,11.9,17.7,12.3,11.8,9.8,1022.3,77,90,0.5
12.7,11.7,13.6,12.1,12.2,11.9,1020.8,95,88,19.2
13.6,11.8,14.8,13.4,12.6,11.7,1019.5,89,88,0
11.7,10.7,12.6,11.2,10.4,9.1,1019.6,84,88,0
13.8,11.5,16.6,11.5,12.7,11.7,1015.8,87,93,0
12.7,11,14.4,12,11.9,11.1,1015.6,90,97,0.6
11.9,9.2,14.1,12.4,11.5,11.2,1017.7,96,95,10.4
9.8,8.5,10.7,9,9,8.2,1020.3,90,92,1.9
11.2,10.3,12.2,10.3,9.9,8.7,1018.4,85,91,0
9.3,8.1,10.9,9.1,8.7,8.2,1016.8,93,88,12.3
11,7.9,14.3,7.5,8.5,5.7,1018.9,70,78,0.3
12.1,10.5,13.4,10.5,10.3,8.6,1018.8,79,88,0
12.6,11.9,13.8,12.1,11.5,10.5,1017.3,87,89,1.6
11.3,9.8,13.7,9.7,9,6.6,1018.9,73,86,0.3
9.9,8.2,11.2,8.4,8.3,6.5,1019.1,80,88,0.5
11.7,9.8,14.3,10,8.8,5.5,1020.3,66,88,0
11.3,8.1,15,6.7,7.5,2.6,1020.9,55,45,0
11.8,10.8,13.7,8.6,8.5,4.6,1020.3,62,86,0
11,8.5,12.6,10.9,8.3,5.1,1020.2,67,88,0
11,8.4,15.5,8.3,6.5,0.2,1022.1,48,69,0
11.6,9.7,14.2,9.5,7.7,2.5,1023.6,54,84,0
12.5,11.1,14.7,10.5,8.7,3.9,1024.1,56,88,0
12.6,10.3,15.8,8.1,9,4.6,1023.7,59,62,0.3
13.5,10.8,16.9,8.3,10.2,6.6,1023.1,64,73,0
15.1,12.6,19,11.4,12.6,10.4,1023.6,74,81,0.4
15.6,13.7,19.1,12.5,13.1,11,1024.6,75,74,0
14.9,12.9,18.6,13.1,12.8,11,1024.9,78,53,0
15.7,12.3,20.5,10.2,12.8,10.3,1023,71,8,0
16.6,12.9,21.4,11,13.6,11.2,1020.6,71,24,0
17.4,16.1,19.4,14.6,15.7,14.5,1018.3,83,87,3.8
18,15.4,19.8,16.7,17.1,16.6,1018.1,92,88,7.1
14.3,13.7,15.3,13.4,12.9,11.8,1018.8,84,88,0.4
15,13.2,16.8,12.5,13.6,12.5,1016.8,85,88,0.5
16.4,13.3,19.7,15.5,14.8,13.5,1019.4,84,78,0
13.5,10.9,17.2,10.2,10.4,7.2,1025.1,66,38,0
14.4,11.5,17.5,9.8,11,7.6,1022.1,65,24,0
15.2,14,17.6,12.1,11.4,7.5,1018.2,61,80,0
16.4,12.6,21.4,10,11.9,7.6,1018.5,57,7,0
18.2,13.9,24.5,11.2,13.6,9.4,1019.3,58,15,0
19.6,15.9,25.7,11.9,14,8.9,1019.5,53,9,0
18.4,16.3,22.4,12,13.5,9.1,1020.4,56,6,0
17.1,14.5,21,11.3,12.9,8.9,1022.3,59,10,0
17.7,14.6,21.3,11.9,13.5,9.8,1021.7,61,76,0
19.1,17.1,23.2,14.6,15.9,13.5,1020.8,71,56,0
18.6,15.8,23.4,13.8,15.4,13,1021,71,26,0
19.1,16.4,23.3,14.5,16.8,15.2,1019.4,79,16,0
19.2,16.6,23.3,14.7,16.7,14.9,1017.8,77,48,0
19.9,17.4,24.2,15.3,17.1,15.1,1016.9,75,26,0
20.4,18.2,24,16,18.1,16.7,1016.4,80,25,0
21.1,18.8,25,17.8,19.1,17.9,1015.3,82,87,0
21.5,19.5,25.7,19.3,18.9,17.3,1015.7,77,88,0
20.1,18.1,23.5,16.3,16.1,13,1016.4,65,64,0
20.9,18.4,25,17.1,18.4,16.8,1014.1,78,68,0
21.5,20.5,23.8,18.8,20,19.2,1011.9,87,88,0
21.7,19.6,25.2,19.3,20.3,19.6,1011.7,88,87,0
23,19.8,28,18.8,20.5,19.1,1013.3,80,82,0
20,19.2,21.5,18.4,17.5,15.8,1014.9,77,87,0
19.9,18.7,21.6,18.7,18.2,17.2,1013.8,84,87,0
20.1,19.6,21,19.8,19.3,18.9,1011.5,93,85,28
19.1,18.3,19.8,17.8,16.7,14.9,1014.5,77,86,0
20.7,18.3,24.9,16.1,16.8,14,1016.5,66,52,0
19.3,18.4,20.5,16.7,16.8,14.9,1015.5,76,79,0
17.8,16,19.7,15.8,16.1,14.9,1014,84,79,10.7
20,17.2,23.5,15.4,17.9,16.5,1013.1,81,59,0
22.1,20.8,24,19.9,21.3,20.9,1011.5,93,91,13.8
24.1,22.1,28.1,21.1,22.3,21.5,1011.5,86,73,0
23.8,22.5,25.7,21.5,22.5,21.8,1010.7,89,87,0
19,17.1,22.7,18.9,18.6,18.3,1013.6,96,92,4.7
17,16.7,17.4,16.9,16.6,16.4,1016.4,96,98,4.3
18.4,17.2,19.7,17.4,17.8,17.4,1016.3,94,95,0.7
18.6,18,19,18.3,18.3,18.1,1015.1,97,99,1.4
20.3,18.4,23.3,18.6,19.7,19.3,1014.8,94,90,0.9
22.6,20.5,26.8,20.6,21.2,20.5,1016.2,89,71,0
23.7,20.9,27.7,19.6,21.6,20.5,1014.3,83,72,0
25.4,22.4,29.1,21,23,21.9,1010.9,82,71,0
26.4,25.2,28.5,23.7,23.8,22.7,1007.5,80,86,0
26.3,25,27.4,23.6,24.2,23.2,1008,83,85,0
26.1,24.4,28.4,23.1,24.5,23.7,1009.2,87,84,0
23.3,21.7,25.7,22,22,21.4,1010.6,89,88,0
22.7,21.5,24.7,21.9,21.9,21.5,1012.1,93,88,0
22.5,21.8,23,22.1,21.9,21.5,1012.4,94,92,1.3
22.8,21.6,25.5,21.9,21.3,20.5,1013.2,87,86,0
23.6,21.6,28.2,20.8,21.3,20.1,1012.6,81,66,0
25.6,22.1,30.8,20.7,23.1,22,1011.3,81,47,0
25.3,23.3,29,22.3,23.2,22.3,1011,84,81,0
22.6,21.8,23.6,20.8,20.4,19.1,1011.5,81,88,0
22.1,20.6,25.4,20.5,21.4,21.1,1008.3,94,93,237.4
26.1,25,27.4,23.3,23.9,22.9,1008,83,88,0
26.2,24.6,28.5,23.1,24.3,23.5,1009,85,80,0
26.3,24.3,29.6,23,23.6,22.3,1011.5,79,72,0
22.2,20.7,24.7,20.5,19.2,17.3,1015.7,74,88,0.4
20.9,19.4,21.9,18.9,18.1,16.3,1017.5,75,88,0.1
21,20.4,21.6,20.3,18.7,17.3,1017,79,88,0.7
22.9,20.5,27.8,18.8,19.1,16.8,1014.5,69,81,0
23.2,22.3,24.8,20.4,21.4,20.5,1011.9,85,88,0
21.5,20.8,23.3,20.9,20.5,20,1011.5,92,88,7.8
22.5,21,24.7,20.6,20.1,18.7,1012.2,79,85,0
23.9,21.8,27.5,20.6,21.8,20.8,1010.5,83,81,0
24.6,23.1,26.6,22.3,22.5,21.4,1008.4,83,88,0
23.8,22.8,25.8,22.9,22.9,22.5,1008.4,93,87,7.1
25,23.2,28.2,22.8,24,23.5,1009.2,92,88,2.2
26.2,23.8,29.8,23.8,24.7,24.1,1008.6,89,75,0
26.1,21.5,30.2,24.7,24.6,24,1007.9,88,86,4.5
22.2,19.8,24.9,20.3,20.3,19.2,1010.1,84,88,2.1
24.2,22,27.4,22.1,22.7,22,1009.6,88,84,0
27,24.5,30.2,24.1,24.8,23.9,1007,84,49,0
27.8,25.9,31,24.5,25.2,24.1,1005.2,81,65,0
24.3,20.9,27.1,23.9,21.7,20.3,1008.2,79,88,3.5
22.4,20.7,24.9,20.1,20.4,19.3,1010.1,83,88,0
24.1,22.3,28.2,21.6,21.2,19.6,1010.8,76,66,0
24.6,21.6,29.1,19.1,19.8,16.8,1012.9,63,7,0
24.7,22.2,29.2,20.6,21.2,19.3,1012.6,72,18,0
24.6,21.9,28.9,20.2,20.5,18.1,1011,68,15,0
25.2,23.3,29.2,21.6,20.8,18.4,1010,67,53,0
25,23.3,28.1,22.2,20.5,17.8,1007.8,65,77,0
25.9,23.9,29.4,22.2,22.3,20.4,1006.5,72,79,0
23.2,21.7,25.7,22.9,22.3,21.9,1008.9,92,88,20.1
20.9,20.1,22,21.1,20.7,20.6,1009.5,98,88,32.9
22.9,20.2,25.2,20.1,21.8,21.3,1008.5,91,87,0
24.1,22.9,26.6,22.6,23.4,23.1,1008.8,94,89,1.4
26.8,24.4,31.4,23.6,25,24.3,1008.2,86,74,0.3
27.6,26.3,29.5,25,25.3,24.4,1006.4,83,85,0.4
27.7,26.5,29.1,25.2,25.6,24.6,1007,83,84,0.3
27.5,26.1,29.6,25.7,25.8,25.1,1008.2,87,85,9.9
28.3,26.7,30.2,25.3,25.8,24.8,1006.2,81,82,0
28.3,27,29,25.7,25.9,25,1003.6,82,85,6.9
27.8,24.2,29,26.4,26,25.3,1004.3,87,90,60.6
26.8,24.8,28.4,26.5,25.5,25,1005.9,90,89,39
26,25,27.5,24.5,24.9,24.5,1007.5,91,88,0.7
25.2,23.2,27.9,22.8,24.2,23.8,1006.4,92,88,23.1
25.5,24.2,27.9,23.8,24.9,24.6,1006.4,95,87,36.6
25.6,23.9,28.3,24.3,24.9,24.6,1008.5,95,89,44.9
24.9,24.2,26.1,23.8,24.3,24,1008.5,95,84,18.3
25.8,24.4,28.3,23.6,24,23.2,1007.9,86,82,0.1
24,23,25.1,23.8,23.6,23.4,1008.5,96,96,130.8
25.5,22.8,27.5,22.4,24.6,24.2,1009.2,93,93,307.1
27.6,26.3,29.2,24.9,25.8,25,1010,86,81,0
28.1,26.7,30.6,25.4,25.6,24.5,1009.9,81,82,0
28.2,27.3,30.3,25.6,25.7,24.6,1008.5,81,84,4.5
28.1,24.9,30.6,24,25.6,24.5,1008.6,81,81,1.7
28.4,25.2,30.3,24.6,25.8,24.7,1006.8,81,88,7.2
27.3,23.7,28.6,25.5,25.6,24.8,1003.9,87,89,62.5
25.3,23.6,26.8,23.2,24.4,24,1005.2,93,89,80.8
26.5,24.4,29.5,24.1,25.4,25,1005,92,90,41.3
26.3,25.3,27.8,25.4,25.9,25.7,1004,96,88,32.3
25.1,24.3,25.7,24.1,24.5,24.2,1004.8,95,88,86.9
25.6,24.6,27.7,24,24.7,24.3,1007.6,93,88,24.8
27.4,24.5,30.3,24.4,25.7,25,1009.4,87,84,7.6
28.7,26.5,32.6,25.3,25.8,24.6,1008.9,79,53,0
28.7,26.4,32.9,25.5,25.6,24.3,1006.2,78,33,0
28.7,26.1,32.4,25.3,25.5,24.1,1003.5,77,38,0
28.9,26.7,31.6,25.6,25.5,24,1001,75,56,0
28.8,27.4,30.5,26.2,25.9,24.6,999,79,82,0.6
25.7,24.4,27.5,24.2,24.8,24.4,998.4,93,88,146.1
26.3,24.1,27.7,24.4,25,24.4,1003.9,89,91,100.4
25.6,23.9,27.2,22.7,24.5,24,1005.2,91,90,60
25.9,24.1,28.4,25,25.1,24.7,1005.7,93,86,35.5
26.2,24.3,28.8,24.4,25.1,24.7,1006.7,92,86,44.5
26.2,24.5,29.4,23.9,25.3,24.9,1009,93,88,48.5
28.5,26.2,31.7,25.4,26.1,25.1,1010.9,83,78,4
28.8,27,32.2,25.5,25.8,24.5,1010.6,78,61,0
29.1,27.2,32.3,25.9,25.9,24.6,1010.7,77,52,0
29,27.1,32.7,25.8,26,24.9,1009.4,79,56,0
28.9,26,32.7,26,26.8,26,1007.3,85,73,11.6
25.8,24.2,28.9,24.7,25.2,25,1005.3,96,85,54.4
25.5,24.5,26.6,24.5,25,24.8,1001.5,96,91,39.4
26.8,24.4,28.5,24.5,25.6,25,1005.6,90,90,51.3
25.6,24.5,27.7,24.2,25.3,25.1,1008.7,97,89,43.3
26.2,23.6,27.9,25.2,25.3,24.9,1007.3,93,90,59.9
26.3,24.6,27.8,24.1,25,24.4,1004.6,90,87,12.8
25.1,22.9,27.2,22.5,24.1,23.7,1004.2,92,91,114.3
26.1,24.7,28.6,24.3,24.9,24.3,1005.7,90,88,11.7
27.6,25.4,31.4,24.9,25.9,25.3,1006.9,88,84,30.7
27.4,24.9,30.8,24.5,26,25.4,1004.5,89,86,33.8
28.2,26.6,31.5,26.2,26.1,25.2,1002.8,84,70,0
29.1,26.9,31.7,25.8,26.1,24.9,1003.1,78,44,0
29.2,27.9,31,26.6,26.4,25.3,1004.5,80,83,0
29.1,27.9,30.8,26.6,26.6,25.6,1006.7,82,83,3.9
29.6,28.4,32.8,27.2,26.5,25.3,1008.3,78,81,0
29.9,28.3,33.2,26.9,26.5,25.2,1007.3,76,70,0
29.5,28.1,31.4,26.6,25.9,24.4,1005.9,75,66,0
29.5,28.1,31.8,26.4,25.9,24.4,1006.5,74,59,0
29.6,27.6,32.5,26.1,25.7,24,1007.4,72,23,0
29.6,27.5,32.3,25.6,25.9,24.3,1006.3,74,13,0
30.2,27.8,32.6,26,26.1,24.3,1005.5,71,20,0
29.8,27.8,33.3,27,25.6,23.7,1003.5,70,53,0
31,28.3,34.6,26.5,26.7,25,998.8,71,40,0
30.5,29.1,32.5,27.9,27.2,26,998,77,88,0
29.2,28.4,30.4,27.4,26.9,25.9,1001.9,82,85,0
28.8,26.9,31.1,27.1,26.1,25,1007.8,80,86,0
28.2,26.4,31.1,25.9,26.1,25.3,1009.4,84,76,0
29.1,27.3,32.4,26.5,25.9,24.6,1007.5,77,70,0
29.7,27.6,34.2,26.4,26.1,24.6,1005.9,75,57,0
29.5,27.4,33.1,26.6,26.1,24.6,1003.9,76,76,0
27.7,25.8,29.2,27,25,23.9,999.3,80,93,6.1
25.9,25.2,27,24.7,24.9,24.5,994.1,92,99,74.1
26.5,24.2,28.8,23.6,25.4,24.9,1002,91,90,72.3
26,25,26.9,24.4,25.4,25.1,1004.3,95,90,48.3
27.8,25.7,31.5,25,25.1,24,1003.4,80,83,0
27.7,25.9,30,25.1,25.1,23.9,1003.4,80,79,0
25.7,24.5,27.1,24.8,24.5,23.9,1007.2,90,93,17.7
27.9,24.6,31.2,24.5,25.8,24.9,1009.8,84,73,0
29,27,31.8,25.6,25.5,24,1009.7,75,34,0
28.8,27.1,31.5,25.6,25.7,24.4,1006.6,77,21,0
29,27.5,31.9,26,25.8,24.5,1004.2,77,52,0
29.1,27.6,31.7,26.1,25.8,24.5,1004.8,76,61,0
29.5,27.9,32.9,26.2,26.3,24.9,1007.3,76,58,0
29.8,27.7,33.5,26.3,26.6,25.4,1009.5,78,55,0
29.5,27.8,33.7,26.5,26.5,25.3,1009.9,78,47,0
29.7,27,32.3,25.5,26,24.4,1006.5,74,30,0
30.6,29,34.3,27.3,26.3,24.6,1003,71,80,0
26.6,23.7,30.4,25,24.1,22.9,992.5,82,95,61.6
25.6,23.4,27.9,22.2,23.1,21.9,1005.2,81,82,36.9
28,25.8,31.8,24.2,25.6,24.5,1009.2,82,78,0
28.7,27.1,32.4,25.7,26,24.9,1010.3,80,73,0
28.5,26.6,31.6,25.3,25.4,24.1,1009.5,78,59,0
28.9,26.7,32,25.4,24.8,23,1009.7,72,41,0
28.9,26.8,31.7,25,25.5,24.1,1009.4,76,49,0
29.1,26.8,32.6,25.3,25.8,24.5,1008.6,77,39,0
29.5,27.8,32.4,25.7,25.9,24.3,1008.8,74,39,0
29.4,27.7,31.9,26.4,25.8,24.3,1009.4,75,80,0
29.5,27.7,32.1,26.4,26.1,24.6,1009.3,75,77,0
27.9,25.8,30.1,25.6,25.9,25.1,1010.2,85,88,6.7
28.1,25.3,31.6,24.7,25.7,24.7,1010,82,83,9
28.4,27.1,31.1,26,25.3,23.9,1009.8,77,84,0
27.6,26.6,29.9,25.8,25.6,24.7,1010.1,85,85,6.3
27.3,25.6,31.5,25.8,25.5,24.7,1011.4,86,79,25.8
28.5,26.7,32.4,25.7,25.8,24.6,1011.9,80,67,5.5
28.3,26.3,31.5,25.4,24.9,23.4,1011.2,75,67,0
28.7,26.5,32.5,25.7,25.1,23.5,1009.7,74,63,0.2
29.3,27,33.3,26,25.2,23.3,1008.6,71,53,0
29.4,27.5,31.5,26,25.5,23.9,1007.2,72,56,0
30.3,28.4,32.7,26.1,25.6,23.6,1005.7,68,55,0
30.8,28.3,34.2,25.5,24.8,22.1,1005.8,60,39,0
30.4,28.1,31.8,25.4,24.5,21.7,1005.4,60,60,0
30.8,28.7,33.8,25.7,24.8,22,1004.9,60,43,0
30.4,28,33,25.9,25.1,22.7,1005.4,64,30,0
30.4,29,33.4,27.2,27,25.6,1007.1,76,63,0
29.2,26.4,32.2,26.9,26.6,25.6,1008.9,81,78,1.6
28.3,26.4,30.2,26.5,26.5,25.8,1010.2,87,77,23.5
29.5,27.7,32.8,26.4,26.8,25.7,1009.4,80,49,0
29.7,27.8,32.4,26.5,26,24.5,1006.8,74,41,0
31.2,28.3,34.3,27,26.9,25.2,1002.3,72,37,0
29.5,25.7,33,27.1,25.3,23.4,996.1,71,86,34.1
27.1,24.7,28.7,24.1,25.6,25,1003.8,88,89,43.7
28.3,27.2,31.3,26.2,26.3,25.5,1008.6,85,86,0.4
28.8,26.6,32.7,25.9,25.9,24.7,1008.9,79,70,0.1
28.2,26.8,31.7,25.7,24.9,23.4,1009.4,75,76,0
27.6,24.7,31.7,24,23.5,21.5,1007.2,70,62,2.3
27.8,24.9,31.8,23.6,22.5,19.8,1007.7,62,55,0
27.7,25.3,30.9,23.8,22.5,19.9,1011,63,72,0
27,24.8,30,23.5,23,21,1012.7,70,80,0
27,24.8,30.1,24.9,24.3,23.1,1012.6,80,83,3
26.3,25.5,28.4,24.8,24.1,23.1,1011.4,83,85,2.4
27.4,25.2,30.7,24.9,25.5,24.7,1009.4,86,89,14
25.9,23.5,27.8,25.7,24.3,23.6,1007.9,87,90,122.6
24.2,22.9,26.1,22.7,21.2,19.5,1009.7,75,81,0
23.7,22.5,25.2,22.1,21.1,19.6,1013.2,78,88,0
25.5,23.7,27.3,22.9,22.7,21.3,1013.8,78,85,0.5
26.7,24.6,29.6,23.7,23.5,22,1015.5,75,72,0
27.4,25.4,30.7,24,23.7,22,1016.1,73,40,0
27.3,25.5,30,24.6,23.9,22.4,1015.8,75,48,0
26.2,25.7,27.2,24.8,22.9,21.2,1014.7,74,88,0
25.3,24.4,26.2,23.5,22.1,20.5,1014.5,75,88,0.3
26.1,24,29.4,23,22.7,21.1,1015.9,74,83,0
26.5,24.6,29.8,23.5,22.9,21.1,1015.6,72,55,0
26.8,24.7,30.6,23.5,23.6,22.1,1013.2,76,57,0
26.5,25.6,28.8,24.4,24.1,23.1,1012.6,81,82,0.1
27.1,25.8,30.3,24.7,24.1,22.7,1014.6,77,77,0
27,25.1,30.2,24.7,24,22.5,1014.4,77,61,1.6
26.9,25.4,30.1,24.1,23.5,21.9,1014.1,74,49,0
26.7,25.3,29.5,24.7,23.5,22,1013.8,76,49,0
26.8,24.8,30.4,23.5,23.9,22.6,1013,78,33,0
27.4,25.2,29.7,23.9,23.9,22.2,1013.6,74,43,0
27.3,25.8,29.5,24.3,24,22.5,1017.1,75,76,0
26.5,25.5,29.1,24.7,23.4,21.9,1017.9,76,86,0
27,25.2,30.4,23.6,24.2,22.9,1017.1,79,44,0
26.8,25.4,29.5,23.6,23.8,22.5,1017.4,78,66,0
26,24.3,28.8,23.2,23,21.5,1016.2,76,57,0.1
26.3,24.9,28.8,23.5,23.3,21.9,1014.5,77,76,0
27,25.5,29.5,24.5,24.1,22.8,1015,78,72,0
26.9,26,28.9,24.8,24.3,23.2,1015.4,81,69,0
26.3,25.6,27,24.3,23.9,22.9,1015.2,82,86,0.2
25.9,24.9,26.5,24,24.3,23.6,1013.9,87,88,2.6
24.9,22.7,26.3,24.4,23.1,22.2,1015.6,85,84,51.2
25.2,23.6,27.7,22.8,22.9,21.8,1016,82,86,0
25.5,24.6,26.6,23.6,23.5,22.5,1015.1,84,85,0.3
26.3,25.2,28.6,24,24.2,23.2,1013.6,83,81,0
26.9,25.4,29.4,24.2,24.6,23.6,1012.9,82,57,0
24.3,20.9,26.6,23,20.8,18.7,1012.8,71,69,0
20.7,19.2,23,17.5,16.6,13.6,1015.6,64,73,0
19.6,16.9,22.7,15.7,14,9.1,1018.3,51,15,0
19.4,16.5,23.4,14.6,13.3,7.6,1018.6,47,10,0
20,16.7,23.7,14.4,14.2,9.3,1017.6,50,11,0
22.3,19.5,25.6,17.1,17.9,14.9,1017.6,63,27,0
23.5,21.6,26.3,19.7,20.1,18.1,1016.4,73,47,0
23.9,22.2,27,20.2,21,19.5,1014.8,76,52,0
24.1,22.4,27.3,19.7,20.7,18.7,1013.6,73,20,0
23.3,21.6,25.7,19.3,20.2,18.5,1014.7,75,25,0
21.6,19.6,23.1,19.3,17.9,15.5,1018.6,69,54,0
18.9,16.7,21.4,16.9,14.3,10.5,1023.5,59,54,0
17.5,15.2,20,13.6,12.9,8.6,1023.3,56,16,0
19.7,16.6,22.6,14.7,15.4,12.1,1021.2,62,20,0
21.4,19.1,23.3,17.2,17.9,15.6,1019.5,70,85,0
22.9,20.8,25.9,19.2,20,18.2,1018.3,75,78,0
23,20.7,26.1,18.5,18.1,14.8,1018.5,61,47,0
21.3,19,23.8,16.8,16.7,13.3,1020.9,61,56,0
21.2,18.9,23.7,17.4,16.9,13.8,1020.3,63,70,0
19.4,15.9,21.8,16.2,12.2,4.3,1022,37,34,0
15.3,12.5,18.2,10.1,8.9,0.6,1023.9,36,6,0
16.9,13.7,20.2,10,10,1.5,1024.2,36,3,0
17.2,14.6,20.2,11,11.6,5.6,1024.1,47,0,0
18.3,16,21.6,12.8,14.4,11.2,1021.8,64,5,0
18.9,16.4,22.6,12.8,14.5,10.8,1018.7,61,10,0
19.9,17.5,21.6,14.6,16.4,13.9,1015.5,69,57,0
22,20.1,24,17.6,18.1,15.6,1017.8,67,82,0.2
17.8,16.2,20.1,14.4,12.3,6.8,1023.7,49,63,0
15.6,13.9,17.9,13.3,9.7,2.6,1025.1,42,38,0
15.7,13,17.7,10.4,11.2,6.6,1023.3,55,55,0.4
17.6,15.1,20.7,12.9,11.6,5,1021,44,51,0
18.1,15.2,21.7,11.5,13.1,8.4,1018.4,54,8,0
18.9,16.2,22.2,12.3,13.8,9.1,1018.5,55,7,0
20.3,17.4,23.8,13.5,15,10.5,1017.3,54,28,0
19.9,19.1,20.6,16.2,17.1,15.1,1015.7,74,88,0
21.6,19.8,24.4,17.9,17.5,14.6,1017.2,65,79,0
19.1,16.6,21.1,16.4,13.8,9,1020.4,52,47,0
16.5,14.3,19,11.9,12.9,9.7,1020.9,64,12,0
17,14.7,20.1,12.2,13.8,11.1,1020.1,69,15,0
18,15.2,21.4,12.3,14.3,11.1,1020.5,65,13,0
18.9,16.4,22.5,12.5,14.7,11.3,1020.3,62,13,0
19.3,17.1,22.2,15,15.5,12.4,1020.1,65,44,0
20.1,17.5,23.7,14.8,16.9,14.5,1018.3,72,7,0
21.1,19.3,23.9,16,16.6,13.3,1018.6,61,37,0
16.5,12.9,20.4,13.9,12.1,7.7,1022.8,56,28,0
14.1,11.5,16.9,11.5,10.6,6.8,1023.6,61,68,0
18,15,20.8,12.9,13.8,10.1,1019.9,60,87,0
19.6,17.6,22.1,14.5,16,13.3,1019.5,67,76,0
18.6,17.1,20.1,15.6,15.7,13.5,1020.5,72,85,0
19,17.8,20.7,16.9,16.2,14.2,1018.5,74,88,0
19.3,18,20.3,17.4,17.2,15.8,1017.3,80,92,0.1
20.6,17.8,23.2,18.1,17.7,15.8,1017.3,75,88,2
16.7,15.7,18.3,15.7,15.1,13.9,1019.9,84,88,5.2
14.5,12.5,16.2,12.1,11.9,9.5,1022.3,73,88,1.1
14.2,11.3,17.2,10.1,9.7,4.6,1024.4,53,33,0
13.7,11.1,16.6,8.9,9.6,4.8,1025.6,56,10,0
15.1,12.4,17.6,10.5,11.7,8.3,1023.2,64,79,0
17,15.1,21.1,13.7,13.9,11.3,1020.3,70,58,0
17.2,15.3,19.9,12.6,14.8,13,1020.2,77,23,0
17.5,15.9,20,14.2,15.1,13.3,1020.4,77,56,0
17.2,15.2,20,13.1,13.9,11,1021.6,68,32,0
15.2,12.3,18.6,10.4,11.3,7.3,1024.1,60,4,0
12.6,9.8,15.2,8.6,7.8,1.3,1026,47,20,0
12,9.4,15,6.5,6,-4,1025.9,33,0,0
12.5,9.6,16.6,5.7,7.9,1.8,1024.3,49,8,0
13.8,10.7,17.4,6.9,8.5,1.3,1027.6,45,7,0
12.7,9.8,15.9,6.9,6.8,-2.1,1029.8,36,4,0
12.4,9.8,16,6.6,7.6,1.1,1029.4,47,3,0
13.2,10.7,16.7,7.2,9.5,5.2,1028.2,59,2,0
14.4,11.8,17.8,8.3,11.2,8,1025.4,66,7,0
16.3,13.7,19.6,10,12.9,9.7,1022.1,67,5,0
18.8,15.7,23.7,11.8,16,14.1,1019.7,75,22,0
19.2,17,22,14.5,16.4,14.3,1017.3,74,48,0
18.1,16.1,20.4,13.4,15.5,13.5,1017.2,75,71,0
20,17.8,24.5,15.5,17,15,1016.9,73,53,0
18.7,15.8,21.8,14,15.9,13.9,1014.2,74,48,0
17.5,14.2,19.6,15.2,14.4,11.7,1019.1,70,81,0
11.6,10.7,14.2,11.4,7.6,2.3,1024.9,53,88,0
13.3,10.7,15.8,10.8,9.8,5.7,1021.9,60,87,0
14.6,12.7,16.3,13.5,11.5,8.4,1019.7,66,88,0
12.2,11.4,13.1,10.8,10.3,8.4,1019.8,78,88,0
15,13.1,17.6,12.3,13.4,12.1,1018,83,81,0
16.3,14.7,19.2,13.6,14.5,13.1,1016.5,82,79,0
16,13.9,18.3,12.4,13.3,11,1015.9,73,34,0
16.7,14,20.6,11.4,13.7,11.2,1018.3,70,31,0
17.5,15.8,20.3,13.8,14.8,12.7,1020.2,74,81,0
18.6,16,21.8,13.8,15.2,12.7,1019.2,69,50,0
19.6,17,23.3,13.7,16.6,14.5,1017.8,73,10,0
18.2,16.8,20.9,15.4,16.1,14.6,1017.9,80,47,0
19.1,16.7,23.2,14.1,17,15.5,1018.3,80,36,0
19.2,17.8,22.5,16.6,16.9,15.3,1019.5,78,59,0
19.1,16.6,22.9,14.5,16.4,14.6,1018.6,75,34,0
20.4,18.3,24.4,16.4,16.9,14.5,1018.8,70,70,0
20.3,17.8,24.5,16.4,17.4,15.4,1018.2,74,36,0
19.4,18.1,21.7,15.6,17.5,16.2,1017,82,21,0
20.2,17.8,24.8,15.9,17.9,16.4,1014.4,80,42,0
21.5,19.1,24.4,16.6,19.4,18.1,1009.6,81,67,0
23.8,22.3,25.3,20.2,21.6,20.5,1007.4,81,85,0
24,22.8,25.3,20.7,22.5,21.7,1009.9,87,84,0
22.4,20.3,25,20.9,21.4,20.9,1012.8,91,88,0.1
19.7,17.8,20.6,19.9,18.8,18.3,1016.4,92,88,0.4
18.4,17.3,21.4,16.6,16.4,15,1018.6,81,88,0
19.5,17.5,23.2,17.2,17,15.3,1016.8,77,82,0
19.4,17.6,23,16.8,18,17.1,1014.8,87,62,0.3
21.4,18.9,25.4,16.9,18.4,16.5,1016.4,75,40,0
18.8,17.5,21.1,16.6,16.7,15.3,1015.8,80,81,0
20.5,18.1,23.4,17.7,19.2,18.4,1011.4,88,85,0
22.7,20.9,27.1,20.7,21.5,20.8,1011.9,89,80,0
23.3,21.8,26.6,21.1,21.9,21.1,1012.7,88,80,0
23.7,21.5,28.3,20.1,21.6,20.5,1012.7,83,55,0
21.6,19.8,22.9,19.9,20.6,20,1014.7,91,83,0.3
21.6,19.7,26,19.4,19.8,18.9,1015,85,82,0
20.4,19.4,22.9,18.6,18.8,17.9,1016.7,85,88,0
19.1,18.3,20.2,18,17.8,16.9,1018.3,88,88,0.8
18.8,17.5,20.5,16.7,16.6,15,1018.3,78,88,0
18.8,17.4,19.9,17.1,16.6,15.1,1016.5,79,88,0
18.4,17.8,19.4,17.2,17.2,16.5,1013.6,89,88,0.4
19.4,18.4,21.1,17.7,18.9,18.6,1011.2,95,88,38.5
16.9,14.3,19.7,17.3,15.9,15.1,1014.5,89,89,11.6
14.6,13.9,15.9,14.3,13.2,12.1,1016.9,85,88,0.2
15.8,14.5,16.5,14,14.7,13.8,1015.6,88,88,0.1
17.2,15.3,18.8,14.9,14.8,12.8,1016.9,76,86,0.4
18,16.9,19.4,16.6,15.4,13.4,1016.3,75,88,0
19,17.6,20.8,17,17.3,16.2,1014.9,84,88,0
19.7,18.1,21.6,17.8,18.1,17.2,1015.2,85,93,0
20.1,14.4,24.8,20,18.4,17.1,1016.8,84,89,0
16.2,12.8,21.4,12.2,11.5,6.7,1022.3,54,46,0
18.2,14.8,23.1,13.1,14.6,11.6,1019.6,66,47,0
20.4,17.9,24.2,15.9,17.3,15.2,1016.8,73,69,0
21.8,18.6,26.4,16.5,19.3,17.8,1013.9,79,40,0
22.4,20.3,25.6,18.2,20.5,19.5,1012.4,84,59,0
22.9,20.3,26.1,18.6,21.1,20.2,1012.3,85,68,0
23.9,21.8,27.4,19.8,21.9,20.9,1012.4,84,73,0
22.6,21.4,24.3,21.2,21.4,20.9,1011.2,90,89,0.1
25.7,23.9,27.6,21.9,23.7,22.7,1010.6,84,83,0
23.9,21.7,28.3,22.5,22.6,22,1012.1,89,88,0
20.4,19.7,22.2,20.3,19.5,18.9,1013.3,91,88,27.1
18.5,17.2,19.8,18.3,17.4,16.7,1016.7,89,89,27.9
18.5,18.1,18.9,17.2,16.4,14.9,1015.8,80,87,0
19.5,18.3,20.4,18.3,18.8,18.4,1014.3,93,88,10.4
20.9,19.6,22.8,19.7,20.3,19.9,1012.5,94,88,0.6
19.7,18.9,21.5,19.4,18.5,17.7,1014.8,89,88,2.6
19.4,18,21.9,18.2,17.1,15.6,1017.8,79,84,0
19.7,17.3,23.2,18.4,17.3,15.8,1018.7,78,87,0
19.9,18.2,22.8,17.5,16.3,13.6,1019.9,67,83,0
18.4,17.3,21.4,16.4,15.2,12.7,1019.9,70,85,0
18.8,16.8,20.5,17.4,16.5,14.9,1017.8,78,88,0
21.5,19.7,25,19.4,19.1,17.6,1016.4,79,85,0
23.5,21.4,26.5,21,20.9,19.5,1014.6,79,82,0
19.1,17.2,21.4,19.2,17.2,15.9,1015.9,82,88,8.1
18.2,16.9,19.8,17.4,15.1,12.7,1016.5,70,88,0.6
20.8,18.2,24.8,18.1,17.9,16.1,1016.5,75,84,0
20.9,19.2,24.5,17.5,15.7,11.4,1016.9,55,76,0
20.9,19.3,23.7,17.7,16.3,12.9,1016,61,74,0
21.5,19.7,24.7,18.3,18.8,17.2,1014.7,77,73,0
21.9,20.7,24.4,19.8,20.1,19,1011.9,84,88,0
23.7,21.6,28.4,20.5,21.8,20.8,1007.9,84,77,5
24.7,21.9,28.6,21,22.3,21.1,1007.9,80,45,0
23.1,21.9,25.6,22.1,21.1,19.9,1009.6,83,86,4.3
23.1,21.3,25.9,21.4,21.7,20.9,1005.4,88,72,2.9
23.9,21.8,28.1,21,21.5,20.2,1007.2,80,64,0
21.9,21.1,23.2,21.2,20.3,19.4,1009.6,86,86,34.1
25.5,21.8,27.7,21.5,24.5,24,1004.8,92,92,4.5
27.2,25.6,30.1,24.3,23.8,22.1,1003.2,75,70,0
25.3,22.2,29.3,22.9,20.6,17.8,1006.7,64,75,1.5
22.4,20.9,23.9,21.6,19.6,17.9,1009.6,76,88,0
22.2,20.9,23.4,21.4,20.6,19.7,1010.6,86,94,0.2
22.8,21.7,24.5,22.1,21.6,21,1009.5,89,89,0
22.8,19.9,24.1,23,22.1,21.8,1010.8,94,91,43
19.2,18.6,19.9,20.6,18.4,17.9,1015.5,92,88,4.5
21,19,24.4,19.7,17.6,15.3,1015.7,71,84,0
21.9,20,25.8,19.3,17.1,13.5,1016.7,60,36,0
21.9,19.8,25.4,18,18.3,15.9,1016.5,69,70,0
22.7,20.9,26.2,19.7,18.9,16.5,1015.9,68,68,0
23.3,20.7,27.9,18.9,19.5,17.2,1016.2,69,34,0
23.7,21.2,28,19.4,19.1,16.2,1015.1,63,16,0
24.2,21.5,28.8,20.1,20.7,18.8,1014.1,73,52,0
23.6,21.4,28.4,22,21,19.6,1014,79,80,0.3
24,22,28.2,21.1,20.3,18.1,1013.8,71,51,0
23.5,22,27.9,21,20,18,1012.3,72,53,0
24.2,20.9,29.4,18.8,18.7,14.8,1010.5,58,29,0
24.3,21.7,28.7,20.1,20.4,18.2,1010.9,70,42,0
25.2,23,29.4,21.8,22.1,20.5,1010.6,76,66,0
25.4,24,28.6,23.5,23.1,22,1010.6,82,88,0
26.5,24.4,31,23.8,23.9,22.7,1011.1,81,68,0
27,24.6,31.3,23.7,24,22.7,1010.7,78,53,0
27.1,24.8,31.3,23.8,24.2,22.9,1009.5,78,53,0
26,24.6,29.8,24,23.1,21.7,1011.7,77,63,0
26.3,24.4,30.3,23.7,23.3,21.8,1012.7,77,59,0
25.8,24.3,28.2,23.3,23.5,22.4,1012.4,82,75,0.1
27.3,24.9,30.8,24.4,24.6,23.4,1011.1,80,77,0.2
28.5,26.3,31.9,25.4,25,23.4,1009.6,75,74,0
28.6,26.9,32,26.3,25.3,23.8,1008.9,76,79,0.3
27.6,23.5,30.2,26.5,24.6,23.3,1008.1,78,88,10.9
27.5,24.8,30.9,22.8,25.3,24.4,1010,84,83,1.4
27.7,26.3,29.7,25.8,25.4,24.4,1010.3,82,85,2.3
25.7,24.6,27.1,24.9,24.9,24.5,1008.4,93,91,62.3
25.5,24.4,26.4,24,24.8,24.5,1008.2,94,93,61.2
24.9,24.2,25.5,24,24.2,23.9,1009.5,94,94,29.8
25.3,23.6,26.5,23.1,24.6,24.2,1008.6,94,86,20.2
25.5,23.4,28.9,24.1,24.5,24.1,1007.4,92,84,39.2
23.5,22.7,24.9,22.2,22,21.2,1009.2,87,88,11.5
22.2,20.8,23.7,20.2,20.5,19.6,1011.3,86,88,5.5
25.3,21.9,29.5,20.6,19.8,16.4,1010.3,59,81,0
26.4,24.7,28.2,22.7,22,19.7,1008.6,67,86,0
26.9,24.4,30.9,22.9,23.1,21.3,1006.5,71,54,0
27.1,25.1,29.3,23.4,24.1,22.7,1004.1,77,78,0
28.2,26.1,29.8,25.3,25.8,24.7,1000.8,81,88,10.4
27.6,24.7,30.4,24.3,24.2,22.6,999.7,76,61,36.8
27.8,25.6,30.7,23.7,24.3,22.7,1002.8,74,29,0
28.6,26.2,32.9,24.3,24.9,23.3,1004.1,74,23,0
27.7,26.2,30.7,24.4,24.8,23.5,1005.3,78,63,0
27.5,26,30.7,26,25.1,24,1006.4,81,86,11.2
26.9,25.3,29.5,25.4,25.3,24.6,1006.7,87,81,16.5
28.3,26.3,31.5,25.1,26,25,1006.4,83,80,0
26.6,25,28.1,24.6,24.6,23.7,1005.4,85,89,49.2
27,24.4,29.3,24,24.8,23.9,1005.2,84,88,7.9
29,27.5,30.7,26,26.5,25.5,1005.4,81,84,0
27.6,25.6,30.2,24.5,26,25.3,1005.3,88,88,24
26.6,25.2,30,24.6,25.5,25.1,1005.6,92,88,17.3
27.4,26,29.9,25.5,26.1,25.5,1006.8,90,88,6.1
28.8,26.7,32.5,25.6,26,24.9,1006.6,80,56,0
29,26.9,31.4,25.8,25.9,24.6,1004.4,77,61,0
29.1,27,32.6,26.6,26.5,25.4,1002.9,81,65,5.7
29.9,27.4,32.2,26.1,26.1,24.5,1002.4,73,68,0
30.1,27.3,32.3,26.7,27,25.8,1001.7,78,84,0
29.6,27.9,30.5,27.2,27.2,26.3,1003.7,82,86,15.7
29.8,28,32.3,27.5,27,26,1005.4,80,84,12.5
29.1,27.2,32,26.3,26.7,25.8,1005.4,83,88,8.5
28.8,27.3,30.5,26.8,26.4,25.5,1004.8,82,84,6.6
27.7,26.2,30.1,26.4,26.1,25.4,1002.9,88,88,17.7
26.7,25.4,28.4,24.9,25.1,24.4,1003.9,88,89,46.9
26.3,24.8,28.5,24.2,25.2,24.7,1007.2,91,86,48.7
29,26.5,31,24.6,26.5,25.5,1007.8,81,83,0
29.6,28.3,31.7,26.6,26.2,24.7,1008.8,75,83,0.1
29.6,28.2,32.6,26.3,25.9,24.3,1008.7,73,63,0
29.6,28.4,31.5,26.7,26,24.5,1007.1,75,74,0
29.5,28.6,30.8,26.6,26.1,24.7,1005.2,76,86,0.5
28.5,24.9,29.3,26.2,26.2,25.3,1006.1,83,90,17.4
25.8,24.1,27.9,23.4,25.1,24.8,1008.4,94,88,49.6
27.8,23.9,32,23.2,25.9,25.2,1010.2,86,77,31.2
29.2,26.3,32,25.6,26,24.7,1009.4,77,57,20.1
29.5,27.7,32.5,26.3,26,24.5,1008,75,35,0
29.7,27.9,32.7,26.2,25.8,24.1,1006.5,72,20,0
30.2,27.6,33.1,26,26.6,25.1,1003.1,75,30,0
28.9,27.6,31.9,26.4,26.2,25,1002,80,84,8.1
29.6,28,33,26.6,26.7,25.6,1004.8,79,60,0
29.6,27.6,33,27,26.3,25,1004.7,77,53,0
29.2,27.8,31,26.6,26.2,25,1004.3,78,72,0
29.4,27.5,32.8,26.9,27.1,26.2,1005.2,83,78,4.8
29.2,27.5,32.5,26.7,26.9,26,1005.5,83,72,0.8
29.9,27.7,32.5,26.8,26,24.4,1002.9,73,39,0.4
29.4,26,34.3,27.3,26.3,25.1,997.4,78,72,11.7
26.4,25,28.7,24.3,25,24.5,999.9,89,90,124.6
28.4,25.7,31.5,25.4,26.7,26,1008.6,87,73,8.1
29,27.2,32.5,26.4,26.7,25.7,1009.3,83,62,0.6
28.9,27.3,32.4,26.2,26.2,25.1,1006.7,80,51,0
28.9,26.9,32.1,26,26.3,25.2,1005.3,81,67,7.6
29.5,27.9,31,26.1,26.6,25.4,1004.1,79,84,2.6
29.6,27.5,31.5,26.2,26.7,25.6,1003.9,80,82,8.3
29.1,27.4,33.1,26.5,27,26.2,1003.9,85,86,24.1
28.7,25.3,30.8,24.8,26.7,26,1003,86,81,33.6
29.3,26.6,32.6,26.1,27.1,26.2,1002.4,84,82,10.2
29.9,27.9,33.3,26.9,27.4,26.4,1003.7,82,78,2.4
28.9,27.4,31.5,26.6,27.3,26.6,1003.4,88,79,14
29.3,26.9,32.5,26.3,27,26.1,1004.1,83,71,8.7
30.3,27.8,32.5,26.8,26,24.2,1002.4,71,64,0
30.8,28.8,34.6,27.6,28,26.9,998.9,80,83,0
29.9,27.6,34.9,28.3,27.1,26,997.5,80,81,21.4
28,26.9,29.8,26.5,26.7,26.2,995.8,90,88,21.3
27.6,26.4,29.4,25.9,26.3,25.8,997.2,90,89,92.5
29,27.5,30.9,26,26.9,26.2,998.1,85,74,8.3
29.6,27.4,32.6,26.3,26.5,25.3,996.2,78,81,0
30.4,28.2,34.2,27.4,27.1,25.9,993.1,78,82,0
30.3,29.1,32.4,27.6,26.9,25.6,994.1,76,81,0
29.2,27.4,32.4,27.8,27.4,26.7,998.8,87,86,21.8
28.1,26.2,29.6,26.2,26.9,26.4,1003.5,91,88,32.2
27.3,26,27.9,26.8,25.8,25.1,1005.7,88,89,3.1
26.4,24.8,27.6,24.2,25.2,24.7,1007.4,91,90,70.7
27.8,25.7,30.8,25.4,26.2,25.5,1009.7,88,84,44.9
29.3,27.5,31.8,26.4,26.6,25.5,1010.2,80,74,0
29.9,28.2,33.1,26.9,26.7,25.4,1010.6,77,67,0
29.1,27.9,30.9,26.9,26.5,25.5,1011.1,81,80,2
28.7,27.9,32,26.9,26.7,25.9,1010.9,85,74,12.7
29.4,27.8,32.1,26.7,26.9,26,1010.9,82,61,0.3
29.8,28,33.1,26.4,26.1,24.6,1008.8,74,40,0
30.1,28,32.9,26.4,25.7,23.8,1007.1,70,21,0
30,28.2,32.4,26.5,26.2,24.6,1007.2,73,27,0
30.4,28.6,34.2,27,26.8,25.3,1007.8,75,48,0
30.1,28.5,33.2,27.3,26.2,24.6,1008.6,72,73,0
29.9,28.3,33.3,27.4,26.9,25.6,1009,78,80,0
30,28.4,33.3,27.4,27.1,25.9,1008.6,79,60,0
30,28.6,33.4,27.2,27,25.8,1008.4,78,55,0
30.4,28,33.5,26.5,26.5,24.8,1007.8,73,23,0
30.3,29.2,33.1,27.5,27.2,26.1,1007.6,78,62,0
30.4,28.2,33.8,27.6,27.1,25.7,1008.6,77,64,2.4
29.9,27.2,33.9,26.7,26.2,24.7,1009,74,58,0.5
29.9,27.8,33.4,26.2,26.1,24.6,1009,74,67,0
30,27.5,33.9,26.5,25.9,24.2,1007.6,72,57,0
30.6,28.4,34.3,27.1,26.3,24.5,1006.2,71,69,0
30,28.4,33.7,27.3,26.4,24.9,1005.3,74,81,0
30.1,28.3,33.9,27,25.9,24.1,1005.1,71,41,0
29.9,28.1,33.9,26.7,25.9,24.3,1005.6,72,32,0
30,28,34.6,26.7,26.2,24.6,1006.8,74,28,0
29.9,27.4,34.3,26,26,24.3,1007.2,73,30,0
29,25.8,32.1,24.8,25.9,24.6,1007.4,78,82,37.1
28.8,27.3,31.6,26.5,24.9,23.2,1006.6,72,84,0.9
27.5,26.4,28.5,25.8,25.7,25,1007.7,86,86,11.8
28.5,26.3,32.2,25.9,26.4,25.5,1008.4,84,76,5.7
29.4,26.2,32.7,26.3,26.5,25.3,1007.5,79,74,23.4
27.3,25.4,30,25.2,25.4,24.6,1002.1,86,86,38.8
26.5,25,30,24.3,25.3,24.8,1004,91,91,190.3
27.9,26.4,29.6,25.2,26.4,25.9,1010.2,89,84,20.5
29,27.2,32.1,26.1,26.5,25.5,1011.8,82,60,0
29.6,27.3,32.5,26.1,26.5,25.3,1010,78,30,0
30.6,28.6,33.2,26.9,27.3,26,1007.8,77,47,0
30.1,28.9,32.9,27.3,27.1,26,1008.9,79,75,0
28.9,26.8,31.8,27.1,26.3,25.3,1009.2,81,81,9.5
28.2,25.7,30.9,25.7,24.9,23.5,1009.3,76,84,1.3
28.6,25.8,32.4,24.6,24.8,23.1,1009.2,73,53,0
29.2,27.3,32.1,26.3,25.5,23.9,1009.6,74,60,0
29.2,27.8,32.4,26.5,25.5,23.9,1009.8,73,41,0
29.6,27.7,33.8,26.4,25.9,24.3,1007.8,74,51,0.3
29.1,27.5,30.7,26.3,25.3,23.6,1005.2,72,77,0
26.2,24.5,29.3,26.3,24.4,23.6,1004.8,87,92,52.7
24.9,24.2,25.8,24.4,24,23.6,1005.5,92,87,31
26.3,25,28.3,24.8,25,24.4,1009.3,90,88,63
27.5,25,31.6,24.8,24.8,23.6,1011.4,80,79,0
28,25.8,31.4,24.8,24.3,22.5,1010.5,73,57,0
27.7,26.1,30.6,24.9,23.8,21.9,1009.7,71,56,0
28,25.2,31.3,23.5,21.8,18.4,1008.8,57,53,0
28.1,25.3,31.3,23.3,21.1,17,1007.9,51,42,0
28.4,25.9,32.1,24.7,22.3,19,1008.4,57,68,0
27.7,24.6,31,23.5,23.5,21.5,1008.4,70,52,25.4
26.2,25.1,28.6,24.3,22.6,20.8,1009,72,59,0
26.6,24.4,29.6,23.7,22,19.5,1009.1,66,54,0
26.8,24.2,30.1,23.1,22.2,19.8,1011.2,66,28,0
25.9,24,28.8,25.1,23.3,22.1,1013.1,80,86,5.1
25.3,23.7,27.4,24,23.3,22.4,1014.1,84,87,1.5
26.7,25.4,29.3,24.7,23.9,22.6,1014.6,78,73,0
25.6,24.5,27.2,24.6,24.1,23.4,1015.6,87,88,9.5
25.6,23.5,28.7,23.6,22.8,21.4,1015.5,78,81,0
25.8,24.7,28.5,24.7,23.1,21.8,1012.9,79,80,0
26.5,24.2,30.5,23.8,23,21.3,1009.9,74,38,0
26,24.4,28.5,23.6,22.2,20.2,1010.8,71,45,0
25.8,24.6,26.8,24.9,23.6,22.6,1011.1,83,87,2
24.5,23,25.3,23.4,22.4,21.3,1013.4,83,88,0.9
24.9,24.1,27,23.9,22.2,20.8,1014.9,78,88,0
25.7,23.8,28,23.5,22.4,20.7,1013.7,74,57,0
26.3,23.5,29.3,23,21.8,19.4,1011.3,66,21,0
26.2,24.4,28,23.2,22.4,20.5,1010.6,71,28,0
26,24.8,28.3,23.6,23.1,21.7,1012.8,77,61,0
25.2,24.1,27.7,23.6,22.1,20.5,1015,76,47,0
24.4,23.4,26.6,22.9,21.1,19.2,1016.5,73,61,0
24.5,23.1,27.9,22.4,21.2,19.3,1017.9,73,40,0
24.8,23.4,28.1,22.4,21.4,19.6,1017.2,73,36,0
24.8,23,27.6,22.7,21.8,20.3,1016,76,48,0
25.7,23.1,28.9,22.1,21.6,19.3,1014,68,41,0
26.3,24.4,30.3,23.3,22.1,19.9,1015.5,69,45,0
22.9,19.6,26.2,20.6,15.9,9.9,1022.8,45,41,0
18.5,15.8,21.2,15.4,12.7,7,1025.8,47,52,0
21,17.1,24.4,15.8,15.5,11.1,1022.9,53,51,0
23.5,21.1,27.3,19.6,19.4,16.8,1019.3,67,55,0
24.2,22.3,27.1,20.7,21.6,20.2,1015.8,79,63,0
25,23.8,27.6,22.4,22.4,21.1,1014.2,79,82,0
25.3,24.4,26.8,23.1,23.5,22.6,1012.9,85,80,0
25.6,24.4,27.3,23.4,23.7,22.9,1009.6,85,78,0
26.4,24.9,29,23.2,23.5,22.1,1007.2,78,29,0
26.2,24.7,28.8,23.1,23.6,22.4,1009.2,80,74,0
25.8,22.7,27.8,23.8,23.5,22.5,1012.6,82,82,5.2
19,16.4,22.7,17.4,16.3,14.3,1014.5,75,45,0.2
17.6,15.6,19.5,16.2,15,13,1015.1,74,83,0
19.6,18.3,20.7,18.7,18.1,17.1,1013.4,86,88,20.2
17.4,12.8,20.7,17.8,16.2,15.4,1014.8,88,93,34.8
12.2,10.5,13.2,13.3,9.4,6.3,1021.4,67,88,0
12.3,9.7,15.9,12.2,9.9,7.4,1023.5,72,87,0
14.9,12,18.2,13.7,11.7,8.7,1024.1,66,58,0
15.5,13.2,18.6,14.6,11.8,8.2,1024.9,62,68,0
14.5,12.3,17.2,13.5,10.6,6.6,1024.2,59,72,0
15.9,13,19.1,13.3,11.5,7.1,1021.4,56,42,0
18.8,15.9,22.6,14.2,15.5,12.9,1018.7,69,33,0
20.4,17.8,23.7,16,18,16.4,1016.4,78,17,0
20.7,18.9,23.9,17,18.7,17.4,1016.5,82,39,0
21.2,20.4,22.9,18.3,19.2,18,1016.4,82,86,0
22,20.2,25,19.3,19.3,17.7,1017.2,77,60,0
21.1,20.2,23.2,19.1,18.4,16.7,1018.8,76,42,0
20.9,19.5,23.2,18.7,18,16.2,1020.2,75,71,0
19.7,17.8,22.1,17,16.7,14.6,1021.4,73,29,0
19,16.8,21.9,15.6,16.2,14.2,1021.5,74,26,0
19.8,18.1,21.9,17,16.9,14.8,1020.9,73,55,0
17.4,15.1,19.7,14.2,13.2,9.5,1021.3,60,11,0
17.6,15.7,20.1,14.2,14.3,11.5,1019.8,67,26,0
17.3,14.8,20.1,13,12.9,8.7,1019.7,58,16,0
18.4,16.3,20.3,14.6,15.4,13,1018.2,71,43,0
17.9,16.8,19.1,16.7,16.4,15.4,1017.7,85,84,5.5
18.6,17.8,19.8,17.4,17.9,17.5,1016.8,94,88,14.1
19.7,18.7,20.4,18.8,18.7,18.2,1015.6,91,88,0.4
20.3,18.3,23,17,18.5,17.3,1014.8,84,60,0
21,19.4,24,17.9,19.2,18.2,1016.6,84,64,0
20.4,19.8,20.9,19.3,18.7,17.6,1017.8,84,84,0
20.6,19.1,22.9,18.1,18.7,17.5,1017.9,83,44,0
19.8,18.7,21.2,17.9,18.2,17.2,1018.5,85,72,1
19,15.8,20.6,18.5,17.8,17.1,1018.1,89,84,9.6
13.9,12.7,15.8,14.5,12.5,11.3,1021.3,84,81,3.8
12.9,11.5,14.1,14.1,10.8,8.6,1023.4,75,85,0
12.5,11.7,14.1,13.5,10.5,8.4,1025.8,76,88,0
13.3,11.5,15.3,12.8,10.3,7.2,1027.8,67,86,0
13.8,11.3,16.5,11,9.1,3.5,1026.9,50,60,0
14.7,12.9,17.1,12.7,10.5,5.8,1026,55,78,0
16,14.2,18.3,12.8,13.3,11,1022.1,72,38,0
18,16.1,20.7,14.2,15.6,13.7,1019.1,76,82,0
20,18.3,23.1,15.9,18.2,17.2,1016.2,84,24,0
19.9,18,22.4,16.1,17.9,16.6,1015.3,81,48,0
18.1,17.3,19.3,16.2,15.9,14.3,1016.6,78,80,0
15.7,10.6,18.6,15.9,14.4,13.4,1016.8,86,83,3.1
12.2,9.4,14.6,10.9,10.9,9.7,1018.4,85,87,5.7
15.5,13.8,16.9,14.3,14.8,14.2,1015.1,92,88,3.5
17.2,16.4,17.9,16.3,16.5,16,1015.3,93,87,2.5
16.2,15.5,17.1,16,14.6,13.3,1018.2,84,86,1
16.2,15,18.1,14.7,13.6,11.4,1018.1,73,84,0
17.4,16.1,20,16,16.2,15.4,1016.1,88,88,5.2
17,15.8,18.3,15.7,15.6,14.7,1017.1,87,85,3.5
17.9,15.9,19.9,14.9,16,14.6,1015.1,81,68,0
17.3,15.9,18.5,15.9,15.6,14.5,1015.6,84,85,0.8
15.8,14.4,16.8,15.7,14.8,14.1,1018.6,90,88,1.2
13.7,12.6,14.7,14.3,12.3,11.1,1021.3,84,88,0.5
13.7,11.6,15.5,12.3,11.9,10.3,1020.6,80,88,0.9
15.1,13.6,17.1,14.6,13.1,11.3,1018.9,78,76,0
17.4,15.7,19.1,14.1,15.4,13.9,1017.3,80,86,0
15,12,18.2,15.4,14,13.2,1018.3,89,80,12.5
12.1,9.9,15.2,10.2,9,5.3,1023,63,21,0
12.9,9.8,15.9,9.8,8.6,3.4,1026.8,53,45,0
14.5,12.8,16.1,11,11.3,8,1026.6,66,57,0
15.8,13.8,18.4,12.2,12.7,9.8,1025,68,36,0
16.7,15,19.7,12.6,13.2,10.1,1025.8,66,47,0
16.5,14.6,19.8,12.8,14.3,12.5,1025.9,77,38,0
16.9,14.8,19.7,13.7,14.6,12.8,1023.8,78,50,0
18.1,15.9,20.2,14.9,16.1,14.6,1021,80,85,0
21.3,19.6,22.7,17.8,19.4,18.3,1019.7,83,88,0
22.3,21.3,24,20,20.8,20,1018.5,87,81,0
18.3,16.5,21.6,18.3,16.9,15.9,1021.5,86,85,0
15.5,14.9,16.6,16.2,14.2,13.1,1022.7,86,88,0
15.7,14.5,17.1,15.6,14.2,13.1,1021.1,85,88,0
18.4,16.1,21.7,16,16.1,14.4,1021.1,78,87,0
16.1,15.4,17.8,16.4,14.1,12.6,1023.4,79,88,0
16.9,15.5,18.9,15.8,15.3,14.1,1019.6,84,87,0
19.4,17.4,22.4,17.4,18.5,17.9,1017.4,91,83,0
18.4,17.4,19.5,17.3,17.2,16.5,1019.4,89,84,0
18.6,17.1,20.6,16.7,17,15.9,1018.2,84,78,0
21.4,19.2,24.5,18.7,19.5,18.4,1016.5,83,46,0
21.6,19.7,23.8,18.1,19.7,18.6,1015.1,84,76,0
19,18.2,20.8,18.3,17.9,17.2,1015.5,89,86,0
18.2,17,19.5,18.3,17.1,16.4,1016.8,89,88,0
17.2,16.3,18.1,17.2,16.3,15.8,1017.7,91,89,0.4
17.4,16.8,17.9,17.2,16.3,15.6,1017.6,89,90,0
17.5,16.9,18,17.2,16.5,15.9,1017.4,90,92,0
17.1,16.3,17.6,16.7,16.8,16.5,1017.7,96,92,94.1
18,17.2,19,17.1,17.6,17.4,1015.9,97,88,7.1
21.6,19,23.8,17.9,20.8,20.4,1014.4,93,87,0
24.1,22.8,25.8,20.5,22.3,21.5,1013.2,85,84,0
25,23.9,26.9,21.9,22.7,21.5,1013.9,81,85,0
16.7,11.9,24.5,18.4,14.6,12.9,1020,79,87,0
13.2,11.6,14.8,14.9,12.2,11.3,1019.8,89,92,1.7
15.4,14.6,16.3,15.4,15.2,15,1015.5,97,96,2.3
12.6,10.8,15.2,14.6,12,11.5,1018.9,93,92,0.6
10.2,9.1,11.2,12.2,9.2,8.2,1022.3,88,88,0.6
9.7,8.9,10.5,11.3,8.6,7.5,1022.8,87,88,1
9.1,8.2,10.5,10.9,7.9,6.6,1024.1,84,94,0.8
9.5,7.7,11.2,9.5,8.6,7.7,1022.7,89,92,3.7
13.2,10.7,15.9,11.9,11.4,9.7,1020,80,88,0
15.9,14,18.7,14.2,14,12.4,1017.2,80,84,0
17.7,16.7,19.1,15.8,16.4,15.5,1015.6,87,88,0.1
20.1,17.9,23.8,16.4,18.6,17.7,1014.1,86,86,0
22.3,20.2,24.4,18.7,20.9,20.1,1010.3,88,87,0
24.5,22.9,26.3,20.8,23,22.3,1009.4,87,88,0.4
24.6,23,25.8,22.2,23.2,22.5,1009.7,88,88,0.3
24.7,23.1,27.1,21.6,23.4,22.7,1011.7,89,86,0
23.9,22,26.2,22.1,22.9,22.4,1014.3,91,87,0
22.1,21.1,24,21.9,21.4,21.1,1014,94,88,0
24.6,22.5,26.2,21.6,23,22.3,1012,87,83,0
24.7,23.3,26.9,21.9,23.3,22.6,1011.7,88,84,0
24.5,23,25.8,22.6,23.1,22.4,1011.2,88,86,0.1
25.8,24.1,27.5,22.5,23.5,22.5,1010.9,82,84,0
25.7,24.6,27.4,22.7,23.7,22.8,1012.3,84,82,0
18.9,17,25.5,20.2,18.1,17.5,1015.6,92,94,4.9
16.7,13.2,17.8,19,16.1,15.7,1017.4,94,98,0.5
10.5,8.9,13.3,14.7,8.5,6.2,1025,75,88,2.7
12.1,8.1,16.8,10.2,7.5,1.5,1027.6,48,35,0
15.4,12.1,19.8,12,11.8,8.3,1024.1,63,41,0
16.8,15.7,17.8,15.4,15.4,14.3,1019.7,85,84,0.4
18.8,17.4,20.3,17.5,18.1,17.6,1016.2,93,89,0
20,18.9,21.6,19.1,19.6,19.4,1014.4,96,88,0
22.9,20.8,26.6,20.7,22,21.6,1015,92,65,0
19.2,17.8,21.9,19.4,17.7,16.7,1020.4,86,85,0
19,17.3,20.7,18.4,16.5,14.8,1022.6,77,87,0
20.9,18.7,24.4,18.1,18.6,17.1,1020.2,79,60,0
21.2,18.9,25.2,18.1,18.6,16.9,1016.3,78,29,0
21.9,19.7,24.5,18.9,19.8,18.7,1013.4,82,79,0
22.7,20.1,28.1,18.9,20.3,18.9,1013.7,80,50,0
21.5,19.3,25.5,20.1,18.9,17.3,1013.3,77,66,0
22.9,20.8,26.4,20.6,21.5,20.8,1010.9,88,82,0
24.4,20.3,29.1,21.6,22.6,21.8,1010.2,86,71,0
16.7,14.7,20.2,15.7,13.7,11.1,1017.5,71,88,8.9
17.5,14.7,20.9,13.7,12.4,7.4,1021.2,52,28,0
18.3,16.5,20.9,17.2,14.8,12.1,1021.3,67,86,0
19.9,17,24.7,15.5,16.1,13.2,1020.3,66,32,0
18.5,17.1,19.4,15.2,14.6,11.2,1020,63,72,0
19,17.9,20.5,17.7,17.2,16,1018.2,83,87,0
21.6,19.9,24.9,19,19.8,18.8,1016,84,77,0
23,21.1,26.2,20.9,21.7,21,1013.6,89,82,0
21.2,18.4,24.8,20.9,20.3,19.8,1015.1,92,87,2
18.1,17.6,18.4,17.8,16.9,16.1,1017.6,88,88,0
18.8,17.7,20.1,17.8,18,17.5,1014.8,92,87,0
20.5,19.4,21.7,19.7,20,19.7,1012.4,95,87,0
22.9,21.3,25.9,21.2,22,21.6,1012.4,93,88,0
19.6,18.1,22.4,20.8,18.6,18,1016.7,91,88,1.8
17.3,15.5,18.3,17.1,16.1,15.2,1015.9,88,89,9.6
19.3,17.7,21,17.7,18,17.1,1013.4,87,85,0
19.3,18.7,19.9,18.9,18.9,18.6,1011,96,90,1.7
23.6,19.9,26.2,19.6,22.5,22,1008.8,91,84,0
26.1,24.4,28.4,23,24.5,23.8,1009.4,87,78,0
24.6,19.5,29.5,23.8,23.4,22.9,1013.8,91,83,0.9
19.1,18.1,19.8,19,18,17.4,1016.9,90,89,0.3
16.6,13.5,19.7,19.4,16,15.6,1018.1,94,87,8.2
16.5,14.3,18.3,14.9,14.8,13.6,1020,83,88,0
18.4,16.4,19.6,16.8,16.8,15.6,1019.2,84,88,2
19.2,17.8,20.4,18.2,18.4,17.9,1016.1,92,88,3.1
22,20.2,25.5,20,20.8,20.1,1012.3,89,80,0
23.3,21.7,25.6,21.9,22.6,22.3,1010.4,94,84,1.1
26,23.7,28.4,22.9,24.3,23.6,1010,87,85,0
24.4,21.1,28.4,24.4,22.8,22,1010.9,87,87,6.8
21,18.7,25.9,19.7,17.6,15.2,1016.7,70,74,0
21.4,19.6,24.8,20.5,17.5,14.9,1018.2,67,63,0
20.6,19.2,23.6,19.7,17.5,15.5,1017.4,73,84,0
21.8,20.4,24.7,20.4,19.5,18.2,1016.8,80,86,0.2
21.6,19.8,24.8,19.6,18.9,17.3,1016,76,85,0
22.8,21.2,25.8,20.9,20.5,19.3,1014.4,81,85,0
21.1,18.1,24.2,21,19.8,19.2,1015.3,89,87,40.6
21.3,18.2,26,18.6,19.4,18.3,1016.7,84,78,0.6
23.5,20.8,28.1,20.5,21.2,20.1,1015.4,82,71,0
24.8,22.3,28.5,21.6,22.2,21,1013.3,80,45,0
24.2,22.2,27.8,21.7,21.9,20.7,1012.1,82,46,0
24.1,23,26.8,22.3,22.6,21.9,1009.6,88,84,0
25.9,23.6,27.8,23.6,24.3,23.6,1007.5,87,88,0
27.3,26,28.7,25.3,25.7,25,1007,87,85,0.2
25.3,23,28.3,22.6,24.3,23.9,1007,92,87,29.1
25.6,24.5,27.2,25.2,24.6,24.1,1006.8,92,84,0
27,24.6,30,25,25.1,24.3,1005.9,86,84,3.9
23.9,21.9,26.4,24,23.2,22.9,1008.1,94,84,27.6
23.9,22.6,26.4,23.5,22.6,21.9,1011.7,89,91,0.3
24,23.2,26.6,23.7,22.4,21.6,1012.2,87,88,0
23.9,22.6,26.1,23.7,22.7,22.2,1010.7,90,88,0.7
24.5,23.7,25.7,24.5,23.7,23.3,1009,93,87,0
23.9,23,26.5,23.5,23,22.6,1009.6,92,88,11.9
24.1,22.7,26.9,23.8,23.2,22.7,1011.1,92,85,0.8
25.2,24.1,27.3,24.3,23.8,23.2,1011.6,89,80,0
27.3,25,29.6,24.7,25.3,24.5,1010.2,85,72,0
26,22.6,28.8,25.7,24.6,24,1009.2,89,79,55.7
25.9,22.6,29.9,23.1,24.2,23.4,1010.1,87,73,8.1
28.5,26.3,30.7,25.7,26.4,25.6,1008.7,84,82,0
29,28.2,29.6,26.6,26.5,25.5,1004.5,82,86,0
26,23.9,29,25.2,23.4,22.2,1003.2,80,81,10.1
25.6,22.7,29.5,22.1,20.9,18.2,1006.9,65,30,0
25.9,23.1,29.6,23.3,22.7,21.1,1008,75,32,0
26.6,24.1,29.9,24.3,23.5,22.1,1007.5,77,72,0
26.1,25,27.5,25.9,24.4,23.6,1007.6,86,84,0
26.9,24.9,29.6,25.3,24.9,24,1008.4,84,74,0
27,24.6,29.2,26.6,25.5,24.9,1006.9,89,87,22.6
26.5,25.5,28.9,24.7,25.4,24.9,1006.3,91,87,5.3
24.7,23.9,25.7,25.9,23.4,22.8,1007.9,89,88,0.3
24.2,21.2,26.8,24.7,22.2,21.2,1008,84,88,16.1
21.7,20.4,23.4,22.7,21.4,21.2,1008.3,97,93,29.3
22.7,20.5,25.3,22.7,21.6,21,1010.2,90,86,1
24.7,22.8,26.8,23.6,22.8,21.9,1010.1,85,89,0
24.9,22.9,28,23,23,22.1,1009.6,85,84,8.2
25.2,23.5,28.2,23.1,22.7,21.5,1010.3,80,59,0
25.5,23.9,28.5,23.4,23,21.7,1010.8,80,49,0
25.6,24,28.7,23.7,23.6,22.7,1009.5,84,84,0
25.6,24.3,27.1,25.4,24.7,24.3,1007.9,93,87,16.7
25.4,24.8,26.5,24.7,25,24.9,1008.5,97,92,58.4
27.2,25.5,30.1,25.1,25.4,24.7,1008.5,87,83,0
28.1,25.8,30.7,25.6,25.8,24.8,1008.2,83,85,0
28.4,26,29.6,25.1,26.7,26,1007.4,87,84,29
29.3,27.1,31.2,26.3,26.9,26,1006.9,83,86,6.4
29.3,28.6,30.1,27.1,27,26.1,1006.4,84,86,0.1
29.4,27.8,30.6,26.8,27.1,26.2,1006.8,83,86,3.8
29.7,28.9,31.4,27.3,26.9,25.8,1007.6,80,83,0
29.8,28.7,31.4,27.2,26.7,25.5,1008.1,78,83,0
29.7,28.6,31.5,27.1,26.5,25.2,1008.2,77,74,0
29.5,27.9,31.5,26.9,26.7,25.5,1007.3,79,85,1.9
29.6,28.3,32,26.9,26.6,25.3,1007.5,78,76,1.4
29.3,27.9,31.5,27.2,26.5,25.4,1008.6,80,82,4.6
28,24.4,30.1,26,26,25.2,1007.7,85,84,41
29,25.6,30.2,26.7,26.9,26.1,1003.6,84,88,39
28.8,27.6,29.8,27.6,26.5,25.6,1001.8,83,88,2.9
26.1,25,27.8,25.2,25.2,24.9,1005.1,93,92,127.6
25.6,25,26.6,25.1,25.1,24.8,1006.9,95,88,44.2
25.5,24.5,28.6,25.5,25.1,24.9,1007.3,96,90,43.2
27.3,25,30.3,24.6,26,25.5,1009,90,54,0.1
29.1,26.9,32.7,26.3,26.5,25.5,1008.9,81,32,0
29.5,26.9,32.4,26.7,26.2,24.8,1008.4,76,33,0
30,27.8,32.8,27.2,26.5,25.1,1007.7,76,35,0
30.1,28.3,32.7,27.7,26.7,25.3,1008.4,76,46,0
30.1,28.7,32.7,27.8,27.1,25.9,1008.4,79,55,0
30.1,28.6,33,27.8,27,25.8,1006.7,78,54,0
30,28.8,31.7,28.4,27,25.9,1006.9,79,83,0
30.2,28.9,32.1,27.8,27,25.8,1008.2,78,78,0
30.6,28.4,33.6,28.2,27.2,25.9,1008.1,76,69,0.4
29.8,27.9,31.1,27.9,26.5,25.2,1008.2,76,83,1.7
29.8,27,33,27.2,26.3,24.9,1009,76,64,3.9
30,27.3,32.8,27.4,26.5,25.1,1008.9,76,61,1.8
30.2,28.2,33.5,28.2,26.7,25.2,1008.4,75,55,0
29.9,28.3,32.7,27.8,27,25.8,1008.5,79,61,0
30.2,28.3,33.9,28.1,27.1,26,1008.4,79,73,0
29.2,26.4,32.5,27.5,27.3,26.6,1007.5,86,89,8.4
27.6,25.3,31.7,26.2,26,25.3,1008.3,88,77,17.8
27.7,23.6,31.9,24.5,26.2,25.6,1010.5,89,85,40
28.1,24.4,32.1,23.7,26.2,25.5,1011.1,86,61,1.1
29.7,27.3,33.6,27.3,26.4,25,1009.3,77,33,0
29.5,27.8,33,27.5,26.8,25.8,1008.6,81,57,0
27.4,24.8,30,29,26.3,25.8,1007.4,91,88,29.6
27.2,24.6,29.5,27.1,26.3,26,1006.9,93,88,182.4
27.6,25.4,30.1,25.2,26.3,25.9,1007.8,91,86,14.6
28.3,25.6,31.9,26.9,26.4,25.6,1008.1,86,80,1.1
29.2,27.1,32.3,27.1,26.5,25.5,1007.5,81,58,0
29.2,27.5,32.3,27.3,26.4,25.3,1007.5,80,72,0
27.9,26.4,30.1,28.1,26,25.2,1008.2,86,90,33.6
26.9,23.9,29.4,26.3,25.8,25.3,1008.3,91,93,122.5
28.5,24.5,31.8,25,26.2,25.2,1006.9,83,86,4.6
29.6,26.9,32.4,24.7,26.9,25.8,1006.9,80,79,5.1
30.1,28,33.4,27.7,26.9,25.7,1008.2,78,70,0.8
30,28.3,32.7,27.7,27,25.9,1010.3,79,51,0
29.4,28,32.7,27.8,26.6,25.4,1010.3,79,64,1.1
29.1,27.3,32.2,26.9,25.8,24.4,1007.5,76,39,0
30,27.5,33.1,26.3,26.3,24.7,1005.1,74,28,0
29.4,24.3,33.7,27.8,26.4,25.2,1005.5,79,62,41.6
28.4,25,32.2,23.6,25.9,24.8,1006,81,82,1.6
28.8,25.7,32.2,26.7,26.5,25.7,1004.5,84,81,39.1
28.8,25.8,32.2,25.5,26.6,25.8,1003.5,84,84,18
29.6,27.7,32.6,27.2,27.2,26.2,1003.9,82,76,0.2
30.2,28,33.7,27.3,26.9,25.6,1006.2,77,46,0
28.3,26.9,30.1,27.6,26.7,26.1,1008.7,88,69,22.2
29.3,27.1,32.6,27,26.4,25.2,1009.5,79,61,3
29.8,27.9,32.7,27.1,26.9,25.7,1008.7,79,54,3.8
29.4,28,31.7,27.3,26.5,25.4,1009.2,79,56,8.7
28.1,26.1,29.6,26.9,25.8,24.9,1010.4,83,68,13.5
27.1,25.3,30.1,26,25.2,24.3,1010.3,85,80,5.1
28.3,26.2,32.6,25.1,26.1,25.1,1010.1,83,73,3.2
28.6,26.9,30.9,26.7,26.4,25.5,1011.7,84,74,0
27.5,25.3,30.1,26.5,26.5,26.1,1012.9,92,87,56.4
28,24.5,32.1,24.2,25.9,25.1,1012.6,85,82,22.1
29.4,27.2,32.8,26.8,26.4,25.1,1009.8,78,57,0
28.9,26.5,31.9,26,26.6,25.7,1008.4,83,74,9.1
28.5,25.1,31.8,27.3,26.3,25.5,1008.6,84,78,23.7
26.5,25.3,29.3,24.4,25.6,25.2,1010.4,93,88,42.6
28,26.3,30.5,26.5,25.6,24.6,1010.4,82,88,5.2
28.4,27.2,31.5,27.1,26,25,1008.7,82,67,0
28.8,26.4,32,26.4,25.8,24.5,1007.5,78,43,0
27.9,24.7,30.8,26.6,25.4,24.3,1007.2,81,44,30.1
29.2,27.1,32.9,26.8,26.1,24.8,1006.6,78,71,0
29.7,27.7,32.6,27.3,26,24.4,1004.1,74,80,0
30.4,28.1,33,28.9,25.8,23.8,1002.4,69,83,0
31.2,29,34.1,27.2,25.5,23,1002.9,62,78,0
29.5,25.7,31.3,27.8,25.2,23.4,1003.5,70,86,16.2
26,24.8,27.8,24.9,25.2,24.8,1003.6,93,88,47.4
26.8,25.2,28,25.2,25.3,24.7,1005.5,89,88,3.5
27.8,25.8,30.8,26.6,25.9,25.2,1007.5,86,70,4.9
29.3,26.8,32.1,26.7,26.2,24.9,1007.9,78,46,0
29.7,28.3,31.7,27.6,26.7,25.5,1007.2,79,59,0
29.9,26.3,32.4,27.8,27.1,26,1005.9,80,58,27.6
28.2,25.4,31.3,24.9,25.9,25,1005.8,83,84,22.5
28.1,23.9,31.2,24.1,25.5,24.4,1005.9,81,89,58.8
25.5,24.4,26.4,24.7,24.6,24.3,1008.9,93,96,51.8
25.2,23.8,28.8,25.4,24.4,24.1,1010.7,94,86,95.9
26.8,24.2,30.1,24.6,25.4,24.8,1011.1,89,48,0.1
27.2,26,29.9,26.2,25.5,24.7,1011.7,86,68,1.7
28.2,26,31.4,26.3,25.9,25,1011.5,83,58,1.7
28.9,26.7,32.3,26.7,25.9,24.7,1010.3,78,46,0
29.1,26.8,31.8,26.5,25.6,24.1,1009,75,41,0
29.7,27.5,32.7,26.9,26.3,24.8,1007.9,76,59,0
30.6,28.5,32.8,27.9,27,25.6,1004.2,75,71,0
28.3,25,30.8,27.8,25.8,24.8,1000,82,84,67
24.5,23.1,26.1,23,23.8,23.6,1007.4,95,92,178.8
25.4,24.3,26.5,24.4,24.4,23.9,1011.5,92,84,0.8
27,25.3,28.8,25.1,25.3,24.6,1011.9,87,87,0
27.7,26,31,26,25.5,24.6,1011.6,84,60,0
27.4,26.1,30.3,26,25.3,24.4,1012.5,84,67,0
27.6,26,30.6,25.9,25.2,24.2,1013.5,82,51,0
28.3,26.4,31.5,26,25.8,24.8,1012.9,82,54,0
28.6,26.7,31.9,26.1,25.8,24.6,1013.1,80,46,0
28.5,27.2,31,26.7,25.8,24.7,1013.4,80,68,0
27.7,26.1,30.7,26.2,25.3,24.3,1013.1,82,81,4.4
27.6,25.8,30.5,26.2,24.9,23.7,1012.4,80,71,0
28.4,26,31.6,26,24.9,23.3,1011.7,74,63,0
28.1,26.3,30.7,26.4,24.2,22.4,1012.4,72,83,0
25.5,24.2,26.6,24.4,21.3,18.9,1013.7,67,92,0
24.1,22.9,25.1,24,21.4,19.9,1013.9,78,89,2.2
24.2,22.3,25.4,23,22,20.9,1013.6,82,90,0.9
25.4,24.5,26.6,23.8,22.6,21.2,1012.3,78,91,0
26.4,25.2,28.3,24.7,23.7,22.4,1010.7,79,88,0
25.8,23.9,27,24.3,23.4,22.3,1009.2,81,88,1.4
25,24.1,26.1,24.1,24.1,23.7,1009.2,93,89,10.2
26.4,25.3,28,25.1,25.5,25.1,1012,93,87,3.7
27.6,26.1,30.5,25.5,25.5,24.7,1013,85,57,0
27.6,25.6,30.9,25.1,25.2,24.2,1011.9,83,40,0
27.9,26.4,30.8,25.8,25.5,24.5,1010.9,82,58,0
26,23.5,27.3,25.9,24.2,23.4,1012.9,86,87,3.9
25.2,23.5,26.6,24.5,22.7,21.4,1013.5,80,84,0.2
26.4,24.6,28.9,24.7,23.5,22.1,1013.7,77,76,0
26.6,25.2,30.4,25.3,23,21.2,1012.3,73,61,0
26.1,24.2,28.4,23.3,21.1,18.2,1009.8,62,81,0
26.4,24.9,28.7,23.4,21.4,18.6,1006.4,62,86,0
25.5,23.2,28.2,23.1,21,18.4,1004.1,65,88,0
23.6,21.5,25,21.9,19.5,17,1005.3,67,84,0.2
24.9,22.6,27.8,21.4,19.9,16.9,1005.1,61,55,0
25.1,22.7,26.9,21.7,20.9,18.5,1007.9,67,56,0
24.9,22.9,28.1,22.3,20.8,18.6,1011,68,64,0
22.3,19.9,24.3,23.1,19.2,17.3,1016.2,73,88,0
20,17.6,22.9,19.6,15.5,11.9,1019.1,60,42,0
18.7,15.7,22.7,16.6,13.4,8.5,1019.2,52,4,0
19.1,16.3,22.6,16.8,13.5,8.5,1020.8,51,14,0
19.3,16.3,23,15.7,13.3,7.7,1021.8,47,7,0
20,16.7,24,15.3,14.8,10.4,1020.3,55,4,0
21.1,18.8,24.6,17.2,17.2,14.4,1018.6,67,19,0
21.5,18.5,24.7,17.4,17.3,14.4,1019,65,27,0
21.2,18.8,24.1,17.6,17.2,14.3,1019.9,65,66,0
20,17.3,22,19.9,17.1,15,1019.4,74,91,3.2
17.5,16.8,18.3,18,17.3,17.1,1018.3,97,98,24.3
18.8,17.4,20.6,18.4,18.3,17.9,1016.4,95,91,14.7
22.1,19.8,25.9,19.1,19.4,17.9,1015.6,77,49,0
22.5,19.8,26.1,18.9,18.2,15.3,1017.5,66,24,0
21.4,19.6,24.5,17.9,16.8,13.3,1020.1,61,16,0
21,19.2,23.9,18.7,17.6,15.3,1019.1,71,56,0
21.3,18.3,25.3,17.2,16.6,12.7,1017,61,45,0
21.7,19.4,24.5,17.8,17.8,15.2,1015,68,21,0
22.4,20.4,25.2,18.7,19.2,17.2,1016.9,73,62,0
22.8,21.2,25.1,20.1,20.2,18.7,1019.6,78,84,0
23.4,21.9,26.7,21.3,20.6,19.1,1019.5,77,81,0
21.8,20.3,24.1,21.2,18.7,16.8,1018.8,74,58,0
21,18.6,23.7,18.4,18.1,16.2,1018.2,74,33,0
21.6,20.6,24.6,19.6,19,17.4,1017.6,77,79,0
21.7,19.9,24.7,18.9,18.8,16.9,1015.6,75,51,0
21,19.2,22.9,18.5,18.4,16.8,1013.5,77,51,0
21.4,19.5,23.8,18.5,19.2,17.9,1011.9,81,38,0
22.5,20.3,25.4,19.1,19.3,17.3,1011.7,73,51,0
21.4,19.8,23.6,19,18.5,16.7,1014.5,75,68,0
20.9,19.4,24,18.8,18.1,16.3,1016.5,75,64,0
20.2,18.1,23.1,17.4,16.2,13.2,1017.5,65,18,0
19.8,17.5,21.9,16.8,16.3,13.7,1017.7,68,23,0
20.1,18.3,22.1,17.2,17.1,15,1017.7,73,47,0
20.8,19.4,23.3,17.9,17.9,16.1,1018.2,75,34,0
20.9,19.2,23.7,18,18.8,17.5,1017.1,81,50,0
21.7,19.6,23.9,18.6,18.9,17.3,1015.4,76,37,0
20.9,18.6,23.6,17.6,18,16.1,1015.3,74,27,0
21.6,19,24.3,17.8,18.2,15.9,1016.4,71,12,0
20.9,18.5,23.7,16.4,16.3,12.9,1018.4,61,5,0
20.4,19,22.2,16.8,16.1,12.9,1017.2,62,68,0
21.6,19.1,24.8,17.3,18.1,15.8,1014.5,70,29,0
23.5,21.2,26.8,18.9,19,16.1,1014.9,65,29,0
19.3,16.6,21.9,17.4,13.7,8.5,1018.6,50,49,0
17,14.3,20.1,12.8,9.9,0.8,1017.2,34,49,0
17.5,15,19.8,12.2,12.4,7.1,1015.9,52,47,0
19.5,17.6,21.7,15.4,16.5,14.4,1013.3,72,86,0
20.2,19.4,21.1,18.7,16.9,14.6,1012.3,70,88,0
20,18.9,20.8,18.6,18.2,17.2,1010.4,84,88,0
21.9,20.6,23.6,19.7,20.7,20.1,1010.8,90,76,0
21.8,20.1,24.7,19.3,20.2,19.3,1013.5,86,85,0
17.5,11.2,20,18.8,16.6,16,1013.7,91,91,12.9
8.8,7.5,11.2,12,6.7,3.6,1020.8,72,75,5.3
10.4,5.8,14.6,7.3,5.5,-2.5,1020.5,41,11,0
14.3,10.7,17.1,8.9,11,7.5,1018.4,64,45,0
18.4,15.9,20.9,14,15.6,13.5,1018.3,74,65,0
20.1,17.5,22.4,15.3,16.5,13.8,1015.8,68,78,0
20.5,19.2,23.6,18.3,17.2,14.9,1014.1,71,59,0
19.3,17.4,22.4,15.7,15.3,12.1,1014.5,64,10,0
18.1,15.9,21,14.2,15,12.5,1015.6,71,18,0
18.7,17.4,20.2,15.5,16.3,14.6,1015,77,61,0
16.2,11.5,18.6,16.6,14.1,12.3,1016.7,78,83,0
12.4,9.8,15.5,10.2,7.7,1.2,1020.9,47,31,0.2
13.3,10.2,16.9,9,9.4,4.7,1019.4,56,4,0
15.4,12.2,19.6,10.2,10.9,6.1,1018.1,55,2,0
17.1,14.6,20.5,11.9,14.4,12.3,1017.3,74,22,0
17.8,15.6,21,13.3,12.9,8.2,1018.1,55,11,0
15.5,13.2,18.7,11.3,9.5,2,1018.9,40,1,0
14.9,12.7,17.2,10.3,10.8,6.3,1019.1,57,14,0
15.1,14.1,16.3,12.3,11.8,8.5,1019.8,65,83,0
14,12.6,15.5,14,11.5,9,1019.6,72,91,0
13.4,12.1,14.6,12.8,11.8,10.3,1020.4,81,95,1.2
15.7,13.9,17.9,13.6,13.6,11.8,1018.6,77,91,0
14.2,11.3,16.4,14.6,11.3,8.5,1021.9,69,73,0
10.9,9.5,13.6,11.3,7.9,4.1,1024.2,63,70,0
12.8,9.5,15.6,8.9,9.7,6.4,1021.3,65,36,0
14.5,12.4,18,10.3,10.3,5.8,1020.2,56,25,0
13.1,10.9,15.9,10.8,9.1,4.3,1020,55,41,0
11.2,8.8,13.2,11,7.9,3.9,1018.7,61,85,0
8.8,7.2,10.4,8.9,7.9,6.9,1019.4,88,88,4.2
12.9,10.1,15.4,11,10.8,8.9,1018.9,77,73,0
16.3,13.7,19.4,11.5,13.3,10.8,1017.1,70,65,0
13.7,10.2,16.7,11.7,9.9,5.4,1021.5,58,36,0
11.2,9.4,13.6,9.7,7.6,3.1,1024.2,58,54,0
11.8,8.9,14.6,8.3,8.7,4.9,1024.2,63,41,0
14.3,12.4,17.1,10,11.6,9.2,1020.9,72,59,0
15.3,13.3,18.4,11.8,13.2,11.5,1018.5,79,70,0
16.1,14.5,18.7,13.9,13.1,10.5,1017.2,70,86,0
13.7,10.7,17.1,10.8,10.1,6.3,1019.3,61,27,0
13.2,12.1,14.8,10.6,10.6,8,1021.6,70,77,0
15,13.1,17.3,11.4,12,9.2,1021.8,69,53,0
14.1,12.3,16.4,11.3,10.8,7.4,1023.4,64,81,0
14.3,12.6,17.3,12.9,11.6,9.1,1024.3,71,58,0
15,12.2,18.8,11,12.5,10.3,1024.6,75,29,0
15.9,14.1,19,12.6,13.6,11.7,1024.5,77,77,0
15.1,13.2,17.3,13.5,12.1,9.1,1023.9,68,77,0
12.9,10.8,15.7,10.6,8.5,3,1025.2,51,66,0
12.2,9,15.3,9.3,8,2.6,1026.4,52,78,0
13.1,10.9,16.5,11.4,9.6,5.6,1025.6,61,40,0
14,11.9,17,11,11.3,8.5,1022.7,70,58,0
14.8,12.3,18.6,10.8,11.3,7.9,1020.9,64,31,0
15.3,13.2,18.6,11.9,12.9,10.8,1020.1,75,32,0
16.3,13.5,20.9,11.5,13.8,11.7,1017.5,75,4,0
17.1,14.6,21.7,12.1,13.8,11.1,1017.5,69,6,0
17.8,14.8,21.8,12.4,13.7,10.1,1016,61,27,0
18.7,16.9,22.2,13.9,14.9,11.8,1012.6,65,60,0
19.6,17.2,23.9,15.1,17.1,15.4,1009.6,77,50,0
19.8,16.6,23.6,15.9,18,16.8,1010,83,67,0
17.9,15.8,21.1,15.2,15.7,14.1,1013,79,44,0
16.5,14.7,18.1,15.9,14.4,12.6,1017.2,78,85,0
14.3,13.7,16,14.3,11.6,9.1,1019.7,71,87,0
12.5,10.3,14.1,12.8,11.4,10.3,1017.5,87,89,17
10.6,8.6,12,9.6,8.4,6,1020.8,74,90,0.6
11.3,10.6,11.7,11.1,10.1,8.9,1020.9,85,89,3.2
13.2,11.4,14.7,11.9,12.5,12,1017.6,93,93,0
15.2,14,18,14.3,14.5,14,1015.6,93,100,0
14.7,13.8,15.8,14.5,13.8,13.1,1016.3,90,95,0
13.1,12.2,13.9,13.7,12.3,11.6,1017.7,91,100,2
13.8,12.2,15.6,12.7,12.1,10.5,1019.4,81,91,0.9
14.9,13.8,16.8,13.9,13.4,12.1,1019.3,84,88,0
15.4,14.3,17.7,14.1,11.9,8.3,1018.9,64,82,0
17.4,15.3,20.6,13.7,14.1,11.5,1017.8,69,60,0
18.8,16,22.6,14.2,16.6,15,1016.1,79,63,0
18.9,17,22.4,15.7,16.9,15.5,1016.3,81,67,0
18.6,16.5,22.6,16.4,15.9,13.9,1017.7,75,78,0
20.4,18.3,24.5,17.1,18.2,16.8,1016.1,80,54,0
21.6,17.3,26.9,15.9,18.3,16.3,1014,73,23,0
21.2,19.1,24.9,18.2,19.1,17.9,1014.6,81,72,0
18.3,17.1,21.1,17.2,15.7,13.6,1017.5,75,77,0
18.1,15.3,21.9,14.8,15.6,13.7,1018.5,76,64,0.1
16.9,15,20.1,15,13.8,11.2,1019.7,69,76,0
16.7,15.1,18,14,13.8,11.4,1017.8,71,82,0
19.1,17.3,22.4,16.6,16.9,15.3,1014.9,79,87,0.1
19.8,15.8,23.9,17.3,16.5,14,1016.7,72,66,0.5
15.5,13.1,17.9,13.3,13,10.9,1020.4,75,87,2.3
15.7,12.5,17.4,12.2,12.3,9.1,1021.8,66,88,2.4
16.9,15,19,15,13.4,10.4,1021.7,66,88,0.1
17.5,15.9,20.6,15.8,14.8,12.8,1019.9,74,87,0
19.1,16.9,23.2,15.7,16.8,15.2,1017.8,78,51,0
20.7,17.2,25.3,15.7,18.3,16.9,1015.6,80,38,0
22.4,19.8,26.5,18.5,19.8,18.2,1014.6,79,48,0
19,14.9,22.5,17.6,16.8,15.1,1017.9,78,66,0
15.9,12.9,20,12.7,10.9,5.5,1022.3,50,85,0
16.2,14.5,18.1,13.8,11.5,6.5,1021.6,53,91,0.7
15.4,14.2,16.6,13.2,13.3,11.3,1017.4,78,92,2.2
16.7,14.9,17.9,14.7,16.3,16,1013.4,96,99,11.1
20,17.6,22.2,16.9,19.5,19.2,1011.3,96,94,0
22.9,20.5,27.4,18.8,21.6,21,1011.9,90,60,0
19.7,16.1,23.3,19.6,17.7,16.2,1017.4,80,79,0
16,14.4,18.3,15.2,13.1,10.6,1021.5,71,88,0
16.8,14.9,19.7,15.3,13.6,11,1021.8,69,86,0
17.4,14.6,21.6,14.8,13.4,9.8,1023.2,62,84,0
17.8,16.3,21.8,15.7,13.7,10,1022.9,61,84,0
15,13.6,16.9,15.1,12.2,9.5,1022.7,70,86,0.8
16.9,14.1,21,13.6,12.6,8.4,1022.2,58,84,0
18,15.2,20.8,13.6,12.6,7.4,1022.4,50,84,0
18.1,16.7,21,14.8,12.8,7.5,1020.9,51,88,0.2
18.9,16.4,22.4,14.7,13.3,7.7,1018.5,50,74,0
20.5,16.9,26,14.9,17,14.6,1016.5,70,21,0
22,19,27.4,16.9,18.6,16.4,1014.8,72,20,0
22.2,19.4,26.7,17.4,19.4,17.8,1013.6,77,41,0
19.7,18.4,21.9,19.4,17.9,16.7,1016.8,83,92,0
18.9,17.7,20.5,17.5,16.1,14.1,1018.9,74,90,0
19.6,17.4,23.7,17.3,15.7,12.7,1018,66,65,0
21.8,18.9,27,17.7,19,17.4,1016.8,77,41,0
23.1,19.6,28.4,18.1,19.7,17.6,1017.3,73,16,0
22.5,20.2,27.1,19.6,19.8,18.2,1019.4,77,60,0
23.4,20.6,29.7,19.1,20.6,19,1018.1,77,41,0
23.8,20.6,29.1,19,20.9,19.3,1015.3,77,24,0
22,20.5,25.8,20.1,18.8,16.8,1017.8,73,76,0
23,20.2,28.5,19.8,18.4,15.4,1016.7,64,64,0
24.1,21,29.6,18.9,20.9,19.1,1012.7,75,36,0
24.4,22,29.4,20.3,21.6,20,1010.3,77,64,0
25.1,22.7,28.2,20.8,22.8,21.6,1010,82,63,0
24.8,22.9,28.1,23.4,23.7,23.3,1008.7,91,92,26.7
23.6,21.7,27,21.4,20.8,19.2,1010.1,77,81,0
23.6,21.3,27.5,19.3,19,16.1,1014.4,64,38,0
21.8,20.5,24.6,19.8,19.1,17.4,1016.8,77,80,0
23.1,21,27.1,20,20.8,19.5,1014.7,81,73,0
24.1,21.7,28.2,20.6,21.4,20,1011.6,79,67,0.2
20.9,19.7,23.2,19.3,19.2,18.1,1014.1,85,84,2.3
23.1,19.7,28.4,17.4,16.7,11.6,1014.6,50,32,0
24.1,20.9,28.9,18.3,19.7,17,1012.8,65,31,0
24.2,21.7,28,19.6,20.1,17.6,1010,68,48,0
25.9,23.4,29.1,21.5,22.9,21.4,1007.8,77,67,0
25.1,23.6,27.6,22.9,23.6,22.8,1010,87,89,0.4
23.1,22.5,23.9,22.1,22.3,21.9,1011.6,93,95,6.3
24.9,23.2,27.1,22.3,23.2,22.4,1010.7,86,85,0.1
25.9,24.1,28.4,23,24.1,23.3,1010.5,86,81,0
26.8,25.1,29.8,23.9,24.6,23.7,1009.5,83,83,0
27.3,25.9,30.7,24.3,24.4,23.1,1009.3,78,83,0
24.7,23.1,26.7,24,22.9,22,1010.5,85,86,0.7
23.6,22.5,24.8,22.5,22.4,21.8,1011,90,91,0
26.5,23.8,30.2,23.1,24.4,23.5,1009.7,84,76,0
27.6,25.4,31.3,24.1,24.9,23.7,1008.6,80,78,0
26.9,25.5,29.5,24.2,24.7,23.7,1008.5,83,82,0
27.3,25.3,30.5,24,25.1,24.1,1007.5,83,63,0
28.5,26.2,32.9,24.4,25.2,23.7,1006.5,76,64,0
29.3,27.5,33,26.4,26.4,25.2,1006.2,79,74,0
29.5,27.7,32.5,26.2,26.5,25.3,1007.7,79,75,0.2
26.9,24.8,28.8,24.2,25.4,24.7,1009.7,88,85,33.5
25,23.4,28.1,22.9,23.9,23.4,1012.4,91,89,14.5
24.4,23.6,25.1,23.4,23.5,23.1,1014.2,92,89,2.9
25.5,23.5,28.7,24.3,24.3,23.8,1012.7,91,91,7.5
23.4,22.4,24.7,22.7,21.8,21,1011.2,86,86,0.3
24.7,22.1,28.9,21.5,20.8,18.5,1010,70,63,0
25.8,23.6,29.6,22.7,23.1,21.8,1010,79,68,0
27,24.6,30.6,23.6,24.6,23.5,1008.3,82,70,0
26.1,24.6,29.6,24.6,24.8,24.2,1006.9,89,83,42.8
25.2,23.2,26.8,24,24.5,24.2,1005.9,94,90,69.8
24.2,23.2,26.4,22.5,22.5,21.6,1007.3,86,91,9.3
22.5,19.8,24.7,19.8,20.6,19.6,1009.4,84,88,4.9
23,21,24.7,22,20.9,19.9,1010,83,88,0.3
25.5,22.7,29.6,22.7,21.3,19,1009.1,67,59,0
26.7,24.2,30,23.1,22.7,20.7,1007.1,70,56,0
27.4,24.5,30.2,23.5,22.5,19.9,1006.5,65,23,0
26.9,25.3,29.4,23.7,24.1,22.8,1010.6,79,51,0
25.8,23.7,29.7,22.8,21.8,19.7,1011.6,70,28,0
26.7,23.3,32.5,22.6,22.1,19.7,1007.4,67,42,0
27.9,25.6,31.3,24.6,24.1,22.4,1006.6,73,40,0
28.1,26.1,31.5,24.9,25.4,24.3,1009.4,80,63,0
28.1,26.7,31,25.3,24.7,23.2,1009.6,75,68,0
28.8,27.1,31.6,25.7,25.8,24.6,1008.8,79,77,0
29.4,27.8,32.6,26.5,26.3,25.1,1009.2,78,70,0
29.5,28.2,31.3,26.7,26.2,24.9,1008.6,77,74,0
29.6,28.5,31.8,26.7,26.2,24.8,1007.1,76,67,0
29.7,28.2,32.2,26.7,26.6,25.4,1006.5,78,70,0
30,26.1,34.5,25.6,26.6,25.2,1006.2,76,59,2.8
29.6,27.1,33.4,25.9,25.9,24.4,1003.9,74,70,0
29,27,32.2,26.7,26.2,25,1004.9,80,84,11.6
27.6,24.9,29.5,24.6,25.7,24.8,1007.6,85,88,28.4
28.7,26.7,31.7,26.4,26.3,25.3,1007.9,82,75,5.9
29.5,28.4,31.7,26.9,26.5,25.4,1007.1,79,80,2.4
29.5,27.7,32.2,26.9,26.3,25,1005.9,77,74,2.4
26.6,24.9,28.4,25.6,25.9,25.6,1005.1,94,87,75.2
27.3,26.1,29.9,25.5,26.5,26.2,1006.2,94,91,77.5
29,27.1,32.5,26,26.5,25.5,1005.8,82,66,1.2
29.2,27.5,32.4,26.9,26.6,25.6,1004.5,82,59,0
29.9,27.6,33.5,27,26.3,24.8,1004.2,75,39,0
29.1,26.4,33.2,27.6,26.3,25.2,1002.1,81,67,8.3
26.6,25.4,28.6,25.9,25.7,25.3,997.8,93,89,41.4
28,26.5,29.5,25.9,26.2,25.4,998.9,86,88,0
28.4,26.9,31.1,26.4,26.3,25.5,999.8,84,72,0.6
29.1,27.1,32.2,26.2,26,24.7,1000.3,78,64,0
28.8,28,29.5,27.1,26.2,25.2,1002.8,81,85,0
29.4,27.9,31.7,26.9,26.5,25.3,1003.8,79,85,0
26.4,24.7,29,24.6,25.6,25.3,1004.5,93,94,106.6
26.5,24.6,28.9,26,25.7,25.4,1005.7,93,94,76.5
27.5,24.9,30.5,24.3,25.9,25.3,1007.6,88,86,5.3
28.2,26.3,29.8,25.4,26.2,25.5,1008.9,86,74,11.2
29,27.4,31.6,26.2,26.2,25,1008.2,80,53,0
29.3,27.8,32.4,26.4,26,24.6,1007.9,76,46,0
29.7,27.7,32.8,26.4,26.1,24.6,1009.1,75,33,0
29.7,27.7,32.7,26.9,26.1,24.6,1007.7,75,26,0
29.7,28,32.9,26.6,25.8,24.2,1004.7,73,39,0
30,28.2,32.7,26.8,26.1,24.5,1004.1,73,42,0
30.2,28.4,32.9,27.5,26.7,25.3,1004.5,76,59,0
29.8,28.2,32.1,27.8,26.7,25.5,1003.6,78,67,0
29.8,27.6,32.9,27.5,26.6,25.3,1002,77,72,0
28.9,27.1,31.1,28.3,26.9,26.1,1001.3,85,88,33.2
27.6,26.6,28.9,26.6,26.2,25.6,1001.6,89,88,10.9
27.4,26,30,25.7,26.4,26,1002.1,92,80,21.8
27.1,25.9,28.7,27.3,26,25.5,1002.2,91,87,12.4
26.5,25.2,28.3,24.7,25.6,25.2,1002.2,93,87,34.9
26.8,24.6,28,24.2,25.4,24.8,1001.9,89,88,60.5
28.2,27.1,29.9,25.6,25.9,25,1000.1,83,82,0.2
27.9,25.6,30.9,25.9,25.9,25.1,999.5,85,84,4.3
27.4,25.6,30,24.7,25.6,24.8,1000.4,86,86,5.6
27.3,25.9,28.6,25.3,25.6,24.9,1002,87,89,15.2
28.6,26.7,31.2,25.5,25.7,24.5,1004.6,79,68,0
29.5,26.5,32.9,25.8,26.8,25.7,1006.1,81,64,4.2
29.6,27.8,32.5,26.7,26.2,24.8,1007.3,76,43,0
29.5,27.3,32.2,26,26.4,25.2,1007.5,78,30,0
30.3,28.3,33.4,26.8,27.2,26,1006.8,78,51,0
29.8,27.8,33.1,26.6,26.4,25.1,1007.4,76,48,0
30.2,28.2,33.9,27.1,26.8,25.4,1007.1,76,35,0
30.1,27.5,33.7,26.2,26,24.3,1004.5,72,49,0
28.2,25.9,30.1,25,26.5,25.8,1002.8,87,86,12.4
28.3,26.6,31.7,26,26.3,25.5,1004.3,85,78,0
29.2,27.1,32.5,26.5,26.4,25.3,1004.9,80,60,0
29.5,26.8,33.7,26.4,26,24.5,1005.5,76,39,0
29.5,27.3,32.9,26.3,25.7,24.1,1006.7,73,23,0
29.5,27.2,32.6,26.1,25.7,24.1,1005.8,73,22,0
29.9,27.3,34.2,26.2,26.4,25,1002.9,75,39,0
30.1,27.8,33.5,26.6,26.4,24.9,1001.1,74,55,0
30.2,28,33.2,26.8,26.4,24.9,1000.2,74,45,0
30.9,28.6,35,27.5,27.2,25.7,1002.1,75,62,0
29.2,25.6,31.1,24.5,26.3,25.2,1004.3,79,77,22.1
28,26,31.5,26.4,26.2,25.4,1004.5,86,86,9.9
26.8,25.2,28.3,25.8,25.7,25.3,1005.8,92,85,60.5
28.7,26,32.2,25.5,26.4,25.4,1007.9,83,67,17.9
29.4,27.6,32,26.6,26.4,25.2,1008,78,65,0
29.6,27.9,32.9,26.8,26,24.5,1008.8,75,53,0
29.6,28,32.8,26.9,25.9,24.3,1010.6,74,59,0
29.7,27.9,31.9,26.9,26.3,25,1011,76,45,0
29.3,28.1,32.3,26.5,26.2,24.9,1009.9,78,35,8.5
28.7,27.2,30.5,26.8,26.2,25.1,1009.4,81,42,10.1
29.2,27.1,32.5,26.5,26.3,25.2,1010,80,53,0
29.6,27.8,33,27.2,26.7,25.5,1010.9,79,61,0
29.2,25.6,33,25.3,26.4,25.2,1011,80,45,3.7
29.5,28.1,32.5,27.5,26.7,25.5,1009.8,80,50,0
29,28.1,30.4,27.3,26.7,25.8,1008.1,83,51,1.4
29.8,28.2,32.4,27.2,26.4,25,1006.6,76,55,0
29.8,27.1,32.4,26.8,26.4,25.1,1006.1,76,49,3.9
28.6,26.4,30.9,27.6,26,24.9,1005.7,81,69,13.7
29.1,27,31.8,27,25.7,24.3,1006.1,76,61,0
29.2,27.5,32.9,26.9,25.7,24.2,1004.6,75,54,5.2
30.2,28,32,26.9,25.7,23.7,1003,69,75,0
30.6,27.7,33.7,27.3,25.7,23.7,1002.3,67,75,0.2
30.9,28.8,33.3,27.6,26.3,24.4,1001,69,68,0
30.6,28.7,33.4,27.5,25.3,23,999.3,64,58,0.5
28.2,27.4,30.1,26.6,24.7,23.1,1000.5,74,82,0.1
28.8,27.2,31.2,27.1,25.8,24.6,1002.6,78,85,0
27.7,25.8,30.7,26,26.3,25.7,1006.5,89,77,22.6
28.6,26.6,31.5,26.6,26.5,25.6,1008,84,64,1.8
29.2,27.7,32.2,27.2,26.5,25.5,1007.4,80,62,0
29.3,27.9,31.9,27.1,26.3,25,1007.4,78,56,0
29.2,27,32,27.1,26.2,24.9,1006.6,78,58,0.2
29.5,27.9,32.2,27.3,26.7,25.5,1007.5,79,52,0
29.6,27.8,32.8,27.2,26.1,24.7,1010,75,53,0
29,26.6,31.7,27.1,25.9,24.6,1010.9,78,51,2.6
28.2,26.2,30.8,26.9,25.9,25,1010.6,83,77,20.4
28.5,25.9,32.4,25.1,26,25.1,1010.6,82,81,0.6
28.8,26.1,32.6,25.9,25.7,24.3,1009.3,77,49,2.7
29,26,32.7,25.5,25.5,24,1007.4,75,46,2.7
28.3,24.1,32,23.6,25.9,25,1006.9,83,66,10.9
28.6,26.8,32.3,26.3,26.2,25.2,1005.5,82,63,1
29.4,27.2,32.8,27,26.4,25.3,1004.5,79,61,0.2
28.6,27.4,29.9,27.3,26,24.9,1007.2,81,72,0.5
28.4,25.3,31.7,26.4,25.7,24.6,1009.7,80,77,16.1
26.1,24.9,27.6,24.2,23,21.6,1011.3,76,87,0
25.8,23.2,27.7,23.2,21.7,19.5,1010.7,69,56,0
25.8,23.9,26.9,23.1,21.6,19.4,1010.3,68,80,0
25.6,23.4,27.5,24.1,22.2,20.4,1009.7,73,86,0.3
25.7,24.2,27.4,24.4,22.1,20.3,1009,73,88,0
25.1,23.9,26.2,24.2,22.8,21.6,1008.6,81,88,4.2
27.3,25.1,30.8,24.4,24.4,23.1,1008.9,78,81,0.2
27.9,26.2,30.8,26,25.2,24,1006.5,80,63,0
28.7,26.2,31.3,25.3,24.7,22.9,1003,72,71,2.5
27.2,25.3,28.2,25.8,25.6,24.9,1002.9,88,88,30.8
27.7,27,28.9,25.9,26.2,25.6,1009.4,89,79,2.7
26.2,25.4,27.5,24.9,24.4,23.6,1010.7,86,83,12.7
25,23.5,27.1,24.8,22.9,21.9,1009.2,84,82,3.3
22.6,21.5,24,22.2,20.3,19.1,1009.1,81,88,1.6
23.8,22.2,25.2,21.9,21,19.4,1011.5,76,88,0
24.5,23.3,26,23.2,21.9,20.5,1013.6,79,85,0.1
25.2,23.3,27.9,23.5,22.6,21.3,1014.3,79,88,0.1
25.7,24.8,27.8,24.2,23.1,21.8,1014.8,79,81,0
26.2,24.6,28.8,24.6,23.1,21.6,1014.7,76,68,0
26.8,24.6,30.2,23.9,23.6,22.1,1012.8,76,76,0
26.4,24.4,29,25,23.8,22.6,1011.8,80,86,5.3
24.8,24.2,25.5,24.7,23.9,23.6,1013,93,88,6.9
24.6,23.6,25.1,23.3,24.2,24.1,1012.2,97,90,105.8
24.8,24.1,26.2,24.1,24.4,24.2,1010.6,97,86,30.7
25.4,24.3,27.1,24.6,24.1,23.5,1010,89,83,3.8
25.1,23.4,28.3,23.7,21.6,19.7,1012.2,73,54,0
25.5,22.9,29.6,22,20.5,17.6,1013.7,62,30,0
25.3,23,29.4,22,21.2,18.9,1015.7,69,14,0
24.7,22.7,27.4,21.4,21.1,19.2,1016.9,72,23,0
24.3,22.8,26.5,21.8,20.5,18.4,1016,70,36,0
24,21.7,27.6,21,20.5,18.5,1015.3,72,27,0
24.8,22.4,28.9,21.4,21.4,19.6,1014.3,74,23,0
25.2,23.6,27.9,22.5,22.4,21,1014,78,42,0
25,23.9,27.4,23.1,22.4,21.1,1014.3,79,62,0
25.7,23.1,28.9,22,22.9,21.6,1013.8,79,25,0
24.6,22.4,26.6,23.1,22.3,21.2,1015.8,81,57,0.5
23.3,22,25.7,22.4,20.5,19,1017.5,77,79,0.1
23.3,21.3,26,22.7,20.7,19.2,1017.8,79,52,1.5
24.3,22.9,27.1,21.7,20.7,18.7,1017.7,72,60,0
24.1,21.7,27.4,20.7,20.3,18,1016.2,69,62,0
24.3,22.3,27,21.9,21.2,19.5,1015.6,75,57,0
24.5,23,27,22,20.9,18.9,1016.4,71,42,0
24.6,22.3,27.7,21.4,20.9,18.8,1015.9,71,54,0
25.4,23.3,28.9,22.3,22.1,20.3,1014,74,70,0
26,24.1,29,23.4,23.1,21.7,1013.6,77,80,0
26.4,24.7,29.7,24.4,23.2,21.7,1013.8,76,63,0
26.4,24.8,28.8,23.4,23.9,22.7,1013.3,80,61,0
26.5,25.6,28.8,24.5,23.7,22.4,1012.8,78,80,0
25.8,24.3,28,24.3,22.8,21.3,1011.1,76,82,0
22.7,21.9,24.3,22.9,22,21.7,1009.4,94,89,13.9
19.9,18.8,22.1,20.3,19.1,18.6,1008.7,93,94,44.2
19.4,17.7,21.2,19.6,16.9,15.2,1012,77,88,0.2
20.3,18.1,22,19.5,17.1,14.9,1014.7,71,88,0
22,19.6,24.7,18.6,18.9,16.9,1016.8,73,54,0
23.2,21.1,26.6,20.2,20.5,18.9,1017.1,78,45,0
23.4,22.6,25.3,20.4,21.1,19.9,1017.9,81,80,0
23.5,22.1,26.2,22.1,20.6,19,1018.2,76,55,0
23.4,21.7,25.5,21.4,21,19.7,1015.7,80,77,0
23.4,22.6,24.5,22.3,21.9,21.1,1012.2,87,83,18.1
24.4,22.6,26.9,22.5,23.6,23.2,1009.2,93,88,8.6
24.9,23.7,26.4,23.8,22.9,21.9,1012,84,77,1.1
22.9,21.2,24.4,20.3,19.8,18,1019.3,74,67,0
21.5,20.8,22.3,21.2,18,15.7,1021.6,70,84,0
22,20.2,23.7,20.5,18.1,15.6,1020.8,67,85,0
22,20.7,23.8,20.3,17.3,13.9,1020.4,60,77,0
20.8,18.7,22.7,18,17.2,14.7,1021.1,68,73,0
20.5,19.6,21.3,19.7,17.4,15.2,1020.4,72,88,0
21.1,20.1,22.3,19.9,18,15.9,1018.5,73,86,0
21.3,19.3,24.5,18.3,18.6,16.8,1016,76,11,0
21.9,20.2,24.7,18.8,19.5,18.2,1014.4,80,32,0
22.7,21.6,25,19.9,20.1,18.6,1015.2,78,43,0
23.1,21.5,26.3,20.3,20.7,19.3,1014.6,80,41,0
18.7,14.9,21.8,18.7,15.3,12.6,1017.2,68,59,0
15,13.4,17.8,15.5,11.1,7,1017,59,35,0
15.1,11.8,19.4,11.9,10.6,5.8,1017.5,54,3,0
17.4,14.4,20.2,13.4,13.7,10.5,1019,65,29,0
18.8,18.1,20.2,16.1,16.6,15.1,1018.4,79,88,1.2
19.9,17.6,21.8,18.7,18.2,17.2,1018.2,85,84,1.2
22.3,20.4,24.5,19,19.9,18.6,1016.7,80,83,0
20.4,15.7,22.9,19,16.4,13.4,1017.6,65,66,0
14.6,13.4,16.3,14.6,10.8,6.8,1022.5,59,87,0
13.1,11,15.9,11.1,8.1,1.4,1023.8,45,30,0
12.9,9.6,16.3,9,7.8,1,1022.7,44,13,0
15.1,11.7,18.6,9.8,9.9,4,1020.5,48,19,0
17.1,14.1,20.7,11.4,12.7,8.6,1019.5,58,52,0
19.3,17.7,21.6,15.9,15.3,12.1,1018.8,63,85,0
19.2,17.5,22.2,14.9,14.8,11.1,1019.7,60,39,0
17,15.1,19,13.1,12.5,8.2,1023.3,56,49,0
16.1,14.4,17.8,14.6,12.7,9.4,1024.6,65,63,0
16.1,13.6,18.6,12.3,13.2,10.6,1023.8,70,33,0
16.7,14,19.2,12.4,14,11.8,1021.4,73,43,0
17.4,16.7,18.7,15,14.7,12.5,1019.6,74,88,0
19.5,17.2,22,16.6,16,13.4,1018.3,68,79,0
17.9,16.1,20.5,14.1,13.8,10.1,1019.2,61,41,0
15,12.6,17.7,12.3,11.5,8,1021.2,63,32,0
13,10.6,15.6,9.1,7.4,-0.7,1023.8,39,9,0
13.3,10.3,15.9,8,8.3,1.5,1025.2,45,19,0
15.8,13.9,17.9,11,11.7,7.5,1025.1,58,84,0
16.5,15.1,18,12.4,14.2,12.2,1023.7,76,55,0
17.3,15.1,20.6,12.9,15.4,13.9,1022.2,81,7,0
17.7,16.1,20.7,13.4,15.8,14.4,1020.6,81,37,0
17.7,16.5,19.6,15.2,15.5,13.9,1023,79,82,0
16.9,14.8,19.8,15,14.9,13.4,1023.4,80,68,0.4
17.2,15.4,20,13.9,14.8,13,1022.3,76,44,0
16.6,15.5,18.3,14.2,14.2,12.3,1021.2,76,61,0
17,15.5,19.6,13.7,14.3,12.2,1020.4,74,77,0
13.5,11.8,16,13.7,10.5,7.4,1024.2,67,83,0
11,10.2,11.9,11.1,9.4,7.5,1023.4,79,90,0.8
13.2,10.7,15.6,11.8,11.6,10.2,1022.8,82,88,0.5
14.2,13.1,15.2,13.2,12.4,10.8,1025.4,81,88,0
15.6,13.9,18,14.1,13.4,11.4,1024.7,76,72,0
15.8,13.3,18.8,11.8,13.4,11.4,1022.9,75,67,0
15.9,13.8,18.3,11.5,13.7,11.8,1022.4,77,62,0
16,14.9,18.3,13.8,13.5,11.3,1023.7,74,85,0.4
15.3,13.6,16.8,14,13.4,11.7,1022.6,79,89,0.9
15.9,14.9,17.3,14.6,14.7,13.7,1019.6,87,88,2.3
17.5,16,18.9,15.7,16.5,15.9,1015.1,90,88,0.6
17.2,16,18.2,17.4,16.9,16.8,1011.5,98,95,19.1
15.7,14.5,16.6,15.3,14.7,13.8,1012.7,89,84,8.7
16.5,15.2,18.7,13.1,14.3,12.5,1014.8,78,58,0
17.7,15.6,19.7,13.7,16,14.7,1014.1,83,71,0
19.4,17.7,22.4,15.7,18,17.2,1014.3,87,65,0
17.4,16.4,19.2,16.7,16,15,1015.5,86,86,0
16.2,15.9,16.9,15.7,15,14.1,1014.8,87,88,0
13.4,10.6,16.3,15.5,12,10.8,1017.5,84,96,0
10.5,9.4,11.8,11.2,9.2,7.9,1020.1,84,96,1.3
10.9,8.9,12.2,12.4,10.1,9.3,1018.6,90,99,4.5
8.7,7.4,10.2,9.7,7.8,6.8,1021.1,88,89,2.2
11.2,9,13.4,10.5,10.3,9.5,1019.7,90,94,0.8
14.7,13.3,15.8,12.8,13.8,13.2,1016.6,91,97,0
16.7,14.8,20,13,15.4,14.4,1016.1,86,44,0
15.1,13.8,16.5,13.9,13.8,12.8,1018.6,87,81,0
15.7,13.9,17.9,12.7,12.9,10.5,1020.5,71,70,0
15.1,13.4,17.6,13.2,11.9,8.8,1021.3,67,47,0
15.6,13.7,18.4,12,13.3,11.5,1020,77,45,0
16,14.8,18.4,13.9,14,12.4,1021.5,79,82,0
14.5,13.1,15.3,14.3,12.6,10.9,1022.5,79,88,0
15.3,14,17.4,14.2,13.7,12.4,1019.8,83,83,0
17.4,15.8,19.3,14.8,15.7,14.5,1016.2,83,78,0.1
18.5,17.5,20.1,16.6,17.6,17.1,1011.3,92,88,0.4
16.7,11.5,20.8,15.6,14.8,13.2,1015,81,78,3.1
12.3,11,13.8,12.2,10.7,9.2,1021.2,82,88,0.7
12.7,11.5,13.5,12.7,11.1,9.6,1019.7,81,90,0
14.8,13,16.9,13.7,13.7,12.8,1019,88,88,0
14,12,16.8,12.7,12.4,11,1021.4,82,88,0
16.2,14,19.7,14.2,14.5,13.1,1020.2,82,80,0
19.1,15.9,22.2,14.3,17.1,15.8,1017.6,81,86,0
19.4,17.9,21.3,17.7,18.3,17.6,1014.9,89,90,0.3
18.8,16.2,20.8,18.4,18.2,17.8,1013,94,89,0
16.1,15.3,17.8,16.3,15.1,14.2,1016.4,89,88,0
14.9,13.2,17,14.5,12.3,9.9,1020.2,72,85,0
13.7,11.6,16.3,12.8,11.1,8.6,1022.6,72,77,0
14.3,12.3,17.9,12.8,11.6,9.1,1022.1,71,59,0
15,13.3,17.1,12.8,12.8,10.8,1018.5,76,81,0
17.3,15.6,19,15.2,15.7,14.4,1014.1,84,88,1.7
18.2,17.2,19.3,16.8,17.7,17.4,1010.8,95,89,1.3
19.9,18.8,21.3,18.5,19.7,19.6,1008.9,99,91,2.9
17.8,15.9,21,18.3,17.4,17.2,1010,97,84,0.5
16.1,14.8,17.1,16.7,15.8,15.5,1011.6,96,88,0
13.6,12.2,14.9,14.7,12.2,10.9,1016.3,84,94,0
12.1,10.9,12.8,13.5,10.8,9.6,1016.4,85,88,0
13,9.8,15.3,10.3,12.3,11.7,1013.2,92,88,18
14.7,13.8,15.8,12.2,13.7,12.9,1014.2,89,89,0.5
16.7,14.9,18.2,15.1,16.3,16,1014.1,96,94,0
20.9,18.2,24.4,16.7,20,19.5,1012.5,92,77,0
17.7,16.9,21,18.3,17.2,16.8,1013.8,95,91,0.2
17.9,16.4,19.6,17.1,17.4,17.2,1012.8,96,89,0.5
21.4,18.8,25.8,19,20.7,20.3,1009,94,88,0
23.8,21.9,27.4,20.8,22.5,21.9,1008.5,89,86,0.3
18.7,17.6,22.2,20.4,18,17.7,1009,94,88,0
16.9,16.4,17.7,17.3,16.4,16.1,1010.7,95,90,3.3
15.6,13.9,17.1,16.8,14.8,14.3,1014.3,92,98,0.2
13.9,12.5,15.4,14.5,12,10.3,1017.7,79,96,0
12.6,11.7,14.4,14.3,12.1,11.6,1020,94,95,8.4
12.6,11.4,13.5,12.7,12.3,12,1021.7,96,96,6.6
14.2,12.9,15.7,13.8,13.6,13.2,1021,93,99,1.7
16.1,14.6,17.9,15.1,14.8,13.9,1018.5,87,88,0
17.4,15.1,19.3,15.5,16.2,15.4,1016.5,88,88,0.6
19.9,18.1,22.6,18.1,19.3,19,1013.5,95,83,0.2
22.3,19.9,26.3,19.3,20.8,20,1012.5,88,58,0
23.9,20,28.8,18,21.5,20.2,1012.9,81,35,0
20.8,19.4,22.5,19.1,19.4,18.7,1014.1,88,63,0
20.3,19,22.7,18.6,18.9,18,1014.1,87,83,0
18.8,18,20.6,18.5,17.1,16,1015.7,84,86,0
20.7,17.7,24.5,18,18.4,17,1014.2,80,83,0
20.9,16.7,25.3,20,18.8,17.3,1014.3,80,87,0
17.6,13.6,21.6,14.1,12.9,8.5,1019.2,56,52,0.1
18.5,15.5,22.6,14.4,14.5,11.2,1020.1,64,16,0
19.6,15.5,23.8,13.3,13.7,8.3,1020.6,50,24,0
20.5,17.7,23.8,14.5,15.7,11.9,1021.1,59,28,0
21.1,19.1,24.2,16.3,17.3,14.7,1019.9,67,49,0
22.3,19.7,26.1,17.8,19,17,1017.7,72,66,0
23,21,25,19.9,20.9,19.7,1015.5,82,87,0
22.3,20.5,26.1,20,19.2,17.3,1018.5,74,83,0
20.7,19,23.4,18,17.6,15.4,1019.2,73,82,0
21.9,20.1,24.6,19.1,20,18.9,1015.9,83,85,0
24.5,22,28.4,20.3,22.2,21,1016.9,81,80,0
21.9,20.9,23.9,20.8,19.6,18.1,1016.6,79,86,0
21.3,20.4,23.2,20.8,20.3,19.9,1013.7,92,94,48.5
19.9,18.2,20.7,20,19.6,19.3,1015.3,96,95,10.9
20.3,18.4,21.4,18.7,16.7,14.2,1017.1,68,91,0
20.8,19.9,22.1,19.7,19.2,18.2,1015.7,85,89,0.3
22.5,20.3,25.9,19.6,21.4,20.8,1014.3,91,83,28.9
23.8,21.6,27.9,21.2,22.4,21.7,1013.8,88,70,0
25,22.3,28.5,21.4,22.5,21.3,1011.3,81,54,0
25.5,23.7,27.8,22.2,23.4,22.4,1010,83,66,0
26.5,24.7,29.5,23,24.3,23.4,1010.8,83,81,0
26.9,25.2,29.5,23.6,24.9,24,1011.2,85,74,0
27.1,25.5,29.6,23.8,24.6,23.4,1009.6,80,65,0
26,22.5,28.8,24.3,24.3,23.5,1008.5,86,85,11.8
21.3,20,23.9,21.8,20.6,20.2,1009.6,93,93,16.6
22,21.1,22.9,21.1,20.7,20,1009.4,88,88,0
22.2,21.7,22.9,21.8,21.8,21.6,1009.6,96,80,28.2
22,20.8,23.1,20.6,21.5,21.3,1008.7,96,82,66.2
23.3,21.1,25.8,19.9,21.1,20,1008.8,82,77,0
24.3,21.9,28.5,19.9,21.7,20.3,1009.9,79,50,0
25.4,23.5,28,23,23.7,22.9,1008.7,86,85,0.3
27.1,25.6,28.4,23.3,24.7,23.7,1006.6,82,85,0
27.5,23.6,29,25.1,25.3,24.3,1006.7,83,88,4.8
24.4,22,28.8,22.3,22.3,21.2,1009.9,83,72,0
22.3,21.5,23.6,22,21.3,20.9,1009.5,92,88,34.5
23.5,21.3,25.9,21,22.9,22.7,1008.9,95,88,22.2
27.2,23.9,30.2,23.1,25.7,25.1,1007.3,89,81,21.2
28.5,26.6,30.1,25.1,26,25,1005.8,82,77,0.5
28.7,27.8,30.5,25.7,26.4,25.4,1006.3,83,86,0
29.2,27.8,31.9,25.9,26.6,25.5,1006.6,81,74,0.4
29,28,30.8,26.3,26.5,25.5,1005.5,82,86,0
28,24.4,31.2,25.7,26.5,25.9,1006.1,89,84,35.7
24.9,24.1,26.2,24,24,23.6,1009.4,93,86,3.4
25.9,24.4,28.2,24.2,23.8,22.9,1010.5,84,79,0
26.5,24.6,28.9,24.1,24.4,23.4,1010,83,61,0
28.6,26.1,31.9,25,25.5,24.3,1008.8,78,59,0
29.2,27,32.5,25.6,26.2,25,1008.9,79,33,0
29.1,26.9,32.5,26.1,26.5,25.4,1008.8,81,57,6.1
26,24.7,27.9,26.5,24.8,24.3,1008.4,91,88,1.4
26.4,24.5,28.7,25.4,25,24.3,1007,88,80,0.1
27.9,26,29.6,25.6,25.5,24.5,1005.3,82,76,4.6
28.8,25.7,32.2,25.6,26.4,25.4,1006.9,82,67,1.9
28,26.4,30.3,26.3,26.5,25.9,1007.6,89,71,22.1
26.6,25.7,29.2,25.6,25.7,25.4,1006.1,93,81,14.4
27,25.5,28.9,25.8,25.8,25.2,1006.5,90,83,2
25.4,24.8,27.2,25.3,25.1,25,1008.1,98,89,83.8
26.5,24.5,30,24.3,25.5,25.1,1007.1,92,79,7.4
27,25.1,30.7,25.6,25.7,25.2,1005.6,91,78,49.6
25.9,24.9,28.1,24.7,23.5,22.3,1007.6,81,87,0
25.6,24.3,27.6,24,22.3,20.5,1008.5,74,66,0
25.7,24.5,28.5,24.5,22.9,21.6,1007.6,78,72,0
26.1,25.1,27.5,25.1,24,23,1006.7,83,90,0
27.9,26.1,30.9,25.7,25.6,24.7,1006.3,83,78,0
26.9,25.8,28.2,26.8,25.6,25.1,1006.6,90,88,28.4
26.9,25.7,29.5,26.2,25.6,25.1,1007.4,90,90,5.8
25.5,25,26.2,25.6,24.9,24.6,1008.6,95,88,10.5
25.5,24.9,26.2,25.5,24,23.3,1009.8,87,88,0.1
26.7,25.3,29.5,25.2,24.8,24,1007.8,85,83,0
27,25.7,29.4,25.4,24.7,23.7,1007.8,83,83,0
26.1,24.9,28.3,24.3,22.9,21.4,1008,75,74,0
26.6,24.8,30.2,25.1,24.3,23.3,1006.3,82,83,8.6
26,24.9,28.4,25.5,24.4,23.7,1005.3,88,86,0
27,25.8,29.7,25.7,24.6,23.6,1004.8,82,70,0
28.2,25.8,31.6,25.2,25.3,24.1,1004.2,79,52,0
28.3,26.5,31.2,26,25.8,24.8,1004,82,58,0
28.5,26.8,31.2,26.7,26,25,1004.2,82,63,0
29.5,27.7,32.9,27.4,26.9,25.9,1004.5,81,76,0
29.1,26.7,31.9,26.8,26.7,25.8,1003.5,82,85,1.5
29,25.9,30.4,25.2,27.2,26.5,1001.1,87,88,26.8
29.4,28.1,30.4,27.6,27.3,26.4,999.4,84,86,0.2
28.9,26.6,31.7,27.1,26.6,25.7,999.7,83,87,2.8
26.3,25,28.1,26.4,25.3,25,1001,93,87,22.5
27.4,25.2,30.3,24.8,24.7,23.5,1001.2,80,77,0
28,26.9,29.8,26.6,25.8,24.8,1000.5,83,86,0
26.1,24.7,27.9,26.9,25.3,24.9,1000.3,93,88,60.3
26.7,25.5,28.2,25.2,25.9,25.5,1001.3,93,87,24.6
27.3,25.5,30,25.4,26.1,25.7,998.6,91,87,17.7
28.2,26.1,32.1,26.5,26.2,25.3,995,85,83,1.4
29.9,28,33,26.5,26.7,25.4,997.8,77,76,0
28.3,26.1,29.6,25.5,26.8,26.2,1003.1,89,86,31.2
28.5,26.4,30.5,26,26.2,25.3,1004.2,83,86,16
28.8,28.1,30.3,26.2,26,24.9,1003.5,79,88,0
28.8,27.4,30.4,26.4,26.3,25.2,1003.7,81,85,4.9
28.9,28,30.7,26.7,26.1,24.9,1003.7,79,86,0.2
28.8,28.1,30,26.9,26.3,25.2,1003.6,81,78,0.8
29.4,28,31.5,26.9,26.5,25.3,1005.1,79,74,0
29.4,27.6,32.8,26.6,26.4,25.2,1005,79,46,0
29.4,26.5,33.3,26.7,26.3,25.1,1000.4,79,65,3.9
26.6,25.7,29.9,25.8,25.6,25.1,1004.6,92,73,38.1
27.8,25.7,31,25.7,26,25.2,1008.5,86,63,4.3
28.3,26.6,31.4,26.7,26,25.1,1007.9,83,58,0
29.1,26.8,33.2,26.5,26.1,24.9,1005.3,79,38,0
29.6,27.2,33.8,26.8,26.6,25.3,1004.8,78,39,0
27.8,26,28.8,27.9,26.7,26.3,1005,92,84,22
28.5,26.6,31.5,26.9,26.3,25.5,1006.1,84,74,0.8
29.1,26.9,32.6,27,26.4,25.3,1005.9,81,63,2.7
29.3,27.8,32.3,27.5,26.3,25.1,1006.7,78,70,0.4
29.8,27.8,32.9,27.3,26.3,24.9,1007.8,76,68,0
29.9,28.4,32.3,27.7,26.1,24.6,1007.2,74,58,0
30,28.6,32.6,28.1,26.4,25,1006.8,75,76,0
30,27.8,32.6,27.6,26.2,24.5,1006.9,73,55,1.3
29.2,27.1,31.7,27.6,26.4,25.2,1006,79,69,9
29.6,26.8,32.3,27.2,26.8,25.7,1004.7,80,75,7
30.2,28.7,33,27.7,27,25.8,1005.6,77,78,2.1
29.8,27.5,31.9,27.9,27,25.9,1006.1,80,85,18.4
30,28.7,32.1,26.3,26.9,25.7,1006,78,83,1
29.1,25.4,32.4,24.7,26.9,26,1006.6,84,79,34.3
30.2,27.6,33.6,27.3,26.6,25.2,1006.8,75,62,0
30.3,28.4,33,27.6,26.7,25.2,1005.4,75,74,4.2
30.1,26.8,33.7,27.8,26.6,25.2,1002.2,76,78,2.2
28.9,26.5,32.4,27.5,26.1,24.9,998.7,79,83,1
26.4,25.3,27.9,26.7,25.1,24.6,992.2,90,85,112
26.9,25.6,29.2,24.7,25.7,25.3,996.5,91,88,99.5
25.7,24.4,28.3,24.4,25.1,24.8,1005.4,95,91,82.3
25.5,25,26.2,25.2,25.1,25,1006.6,97,85,28.1
25.8,25.1,27,24.9,25.3,25.1,1005,96,88,25.7
27.7,25.6,32.1,25.1,25.9,25.1,1005.2,86,72,0
28.9,26.4,33.4,25.6,25.8,24.6,1004.4,78,48,0
29.4,26.8,32.9,25.8,25.7,24,1001.2,74,38,0
29.2,26.3,32.5,26.9,26.1,24.8,999.1,78,66,9.5
30.6,27.4,33.6,26.4,26.6,25,997.2,73,81,0.2
31.8,29.3,34.1,27.6,26.6,24.4,997.1,66,55,0
31,29.6,33,27.7,26.4,24.4,998.4,68,78,0
29.8,29.3,30.5,27.8,27,26,998.7,80,79,0.4
29.5,28.1,31.3,27.7,27.2,26.3,1000.6,83,86,6.8
29,25.3,32.5,26,26.7,25.8,1002.2,84,74,2.8
30,27.4,32.9,26.8,26.8,25.6,1000.9,78,55,0
30.5,28.6,33.4,27.7,27.1,25.8,999.9,77,65,0
30.5,28.5,34.3,27.5,26.7,25.2,1000.9,74,36,0
29.6,27,32,27.5,26.5,25.2,1003,77,72,7.7
27.6,25.5,29.5,24.7,25.8,25.1,1004.2,86,84,64.7
27.7,25.1,29.6,24.5,26,25.3,1003.3,87,87,12.4
27.8,26.4,30.1,26.5,26.3,25.6,1003.3,88,86,9.5
28.4,26.7,31.9,26.2,26.5,25.7,1004.8,85,54,1.9
30,27.2,33.7,26.5,26.8,25.5,1003.9,77,43,0
28.6,25.8,32.6,24.8,26.4,25.5,1001.5,84,86,15.4
28.2,26.8,29.7,26.6,26.1,25.3,1004.7,85,88,0
29.4,28,32.6,27.5,26.8,25.8,1008.6,81,88,0.1
29.2,27.6,32,27.2,26.2,24.9,1008.1,78,67,0
29.5,27.5,32.9,27.1,26.2,24.8,1006.3,76,51,0
29.1,27.8,31.6,27,26.2,25,1006.4,79,63,0
28,26.6,28.9,27.1,25.6,24.5,1006.3,81,80,5.1
28.9,26.6,31.8,25.4,25.5,24,1006,75,53,0
29.9,27.3,32.8,26.5,25.6,23.7,1005,70,59,0
30.1,27.8,33.4,24.9,24.9,22.5,1003.6,64,84,0
30.5,28.9,32.8,26.1,24.6,21.9,1001.3,60,87,0
30.8,28.6,33.4,25.9,24.7,21.9,1001.4,59,76,0
31,28.9,34.5,26.6,27.1,25.5,1004.3,74,50,0
29.4,26.7,31.8,25.2,26.1,24.7,1007.2,76,74,2.4
30.1,28.6,33.3,27.1,26.8,25.5,1007.2,77,77,0
28.5,26,30.9,24.9,26.6,25.8,1007.6,85,80,20.4
27.5,26.4,31.4,25.4,26.2,25.7,1007.9,90,78,11.1
28.4,25.8,32,25.6,26,25,1008.3,82,57,6.7
29.4,27.4,32.8,26.1,26.1,24.7,1008.4,76,68,0
27.9,25.7,31.9,25.9,25.8,25,1010.3,85,79,7.6
28.2,25.5,31.6,25.5,25.8,24.8,1012.6,82,65,0.5
29,26.7,32.2,26.3,26.6,25.6,1013.1,82,84,2.3
28.6,27.5,30.4,26.5,26.7,25.9,1013.3,86,76,4.7
28.8,27.2,31.2,26.2,26.2,25.2,1012.1,81,60,8
29.5,27.7,32.7,26.4,26.4,25.1,1010.9,78,44,0
29.3,27.7,31.8,26.4,26.1,24.7,1010.3,77,59,0
29.9,27.8,33.6,26.5,26.4,24.9,1009.9,75,54,0
29.8,27.9,33.2,26.6,26.5,25.1,1009.1,77,53,0
29,27.2,32.8,26.6,25.6,24.1,1008.5,75,60,0.7
26.9,24.8,30.5,23.5,22.2,19.7,1009.3,65,61,0
26.5,24.2,28.9,23.8,21.9,19.5,1010.3,65,85,0
27,24.3,29.5,23,21.9,19.2,1010.8,63,23,0
27,23.6,30.8,21.8,20.6,16.8,1011.3,54,4,0
27.4,25.3,30.4,22.8,21.7,18.6,1010.1,59,68,0
26.9,26,27.7,24.6,23.3,21.6,1011,73,85,0
27.2,25.5,29.4,25,24.7,23.5,1011.6,80,88,1.8
27.7,26.3,29.4,25.8,25.1,24,1010.7,81,88,1.2
28,26,30.5,25,26.4,25.7,1009.1,88,79,23
28.5,27,30.5,25.9,26.4,25.5,1007.3,84,72,0.9
27.7,24.8,32,25.9,26,25.4,1007.4,88,82,121.5
26.8,24.9,29.4,23.9,24.7,23.7,1009.9,84,88,22.6
27,25.5,29.4,25.7,24.5,23.3,1010.7,81,86,0.4
28.2,25.2,31.8,23.8,23.1,20.5,1009.6,64,45,0
28.2,26.1,31.4,23.6,22.3,19.1,1009.3,58,58,0
27.5,24.9,31.2,23,21.9,18.9,1011.3,60,23,0
26,24.3,27.7,22.9,21.3,18.8,1013.4,65,64,0
26,24.9,27.2,24.3,22.5,20.8,1013.8,73,86,0
26.2,24.3,29.3,23.6,22.6,20.7,1013.3,72,64,0
26.1,24.2,29.5,23,22.7,20.9,1010.8,74,44,0
26,24,29.3,23.1,22.9,21.3,1010.4,76,51,0
26.6,24.9,30,23.7,22.4,20.2,1013.4,69,41,0.1
26.9,24.9,30.1,23.7,23.2,21.4,1015.3,73,54,0
26.6,25.1,29.4,23.7,22.5,20.4,1015.6,69,63,0
26.5,25.2,29,25.1,22.8,21,1014.1,72,78,0
26.2,24.2,29.2,23.4,22.7,21,1013,73,60,0
26.3,24,29.6,22.5,21.3,18.4,1012.8,63,23,0
25.8,23.3,29,22.2,21,18.2,1012.9,64,55,0
25.3,23.6,28.2,22.4,21.6,19.6,1012.9,71,44,0
25.3,23.1,27.8,21.9,22,20.4,1012.5,74,67,0
25.7,23.8,28.5,22.8,22.8,21.3,1013.6,77,71,0
26.3,24.9,29.1,24.1,22.9,21.2,1015.1,74,58,0
26.2,24.9,28.9,23.7,22.9,21.2,1014.7,74,61,0
26.5,24.4,29.5,23.4,22.3,20.1,1014.1,69,51,0
24.6,23.2,26.4,22.8,20.7,18.4,1016.4,69,84,0
24.6,23.4,26.7,22.2,21.2,19.4,1017.5,73,66,0
24.9,23.5,27.5,22.5,21.9,20.3,1017.3,75,53,0
25,22.4,28.7,21.2,21.4,19.5,1017.4,72,32,0
25.7,22.9,29.8,21.5,22.1,20.3,1015.9,73,20,0
26.3,23.7,30.7,22,22.6,20.8,1014.6,73,33,0
25.6,24,28.7,23.1,22.2,20.5,1015,74,50,0
25.8,24.2,28.8,22.6,22.5,20.9,1014.7,75,44,0
25.1,23.8,26.7,23.1,22.2,20.6,1014.1,77,85,0.7
26.1,24,27.8,24,23.3,22,1014.7,78,82,0.8
26.2,24.9,28.3,23.6,23.3,21.9,1015.9,77,79,0
25.3,24.6,25.7,24.3,22.9,21.8,1014.2,81,88,0.4
23.2,19.9,24.8,23.6,22.6,22.3,1012.5,95,90,33.3
19.8,17.7,22.8,19.9,17.5,15.8,1015.9,79,67,11.1
21.1,18.1,24.5,16.9,16.8,13.6,1016.9,62,44,0
22.6,20.2,25.6,18.8,19.2,17.2,1015.8,72,58,0
23.6,22.3,25.6,20.8,20.8,19.3,1015.3,77,60,0
24.2,21.8,27.8,20.3,19.9,17.2,1014.6,66,49,0
24.1,22.4,26.7,20.8,20.4,18.3,1015.5,70,51,0
23.7,21.7,26.5,20.5,19.6,17,1016.7,67,40,0
23.2,22.5,24.3,21.3,20.4,18.7,1015.6,76,80,0
23.7,22.7,25.1,21.9,21.7,20.7,1013.3,84,83,1.9
24.9,23.6,26.7,22.2,23.5,22.8,1012.8,88,65,0
25.5,24.3,27.7,22.9,24,23.3,1013.2,88,54,0
22.5,20.8,25.2,21.8,19,16.8,1016.9,71,84,0.3
22.2,20.7,23.9,21,19.1,17.3,1018.1,74,84,0
23.1,20.7,25.8,19.7,20.3,18.7,1016.3,76,40,0
23.4,22.2,25.6,20.3,20.6,19.1,1015.9,77,77,0
23.1,22.5,23.5,20.6,20.8,19.5,1017.5,80,85,0
23.1,22.4,24,20.9,20.9,19.7,1017,81,88,0
20.4,18.6,23.7,18.6,18.1,16.6,1016.2,79,89,3
20.1,18.8,21.2,18.5,18.5,17.5,1016.7,85,88,0.1
22,20.7,23.6,19.9,19.3,17.8,1016.8,77,63,0
22.1,21.2,23,19.8,19.8,18.5,1016.2,80,88,0.3
22.6,21.8,23.5,20.7,21.8,21.4,1013.1,93,90,3
25.1,22.6,27.2,21.3,23.6,22.9,1011.1,88,79,0.4
22.4,19.4,26.4,23.5,20.5,19.4,1013.5,83,86,17.7
19.5,17.6,20.7,17.6,17.6,16.4,1017.4,82,91,0
21.1,20,22.2,19.8,20.7,20.6,1015.5,97,96,11.5
19.3,16,23.3,20,18.2,17.4,1015.8,89,82,0.6
16.5,14.6,18.3,15,16,15.6,1017.7,95,91,19.5
19.3,17.6,20.5,17.4,18.7,18.3,1014.8,94,94,1.1
20.3,19.5,21.3,18.9,19.7,19.4,1014.5,94,98,2.6
20.9,20.2,22.3,19.9,20.4,20.1,1013.3,95,100,1.9
20.8,20.1,21.4,19.8,20,19.5,1015,92,97,0.3
18.1,16.8,20.9,17.8,16.8,15.9,1015.6,87,90,3.2
17.1,16.6,18.3,16.7,16.2,15.6,1017.3,91,90,10.9
17.3,16.5,17.9,16.7,16.1,15.3,1016.3,88,88,8.7
16.2,14.9,17.8,16.8,14.9,13.9,1017.6,86,89,6.5
16.9,14.6,18.3,13.3,14.1,11.8,1018.2,72,74,0
18.4,16.2,20.3,14.8,16.1,14.5,1017.8,78,80,0
18.8,17,19.8,17,16.6,15,1016.3,79,86,0.9
19,17.3,21.1,15.5,16.5,14.8,1016.1,77,47,0
18.3,17.6,19.5,15.9,15.7,13.7,1016.8,74,71,0
18.7,17.4,20.9,15.4,16,14.1,1018.2,75,73,0
17.9,16.6,19.9,15.7,15.3,13.3,1020.7,74,69,0
18.9,16.7,20.6,15.2,16.5,14.7,1020,77,49,0
21,19,23.1,16.9,18.9,17.6,1018.6,81,69,0
22.3,20.6,24.2,18.3,20.9,20.2,1015.4,88,73,0
23.5,22.1,26.2,19.7,22,21.2,1015.2,87,70,0
21.7,20.7,22.8,20.3,20,19.1,1016.5,85,84,0
17.1,13.7,20.8,18.4,15.1,13.4,1020.3,79,79,2.3
15.1,13,17.3,13.7,13.2,11.5,1020,79,88,1.1
17.8,16.1,19.1,15.7,16.4,15.4,1017.4,86,88,0
20.7,18.9,22.8,17,19.6,18.9,1016.2,89,76,0
18.4,14.6,21.2,18.2,15.7,13.6,1019,74,64,0
13.3,10.3,16,13.7,9.1,4.1,1025,54,40,0
13.3,10.1,15.4,10.4,10.4,7.5,1023.6,68,47,0
17,14.8,18.7,13.1,14.4,12.2,1020.3,73,88,0
18.7,17.5,20.2,15.7,16.1,14.2,1018.8,75,88,0
18.6,18,19.3,17,16.4,14.8,1017,79,83,0
19.7,18,22,16.4,17,15.1,1015.9,75,64,0
18,12.6,19.7,17.3,16.4,15.2,1016.3,84,90,22.1
10.4,9,12.6,11.2,6.9,1.8,1022,57,85,0
10.2,7.1,13.2,8.5,5.9,-0.7,1022.6,47,28,0
13.9,10.8,17.4,9.6,9.5,4.5,1020.6,54,67,0
16.8,14.9,19.3,13.5,13.1,9.7,1019.4,64,57,0
16.8,14.5,19.1,13.8,14,11.6,1022.9,72,84,0
12.9,11.3,14.6,13.2,10.4,7.9,1021,72,88,0
14.3,11.9,17,12.5,11.7,9.3,1018.5,72,58,0
15.1,13.9,17.1,12.5,12.3,9.7,1019.1,71,36,0
15.2,12.7,17.5,11.3,12.4,9.9,1018.3,71,44,0
17.5,16,20.3,14.7,13.9,10.9,1017.5,65,67,0
16.2,14.6,18.3,12.8,12.5,9.1,1019.5,63,57,0
14.7,13.1,16.3,13.4,11.4,8.1,1021,65,83,0
16.3,14.6,18.8,13.2,13.6,11.3,1020.7,73,43,0
16.4,14.1,18.7,12.8,13.3,10.7,1018.7,69,72,0
16.8,14.1,19.2,12.7,13.6,11,1015.5,69,24,0
15.7,12.8,18.7,10.5,12.4,9.3,1019.1,66,9,0
15.9,14.1,17.1,11.5,13.4,11.3,1021.3,74,77,0
17.4,14.9,21.4,12.6,14.4,11.9,1021.2,71,4,0
16.9,15.2,19.6,12.6,13.6,10.7,1024.4,67,26,0
14.6,13.3,16.6,11.9,11.7,8.9,1026.8,69,70,0
15,12.9,17.4,11.3,12.1,9.5,1023.4,70,60,0
17.8,15.8,19.1,13.6,15.2,13.2,1020.6,75,85,0
20.4,18.9,22.8,17.3,17.8,16,1019.6,76,78,0
21.4,18.9,25.6,17.1,18.8,17.3,1019.1,78,59,0
18.1,16.8,20,16.8,16.7,15.7,1019.3,86,81,0
18.9,16.6,21.5,15.4,16.6,14.9,1018.4,78,44,0
18.1,15.9,20.8,14.2,15.3,13.2,1019.2,74,40,0
17.7,16.3,19.8,15.3,15.7,14.1,1018.9,80,74,2.8
16.4,15.5,17.7,16,14.9,13.8,1022,85,86,0.6
16.2,14.2,18.6,12.4,12.8,9.7,1022.4,66,49,0
17.8,16,21.2,13.9,14.4,11.7,1021.9,68,56,0
18.1,16.6,20.4,14.4,15.3,13.2,1022.6,74,56,0
18.6,16.9,20.9,14.6,14.9,12,1021.7,66,55,0
20.7,17.4,24.9,15.2,17.7,15.7,1020.1,73,32,0
21.1,18.9,26,16.7,18.1,16.1,1019.8,74,63,0
18.9,18.2,19.7,17.2,17,15.8,1018.9,82,85,0
21.2,19.1,23.3,17.6,19.5,18.5,1018.5,85,88,0
22.1,20.3,25.2,19.3,20.7,20,1017.5,88,82,0
21.3,19.3,24.6,19.9,19.8,19,1015.9,87,81,0
19.1,18.1,20.6,18.6,17.8,17,1014.3,87,88,0
16.4,14.4,18.7,16.6,15,14,1019.3,86,88,0.2
14.1,11.9,15.8,14.1,11.6,9.3,1022.6,73,88,0
15.9,14,18.3,13.4,13.8,12.1,1020.6,79,87,0
17.2,16,19.6,16,15.2,13.8,1020,80,70,0
19,16.3,22.8,16.3,16,13.9,1020,73,57,0
17.4,15.6,20.8,15,14.3,11.9,1020,71,60,0
18.5,16.7,21.2,15.9,16.1,14.4,1017.3,77,84,0
20.8,18,24.4,18.6,18.2,16.5,1016.9,77,85,0.5
17.3,16.2,19.4,16.6,15.5,14.1,1019.1,82,82,0.1
18.2,16.5,21,16.6,16.1,14.6,1015.6,79,71,0
21.1,18.5,25.4,16.6,19.3,18.3,1013.1,84,79,0
20.9,17.8,26.2,17.7,19.3,18.4,1014.5,86,67,0
17.3,16,19,16.7,15,13.4,1019.9,78,88,0
17.7,16.4,21.4,17,15.6,14.1,1020.4,79,58,0
19.1,16.2,22.4,15.2,16.1,14,1021.5,73,62,0
18,16.2,21.8,16.1,15.1,12.9,1023.1,72,54,0
18,16.3,20.8,15.3,15.3,13.2,1020.9,73,84,0
19.6,17.3,23.1,16.2,16.4,14.2,1018.9,71,79,0
21.3,19.1,23.8,17.6,19.3,18.1,1016.2,82,88,0.2
22.7,21,25.4,19.9,20.7,19.6,1014,83,72,0
19,18.3,21.9,18.8,18.1,17.5,1013.8,91,88,0.5
20.1,18.2,22,18.1,19.2,18.6,1014.2,91,88,0.1
17.9,15.1,21.4,18.8,16.7,15.7,1020.4,88,88,0.8
15.3,13.6,17.4,14.7,11.9,8.7,1023.7,65,86,0
16.7,13.2,21.7,11.8,12,7.3,1023.4,54,55,0
18.5,15.6,22.3,13.7,12.6,6.3,1023.2,48,29,0
19.3,16.3,23.6,13.7,14.9,11.3,1021.2,61,7,0
20.4,17.2,24.9,14.6,16.1,12.8,1019.8,63,2,0
21.5,17.6,26.4,14.9,15.1,9.3,1016.8,49,0,0
21.5,18.1,26.1,15,17.3,14.5,1014.9,65,11,0
21.5,18.5,26.4,15.7,17.8,15.3,1014.7,69,3,0
20.3,18.7,23.2,17,17.8,16.2,1016.7,78,54,0
20.4,18.1,23.5,18,18.1,16.6,1015.8,79,71,0.2
22.8,20.3,26.6,18.7,20.3,19,1014.5,80,68,0
19.9,18.4,22.1,19,17.9,16.6,1019.2,82,78,0
19.2,17.7,22.3,17.2,16.6,14.8,1021.3,76,69,0
20,18.5,23.2,16.8,17.6,16,1019.4,78,51,0
21.2,19,23.4,17.2,19.7,18.8,1013.7,86,82,0
23.6,21.2,26.3,19.7,21.7,20.7,1010.6,84,81,0
24.3,22.4,27.6,22.2,22.8,22,1010.8,88,86,18.2
25.1,23.5,28.3,21.8,22.7,21.5,1012.1,81,70,0
20.8,19,23.8,21.6,19.6,19,1013.8,90,85,0.8
21.5,18.9,26,19.1,19.9,19,1013.3,86,74,0
23.3,21.3,26.2,20.3,21.2,20.1,1011.5,83,78,0
23.4,21.4,25.7,20,21.9,21.2,1010.4,88,79,1.1
21.2,19.5,23.1,21.6,20.2,19.7,1012,91,88,0.9
19,18.4,19.8,18.7,18.7,18.4,1011.4,97,90,13.6
20,18.6,21.7,17.7,18.9,18.2,1013.1,90,84,1.5
19.7,18.8,20.4,19.3,19.1,18.7,1012.5,94,89,31.4
20.3,18.7,22.4,18.3,19.4,18.9,1013.2,92,89,2.7
18.7,17.8,19.6,18.2,18.2,17.9,1013.1,95,94,58.2
19.7,19,21,17.7,19.1,18.8,1014.5,94,88,1
20.1,18.6,22.4,18,18.4,17.3,1015.4,84,85,0.1
21.1,20,22.5,20.3,20.3,19.9,1014,93,86,13.3
19.1,18.2,20,18.8,18.2,17.6,1012,91,90,9.2
19.3,18.5,20.2,18.5,18.9,18.6,1007.8,96,88,0.5
23.3,19.7,26.2,19.4,22.7,22.5,1003,95,88,34.7
20.4,17.1,25,20.4,17.9,16,1008,77,79,36.8
17.4,15.2,19,14.4,13.9,10.9,1013,66,77,0
18.8,18,19.5,17.1,16.4,14.7,1013,77,87,0
19.4,18.4,21.2,18.2,18.8,18.5,1014.3,95,88,25.1
18.4,17.7,19.8,18,17.8,17.4,1017.2,93,89,14.1
17.3,16,18.4,17.6,16.2,15.4,1017.7,89,88,13.8
17.2,15.7,19,16.6,15.9,15,1019.4,87,82,2.1
19.9,17.5,23.1,16.5,15.9,12.9,1017,64,78,0
21.6,19.7,24.3,18.3,18,15.6,1013.6,69,61,0
22.9,19.5,27.1,17.5,20.2,18.8,1010.9,79,30,0
22.8,21,25.2,19.6,21.6,21,1008.9,89,73,0.4
24.8,23,26.1,22.2,24,23.7,1008.1,94,88,15.6
25.5,24.2,27.8,22.7,24.4,23.9,1008.5,91,85,8.2
25.2,21.7,28.1,23.7,24.3,23.9,1009,93,86,8.9
22.7,20.8,25.4,21.2,21.8,21.4,1011,92,82,12.2
22,20.4,23.9,22.8,20.7,20,1014.1,88,87,0.3
19.8,18.9,20.5,20.2,18.7,18,1015.5,89,88,1
22.1,19.4,26.4,20.2,20.7,20.1,1014.5,89,76,0.5
25,22,29.8,21,22.8,21.8,1012.7,83,59,0
26,23.1,30.6,23.2,23.9,23,1011.1,85,74,30.3
22.1,21.1,23.5,22.5,20.3,19.1,1013,84,87,2.9
21.5,20.5,24.2,20.5,18.8,17.2,1012.8,77,88,0
22.1,20.7,23.4,21.2,20.8,20.1,1012.8,89,88,0
23.7,22.1,25.6,22.3,22.9,22.5,1012,93,86,0
24.4,21.1,29.3,23.7,23,22.3,1009,89,83,23.8
21.8,20.1,25.1,21.4,20.3,19.4,1009.5,86,76,1.2
19.3,16.6,21.9,18.3,16.3,14.1,1010.6,73,87,0.9
19.7,18.7,22.1,19.8,18,17,1011.1,85,88,33.8
20.8,18.4,22.5,19.2,18.9,17.7,1013.7,83,87,0
22.1,20.8,24.1,20.5,20.6,19.8,1014.5,87,86,0
22.4,21.3,23.7,21.7,21.3,20.8,1013.2,91,87,0
23.3,22.3,25.6,22.4,22,21.3,1012.1,89,88,0
22.9,22.3,23.2,22.7,22.1,21.7,1011.1,93,90,29.7
25.2,22.8,29.2,20.9,24.1,23.6,1010,91,78,31.3
25,23.4,28.6,22.8,23.9,23.5,1008.2,91,77,23.4
25.6,23,28.9,21.7,23.6,22.6,1006.6,84,69,0.1
24.7,24.1,26.5,24.3,23.8,23.3,1007.8,92,86,1.4
26,23.9,29.9,24.4,24.4,23.8,1007.6,88,73,0.2
26.2,25,28.8,24.6,25.1,24.6,1006.5,91,72,0
28.4,25.9,31,25.1,26.4,25.7,1005.2,85,81,0
27.6,24.7,30,26.1,25.7,24.9,1005.5,86,83,5.4
25.9,24.8,27.5,24.4,25.2,24.9,1007.7,94,86,13.9
28.3,25.8,30.8,25.1,26.7,26.1,1006.8,88,85,21
29.2,28.2,30.9,26.5,27,26.1,1005.4,84,88,0.1
29,25.7,31.6,26,26.5,25.5,1004.8,82,82,26
25.7,23.5,29,24.1,24.7,24.2,1005.5,91,86,26.3
24.8,23.4,26.2,22.7,24.2,23.9,1006.1,95,90,230.8
26.5,24.2,29.4,23.4,24.8,24.1,1009,87,84,0
27.8,25.6,31.3,24.7,25.3,24.2,1009.6,81,71,0
25.7,24.6,26.9,25.5,25.3,25.1,1009.7,96,89,52
27.8,25.5,29.7,24.3,26,25.3,1007.6,87,85,11.3
28.8,27.9,29.8,25.3,26.5,25.5,1006.9,82,86,0.1
29.2,27.7,31.1,26,26.8,25.9,1008.9,83,72,0
29.1,27.8,31.9,26.1,26.6,25.6,1010.9,81,76,0.4
29.3,27.2,32.5,25.7,26.3,25,1010.7,78,54,0
29.5,27.2,33,25.8,26,24.5,1009.4,75,28,0
29.6,27.7,32.4,26.3,26.1,24.7,1007.7,76,27,0
29.8,27.8,32.6,26.6,26.3,24.9,1006.4,75,52,0
29.8,27.8,33.7,26.6,26.5,25.2,1007,77,63,0
28,25.2,32.1,26.7,26.2,25.5,1010,87,80,20.2
26.8,25.6,28.8,26.3,25.4,24.8,1011.1,89,80,2.4
27.1,25.1,29.7,24.7,25.9,25.4,1010,90,79,13.6
29.2,27.1,32.3,26.4,26.2,25,1006.8,78,65,0.2
29.3,27.5,31.7,26.5,26.5,25.3,1003.6,80,80,10.6
29.1,27.1,31.3,26.1,27.2,26.4,1002.2,86,80,15.7
28.6,26.4,31.2,26.4,26.4,25.5,1002.3,84,86,12.6
24,22.4,28.1,23.7,23.5,23.2,1004.1,95,89,168.9
24.4,22.8,26.5,14.5,22.2,21,1005.5,82,86,1.1
25,23.6,26.9,24.2,23.3,22.6,1004.8,86,88,1.4
24.9,23.8,26.2,24.1,24.2,23.9,1003.5,94,91,30.8
25.6,25.1,26.2,24.6,25.4,25.3,1004.7,98,91,62
26.8,25.8,27.8,25.6,26.3,26.1,1006,96,88,5.4
27.5,26.4,29.9,26.3,26.7,26.4,1004.2,94,82,6.5
28.8,26.8,32.5,26.1,26.8,26,1002.1,85,59,0
29.7,27.3,33,26.6,26.4,25,1001.6,76,27,0
30.1,28.1,34.2,26.9,26.7,25.3,1002.5,76,47,0
29.6,27.7,33.7,27.1,26.8,25.7,1002.9,80,69,0.8
27.5,25.7,29.3,26.4,26.1,25.6,1003.1,90,84,15.2
27.6,25.4,30.8,25.9,26.1,25.5,1004.3,88,82,12.1
27.4,24.9,29.5,24.9,25.9,25.3,1006.1,88,89,57
29.3,28,30.7,26.4,26.7,25.6,1006.6,81,86,0.7
29.7,28.6,31.9,26.6,26.6,25.4,1006.8,78,74,0
29.8,28.5,32.3,26.9,26.6,25.3,1006.3,77,74,1.2
29.8,28.7,32.4,26.8,26.5,25.1,1005.8,76,72,0.2
29.8,28.8,31.6,27.4,26.9,25.8,1007.5,79,69,0
29.8,27.9,33,26.9,26.6,25.3,1008.2,77,32,0
28.2,25.9,31.4,26.2,26.4,25.6,1005.7,86,81,29.5
29.4,27.4,32.9,26.7,26.3,25,1007.9,77,71,0
29.7,27.6,33.2,27.3,26.6,25.4,1009.4,78,48,0
29.5,27.8,32.7,27.1,26.2,24.8,1008,76,36,0
29.8,27.6,33,26.9,25.7,23.9,1007.5,71,42,0
28.5,27.3,30.4,27.3,25.9,24.8,1008.4,81,70,4.6
27.3,25,31.2,25.1,25.3,24.5,1010,85,82,40.7
28.8,26.3,32,26.3,25.7,24.3,1010.8,77,79,0.3
29,27,33.2,27,26,24.7,1009,78,70,0
27.5,25.8,30.7,26.9,25.6,24.8,1007.8,85,78,14.2
28.8,26.2,32.4,25.7,25.9,24.8,1008.3,80,49,0.3
29.7,27.5,32.6,26.9,26.2,24.8,1005.2,76,26,0
30.1,28.4,33.5,27.3,27,25.8,1001,78,63,0
29.3,25,32.1,27.8,26.7,25.6,1005.1,81,89,41.4
26,24.8,28.1,24.8,25.5,25.3,1008.5,96,86,44.9
25.9,25.3,27.4,25.5,25.2,24.9,1008.4,94,83,7
26.2,24.6,29.9,25.6,25.4,25.1,1006.9,94,88,29.5
27.3,24.6,30.4,25.4,25.2,24.3,1004.8,84,80,0.5
26.8,25.5,29.4,26.8,25.9,25.5,1005.9,92,85,23
27.3,26.2,29.7,26,26.3,25.9,1007.4,92,88,3.5
27.4,26.3,29.9,26.8,26,25.4,1007.3,89,84,0.4
27.8,26.5,30.4,26.3,26.4,25.9,1008.1,90,84,8.2
27.4,26.2,30.3,26.9,26.4,25.9,1008.5,92,82,12.3
26,25,27.4,26.8,25.4,25.2,1006.9,95,86,26.8
25.7,24.6,26.9,25.1,25.3,25.1,1004.3,97,88,57.7
26.2,24.9,27.9,25.3,25.2,24.8,1004.8,92,86,65.4
27,24.9,31.1,25.1,25.5,24.9,1006.4,89,83,14.8
27.7,25.3,31.8,26.2,26.1,25.4,1008.4,87,75,10.8
28,25.4,31.7,25.9,26.1,25.3,1008.5,86,47,0
29.1,26.6,33.1,26.4,26,24.7,1006.3,78,44,0
29.4,27.7,32.4,27.3,26.9,25.9,1004.7,81,77,0.5
28.3,25.4,30.7,27.2,26.1,25.3,1003.8,84,79,4.5
26.5,24.5,27.9,26.5,25.7,25.3,1004.5,93,85,72.4
28.2,25.6,31.5,23.6,26.6,25.9,1009.9,88,84,13.3
29.2,27.1,32.9,26.5,26.2,25,1011.7,79,49,0
29.4,27,32.9,26,25.5,23.8,1009.4,73,18,0
29.5,27.4,33.1,26.1,26.5,25.3,1009,78,39,0
29.2,27.7,31.7,27.2,26.7,25.7,1010.3,82,71,0.5
29.4,26.7,32.7,26.7,26.2,24.9,1010.8,78,58,1.3
29.6,27.3,32.5,26.3,26.2,24.8,1008.9,76,25,0
30,28.2,33.2,26.9,27.1,26,1008.4,80,53,0
29.8,27.7,33.1,26.8,26.6,25.3,1008.8,77,51,0
30.6,27.7,34.9,26.9,26.3,24.5,1006.5,71,53,0
27.5,25.4,29.9,27.4,25.6,24.8,1002.2,86,85,48.4
26.6,25.2,27.6,25.1,25.6,25.2,999.3,92,88,59.4
28.2,26.5,28.9,25.5,26,25.1,1002.9,83,88,0.7
28,26.8,28.7,26.1,26.3,25.6,1000.7,87,88,5.3
28.2,26.3,29.6,25.2,26.4,25.7,999.6,86,89,35.6
28.4,26.9,30.2,25.9,26.6,25.9,1001.4,86,86,3.7
27.5,26.3,29.8,26.3,26.5,26.1,1001.6,92,83,30.6
28.9,26.8,31.6,25.9,26.5,25.5,1000.7,82,73,0
29.2,27.4,31,26.2,26.5,25.5,998.4,81,82,0.2
29.2,26.4,31,25.9,26.8,25.8,996.2,82,86,20.1
28.6,26.6,29.5,25.3,26.5,25.7,999.4,84,88,26
28,25.7,29.8,25.1,26.3,25.6,1003.8,87,88,51.6
27.7,26.1,30.2,26.3,26.6,26.1,1007.1,91,73,7.3
28.8,26.6,32.8,26,26.4,25.4,1006.8,82,31,0
29.3,27,32.9,26.4,26.4,25.2,1006.2,79,25,0
29.7,27.3,33.3,26.6,26.1,24.6,1005.2,75,46,0
29.6,27.8,32,27,26.4,25.1,1004.1,77,80,0
27.3,24.4,29.7,25.8,25.6,24.9,1005.9,87,88,29.5
26.4,24.6,29.5,24.4,25.2,24.6,1008.4,90,88,35
27.2,25.1,29.8,25.1,24.7,23.6,1010.1,81,77,1
27.5,25.1,30.4,25.5,25.5,24.6,1010.4,84,61,40.6
26,25,28,24.8,25.2,24.8,1008.8,93,83,5
25,23.9,26.4,24.6,24.5,24.3,1009.2,96,88,88.9
24.1,23.6,25.1,23.1,23.9,23.8,1011.1,98,89,197.7
26.3,24.1,29.5,24.3,24.5,23.7,1013.2,86,65,0.3
27.5,25.4,30.7,24.6,24.8,23.6,1013.6,80,35,0
28,25.8,31.1,24.7,25.1,23.8,1013.9,78,34,0
28.2,26.3,31.1,25.5,25.3,24,1012.6,78,54,0
28.6,26.6,31.8,26,25.9,24.8,1010.6,81,68,0
28.4,27.1,30.9,26.1,26.1,25.1,1011.1,83,66,0
28.5,27.2,31.7,26.2,25.9,24.8,1011.5,81,66,0
27.8,26.8,30.7,26.1,25.4,24.4,1009.7,82,76,0.2
28,26.1,31.5,25.4,25.5,24.4,1006.8,81,52,0
28.2,25.9,32.4,25.7,25.8,24.9,1006,83,47,15.2
28.1,26,30.8,26,25.3,24.1,1007.5,79,57,0.8
27.8,26.7,30.3,25.4,24,22.2,1008,72,55,0
27.7,26.2,30.2,25.2,24.4,23,1008.3,76,65,0
28.5,26.6,31.4,25.8,25.3,24,1007.9,77,57,0
29.2,27.2,32.5,26.3,26.1,24.8,1005.9,78,61,0
31.2,28.3,34.7,25.4,25.1,22.4,999.9,60,63,0
28,25.2,31.8,26.6,24.8,23.4,993,78,88,30.6
27.9,24.8,30.9,24.2,26.2,25.6,998.9,88,92,56.9
28.1,27.2,30.6,26.5,26.3,25.6,1006.7,86,82,1.3
28.2,26.8,31.2,25.4,25.4,24.1,1010,79,60,0
27.5,25.2,30,24.9,24.4,23,1012.3,77,62,0.1
26.5,24,29.7,23.6,23.6,22.2,1011.7,77,61,0.1
26.5,24.6,28.6,24.3,24.1,23,1008.8,81,80,2.6
25.7,24,27.1,23.8,23.4,22.3,1008,82,87,2.9
25.3,23.8,26.7,23.8,24.3,23.9,1010.1,92,88,10
27.2,25.7,30.4,24.2,24.9,23.8,1012.7,82,55,0
27.8,25.5,31.4,24.1,23.4,21.2,1012.6,69,22,0
26.7,24.6,30.1,23.3,22.4,20.1,1013,68,32,0
26.2,24.7,29.4,23.5,22.6,20.8,1011.9,72,26,0
26.3,23.8,29.9,22.6,21.3,18.4,1010.5,63,17,0
27.7,24.4,31.5,21.2,20,15.3,1008.7,47,5,0
28.3,25.5,32,22.3,21.9,18.3,1006,55,33,0
26.8,25.6,29,23.3,22.1,19.7,1008.1,65,84,0
27.2,25.4,30.1,24.1,24,22.5,1010.8,75,77,0
27,24.7,30.4,24,24.6,23.6,1012.8,82,51,2.8
27.8,25.5,31.1,24.1,24.6,23.2,1011.8,77,40,0
27.6,26.2,30.2,25,23.3,21.1,1011,68,72,0
27.2,25.6,30.4,23.3,22.8,20.6,1011,67,68,0
26.1,25.3,27,24.2,23,21.4,1011.5,76,86,0
26.9,25.6,29.9,24.6,23.5,21.9,1013.5,75,60,0
25.8,24.7,27.6,23.3,22.1,20.2,1017.2,71,78,0
24.5,24,26,23.4,21.3,19.5,1018.9,74,86,0
25.2,23.2,28.5,22.1,21,18.7,1018.4,68,73,0
25.2,23,28,21.9,20.9,18.5,1017.8,67,58,0
25.4,23,28.4,21.6,21.3,19.1,1016,69,32,0
24.8,22.8,27.4,21.6,21.5,19.7,1015.2,73,65,0.1
25.1,22.7,28.4,21.6,20.2,17.3,1015.6,63,29,0
24.6,21.9,27.6,20.1,17.8,13,1014.5,49,9,0
24.4,21.3,27.9,18.9,16.5,10.1,1013.1,41,19,0
23.8,21.6,27.1,19.3,15.7,8.8,1015.4,39,21,0
22,19.4,25.6,17,16,11.1,1018.3,50,3,0
22,20.2,24.7,18.5,18,15.4,1018.7,67,29,0
22.8,20.9,25.7,19,19.2,16.9,1018.7,70,30,0
23.7,22.1,26.3,20.3,20.2,18.1,1018.6,72,67,0
24.2,22.9,26.5,21.1,20.9,19.1,1017.2,73,47,0
24.8,22.4,28.1,20.9,21.3,19.4,1016.7,73,30,0
25.5,22.6,29.5,20.8,20.8,18,1014,65,57,0
26.2,24.9,27.5,22.2,21.5,19,1011.5,65,81,0
25.6,23.5,27.6,23,21.9,20,1012.8,71,88,0.4
22.7,21.5,24.3,21.9,21.2,20.4,1017.6,87,89,12.2
22.6,20.9,24.2,21.6,21.2,20.4,1019,88,91,3.6
24.2,22.6,27.4,22.1,21.9,20.6,1018.3,81,83,0
24.1,23,26.7,22.1,21.7,20.4,1017.6,80,70,0
24.2,22.8,26.9,21.4,21.2,19.5,1016.4,76,67,0
25.5,22.9,27.7,21.6,22.1,20.4,1014.6,74,77,0
25.4,23.7,26.4,23.1,23.3,22.4,1014.7,84,88,7.6
24.1,23,25.3,22.9,22.3,21.3,1014,85,83,0
21.9,21.1,23.1,21.1,21.3,21,1013.2,95,88,33.4
20.7,19.7,21.3,21.2,19.8,19.2,1014.2,91,88,3.9
21,19.6,23.6,20.3,18.7,17.2,1017.3,79,67,0
21.5,18.8,24.7,18.2,18.3,16.2,1018.4,72,35,0
21.7,19.2,23.9,18.9,17.9,15.4,1018.2,68,31,0
21.3,18.8,23.8,17.4,16.3,12.7,1018.6,58,54,0
20.7,18.5,23.6,17,15.2,10.7,1020.6,53,31,0
20.2,18.7,21.3,17.5,16.2,13.2,1021.1,64,81,0
20.1,19.3,21.4,18.1,16.9,14.6,1019.5,71,86,0
20.5,17.6,22.6,17.3,16.6,13.9,1018.5,66,81,0.5
21,19.5,22.8,18.7,18.5,16.9,1018.7,78,82,0.7
21.7,20.6,23,18.7,19,17.4,1017.3,76,70,0
22.7,20.4,25.8,20.3,20.6,19.4,1014.3,82,76,15.2
19.5,16.7,22.3,16.2,14.4,9.7,1015,54,28,0
19.6,17.7,21.3,16.5,16.4,14.1,1016.9,71,59,0
20.1,16,23.2,18.1,17.7,16.1,1018.1,78,73,0.5
15.6,12.8,17.8,13.9,12.4,9.3,1023.5,68,68,5.1
15,12.9,17.2,12,9.1,1.4,1024.2,40,14,0
16,13.1,19.2,11.8,11.4,6.6,1021.8,54,18,0
17.1,14.3,20.7,12.2,11.8,6.3,1021.8,50,4,0
17.7,14.6,21.4,12.1,12.6,7.6,1020.4,52,10,0
18.9,17.3,21.5,14.5,15.2,12.2,1019.2,66,31,0
19.2,16.2,22.8,13.4,13.7,8.6,1018.2,52,6,0
18.3,15.8,21.4,12.1,12.8,7.5,1017.9,50,5,0
18.3,15.7,21.4,12.4,12.4,6.6,1016.9,47,0,0
19.3,16.6,22.1,13.7,15.4,12.3,1017.4,65,5,0
20,18.2,21.4,15.4,17.1,15.2,1015.2,74,77,0
22,19.8,24.9,17.2,17.3,13.9,1013.6,61,67,0
20.1,18.4,21.7,17,16.3,13.4,1014.5,66,80,0
19.2,17.8,20.6,17.6,15.5,12.6,1017,66,85,0
18,16.6,19.3,16.5,14.3,11.3,1017.2,65,88,0
19.2,17.9,20.7,17.4,16.6,14.7,1017.9,75,88,0
18.8,17.2,20.5,17.7,17.1,16,1018.8,84,92,13
17,16.5,17.6,16.8,16.7,16.6,1016.7,98,96,22.7
13.6,12.2,17.2,15.2,13.2,12.9,1015,96,91,24.8
12.3,11.4,13.1,13.1,11.8,11.4,1016.4,94,92,27.8
10.9,9.2,13.4,9.5,8.4,5.6,1019.8,71,44,0
12,9.5,15,9.3,9,5.6,1022,65,40,0
13.9,11.3,16.4,10.6,10.6,7.2,1022.9,64,67,0
14.4,13.1,16,13.3,10.9,7.3,1024.1,62,74,0
13.5,11.3,16,10.5,10,6.3,1024.3,62,26,0
14.6,11.3,17.9,9.7,10.6,6.3,1022.5,58,13,0
14.8,12.2,17.9,10.4,11,7.1,1023.1,60,25,0
15.3,13.4,17.6,11.8,11.1,6.8,1021.5,57,46,0
14.8,12.5,17.3,10.2,9.4,2.8,1021.1,45,1,0
13,11.3,15.5,9.2,7.8,0.6,1023.5,43,0,0
12,9.9,14.6,8.4,7.3,0.8,1022.9,47,0,0
12.1,9.3,15.3,7.3,7.8,2,1023,51,0,0
13.8,10.7,16.3,8.4,9.1,3.4,1022.5,50,4,0
15.3,12.5,18.1,8.9,10.3,4.5,1021.1,49,0,0
15.7,13,18.9,9.5,11.1,6.3,1019.3,54,0,0
16.8,14.4,19.3,11,14.1,11.8,1016.8,73,49,0
19.8,17.2,22.5,14.3,15.9,12.9,1015.7,65,28,0
18.8,16.8,21.8,13.1,13.3,8.2,1017.8,51,0,0
16.3,14.5,18.7,11.1,12.3,8.3,1018.8,60,2,0
16.5,14.8,18.5,12.1,13.7,11.3,1018,72,26,0
17.8,16.5,19.1,14.2,15.9,14.4,1016.8,81,88,0
18.8,16.1,21,16.3,17.2,16,1017.9,84,74,0
15.5,14.3,16.6,13.7,12.4,9.6,1022.9,68,83,0
15.3,14.4,16.2,14.4,13.1,11.2,1024.3,76,87,0
16.2,14.1,18.8,12.4,14,12.3,1023.7,78,32,0
17.5,15.1,21.5,13.2,14.7,12.4,1023.3,73,29,0
13.9,11.8,16.2,11.9,10.9,8,1023.6,67,50,0
13.2,10.6,16.8,10.2,10.1,6.8,1023.6,65,39,0
13.2,11.2,16.1,9.8,9.8,6,1025.6,62,27,0
13.9,11.8,16.7,9.8,11.1,8.1,1024.3,68,28,0
15.5,12.7,18.9,10.6,13.1,11,1023.3,75,15,0
16.2,13.5,19.7,10.4,10.8,4.9,1026.1,48,0,0
14.6,13.2,16.7,10.5,11.6,8.7,1026,69,22,0
16.4,13.4,20.5,10.5,11.2,5.6,1023.7,51,10,0
14.9,12.9,17.6,9.1,8.2,-1.4,1024.5,33,0,0
13.3,10.3,17,6.9,8,0.6,1025.2,43,0,0
13.3,11.6,15.8,8.6,10.6,7.8,1023.2,70,12,0
15.6,12.9,18.5,9.7,13.5,11.7,1018.8,78,46,0
18.4,16.5,21.4,13,16.1,14.4,1017.7,78,83,0
19,16.3,24.4,16.1,16.4,14.6,1019.4,76,74,0
16.4,15,18.9,13.2,13.8,11.6,1021.3,74,30,0
17,14.8,20.3,12.6,14.4,12.3,1020.4,75,21,0
17.8,15.6,21.2,12.4,14.9,12.7,1019.9,72,2,0
18.9,15.9,22.9,12.9,16.3,14.4,1019.3,75,5,0
19.4,16.4,22.8,13.4,16.9,15.1,1018.4,77,16,0
20,18.3,22.2,15.3,18.1,17,1015.4,83,34,0
20.2,17.5,23.8,14.7,17.4,15.4,1011.6,76,16,0
20.6,17.4,24.6,14.3,17.2,14.9,1010,71,3,0
18.2,16.6,19.4,15.6,16.4,15.1,1013.3,82,73,0
17.1,15.9,19,15.9,15.4,14.1,1013.9,82,82,0
18.6,16.7,21.6,16.6,17.2,16.3,1012.1,87,81,0
20.3,18.1,23.4,16.7,18.9,18,1010.9,87,84,0
16.6,16,18,16.2,15.6,14.9,1011.4,90,88,0.3
14.5,10.4,16.7,16.2,14.1,13.7,1012.3,95,93,13.1
9.1,8.3,10.5,10.7,7.4,5.3,1019.1,77,88,0.3
8.4,7.5,9.7,9.7,6.1,3.1,1019.9,69,89,0
8.9,7.3,10.5,8.8,7.8,6.6,1018.8,85,96,0.4
8.7,8,9.8,9,8,7.2,1021.3,91,96,21.4
10.6,8.2,14.6,9.1,8,4.8,1022.1,67,64,0
11.8,9.7,13.6,8.9,10,8.1,1020.4,79,86,0
14.2,13.3,15.4,12.7,13.3,12.5,1018.6,89,100,0
17.6,15.3,20.9,14.4,17,16.6,1018.1,95,90,0
17,12.2,21.5,15.4,16,15.3,1016.4,90,88,0
10,7.9,12.4,0,8,5.6,1021.5,75,84,3.8
12.3,8.2,17.3,7,8.9,4.8,1024.8,62,5,0
13.8,12.3,15.2,10,11.5,9.3,1024.5,75,74,0
14.7,12.6,17.1,12.1,12.5,10.5,1023,77,85,0.2
16.2,14.4,19.2,14,14.1,12.4,1022.7,78,52,0
17,15,19.3,13.4,15.3,14,1020.6,82,64,0
18.7,17.3,20.9,15.7,17.1,16,1018.6,85,83,0
20.2,17.9,24.1,17.3,18.8,17.9,1018,87,73,0
19.6,18.7,21.1,17.1,18.4,17.7,1018.9,89,80,0
18.3,17.4,19,17.4,17,16.1,1017,87,88,0
20,18.4,22.1,17.8,18.8,18.1,1014.6,89,86,0
19,16,21.7,17.6,18.1,17.6,1014.6,91,90,0.6
15.8,15.4,16.3,16.1,14.7,13.8,1017,87,89,0
16.8,15.4,18.2,15.8,15.9,15.4,1017.5,91,94,0.1
16.7,15.9,17.6,16.6,15.3,14.3,1018.7,86,89,0.1
15.3,14.8,15.9,15.2,14.1,13.2,1018.2,88,88,0
14.6,14.1,15.1,14.4,13.5,12.6,1020.3,88,89,0.1
15.1,14.2,16.2,14.5,14.5,14.1,1018.8,94,94,0.9
14.8,14.2,15.5,0,13.5,12.5,1020.9,87,88,0
14.4,13.9,15.6,0,12.6,11.1,1022.1,81,88,0
15,14.1,15.9,14.2,13.7,12.7,1020.2,86,88,0.3
17.7,15.4,19.5,15,17.3,17.1,1014.7,96,93,0.1
20.2,19,22.2,18.1,17.6,15.8,1016.2,77,85,0.3
17.1,14.7,19.9,15.4,14.3,12.1,1022.2,73,84,0.4
16,14.7,17.5,15.1,12.8,9.8,1022.1,67,90,0
18.1,16.3,19.9,14.5,15,12.4,1021,70,82,0
20.4,18.4,22.9,16.7,19.1,18.4,1018.9,88,86,0
21.9,19.9,25,18.8,20.7,20,1016,89,85,0
22.7,20.4,26.8,19.4,21,20.1,1013.6,86,48,0
21.5,18.7,25.2,17.7,19.3,18,1014.2,81,31,0
16.5,15.5,18.7,16.2,13.3,10.6,1020.4,69,88,0
17.3,15.2,20.8,15.8,13.8,10.8,1021,67,53,0
18.4,15.9,22,14.6,15.1,12.6,1022,70,42,0
19.5,16.6,23.1,15,16.3,14,1019.4,72,45,0
21.9,18.9,26.5,17.2,18.7,16.6,1015.5,73,37,0
22.6,20.6,26.2,18.7,20.4,19.2,1013.9,82,55,0
23.5,20.6,27.6,18.8,21.3,20.1,1012.7,82,53,0
22.2,21.2,23.3,21.4,21.3,20.8,1012.1,92,88,0
21.8,20.7,23.5,21.3,21.2,20.8,1011.4,94,87,19
22.6,19.1,26,20.3,21.6,21,1010.4,91,90,103.1
20,18.9,21.2,18.6,19.8,19.7,1009.7,98,93,82.6
20.2,19.5,20.9,19,19.9,19.8,1010.9,98,89,8
19.4,18.6,20.3,18.3,19.1,18.9,1011.9,97,88,24.4
19.6,18.5,20.7,18.3,19.3,19.1,1013.5,97,89,42.3
20.6,19.2,22.9,17.7,18.5,17.3,1016.5,82,60,0
20.8,18.2,24.7,17.2,17.6,15.5,1016.5,73,34,0
19.2,17.5,21,19.4,18.1,17.3,1017,89,90,9.3
19.2,17.9,20.1,18.3,17.7,16.7,1016.4,86,88,0
19.9,18.8,21.2,18.8,19.4,19.1,1014.6,95,80,27.5
22.3,19.8,26.5,18.5,21,20.3,1014.1,89,55,0
22.1,21.1,24.4,21.4,20.5,19.5,1015.2,85,71,0
22.7,20.7,25.8,20,20.9,19.9,1013.7,85,77,0
24.1,21.8,27.8,20.9,21.9,20.8,1012.3,82,49,0
24.7,22.1,28.7,21.6,22.6,21.6,1012.1,84,24,0
22.8,21.7,24.5,22.3,20.9,19.9,1014.7,84,57,0.4
21.9,20.5,24.4,20.1,19.3,17.8,1015.9,78,75,0
22.1,21,23.6,21.5,20.3,19.3,1013.3,84,88,0
24.1,22.1,27.5,21.6,22.3,21.5,1012,86,55,0
24.9,22.4,28.6,21.2,22.8,21.8,1012.2,84,32,0
25,23.1,27.8,21.9,23.1,22.2,1011.7,85,46,0
25.4,23.5,28.1,22.8,23.1,21.9,1011.1,82,72,0
23.8,22.9,24.9,23.3,22.7,22.2,1012.6,91,86,0.6
24.8,22.9,27.5,22.5,23,22.2,1012.6,86,88,0
22.4,21.4,24.9,22.9,22,21.7,1012.3,96,93,13.3
21.7,21.3,22.3,21.9,21.2,20.9,1011.7,95,90,1.5
22.6,21.6,23.7,22.1,22.1,21.8,1012.2,95,92,1.7
23.1,22,24.9,22.6,21.9,21.3,1012.9,90,84,2.7
25.5,22.1,29,20.8,22,20.2,1013.3,73,63,0
25.4,23.6,28.6,22.7,21.1,18.8,1013.5,68,69,0
23.9,22.9,25.7,22.1,21.7,20.5,1013.1,81,79,0
23.3,22.3,25,22.6,21.6,20.6,1011.7,85,85,0.7
22.8,21,25.3,21.4,21.3,20.5,1012.6,87,88,2.8
24,22.3,27,22.7,21.7,20.4,1015,81,83,0
24.6,23.1,26.8,22.3,21.6,20,1014.5,76,81,0.2
22.4,21.5,23.8,22.7,21.9,21.6,1012,95,88,7.3
21.8,20.2,23.8,21.4,20.7,20.2,1014.3,91,84,26.6
19.9,18.8,20.4,21,18.7,17.9,1016.4,89,88,1
20.4,19.8,21.2,20.8,19.8,19.5,1013.6,94,94,3.2
22.2,21.2,23.2,20.9,21.8,21.7,1010.7,97,98,106.3
21.7,20.9,22.2,21.2,21.6,21.6,1009.1,99,98,89.1
23.3,21.5,25.6,21.1,22.8,22.5,1008.2,95,87,12.5
24.3,22.3,26.6,22.4,23.6,23.4,1007.7,95,92,164.5
25.8,23.4,29.4,21.8,24.8,24.4,1008.5,92,87,40.9
27.3,24.8,29.1,23.8,25.9,25.4,1007,89,84,57.5
28.7,27.5,30.9,25,26.2,25.2,1005.2,82,79,2
28.9,27.3,30.8,25.9,26.6,25.7,1005.1,83,79,2.8
28.2,26.9,30.4,25.1,26.9,26.3,1007.6,90,82,18.8
28.3,26.5,30.2,25,26.7,26,1008.8,88,86,10.7
28.7,27.5,30.4,25.4,26.3,25.4,1008.9,82,84,1.2
28.9,25.8,32,25.1,26.2,25.2,1008.9,81,82,0.7
26.9,23.1,29.8,24.5,25.3,24.6,1007.8,88,89,53.2
27.1,23.9,30.6,22.9,25.5,24.9,1006.9,88,86,47.1
29.1,28.2,29.9,21.4,26.3,25.1,1005.7,80,88,0
27.4,25.4,28.9,20.2,26.1,25.5,1008.6,90,87,33.1
27.9,25.9,31.5,23.3,26.2,25.4,1011.4,87,77,0
29.5,26.7,32.6,23.6,26.4,25.1,1011.5,78,71,3.6
29.6,27.8,32,24.9,26.5,25.3,1010,78,71,0
29.7,27.8,32.7,26,26.6,25.4,1007.9,78,66,0
29.4,27.6,32.1,26.4,26.2,24.8,1007.4,77,57,0
29.4,28.1,31.4,26.9,26.5,25.3,1007,79,78,0
29.8,27.9,32,26.3,26.5,25.1,1007.4,76,67,2.2
30.1,28.4,32.8,26.9,26.8,25.4,1008,76,53,0
30.2,28.1,33.2,27,26.8,25.5,1007.5,77,60,3.7
30.1,28.4,32.7,27.2,26.5,25,1005.5,74,67,0
29.5,28.4,31.3,27.3,26.6,25.5,1004.2,79,83,0
30.2,28.3,32.5,26.9,26.7,25.2,1004.3,75,56,0
29.9,28.4,32,27.3,27,25.8,1003.6,79,80,0.2
28,26.6,30.1,26.4,25.5,24.4,1003.1,81,88,17.2
27.2,25.2,30,24.3,25.1,24.2,1002.3,84,87,7.6
28.6,26.2,31.5,25.5,26.2,25.2,1001.2,82,75,57.6
27.8,25.9,30.5,25,25.3,24.3,1001.8,81,80,0
28.4,27,30.7,26.5,25.6,24.3,1001.7,79,82,0
28.1,27.4,29.4,26.4,25.2,24,1001.9,78,85,0
28.8,26.9,32.3,26.6,24.3,22.2,1002.1,68,59,0
28.8,26.3,31.9,24.5,22.7,19.4,1002.6,58,46,0
29.8,27.8,33.5,26,23.7,20.7,1003.1,59,75,0
28.2,25.3,30.8,26,25.4,24.1,1001.9,80,87,9.9
29.6,26.6,31.9,26.3,27,26,1002.5,81,88,3.8
30.2,29.2,31.9,27.3,27.2,26.1,1004.7,79,87,1.1
30.1,27.7,32.5,26.7,27.2,26,1004.6,79,80,6
29.7,27.5,32.6,26.8,27.3,26.4,1003.4,83,83,10.5
29.2,26.2,30.5,25,27.2,26.4,1002.7,85,87,29.2
28.4,25.3,30.2,25.7,26.8,26.1,1003.2,88,87,47.6
26.6,25.2,28.1,24.7,25.8,25.5,1004.1,94,86,114.9
27.8,26.5,29.5,25.7,26.3,25.8,1004.1,89,84,41.5
27.8,26.1,30.3,24.7,26.6,26.1,1004.3,91,85,45.9
27.6,26.1,29.9,26,26.6,26.1,1005.7,92,83,18.5
30.3,27.5,33.2,26.2,27.2,26,1006.5,78,73,0.1
30.5,28.4,33.7,27.1,27.3,26.1,1005.6,78,69,0
30.3,28.5,33.1,27.4,27.1,25.8,1004.3,78,59,0
29.3,26.7,32.2,27.2,27.1,26.2,1005,84,74,20.4
29.3,27.1,32.5,26,27.2,26.4,1007.4,85,80,0.9
28.7,26.3,31.6,25.5,27.1,26.5,1008.8,88,82,13.9
30.1,28,32.9,27,27.4,26.4,1007,81,73,0
30.5,29.1,33.1,27.2,27.3,26.1,1004.4,77,72,0.1
30.9,29.3,33.8,27.5,27.4,26,1004,76,57,0
30.9,28.9,33.8,27.4,27.5,26.2,1004.5,76,68,1.5
30.4,27.9,32.9,27.5,27.4,26.2,1004.1,79,82,14.8
29,26.9,30.3,27.9,26.8,25.9,1001.9,84,88,5.5
30.5,28.4,33.5,26.9,27.3,26,1000.3,78,85,0
30.8,28.4,33.4,27.3,27.3,25.9,1002.3,76,63,0
30.1,27.4,32.7,26.8,27.3,26.2,1003.9,80,77,16.9
29.4,26.8,32.2,26.1,26.9,26,1005.2,82,76,23.3
30.3,28.3,33.6,27.3,27.5,26.5,1006.7,81,65,5.8
30,28.5,33.1,26.8,27.2,26.1,1008.5,80,70,2.9
29.9,27,32.3,27.3,27.2,26.1,1009.6,80,74,22.6
30.6,28.8,33.8,27.2,27,25.5,1009.8,75,77,0.2
30.2,28.1,33.5,27.2,26.8,25.4,1007.9,76,78,0
29.2,26.7,32.1,28.1,26.6,25.5,1004.7,81,79,34.5
27.6,26.3,29,25.8,26.1,25.5,1003.9,88,88,19.5
28.7,26.9,31.7,26.4,26.8,26.1,1007.3,86,85,6.5
28.9,26.4,32.2,26.4,26.9,26,1008.1,85,81,11.1
29.7,27.8,32.7,27.7,26.2,24.7,1005.5,75,73,0
29.4,26.2,33.2,27.1,26.4,25.2,1002.6,79,53,35.7
30.6,29.2,32.9,27.2,27.7,26.6,999.7,79,60,0
29.8,27.9,31,28.2,27.4,26.5,1001.4,83,88,7.3
29.9,27.3,33.5,26.8,26.7,25.4,1005.7,77,82,6.2
28.4,26,30.3,27.8,26.6,26,1008.8,87,87,6.7
27.9,25.9,30.6,26.2,26.6,26.1,1008.8,90,75,25.5
29.6,27.2,33.2,26.6,26.3,25,1006.3,77,40,0
30,27.5,34.2,27.6,26.5,25.1,1005.3,76,52,0
30.4,28.1,33.6,28,27.2,26,1005.1,78,34,0
30.8,28.7,33.6,28,27.1,25.6,1003,75,16,0
30.2,25.9,34.6,27.6,27,25.7,1001,78,39,5.9
29.7,26.1,32.8,26.3,26.8,25.6,1001.4,79,47,10.7
29.3,26.1,32.3,25.3,26.7,25.7,1001.9,82,60,39.3
30.2,27.2,32.7,28.2,27.4,26.4,1002.4,81,72,12
29.2,27.3,30.7,28.4,27.3,26.6,1003.4,86,73,21.1
28.1,26.1,31.1,26.4,26.4,25.7,1003.6,87,83,36.5
29,26.7,31,26.4,26.9,26.1,1003.3,85,87,14.5
29.9,28.1,32.3,26.8,26.7,25.4,1003,78,57,0
30.1,28.8,32,27.6,26.8,25.5,1004.4,77,72,0
29.8,27.5,32.4,26.4,26.7,25.5,1004.7,78,74,5.1
29.9,28.5,32.1,27.5,27.2,26.1,1003.3,80,78,0
28.9,25.2,31.9,27.8,26.8,26,1002.1,85,88,102.9
26,24.3,28.8,23.4,25.5,25.3,1003.5,96,93,166.1
28.1,25.4,30.7,24.6,26.2,25.4,1008,85,79,0.5
29.2,26.7,32.4,26,26.1,24.8,1010.1,78,53,0
29.3,27.9,31.9,26.6,26.3,25.1,1008.6,79,65,0
29.3,27.3,31.9,26.2,26.3,25,1007.3,78,49,0
29.6,27.7,32.4,26.5,26.3,24.9,1008.2,76,76,0
27.4,24.6,31.3,25.3,25.5,24.7,1008.7,86,93,42.1
24.7,22.9,26.5,21.7,24.1,23.9,1010.4,95,88,88.8
26.9,23.9,30.7,24.6,25,24.3,1010.7,86,68,0.1
28.5,26.6,31.9,26,25.9,24.9,1010.6,81,61,0
29.1,27.2,32.2,25.9,26.1,24.9,1009.8,78,51,0
29.1,26.9,33.2,25.9,25.8,24.4,1009.7,76,40,0
29.9,27.3,34.1,26.6,26.6,25.2,1010.1,77,40,0
30.1,27.9,34.2,27,26.8,25.4,1010.6,76,40,0
29.4,28.2,31.7,27.5,26.3,25,1010.1,78,77,0.7
29.5,28.1,32.1,27.1,26.8,25.8,1012.1,81,79,0.3
30.1,27.5,34.1,26.7,26.5,25.1,1012.5,75,53,0
30.1,27.8,34,26.8,26.5,25,1011.1,75,60,0
29.1,28.2,31.2,27.3,26.7,25.8,1009.7,83,84,1.6
29.5,27.1,32.7,26.6,26.7,25.6,1010.5,80,57,2.2
29.4,27.4,32.2,26.5,25.9,24.4,1010.8,75,36,0
29.8,27.6,32.8,26,26.2,24.6,1009.3,75,33,0
29.2,27.4,31.6,26.4,26.1,24.8,1006.9,77,51,6.7
29.7,27.9,32.7,26.6,26.8,25.7,1007.2,80,65,0
29.9,27.7,33.6,26.7,26.5,25,1007.7,75,52,0
29.8,28.3,32.9,27.3,26.8,25.6,1007.5,79,79,0.6
29.1,27.5,31,27.5,26.8,25.9,1007,83,86,3
29.7,28,32.5,26.9,26.4,25,1007.9,76,52,0
30,28.1,33.9,26.6,26.4,24.9,1008.1,75,59,0
30.3,28.1,34.1,26.7,26.7,25.3,1008,75,73,0
28,26.1,31.6,25.5,26.4,25.8,1006.3,88,86,32.1
29,26.9,32.1,26.6,26.9,26.1,1006,85,65,6.2
29.8,27.6,33.4,27.1,26.9,25.8,1006.1,80,46,0.5
29.2,26.4,33.2,27.2,26.3,25.1,1001.8,79,75,17.6
27.3,26.2,28.8,25.9,25.8,25.2,1003.6,89,87,51.6
28.1,26.6,30.5,25.9,26.5,25.9,1011.2,88,85,7.7
29.1,26.9,32.5,26,26.3,25.1,1012,79,32,0
29.9,27.4,32.2,26.2,26.6,25.3,1006.8,77,35,0.3
29.2,26.7,33,26.5,24.4,22.1,1004,66,63,0
27.2,25.7,29.9,24.7,22.5,20.2,1005.3,66,71,0
27.2,25.2,29.6,24.1,22.9,20.8,1007.1,68,64,0
27.5,25.6,30.1,24.1,23.8,22.1,1008.6,72,47,0
28.1,26.4,29.9,24.7,24.7,23.3,1011,76,69,0
28.5,26.8,31.2,24.9,25.2,23.8,1012.1,76,53,0
28.4,27.2,31.4,25.2,25.2,23.8,1012.5,77,61,0.7
28.7,27,31.7,25.3,25.5,24.2,1013,77,30,0
29.1,26.7,32.8,25.2,25.6,24.1,1012.2,75,28,0
29.3,27.2,32.4,25.5,25.6,23.9,1011.4,73,29,0
29.6,27.1,33.6,25.9,26.6,25.3,1011.1,78,43,11.4
28.1,25.2,31.4,24,25.8,24.8,1012.2,83,79,26.7
28.5,26.6,30.8,26,25.7,24.6,1010.5,79,66,0
27.5,25.2,30,25.9,25.7,25,1009.4,86,75,23.7
26.5,24.9,28.9,25.4,24.5,23.6,1010.9,84,78,2.6
27.1,25.4,30.7,25,23.5,21.7,1012.9,73,47,0.1
26.8,24.5,29.8,23.8,21.9,19.1,1015.1,64,48,0
26.3,24.4,28.9,23.4,21.5,18.9,1014.6,64,26,0
26,23.9,29.1,22.8,21.1,18.3,1012.9,63,30,0
26.5,25,29.2,23.2,21.5,18.8,1010.8,63,55,0
27.1,24.2,30.3,22.7,21.4,18.2,1010.1,59,43,0
27.9,25.1,31.4,23,22.1,19,1010.9,59,26,0
27.6,25,30.9,23.3,21.4,17.7,1013.5,56,15,0
26.3,23.8,29.9,21.2,20,16.1,1016.2,54,29,0
25.5,23,28.7,21.6,20.1,16.9,1017.6,60,49,0
25.3,22.8,28.4,21.6,21.1,18.8,1017.3,68,36,0
25.4,23.9,27.6,22.5,21.1,18.6,1017.9,67,41,0
25,23.4,28,21.8,20.7,18.2,1017.5,66,26,0
25.4,23.1,28.3,21.5,21.5,19.4,1016.3,70,33,0
25.8,24.5,28.5,22.8,22.4,20.6,1015.8,74,46,0
26.5,25,29.4,23.3,23.4,22,1015,77,50,0
27.3,24.6,30.4,23,23.1,21,1015.2,70,61,0
27.3,23.4,30.6,24.2,23.1,20.9,1015.2,69,58,56.4
24.8,23.9,25.7,21.9,22.5,21.3,1016.2,81,86,0.2
24.8,24.2,26,23.6,22,20.6,1016.3,78,81,0
25,24.1,26,22.9,22.4,21.1,1016.6,79,80,0
25.8,24.4,28.3,23.6,23.1,21.8,1016.8,79,88,0.1
26.1,24.4,28.7,23.3,23.2,21.7,1016.4,77,60,0
25.1,23.7,26.8,22.1,21.2,19.1,1016.8,70,71,0
25.2,23.9,27.7,23.6,22,20.3,1017,75,72,0
25.5,24.5,27.5,23.8,22.8,21.5,1015.8,79,55,0
25.6,24.3,28.1,23.2,23,21.7,1014.1,79,54,0
25.6,23.9,28.6,22.7,23,21.8,1013,79,19,0
25.3,22.9,27.4,23.4,21.6,19.6,1015.2,71,56,0
21.7,21,22.9,21.7,17.9,15.3,1017.4,67,88,0
22.8,21.9,23.5,21.6,19.8,18,1017.5,75,88,0
23.9,23,25.2,21.6,21.1,19.6,1017.4,77,83,0
24.1,22.7,26.5,21.8,21.9,20.7,1017,82,79,0.1
22.9,22.1,24,22.7,21.7,21.1,1017.1,90,88,11.8
20.5,19.3,22.1,21.8,19.8,19.4,1017.9,94,88,18
22.2,20.2,23.9,20.5,20,18.8,1018.3,81,84,0
23.3,22.6,24.7,22.1,20.8,19.4,1017.3,79,64,0
23.6,22.8,25,21.6,21.3,20.1,1016.6,81,86,0
22.6,20,24.3,22.2,20.3,19,1017.4,81,88,0
19.8,18.6,21.3,20.1,17.4,15.8,1020.2,78,88,0
20.9,18.9,23,19.1,18.1,16.3,1019.9,75,72,0
21.9,20,24.1,19.1,19,17.1,1019.7,74,28,0.4
22.6,20.3,25.8,19.3,19.3,17.3,1017.8,73,24,0
21.1,19.2,24.3,18.4,17.1,14.2,1019.3,65,19,0
20.7,18.1,23.5,17.9,16.6,13.7,1021.5,65,59,0
21.2,19.1,23.7,18.5,17.6,15.2,1020.7,69,45,0
21.5,20.2,23.4,19.2,18.4,16.4,1018.4,73,40,0
22.1,20.5,24.5,19.3,19.2,17.4,1017,75,45,0
22.4,20.7,24.6,19.3,20.1,18.7,1016.5,80,40,0
22.8,21.8,24.9,19.9,20.4,19.1,1016.8,80,43,0
23.4,21.6,25.7,20.3,20.6,19.1,1015.4,77,38,0
24,21.9,26.9,19.7,21.5,20.2,1013.4,80,37,0
23.4,22.5,24.8,20.3,21,19.7,1013.6,80,73,0
22.2,21.4,23,20.3,20.3,19.2,1015.2,83,89,0.4
23.3,21.9,25,21,21.3,20.2,1014.7,83,81,0
23.5,23.1,24.2,21.6,22,21.2,1013.4,87,88,0.2
24,22.9,26,22.5,22.9,22.4,1012.9,91,86,0.2
19.7,15.5,23.9,19.9,17.3,15.7,1016.3,78,88,3.1
16.4,14.5,17.6,15.8,14.9,13.9,1019.5,86,88,4.5
18.3,16.7,19.3,16.7,16.9,16,1017.4,86,88,1.7
14.8,13.5,18.7,14.9,12.9,11.3,1020.9,80,94,5.4
15.1,12.9,16.8,14,11.7,8.5,1022.3,65,83,0.5
17.6,15.9,18.8,14.9,14.5,11.9,1020.1,69,85,0
17.8,17,18.7,15.7,14.4,11.7,1019.3,68,88,0.1
18.3,15.7,20.7,15.5,15.2,12.8,1020.5,70,73,0.1
19.4,17.6,20.8,15.8,16.1,13.7,1021.5,70,51,0
19.6,17.9,21,17.7,17.2,15.6,1019.5,78,88,2.1
19.5,17.7,21.5,16.8,15.3,12,1019.6,62,89,0
15.5,14.4,17.7,15,10.9,5.8,1024.2,53,85,0
14.6,12.1,17.6,11.4,10,4.8,1025.6,52,41,0
16,13.3,18.9,12,12.2,8.6,1023.5,62,29,0
18.6,17,20.1,14,14.9,12,1020.9,66,84,0
16.8,13.9,19,14.4,11.2,4.7,1024.6,46,43,0
13.3,10.8,15.2,8.9,6.7,-4.3,1027.1,29,21,0
14,11.9,15.8,9.9,9,2.5,1026.4,47,80,0.1
13,10.7,14.7,12.6,11.6,10.3,1024,84,90,14.3
14.7,10.8,17.7,11.1,11.5,8.2,1020.8,66,39,0.2
16.3,13.5,18.8,12.8,11.9,7.3,1023.2,57,33,0
13.6,10.9,15.5,9.3,9.1,3.8,1024.3,52,44,0
15.4,14.5,16.3,12.8,12.3,9.3,1021.7,67,90,0
18.7,15.8,21.4,15,15.7,13.6,1021.4,73,88,0
16.9,15.3,19.1,16.3,14.6,12.8,1020.8,78,94,6.7
16.2,15,17,15.3,15,14.1,1020.7,88,100,2.2
16.6,15.3,17.7,15.5,14.8,13.5,1021.6,82,95,0.5
14.5,12.3,16.1,14.6,12.9,11.5,1022.6,83,72,3.2
14,11,17.9,10.3,10.3,6.3,1020.6,61,10,0
14.9,12.8,18.4,10.7,11.5,8.1,1019.8,65,9,0
16.4,13.2,20.4,11,13,9.9,1021.7,67,19,0
16,13.7,19.2,10.9,12.1,8.3,1024.5,61,16,0
15.2,13.1,17.1,11.7,12.5,10,1025,71,21,0
15.5,13.2,17.9,10.9,12.1,8.9,1022.3,65,2,0
17.3,15.2,19.6,12.8,15,13.2,1017,78,56,0
19,18.1,20.7,16.2,17,15.7,1014.5,81,88,0
20.2,18.2,23.9,17.4,18.4,17.4,1014.8,84,49,0
18.1,16.2,19.2,16.3,15.9,14.2,1019.7,79,70,0.1
15.7,13.6,18,12.8,12.6,9.7,1025.1,68,32,0
15.5,14.1,17.5,13,12.6,9.9,1025,70,34,0
16.3,13.9,19.2,11.9,12.9,9.9,1023.4,67,23,0
16.9,14.9,19.6,13.2,13.4,10.4,1022.3,66,79,0
14.1,12,17.1,14,12.5,11.2,1021.5,83,89,14.9
12.6,11.7,13.9,12,11.9,11.2,1020.9,91,82,25.8
13.7,10.3,17.5,9.3,10.4,6.9,1022,65,13,0
14.5,11.4,17.6,9.7,11.3,8.1,1022.7,66,20,0
16.7,14.5,20.2,12.5,13.5,10.6,1022.4,68,29,0
15.7,13.5,17.7,11.1,12.3,9.1,1024.1,65,14,0
16.2,13.9,19.2,11.7,12.4,8.9,1023.7,63,28,0
15.8,13,19.3,10.4,11.1,6,1022.4,54,15,0
15.9,14.2,18.5,11.4,12.7,9.7,1021.3,67,45,0
17.2,14.2,20.4,11.9,14,11.4,1020.9,70,37,0
17.4,15.3,20.7,11.6,11.8,5.9,1021.5,48,14,0
16.3,14.4,19.3,11.4,13.2,10.4,1020.6,68,31,0
17,15.8,18.5,13.4,14.6,12.7,1019.1,76,85,0.9
18.2,16.6,19.7,15.5,16,14.4,1018.9,79,81,0
18.6,16.6,21.5,14.6,16.7,15.5,1018.5,82,51,0
18.3,17.2,19.8,15.1,16.5,15.3,1017.9,82,71,0
16.9,16.1,18.5,14.6,14.6,12.8,1018.8,77,75,0
16.8,14.9,19.5,13.6,14.6,12.9,1019.6,78,23,0
16.8,15.5,19.6,14.2,14.7,13,1021.9,79,49,0
15.5,14.7,16.5,14.2,13.7,12.3,1025.6,81,83,0
15.3,14.2,17.2,13.4,13.2,11.3,1026.3,78,83,0
16.3,14.7,19.1,13.1,14,12.2,1025.4,77,53,0
17.1,15.5,19.8,13.7,15.1,13.6,1024.6,80,58,0
16.2,14.2,17.9,14.8,14.2,12.6,1023.5,80,80,0
14,12.5,16.5,12.8,10.5,6.9,1024.9,62,84,0
13.4,11,15.7,11.2,10.7,8,1024.5,70,88,0.3
16,14.4,18.4,13.1,13.3,10.9,1021.7,72,81,0
16.2,13.9,19.5,12.5,11.2,5.9,1023.2,51,67,0
14.9,13.7,17.2,11.4,11.9,9.1,1025.2,68,34,0
14.5,12.8,17.1,11.2,11.7,9.1,1022.2,70,26,0
16,13.6,18,12,13,10.4,1018.7,70,67,0
17.3,14.6,21.4,12.1,12.9,8.8,1018.2,59,49,0
17.5,14.4,21.5,11.4,12.4,7.4,1018.3,53,49,0
18.5,16.8,20.5,13.4,13.4,8.7,1016.9,53,62,0
18.9,18.1,19.8,16.8,17.3,16.3,1016.2,85,88,3.3
19.7,17.8,21.6,16,18.6,17.9,1016.5,90,68,0
19.2,18.2,21.6,16.5,17.7,16.7,1016.7,86,79,0
18.1,17.1,19.4,15.6,16,14.4,1019.1,79,86,0
17.2,16.4,17.9,16,15,13.3,1020.3,78,88,0
17.5,15.9,19.1,15.9,15.9,14.8,1018.3,84,88,0
19.3,17.6,21,17.4,18.3,17.6,1015.5,90,86,0.2
20.3,18.9,22,18.7,19.6,19.2,1016.1,93,90,15.6
18.6,17.9,19.1,17.6,18,17.7,1015.5,95,93,10.2
18.6,17.8,19.6,18.1,18.1,17.7,1014.8,94,88,0
19.6,18.9,20.5,19,19.1,18.8,1014.1,95,88,0.8
21.4,19.5,23.8,19.3,20.4,19.8,1014.2,91,71,0
19.4,17.9,21.5,19.1,18.7,18.3,1015.8,94,87,1.2
18.3,17.2,19.5,17.4,17.3,16.7,1017.3,90,89,0.4
18.9,17.6,20.4,17.8,16.2,14.1,1019.4,74,84,0
17.5,17.1,18.2,17.4,15.9,14.8,1016.4,84,92,0
19.3,17,22.5,16.6,17.9,17.1,1012.4,87,89,0.2
17.2,16.3,18.7,17.4,16.3,15.7,1015.1,91,92,0.2
16.2,15.7,16.6,16.1,15.7,15.4,1016.6,95,98,4.8
16.9,16.4,17.4,16.4,16.2,15.8,1017,94,96,0.1
17.4,16.6,18.4,16.9,16.5,15.9,1018,91,100,0.2
18.5,16.8,20.3,16.9,17,16.1,1017.9,86,91,0
21.1,18.1,25.1,16.8,19,17.8,1018.5,82,65,0
17.7,16.1,19.4,16.3,14.9,12.7,1022.1,73,75,0
16.2,15.5,17.6,15.6,14.4,13,1021.9,81,92,0.3
15.7,14.8,16.5,14.7,14.7,14,1020.6,89,92,3.7
17.2,15.8,18.3,16.2,14.7,12.9,1019.1,76,92,0
19.4,18,20.3,16.6,17.6,16.4,1018.4,83,91,0
20.9,19.6,22.5,18.8,20.1,19.7,1016.5,93,92,0
21.8,20.4,23.7,19.4,21,20.6,1015.7,93,91,0
22.1,20.7,24.6,20.6,21.2,20.7,1013,92,86,0
23,21,26,20.2,22,21.5,1011.6,91,86,0
24,22.3,26.4,21,22.7,22,1013.1,89,68,0
24,22.1,28.3,20.7,22.2,21.3,1015.3,86,39,0
22.9,21,25.5,20.3,21.2,20.3,1016.7,85,65,0
21,19.9,22.3,20.7,18.9,17.5,1017.9,81,85,0.1
20.9,19.2,24.5,18.2,16.8,13.8,1018.9,64,80,0
19.8,18.4,22.3,18.8,17.1,15.2,1022.5,75,86,0
18.2,17.7,19.1,17.3,15.8,14,1024.2,76,83,0
18.8,17.4,20.5,17.4,16.7,15.3,1024.2,80,88,4.2
20.3,17.9,23.7,17.8,19,18.2,1021.6,88,86,14.6
21.4,19.7,24.8,18.7,19.2,17.8,1018.4,81,46,0
22.4,20.1,26.7,19,20.1,18.7,1016.2,80,68,0
22.8,21.5,25.2,20.4,21.3,20.6,1014.9,87,84,0
23.3,21.9,25.6,21.2,22.1,21.6,1013.9,90,83,0
24.4,22.7,27.2,21.9,22.8,22.1,1012.2,87,80,0
25.6,23.6,28.5,22.5,23.5,22.5,1008.5,84,80,0
25.9,25,26.9,23.2,23.9,23,1007.6,84,82,0
26.5,25,29.4,23.8,24.3,23.3,1009.8,83,74,0
26,24,30.6,22.5,23.4,22.1,1011.3,80,38,0
26.5,23.8,29.8,22.2,23.9,22.7,1011.4,80,32,0
24.9,22,27.1,23.8,22.8,21.8,1013.7,83,81,0.1
18.9,16.4,22.1,20.2,16.5,14.8,1018.3,77,92,10
18,15.9,19.4,16.9,16.8,16.1,1017.8,89,94,1.3
18.2,16.6,20,18.2,16.9,16,1017.9,87,90,0.7
17.1,16.4,17.9,15.9,16.8,16.6,1019.1,97,100,52
19.3,16.5,22.4,17.8,17.2,15.9,1019.6,81,71,0.2
22.4,18.6,27.2,16.5,17,13.1,1018.7,57,9,0
21.5,18.1,26.6,15.5,14.5,8.3,1018.7,44,9,0
22.1,18.4,27.5,16.3,16.6,12.5,1016.1,56,15,0
22.7,19.6,26.1,17.7,19,16.7,1015,69,25,0
23.7,20.7,27.4,18.9,20.5,18.8,1012.4,75,52,0
25.3,23.2,27.2,21.6,23.5,22.7,1010.1,86,88,0
26.6,25.8,27.5,23.8,24.5,23.5,1008.6,83,88,0
26.3,23,28.6,24,24.3,23.4,1008,84,88,0.2
23.7,22.5,25.7,22.3,20.8,19.1,1012.7,75,81,0
23.4,21.7,26.7,20.9,20.3,18.6,1017.1,75,81,0
22.6,22.1,23.6,21.1,18.6,16,1018.4,66,88,0
24.4,21.6,29,20.4,20.6,18.5,1017.6,70,48,0
23.9,22.2,27.2,21,21.1,19.6,1017.1,77,52,0
24.1,22.2,27.9,21.2,21.1,19.5,1016.9,76,59,0
24.8,21.8,30.3,20.8,22,20.7,1014.3,79,27,0
25.4,23.1,28.9,22.2,22.7,21.3,1011.7,79,58,0
26.6,24.3,30.1,22.5,23.9,22.7,1011.1,80,66,0
27.5,24.9,31.9,23.5,24.5,23.1,1011,78,41,0
27.2,25.4,30.8,24.1,24.7,23.6,1010.3,81,76,0.5
27.6,26.4,29.8,24.9,24.9,23.7,1009.5,79,79,0
28.2,27,30.4,25.2,25.4,24.2,1009.7,79,81,0
28.1,26.9,30.7,25.2,25.4,24.2,1010.1,79,83,0
27.3,24.3,30.5,25.1,25,24,1008.9,82,86,3.9
26.8,24.2,28.9,24.1,25,24.3,1008.5,87,85,0.6
28,26.5,30.6,25.1,25.8,24.8,1009.7,83,81,0.3
28.2,27.1,30.2,25.5,25.6,24.4,1008.7,80,84,0
27.3,24.2,30.5,26,25,24.1,1008.5,83,81,7.3
26.3,24.3,28.8,23.8,25,24.5,1009.7,90,84,20.1
25.6,23.3,29.4,24.4,24.5,24.1,1010.3,91,85,51
25.7,22.6,29.5,22.8,22.5,20.9,1012.2,75,78,0
26.4,25.2,28.4,24.5,24.4,23.5,1012.2,84,85,0
28.5,26.4,31.9,25.1,25.6,24.3,1012.1,78,70,0
29.1,27.1,32.6,25.7,26,24.7,1011.4,78,73,0
26.7,24.6,28.6,25.2,25.1,24.5,1009.9,88,86,18.4
26.4,24.5,29.6,24.2,24.8,24,1008.3,87,86,5.7
28.2,26.1,29.3,24.8,25.7,24.7,1007.9,82,88,0.9
28.6,27.6,29.3,25.9,26.4,25.5,1006.9,83,88,1.2
27.9,25.2,30,26.3,26.4,25.8,1006.2,88,90,107.7
24.2,23.1,25.3,24,23.2,22.7,1008.4,92,93,12.6
23.6,22.9,24.3,23.4,22.7,22.2,1008.8,92,88,0.7
24.8,23.9,27.4,23.5,24.5,24.3,1006.2,97,96,169.4
26.6,24.6,29,15.3,25.8,25.5,1005.8,94,88,8.2
28.4,25.4,32.5,25.5,26.5,25.8,1006.6,86,78,29.4
26.9,24.6,28.7,24.8,26.2,25.9,1008.3,95,89,64.6
29.2,27.8,31,26.2,27.1,26.3,1007,84,86,0.2
30,28.3,31.9,26.8,27.3,26.2,1005.3,81,86,1.4
30.3,29.1,32.5,27.3,27.3,26.2,1006.5,79,83,0
29.6,26.1,32.5,27.3,27.1,26.1,1007.5,81,79,7
29.3,26.7,31.5,26.2,27,26.1,1007.3,83,86,1.9
29.3,28.4,31.2,27.3,27,26.2,1007.9,83,82,10.6
29.6,26.5,32.5,26.9,26.9,25.8,1009.3,81,81,5.4
29.9,28,33.2,26.7,26.5,25.1,1010.2,76,68,0
29.8,27.9,32.8,26.9,26.5,25.2,1008.9,76,59,0
29.2,27.8,31.4,26.7,26.3,25.2,1007.3,79,77,0
29.5,27.2,32.4,26.4,26.5,25.3,1007.7,78,78,0.8
29.8,28.1,32.1,26.4,26.7,25.4,1009,78,65,0
29.8,27.8,32.2,26.9,26.6,25.4,1008.1,77,73,1.6
29.9,28.4,31.5,26.9,26.8,25.5,1007.2,77,72,0
29.9,27.3,32,27.3,27.2,26.1,1007.3,80,83,8.1
30.3,27.9,32.7,27.3,27.3,26.1,1008.2,78,79,0.8
28.8,25.6,31.7,24.3,26.8,26,1008.5,85,79,96.8
29.9,28.5,32.3,26.8,26.7,25.5,1007.9,78,76,0.4
29.9,27.3,33,26.3,26.8,25.6,1008.3,78,77,1.5
30.2,26.7,34,25.3,26.9,25.6,1009.4,77,48,5.2
30.1,28.1,33.4,26.8,26.7,25.3,1008.2,76,39,0
30.2,28.5,33,26.9,26.8,25.4,1006,76,40,0
30.7,28.5,34.2,26.5,26.8,25.2,1005.3,73,52,0
30.8,28.6,34.2,27.2,26.9,25.2,1006.1,73,40,0
30.9,29.2,34.1,27.7,27.5,26.1,1006.5,76,56,0
28.5,26.3,31.9,27.3,27.2,26.7,1005.1,90,80,51
27.9,26.7,30,26.9,27,26.6,1003.2,93,87,18.1
27.3,26,29.1,25.3,26.5,26.1,1003.9,93,88,51.3
28.3,26.1,30.7,26.1,26.8,26.2,1005.3,89,86,9.7
28.3,26.9,29.7,26.4,26.9,26.3,1005.8,89,88,28.5
29.5,27.1,32.3,26.5,27,26,1006.1,82,68,10.4
30.4,29.1,32.5,27.2,27.3,26.1,1008.3,78,53,0
30.4,27.4,33.6,26.5,27.1,25.7,1009.5,76,64,1.9
30.5,28.9,33.3,27.2,26.9,25.5,1007.9,75,54,0
30.4,29.1,32.5,27.7,27.1,25.8,1006,76,66,0
30.5,29.4,32.7,28,27.4,26.2,1004.2,78,78,0
30.6,29.5,32.6,28.1,27.4,26.2,1003.2,78,81,0
30.6,29.3,32.4,27.8,27.6,26.4,1002.8,79,80,0
30.5,28.7,33.8,27.3,27.2,25.9,1002.8,77,78,0
29.8,28.5,32.7,27.5,26.8,25.6,1003.1,79,69,0
29.2,27.9,30.7,27.3,25.6,24.1,1001.3,75,80,0
29.2,26.7,32.7,25.3,24.1,21.7,1000.4,64,69,0
28.8,26.6,31.8,25.4,23.7,21.3,1000.3,64,82,0
27.4,25,30.2,25.5,23.9,22.2,997.4,74,88,2
28.3,25.4,32.7,24.9,25.9,25,1000.2,83,82,24.3
29.9,27.1,32.9,26.4,26.1,24.5,1000.1,74,42,0
30.9,28.7,33.9,27.4,27.2,25.7,1001.1,75,43,0
30.8,29,34.4,27.7,27.2,25.8,1002.3,75,59,0
30.5,28.6,34.1,27.5,27.4,26.2,1002.1,78,67,0
30.3,28.4,33.5,27.7,27.5,26.4,1001.1,79,73,0
30.2,28,32.8,27.3,27.3,26.2,1000.5,79,87,0
28.9,26.4,32.9,26.2,26.3,25.3,1001.5,81,85,1.2
29.7,28.5,32.4,27.6,27.1,26.1,1001.6,81,81,0.2
29.7,28.2,33.5,27.1,26.2,24.8,1001.2,75,74,0
27.4,26.2,29,27.3,26.2,25.7,1001.4,91,92,46.2
26.7,25.2,27.9,24.5,25,24.3,1006.6,87,93,51.2
27,23.9,28.9,23.7,25.8,25.4,1008.4,91,93,191.3
27.9,24.9,29,25.9,26.2,25.5,1007.9,87,90,45
28.8,27.4,30.1,26.1,26.5,25.5,1006.9,83,88,5.7
28.5,27.3,29.8,25.6,26.3,25.4,1006.6,83,88,9.6
28.5,25.9,30.4,24.7,26.3,25.4,1009,83,85,24.9
29.1,27.7,31.6,25.8,26.4,25.3,1011.4,80,69,0.3
29.2,27.5,32.9,25.8,25.8,24.4,1012.1,76,53,0
27.9,25.8,31.6,26.4,25.7,24.7,1011.6,83,67,3.7
28.1,26.3,30.9,25.7,25.4,24.2,1011.1,80,72,0.6
28.5,26.1,31.8,25.5,25.6,24.3,1011,78,49,0
28.9,26.9,32.2,26.1,25.8,24.6,1011.2,78,69,0
28.9,26.8,32.3,25.9,25.8,24.5,1011.6,78,54,0
29.5,27.3,33.3,26.5,26,24.5,1010.6,75,38,0
29.4,26.8,33.3,26.2,25.7,24.1,1008.3,74,29,0
29.6,27.6,33.3,25.9,26,24.4,1006.1,74,27,0
30.1,27.8,33.1,26.7,26,24.2,1005.3,72,29,0
30.7,28.2,33.3,26.6,26.6,24.9,1003.4,72,40,0
32.4,30,36.3,27.2,26.5,24,998.5,62,55,0
31,26.9,34.7,27,26.6,24.8,998.5,71,80,11.6
28.1,25.1,30.6,23.7,26,25.2,1004.5,85,88,23.5
29.2,26.3,32.8,25.8,26.5,25.4,1007.3,81,77,16.8
30,27.8,33.7,26.5,27,25.8,1007.9,79,78,0
28,26.4,29.6,26,26.3,25.6,1007.9,87,84,27.5
26.9,25.6,28.8,25,25.7,25.1,1007.4,90,88,18.9
27,24.9,28.6,25.5,25.6,25,1008.5,89,88,24.6
29.2,26.9,31.2,25.7,27.2,26.5,1008.5,86,88,0.1
29.9,28.3,32.4,26.7,27.5,26.6,1008.2,83,81,0
30.2,28.4,33.8,26.7,27,25.8,1008,78,67,0
30.1,28.1,32.8,26.6,26.9,25.7,1007.7,77,59,0
29.1,26.8,31.2,26.9,27,26.1,1006.3,84,67,6.1
30,26.9,33.4,25.9,26.8,25.5,1002.2,77,70,0
30.2,28.4,32,26.3,26.2,24.4,1000.1,71,48,0
30.6,28,32.9,25.8,26.1,24.2,1000,69,30,3.4
30.7,28.3,33.2,26.4,26.2,24.3,1002.4,70,48,0
30.6,27.9,34.4,25.8,25.4,23.2,1005.5,65,22,0
28.9,27.8,31.7,26.8,26.3,25.3,1008.1,81,78,0.2
29,27,32.4,26.3,26.1,25,1008.1,79,75,0
28.3,26.9,31.2,26.4,25.5,24.4,1006.5,79,84,0
27.8,26.5,29.6,26,25.6,24.8,1006.2,84,87,0.9
26.6,25.8,27.9,25.7,25.6,25.2,1006.8,92,88,9.7
27.4,25.8,29,25.9,25.7,25,1007.4,87,88,0
27.4,25.7,28.9,25.7,26,25.4,1007.8,89,87,5.3
25.8,24.5,27.7,25,25.1,24.8,1010.9,94,88,39
27.6,25.8,29,24.1,26.3,25.8,1013,90,87,0.2
29.1,27,32.9,25.1,26.7,25.7,1013.1,82,60,0
29.3,27.2,31.9,25.2,26.1,24.8,1011.1,78,38,0
29.6,27.8,32.3,25.4,26.7,25.6,1008.1,79,43,0
28.3,26.7,29.6,27.2,26.6,25.9,1007.2,87,82,7.3
27.9,26.4,30.7,24.3,24.6,23.1,1009.4,75,60,0
28.2,26.5,31.2,24.3,24.6,23,1012,74,44,0
28.1,26.5,31.3,24.9,24.7,23.2,1012.7,75,47,0
28.1,26.8,31,25,25,23.7,1011.1,77,46,0
27.9,26.2,30.5,25.3,24.7,23.2,1011.5,76,66,0
28,25.8,31.2,24,23.6,21.4,1013,68,49,0
28,25.9,31.4,24.3,24,22.1,1012.2,71,46,0
28.6,26.5,31.9,25.7,24.8,23.1,1011.3,73,60,0
28.1,26.9,31,26,25.6,24.5,1011.9,81,86,1.5
28.2,27.1,30.6,26,25.4,24.2,1014.6,79,72,0
28.5,26.8,31.8,0,25.4,24,1015,77,47,0
28.3,26.8,30.6,25.5,25.5,24.3,1012.2,79,67,0
28.7,27.1,31.1,25.6,25.7,24.5,1009.3,78,74,0
27.4,25.5,28.7,25.9,24.9,23.8,1008.6,81,88,16.9
28.1,26.3,31,24.8,26.2,25.5,1009.9,86,67,2.9
28.9,27.3,32,26.3,26.3,25.3,1009.1,81,40,0
29.3,27.4,32,25.4,26.1,24.7,1006.7,77,23,0
29.7,28.1,32.2,25.7,26.6,25.3,1004.9,78,38,0
28.7,26.9,32.2,26.8,26.9,26.3,1006.7,87,71,10.2
27.8,26.5,30.2,24.8,25.8,25,1008.2,85,81,4.6
29,25.8,32.8,24.7,23.4,20.6,1006.7,61,30,0
29.7,27.4,31.3,24.7,23.2,20,1005.6,56,53,0
29.8,28.2,32.7,25.3,26.3,24.8,1011,75,78,0
28.8,26.4,31.7,26.4,26.3,25.3,1013,81,84,0.3
27.9,26.5,31.6,26.1,24.6,23.1,1012.4,76,82,7
26.8,24.2,29.7,24.8,24.7,23.7,1011.7,83,88,46.4
26.7,24.9,27.8,22.5,25.7,25.2,1013.2,92,95,38.1
26.7,25.4,27.8,24.4,25.8,25.4,1015.2,93,88,15.6
26,25.3,26.8,23.7,25.6,25.4,1014.1,97,86,50.7
26.4,25,27.6,22.6,25.4,25,1012.7,92,85,5.8
27.8,26.1,30,23.4,24.6,23.1,1010.5,76,54,0
26.8,24.8,29.4,23.6,22.8,20.9,1011.3,70,45,0
24.3,21.1,26.6,23.4,21.4,19.9,1013.7,77,85,1
20.5,18.5,22.1,20.8,18.1,16.6,1018,78,88,2
23.1,21,24.9,20.5,19.2,16.8,1019,67,88,0
25.1,23.3,27.8,21.7,21.2,19.1,1018.7,70,68,0
25,23.1,28.2,21.8,21.8,20.1,1017.4,75,51,0
25.2,23.1,28.7,21.4,22.2,20.7,1015.2,76,19,0
25.8,23.3,29.4,22.5,22.2,20.4,1013.8,73,20,0
26.2,23.6,30.8,22.7,21.9,19.5,1013.4,69,17,0
25.5,23.5,29.1,21.6,21.5,19.3,1012.5,70,43,0
25.3,23.1,28.2,21.3,19.9,16.7,1010.2,59,79,0
26.2,23.8,29.1,22.1,20.5,17.3,1008.3,58,78,0
26.4,24.3,29.2,22.4,21.8,19.3,1010.2,65,64,0
27,25.3,30.6,23.5,22.9,20.9,1012,70,48,0
27,24.8,30.7,23.2,23.3,21.6,1013,73,50,0
26.8,24.9,29.6,23,23.6,22.1,1015,76,61,0
25.9,25.4,26.6,23.5,23.1,21.7,1016.8,77,77,0.2
25.4,24.5,26.2,23.7,23.3,22.3,1016.8,83,81,0.7
26.5,24.3,30.1,23.2,23.5,22.1,1015.6,77,48,0
26.7,25.5,29.2,23.8,24.4,23.3,1017,82,46,0
26.4,25.5,28.4,24.2,24,22.9,1018.2,81,61,0
26.7,25.3,29.6,23.9,24.2,23.1,1017.8,81,53,0
25.6,24.4,27.2,24.1,22.9,21.6,1020.4,79,66,0.5
22.9,20.5,24.5,22.3,19.7,17.8,1020.9,73,61,0
22.6,19.7,26,20.1,18.6,16,1019.8,67,72,0
23.7,22.3,25.8,21,20.6,18.8,1019.5,74,82,0
24.7,23.1,26.6,21.7,21.8,20.4,1018.1,77,83,0
25.8,24.5,28.2,23,23.3,22,1016.1,80,82,0
25.5,24.7,26.3,24.2,23.4,22.4,1015.6,83,81,0
26.2,25.2,28.4,23.8,24.3,23.4,1016.3,85,87,0.3
26.5,25.5,28.7,24.5,24.5,23.6,1016.4,84,70,0
26.7,24.8,30.3,23.3,24.3,23.3,1015.8,82,58,0
24.9,24,25.9,24.1,22.6,21.4,1016.9,81,88,0.3
23.8,22.6,25.4,22.5,21.7,20.6,1017.7,82,85,1.1
23.9,23.6,24.2,22.7,22,21.1,1017.3,84,88,0.3
23.3,21,25.3,22.6,22.5,22.1,1015.2,92,86,10.4
24.4,22.3,26.9,21.8,22.2,21.2,1014.5,83,74,0
24.2,23.5,24.8,23.4,22.9,22.3,1015.2,89,84,6.5
24.8,23.6,25.9,21.9,23.9,23.5,1013.7,93,74,3.9
25.5,24.4,27.2,22.8,24.3,23.8,1013.9,90,51,0
26.1,24.1,29.1,22.7,24.1,23.2,1016,84,20,0
25.9,24.5,28.5,23,23.8,22.9,1017,84,58,0
24.8,24.4,25.9,23,22.7,21.6,1017.2,82,73,0
24.8,23.9,26,22.5,22.3,21.1,1017,80,83,0
25.4,24,27.6,22.9,22.7,21.3,1017.1,78,65,0
25.4,23.7,28.4,22.9,22.6,21.2,1016.7,78,47,0
24.5,23.3,26.6,22.2,21.4,19.8,1016.7,76,35,0
22.6,18.2,25.3,21.4,19.1,16.8,1017.7,70,44,0
18.2,15.8,21.2,16.6,12.9,7.8,1020.6,52,46,0
18.4,15.3,20.4,14.5,13.8,9.7,1022.4,57,44,0
20.8,19.2,22.9,17.5,17.3,15,1022.5,70,49,0
22.1,20.3,24.1,19,19.2,17.4,1021.2,75,40,0
22.4,20.4,25.2,18.8,19.4,17.7,1018.9,75,56,0
22.9,22,25.1,20.5,20.4,19,1017.6,79,85,0
23.3,22.2,25,20.9,20.9,19.6,1017.1,80,69,0
20.8,19.6,22.3,20.3,18.2,16.5,1019.4,77,93,0
19.5,18.4,21,18.2,16.8,14.9,1021.1,75,88,0
18.4,15.7,20.3,18.6,16.8,15.8,1018.4,85,91,15.7
16.6,15.4,18.1,16.5,14.2,12.2,1021.3,76,91,1
17.3,15.4,19.3,16.3,14.4,12.1,1023.1,72,86,0
18,17,19,17.2,15.8,14.1,1022.2,78,90,0.7
17.7,16.9,18.9,17.3,17.2,16.8,1016.8,95,95,44.6
19.3,17.6,20.9,16.7,17.8,16.8,1015.5,86,80,0
19.9,17.9,23,16.9,17.3,15.5,1016.4,76,72,0
20,19.4,20.7,18.4,18.3,17.1,1016.2,83,88,0
20.4,19.7,21,19,18.8,17.8,1016.4,85,83,0
20.4,19.1,21.3,18.5,18.5,17.3,1016.6,82,84,0
18.4,16,20.4,17.9,15.1,12.6,1019,69,70,0
15.2,13.4,17.2,13.3,10.1,4.3,1022.5,49,11,0
13.2,11.5,15.2,11.2,7.6,-0.4,1025.9,39,25,0
13.9,11.3,16.5,10.8,9.1,3.1,1026.4,48,11,0
16.2,13.8,18.2,12.3,12.3,8.7,1025.4,62,71,0
17.6,17,18.6,15.1,15,12.9,1022.5,75,88,0.7
19.4,17.1,21.1,16.2,17.5,16.2,1021.3,82,87,0
19.9,18.7,20.6,17.9,18.5,17.6,1020.3,87,88,0.6
21.1,19.8,22.3,17.9,20.1,19.6,1017.8,91,79,0
22.3,21.1,24.7,20.3,21.3,20.7,1016.8,91,70,0
18.2,16.1,21.4,18,15.5,13.5,1020.4,75,89,0.2
17.9,16.9,19.7,17.1,15.3,13.3,1020.6,74,87,0
17.7,16.9,18.8,16.9,16.1,15,1022.7,84,90,0.4
17.3,16.3,18.6,16.5,14.8,12.8,1026.6,75,85,0
17.7,16.4,18.9,15.3,15.2,13.3,1025.9,75,78,0
17.3,15.2,19.2,15.8,15.1,13.3,1025.3,78,86,0.4
17.8,15.5,20.5,14.9,15.1,13,1026.4,74,66,0
18.3,16.8,19.9,15.8,15.3,13.1,1025.9,72,49,0
18.9,17.2,21.7,15.8,16.9,15.6,1022,81,83,0.3
19.3,18,20.3,17.9,18.7,18.4,1019.7,95,91,5.6
20.6,19.1,22.3,18.6,19.5,18.8,1018.9,90,88,0
20.7,20.2,21.3,19.5,20.2,19.9,1015.9,95,81,46.7
20.9,19.2,24.3,18.6,19.1,18,1018.8,84,51,0
18.8,17,21.4,16.8,16.5,15,1021.8,79,56,0
18.4,16.5,21,16,16.1,14.4,1020.8,78,28,0
18.1,17.1,18.9,15.9,15.9,14.3,1020.6,78,79,0
18,17.2,18.5,16.8,16.5,15.5,1017.5,85,91,6.9
18.1,16.5,20.4,16.3,17,16.4,1016.5,90,90,30.7
17.3,16.1,18.5,17.2,15.2,13.7,1019.9,79,86,0
16.1,14.2,18.7,14.3,13.9,12.1,1020.8,77,34,0
16.5,15.6,17.5,14.3,14.5,12.9,1019.3,79,81,1.1
15.1,14.5,16.1,15.1,14.8,14.6,1015.4,97,97,38.8
16.4,15.5,17.1,15.4,16,15.6,1013.5,95,93,12.3
17.8,14.8,20.6,16.5,16.8,16.1,1011.5,90,79,24.6
15.2,11.9,17.8,12.4,13,11.1,1017.1,76,49,0
16.4,15.3,17.6,14.9,14.2,12.5,1020.1,78,84,0
15.5,14.8,16.8,15.3,14.6,13.9,1019.6,90,92,3.3
16.1,15.1,17.1,14.9,15.7,15.3,1017.7,95,100,0.1
14.1,10.3,16.2,15.4,13.4,12.9,1018.9,92,100,12.9
8.5,7,10.4,10.7,6.3,3.4,1027.1,70,95,0.5
4.9,3.1,7.1,6.1,2.4,-2.2,1034.6,61,96,4
7.4,4.3,10.8,5.4,3.4,-3.7,1032.6,46,25,0
10.4,8.1,13.5,7.7,7.1,2.5,1027.1,59,85,0
13,9.8,15.3,10.2,12.2,11.6,1022.7,92,95,3.5
16.1,14.8,17.4,13.3,15.9,15.7,1018.2,98,100,42.5
16.6,15.9,17.4,14.8,16.2,15.9,1017.9,96,91,32.8
17.6,16.2,19.9,14.8,16.4,15.5,1020,88,80,0
15.7,15.3,16.2,15.2,14.4,13.4,1019.9,86,93,0.3
12.4,10.7,15.6,13.4,11.8,11.2,1022.2,93,96,11.3
10.4,9.4,11.2,10.6,8.7,6.8,1024.4,79,94,0
12.5,10.3,14.3,11,10.6,8.6,1023.6,77,88,0
15.2,13.3,18.8,12.9,12.9,10.9,1021.8,76,45,0
14.8,12.3,18.6,11.4,11.6,8.4,1021.2,66,18,0
13.6,11.2,17.4,8.9,7.9,-0.3,1024.9,39,13,0
13.7,9.9,18.1,7.7,7.6,-1.7,1026.1,36,2,0
14.8,11.6,19.6,9.1,10,4.3,1023.9,52,0,0
16.7,12.7,21.2,10,12,7.2,1020.8,54,29,0
16.6,15.3,17.3,12.8,13.1,9.8,1017.5,64,77,0.2
18.8,17.2,22.4,14.3,17.3,16.4,1014.9,86,80,0
19.2,17.6,21.6,17.4,18.7,18.5,1013.4,95,86,0.1
23.1,21.3,25.9,18.5,21.8,21.1,1012.5,89,76,0
21.7,17.4,24.6,19.5,19.5,18.1,1014.8,81,82,0
13.2,11.4,17.5,14.1,10,6.6,1024.3,64,88,0.3
12.8,10.9,15.1,11.8,9.5,6,1025.4,63,89,0
12.9,11.6,14.4,12,10.9,8.9,1024.1,77,91,1.7
13.7,11.7,15,12.2,12.7,11.8,1021.9,89,95,3.4
15.3,14.6,16.3,13.5,14.2,13.3,1020.3,88,94,4.4
16,12.5,20.1,12.6,12.7,9.6,1023.2,67,55,2.4
15,14.7,15.9,12.9,12.9,11,1022.2,77,82,0
16.1,14.6,17.6,14.2,15.3,14.7,1020.6,91,88,0.5
15.5,13.7,16.7,14.9,14.8,14.3,1022.3,92,88,0.5
13.7,12.3,15.5,13.4,11.8,10,1027.5,78,88,0
14.8,13.5,16.8,13.3,12.6,10.5,1028.9,76,87,0
15.2,14,17.6,13.6,13.2,11.6,1027.4,79,88,0
15.5,13.8,17.5,13.5,13.5,11.7,1024.7,79,79,0
16.6,13.3,20.9,11.9,13.8,11.5,1023.8,72,49,0
18.5,14.4,24.8,12.5,14,10.1,1024.4,61,19,0
16.5,14.6,19.7,13.1,13.8,11.5,1024.7,73,43,0
16.6,14.4,20.6,12.9,13.8,11.4,1023.8,72,32,0
18.7,15.4,23.8,13.4,16,14,1020.9,75,46,0
20.2,18.1,23.2,15.9,18.2,16.9,1018.1,82,71,0
20.8,19.2,23.1,17.5,18.4,16.9,1016.7,79,83,0
21.8,19.2,25.9,17.2,19.4,18,1015.8,79,72,0
19.7,18.9,21.3,17.7,18.8,18.2,1014.9,91,76,0.2
20.1,18.9,21.5,18.5,19.3,18.9,1012.5,93,88,0
20.8,17.1,22.9,19.2,20.2,19.9,1012.5,95,88,15.5
13.4,10,17.2,15.5,12.7,12.2,1019.5,93,93,16.8
11.9,10,14.3,12,10,8,1022.6,77,93,0.1
13.6,12.7,14.5,13.2,12.4,11.4,1017.7,87,100,0.1
15.8,14.4,17,13.9,15.4,15.1,1014.5,96,99,6.8
15.3,14.2,16.5,13.5,13.7,12.4,1018,83,89,0.8
14.8,14,15.5,14.5,12.9,11.1,1017.1,79,94,0
15.3,14.1,16.3,14,14.4,13.6,1015,90,100,1.1
16.5,15.6,17.4,14.9,16.2,16,1014.3,97,97,2.2
19.5,17.2,21.9,15.9,19.2,19,1012,97,92,0
22.4,20.3,24.9,18.4,21.7,21.4,1013,94,85,0
19,17.6,23.1,18.6,18,17.4,1014.7,91,96,0.3
17.1,16.4,18.2,16.4,16.6,16.3,1014.8,95,95,59.6
16.6,15.9,17.3,15.8,16.2,16,1013.4,96,100,1.7
18.4,17.1,20.6,16.4,18.2,18,1012.8,97,95,8.7
15.3,12.7,17.7,16.1,15.1,14.9,1020.2,98,99,33.4
13.7,11.6,15.7,13.5,11.4,9.2,1023.9,75,88,1.4
15.8,12.6,20.2,11.3,12.6,9.8,1023.6,68,22,0
17.3,14.6,22.4,12.8,12.8,8.4,1024.1,58,19,0
16.9,15.2,19.9,13.5,13.3,10,1024.1,65,58,0
17.7,15.7,19.4,14,13.4,9.6,1021.4,59,74,0
20,18.4,22.2,16.3,17.8,16.3,1018.3,79,89,0
21.5,19.1,25.5,17.9,19.8,18.9,1015.3,86,83,0
21.9,19.9,25.3,18.8,20.4,19.5,1014.5,86,83,0
21.3,19.8,23.8,19.6,20.2,19.6,1015.6,90,81,0
23,21,26.5,19.4,21.5,20.7,1014.6,87,88,0
23.6,20.7,28.1,21.2,22.2,21.4,1012.5,88,84,4.3
22.3,20.7,24.4,19,21.3,20.8,1013.3,91,78,0
23.1,21.5,26.5,20.9,22.1,21.6,1013.3,91,83,0
23.9,22.4,26.9,22,22.8,22.3,1013.2,91,84,0
25.3,23.2,27.9,22.5,23.7,22.9,1013.3,87,84,0
25.7,24.4,27.5,22.5,24,23.2,1011.6,86,88,0
23.3,21.3,26.3,23.4,22.3,21.9,1009.2,92,93,22.1
21.5,20.1,22.8,21.2,20.5,19.9,1010.1,91,89,0.4
20.3,19.9,21.3,20.1,19.7,19.3,1009.1,94,88,11.4
21.8,20.9,25.1,19.9,21.7,21.6,1005.5,98,93,76.4
23.1,21.6,25.2,20.7,22.9,22.8,1008.5,98,88,0.7
21.1,20.6,23.5,20.8,20.8,20.6,1011.4,97,88,3.4
24.7,20.6,28.1,20.1,23.3,22.7,1010.5,89,81,0
25.9,24.1,27.5,22.4,24.7,24.2,1010.9,90,86,0
23.1,20.1,26.7,20.8,21.6,20.8,1014.4,87,81,23.7
20.5,20.1,21.8,20.5,19,18.1,1017.4,86,88,0
21.6,20.2,22.9,20.1,20.2,19.5,1014.6,88,89,0
24.6,22,28.4,21.3,23,22.3,1012.5,87,80,0
23.7,21,26.1,22.2,22.5,22,1010.7,90,81,8.3
24.9,22.6,27.7,21.6,23.4,22.8,1008.2,88,81,2.8
24.4,23.2,26.1,22,23.6,23.2,1008.7,93,84,41.4
26,23.9,28.4,22.5,24.8,24.3,1009.8,90,83,12.4
27.2,26,28.5,24.1,25.3,24.5,1009.5,86,87,0
26.8,25.4,29.1,24.1,24.8,24,1008.2,85,83,0.9
26,24.7,28.2,23.5,23.9,23,1010.4,84,78,1.7
24.1,22.9,26.3,23.3,21.2,19.6,1013.9,76,68,0
22.5,20.8,23.4,22.6,20.1,18.7,1012.2,80,89,1.5
22.2,20.4,23.4,20.7,21.3,20.9,1011.5,92,90,3.1
25.6,22.8,29.8,22.9,24.2,23.6,1011,89,82,0.3
26.5,22.8,30.8,24.3,24.7,23.9,1011.4,86,84,30.7
25.8,23.2,28.2,22.6,24.1,23.4,1011.4,87,82,0
28.1,26.2,30.9,24.4,26,25.1,1010.5,84,85,0
28.4,27.2,30.5,24.8,26.1,25.3,1009.9,83,84,0
28.7,27.1,31,25.9,26.1,25.1,1010.6,81,69,0
28.7,27.3,31.2,26.2,26.2,25.2,1011.4,82,80,0
28.7,26.9,30.6,25.2,26.1,25,1010.1,81,69,0
26.6,23.7,28.4,24.8,25,24.3,1008.1,87,84,60.3
25.5,23.4,28.8,23.7,22.3,20.6,1008.6,75,62,0
25.1,23.7,27.6,23.6,22.6,21.4,1009.8,80,78,0
25.5,24.4,27.8,24.3,23.3,22.2,1012.4,82,88,0
25.4,24,27.7,24.6,24,23.4,1014.2,89,86,4.7
26.6,24.4,29.8,24.2,24.6,23.7,1012.1,85,75,1
24.8,22.5,27.1,23.7,21.3,19.4,1011.2,73,69,0.3
23.7,23.2,24.6,23.6,21.3,20.1,1012.3,80,86,1.2
24.5,23.4,26.3,22.9,21.5,19.9,1012,76,79,0
25.5,24,28.1,23.6,23.4,22.5,1009.9,84,85,0
25.2,24.3,26.2,24.7,24.5,24.2,1006.9,94,88,16.1
26.5,24.7,28.3,16.3,24.9,24.3,1005.9,88,77,37.6
27.2,25.3,30.8,24.2,24.1,22.7,1007.8,77,63,0
26.8,24.8,28.9,24.1,24.3,23.2,1008.4,81,65,0
27.5,25.4,30.7,24.8,25.1,24.1,1007.9,82,61,0
28,26.2,30.9,25.1,25.7,24.7,1007.8,82,62,0
27.6,26.7,29.5,26.2,25.6,24.8,1007.6,85,84,0.1
27.5,26,29.1,25.6,26.1,25.5,1006.4,89,88,14.4
27.7,24.5,30.3,25.4,26.2,25.6,1007.6,89,89,62.9
29.1,27.2,31,24.4,26.9,26.1,1007.9,84,77,0.8
29.8,28,32.1,26.4,27,26,1008.8,80,73,0.1
29.9,28.7,31.8,26.9,26.9,25.7,1009.5,79,72,0
30.1,28.6,32.8,26.8,27.3,26.2,1007.8,80,73,0
30.3,28.7,33,27.2,27.4,26.3,1006,79,58,0
30.3,29,32.4,27.5,27.6,26.5,1006.5,80,77,0
28.7,24.7,33.8,27,26.3,25.4,1007.9,83,75,12.4
26.9,25,30.4,24.8,25.1,24.3,1008.8,86,87,7.6
26.2,24.8,29.1,23.8,25.1,24.7,1008.8,91,80,77.6
28.1,26.3,30.7,25,26.2,25.4,1008.1,86,75,0.4
27.1,24.1,30,23.4,25.7,25.1,1006.3,89,85,46.5
28.2,26.6,31.7,25.7,26.4,25.7,1005.7,86,79,0
27.9,26.6,31.1,26.6,26.4,25.8,1005.7,89,80,9.1
26.6,25.4,27.8,24.2,25.8,25.4,1005.9,93,85,85.5
27.1,25.4,29.2,24.8,26.2,25.8,1005.7,93,96,28.2
29.7,28.5,31.5,26.3,27.5,26.7,1005,84,90,0.1
30.2,29.2,31.7,26.9,27.6,26.6,1004.2,81,88,0
30.3,29.3,32,27.3,27.4,26.3,1005.3,79,86,0.6
29.4,28.2,31.4,26.6,26.9,25.9,1006.7,82,88,2.8
29.4,26.7,32.1,26.4,26.9,25.9,1008.2,82,85,2.5
29.3,27.7,30.8,27,27,26,1010.5,83,81,13.1
30.1,27.8,34.2,26.4,27.2,26.1,1010.3,80,41,0
30.8,28.6,34.4,27.4,27.5,26.3,1008.5,78,59,0
30.6,28.7,33.7,27.3,27,25.6,1009.3,75,51,0
30.5,28.5,33.7,27.3,26.8,25.3,1009.5,75,32,0
30.4,28.4,34.1,26.9,26.4,24.7,1008.4,72,20,0
31,28.8,35.2,27.2,26.8,25,1008.1,72,38,0
31.4,28.9,35.5,27.7,27.6,26.1,1008.9,74,39,0
31.3,29.4,35.1,28.2,27.7,26.3,1009.1,75,57,0
31.1,28.6,35.1,27.4,27.9,26.7,1007.5,78,61,1.7
29.1,26.3,32.3,25.8,27.1,26.3,1007.5,85,83,37.1
29,27.5,33.3,27.2,27.3,26.7,1010,87,79,20.4
30,27.8,33.1,26.4,27.1,26,1010.3,80,83,1.8
30.1,27.7,33,26.1,27.2,26,1008.9,79,78,3.4
29.4,26.9,32,26.3,27,26,1009.1,82,86,20.8
29.4,27.3,31.5,27,26.8,25.8,1008.7,82,84,2.7
30.1,28,33,26.7,27.1,25.9,1006.6,78,83,3.8
29,25.8,32.6,26.2,27.2,26.5,1007.5,87,88,9.8
27.3,24.7,28.8,25.5,26.4,26,1008.4,93,88,33.6
30.2,27.9,34,25.4,26.9,25.6,1005.9,77,53,0
31,28.1,34.2,27,27.4,25.9,1001,75,46,0
31.5,26.4,35.6,28.2,27.8,26.4,999,75,57,10.3
28.6,26.2,31.3,25.1,26.1,25,1000.3,81,88,1.7
28.9,26.1,31.1,26.9,26.9,26.1,1002.2,85,89,11.7
28.1,27,29,26.5,26,25.1,1003.8,84,88,0.1
28.6,25.6,31.7,24.6,26.8,26.1,1005,87,82,35.2
28.9,26.4,30.3,24.7,27,26.2,1006.8,86,83,10.2
30.2,28.6,33,26.9,27.5,26.4,1007,81,78,1
30.6,29,33.2,27.1,27.6,26.4,1008.1,79,69,0.3
30.6,29,33.2,27.9,27.4,26.2,1008.5,78,69,0
30.4,28.7,32.4,27.3,26.8,25.3,1007.5,74,72,0.6
29.9,26.7,32.3,26.5,27,25.8,1007.9,79,78,4.4
29.2,25.6,31.9,24.8,26.6,25.6,1009.8,82,70,16.8
30,27.5,33.3,26.7,26.7,25.3,1010.9,76,49,0.3
30,28.1,32.9,27.1,26.6,25.2,1010.3,76,29,0
30,28,32.8,27.1,26.7,25.4,1008.9,77,32,0
30.4,28,34,27,26.4,24.6,1008.4,72,21,0
30.8,28.3,35,27.4,27,25.5,1008.6,74,28,0
29.4,27,32,26.4,27.2,26.4,1008.3,84,57,8
30.2,28,33.4,27.8,26.7,25.3,1009.3,76,44,0
30.1,28.1,32.9,27.3,26.3,24.8,1009.7,74,29,0
30.3,27.6,33.7,26.5,26.4,24.9,1008.5,74,32,0
29.9,28.7,33.5,27.6,26.2,24.7,1006.6,74,49,0
30.1,27,33.9,26.9,26.4,24.9,1005.1,74,47,1.2
29.5,26.8,31.6,27.3,26.2,24.9,998.8,76,85,4.6
27.1,25.1,29.5,24.3,25.6,25,995.9,88,93,121
26.8,26.1,27.8,25.9,25.9,25.5,1006.3,93,86,17.3
26.9,26.1,28.6,25.9,26.2,26,1008.7,94,82,20.9
29.3,27,32.3,26.3,26.9,26,1008.3,83,58,0
30,27.4,33.2,26.4,26.7,25.4,1005,77,36,0
30.4,28.2,33.4,27,27.5,26.4,1002.8,80,61,0
30.5,28.6,33.4,27.7,27.5,26.3,1003,79,83,0
29.2,26.1,32.7,28,26.9,26.1,1001.8,83,83,33.5
26.7,24.7,29.3,23.8,25.6,25.1,1002.6,91,89,39.8
27.2,25.2,29.9,25.3,25.5,24.8,1003.2,87,85,42.1
28.1,26.9,29.4,25.9,26.2,25.5,1001.3,86,86,0.4
28.8,27.1,32.3,26.3,26.7,25.9,999.8,84,71,0
27.3,25.8,29.4,26.6,25.9,25.4,998.3,90,89,25.7
26.6,25.6,28.4,25.1,25.7,25.3,997.4,93,88,19.1
26.2,25.5,26.9,24.8,25.7,25.4,996,96,88,49.9
26.5,25.3,28,25.5,26,25.8,993.7,96,89,40.9
27,25.9,28.7,25.3,26.2,25.9,996.3,94,88,50.9
28.2,26.5,31.3,26.3,26.9,26.4,1003,90,84,10.5
29.2,27.4,32.4,26.2,27.5,26.8,1004.7,88,74,3.8
27.4,24.5,31.2,23.4,25.7,25,1003.2,87,58,39.9
29.3,27.3,33,26.5,26.8,25.8,1004.7,82,27,0
29.7,27.2,33.4,26.9,25.9,24.3,1004.8,74,19,0
30.1,27.9,33.5,27.2,26.5,25,1003.8,75,42,0
30.4,28.1,34.4,27.1,27.1,25.8,1004.2,77,34,0
30.4,28.1,33.6,27.3,26.4,24.7,1004.6,72,34,0
29.7,27,33.2,27.4,26.8,25.6,1006.4,79,74,3.5
27.6,25.4,31,26.5,25.2,24.1,1006.4,82,82,8.7
26.7,26.2,28,25.7,23.6,22,1007.2,76,87,0
28,26.1,31.2,25.5,23.8,21.8,1007.6,69,77,0
28.6,26.6,31.5,26,25.5,24.2,1006.3,78,84,0.2
27.9,25.2,30,24.4,26.2,25.6,1003.3,88,86,68.9
28.7,27.5,31,27.2,26.8,26.1,1002,86,88,6.1
28.1,25.7,31.2,26.1,26.4,25.7,1002.7,87,88,7
28.2,27,30.1,27.1,26.1,25.3,1005.2,84,88,0
27.1,25.8,29.2,27.3,25.7,25.1,1006.1,89,86,75.3
26.7,25.7,27.7,25.9,25.5,25,1006.7,90,86,10.8
26.5,25.4,28,26.1,25.3,24.8,1007.5,90,91,20.4
27.1,25.5,28.4,25.2,25.8,25.2,1008,90,84,2.8
27,25.5,29.4,25.9,25.5,24.8,1008.4,88,87,16.3
26.3,24.5,27.7,25.5,25.5,25.1,1007.8,93,87,53.2
28.1,25.9,31.6,25,26.3,25.6,1008.4,87,72,6.6
28.7,26,32.7,25.8,26.3,25.3,1010.2,83,49,0
28.2,26,30.9,26.1,26,25.2,1010.2,84,61,8.5
29.6,26.9,32.6,26.3,25.1,23,1004.5,69,59,0
29.4,28,31.9,26.2,24.9,22.8,1002.9,68,63,0.7
29,27.3,31.3,26,24.8,22.9,1004.9,70,44,0
29.3,27.3,31.6,26.2,24.5,22.2,1005.7,66,50,0
28.6,26.3,31.5,25.3,23.9,21.7,1006.9,66,47,0
28.6,25.5,32.6,25,24.8,23.1,1008,73,51,3.8
25.5,22.8,29.5,23.2,23.9,23.2,1012.1,87,85,39.6
27.1,24.7,30.6,24.7,24.1,22.6,1014.4,77,52,2.4
27.2,26.1,28.9,25.5,24.1,22.7,1013.6,76,87,0
27.7,26.5,29.9,25.8,24.8,23.5,1012,78,88,0
27.9,26.6,30.5,26,25.1,23.8,1010.5,78,66,0
28.1,26.9,30.5,26.1,25.4,24.3,1009.8,80,52,0
28.5,27,31.1,26.4,25.9,24.8,1007.7,81,69,0
31.1,27.7,34.9,26.7,26.2,24.1,1002.6,68,36,0
30.4,28.9,32.2,26,24.2,21.3,999.5,58,79,0
26.5,24.9,28.9,25.3,22.5,20.5,1003.9,70,88,0.7
25.1,24.1,26.4,23.8,22.4,21,1007.7,78,86,0
26.6,24,29.4,23.4,25.2,24.6,1009.9,89,75,95.5
27.6,26.2,29.8,25.6,25.3,24.3,1009,82,76,0
27.5,26.6,28.3,26,25.1,24.1,1007.8,82,84,0.2
27.5,26.5,29.5,25.8,25.3,24.4,1008.1,83,60,0
28.6,26.9,31.9,26.1,25.6,24.3,1008.9,78,68,0
28.5,25.9,32.4,25.8,25,23.5,1009.1,75,57,16.7
27.7,25.5,29.3,25.1,24.8,23.5,1007.1,79,86,17.3
28.1,27,29.9,26.2,24.2,22.4,1006.8,71,88,0
26.5,24.9,28.8,24.9,22.4,20.4,1008.9,69,86,0
25.3,23.5,28.1,23.8,21.5,19.4,1010.2,70,74,0
24.5,22,26.8,23.8,21.9,20.6,1010.7,79,88,0.1
24.6,23,25.8,24.2,22.6,21.6,1012.5,84,88,0.9
26,24.2,29.3,24.4,23.1,21.6,1013.5,77,72,0
26.7,25,29.9,25.1,23.5,21.9,1013.2,76,70,0
27.2,24.6,30.3,24.8,23.4,21.6,1012.6,72,63,0
28,25.9,30.8,24.8,24,22.1,1010.9,71,62,0
26.6,24.1,28.8,25.1,24,22.9,1009.1,81,89,16.7
24.8,23.9,25.5,24.4,24.4,24.2,1008.1,96,91,178.7
25.1,24.4,25.9,24,24.7,24.6,1008.7,96,94,223.4
27.3,24.7,29.5,23.9,24.8,23.8,1004.6,82,82,0
26.1,24.4,28,24.6,24.4,23.6,997.1,86,96,72.5
27.5,26.1,29.4,24.6,25.3,24.4,1007.8,84,77,1.9
27.1,25.8,29.1,24.8,25.5,24.9,1010,88,68,0
27.3,26.1,29.1,25,25.8,25.2,1011.3,88,74,0
27.3,26.1,29.8,25.4,25.5,24.8,1013.3,87,65,0
27.1,25.7,30,25,25.1,24.2,1015.6,84,47,0
27.5,25.4,30.9,24.5,24.8,23.5,1016,79,41,0
28.2,26.3,31.5,25,24.8,23.3,1014.9,75,54,0
26.7,24.3,29,24.6,24,22.7,1017.2,79,70,0.5
24.4,22.9,26.6,23.7,21.2,19.4,1019.8,74,85,0
25.5,23.1,28.7,23.4,21.7,19.7,1019.1,70,66,0
23.9,22.5,25.3,22.4,20.2,18,1019.7,69,76,0
22.8,21,24.8,21.5,18.9,16.6,1020.3,68,63,0
21.8,20.1,24.8,20.7,17.7,15,1019.3,66,54,0
22.4,19.6,25.3,19.2,18.5,16.1,1015.2,68,22,0
23.8,21.7,26.9,20.6,21.1,19.6,1013,77,56,0
24.2,22.4,26.9,21.3,21.7,20.4,1015.1,79,44,0
25.3,23.4,28.4,22.2,22.9,21.8,1016.6,81,52,0
24.6,22.1,28.1,23.1,22.2,20.9,1017.4,80,61,4.8
20.7,19,22.1,21.1,18.6,17.3,1019.5,81,88,1.3
17.7,17,19,19.6,15.9,14.6,1020.1,82,88,1.9
20,17.1,22.3,18,17.9,16.5,1018.8,80,92,0
23.3,21.6,25.1,21.6,21.4,20.4,1017.9,84,78,0.2
24.7,23.8,26.9,23.2,22.8,21.9,1016.9,85,65,0
25.4,23.3,28.1,21.9,23.3,22.3,1015.4,83,38,0
25.7,23.8,29.2,22.1,23.3,22.2,1015.8,81,38,0
24.6,23.9,26.1,22.9,22.3,21,1017.2,81,68,0
24.8,23.6,27.5,22.1,22.1,20.7,1016.6,78,59,0
24.8,23.5,26.8,22.3,22.7,21.6,1014.2,83,81,0
25.8,24,28,23.5,23,21.6,1013.1,78,80,1.4
25.6,25,26.8,24.1,22.8,21.4,1012.9,78,87,0
24.7,24,25.3,23.5,22.8,21.9,1012.9,85,87,0.3
22.7,21.6,24.5,22.7,22.1,21.9,1013.3,95,95,36.5
20.5,16.7,21.6,21.1,19.8,19.3,1016.2,93,92,25.9
17.3,15,19.8,17.8,14.9,13,1018.6,76,84,0
20,17.4,22.3,18.3,17.6,16,1016.4,78,88,0.1
17.6,13.3,21.1,20.6,16.4,15.7,1015.9,89,88,50.3
16.2,12.8,19.9,14.3,14.4,13.1,1016.9,83,75,8.6
18.1,16.1,20.1,16.6,14.8,12.1,1020.9,68,44,0
19.2,17.5,20.5,16.8,15.5,12.6,1022.3,66,82,0
19.7,17.4,22,16.5,15.7,12.7,1022.3,64,31,0
19.8,17.2,22.4,16,16.1,13.4,1022.1,67,19,0
20.5,18.4,22.4,17.7,17.6,15.7,1022.6,74,77,0
21.3,19.9,22.8,19.2,18.7,17,1020.9,77,87,0
22.3,21,24.9,20.6,19.8,18.4,1018.2,79,77,0
23.3,21.8,25.9,20,20.8,19.4,1017.7,79,84,0
20.8,19.4,22.9,18.6,15.4,11.1,1020.7,54,84,0
19.9,18.2,22.2,17.8,15.5,12.1,1019.1,61,73,0
19.2,17.1,21.7,15.4,14.9,11.4,1016.5,61,27,0
19.4,16.5,21.9,14.6,15.6,12.6,1015.4,65,16,0
20.8,18.3,23.1,16.5,17.7,15.6,1016.4,72,51,0
20.4,19.5,21.5,17.7,17.8,16,1016.6,76,51,0
21.1,19,23.3,17.9,18.5,16.9,1015.1,77,59,0
22.9,20.7,25.7,18.7,19.8,18,1014.5,75,48,0
21.4,18.8,23.4,19.5,17.2,14.2,1018.2,63,80,0
18,15.6,20.4,16.5,14,10.6,1022.6,62,67,0
15.2,13.2,17.1,13.2,11.4,7.7,1025.5,61,17,0
16.6,13.7,18.6,12.6,13.4,10.7,1023.2,68,56,0
19.2,17.2,21.3,15.6,16.6,14.8,1021.6,76,46,0
20.3,18.5,22.5,16.1,17.3,15.3,1018.5,73,29,0
21.3,20,22.9,17.6,19,17.6,1017.3,80,80,0
21.9,21,22.6,19,20.7,20.1,1016.8,90,85,2.8
22.4,19.7,24.8,20.3,19.3,17.4,1016.8,75,59,0.1
20.2,19.1,21.9,18.1,17.2,15.1,1019,73,78,0
18.1,16.9,19.5,17.5,15.7,13.8,1019.2,76,88,3.7
19.5,18.4,20.3,18.4,17.6,16.3,1018.4,82,85,0
21.4,19.5,23.7,18.1,19,17.6,1017,80,53,0
16.6,12.8,21.8,15.9,12.7,8.8,1020.4,61,45,0
14,11.5,15.7,12.1,10.3,6.3,1023,60,81,0
15.9,13.9,17.9,13.9,11.3,6.5,1024.1,54,80,0
16.6,14.8,18.6,14.2,12.5,8.7,1024.2,60,83,0
18.2,15.6,20.7,14.2,15.5,13.4,1022.8,74,64,0
19.2,18.4,20.8,17,17.1,15.6,1021.7,80,72,0
20.2,18.4,23.3,16.7,18,16.7,1020.2,81,28,0
20,18.9,21.3,16.9,18.2,17.1,1019.8,83,56,0
19.9,18.7,21.7,17.3,17.7,16.3,1018.7,80,51,0
21.1,18.9,23.4,17.1,18.8,17.5,1016.9,80,61,0
21.6,19.7,25,17.4,19.2,17.8,1015.1,80,43,0
21.1,19.7,22.8,18.8,18.8,17.3,1013.9,79,68,0
22.6,20.5,25.5,18.5,19.7,18.1,1013.4,76,50,0
20.6,19.7,21.8,18.1,18.2,16.7,1016.3,78,66,0
19.4,18.8,20.5,18.1,17.2,15.7,1018.1,79,72,0
19.1,18.2,19.7,17.1,16.9,15.4,1018.1,80,86,0
19,16.9,20.3,18.7,17,15.7,1015.5,81,93,0
15.9,15.1,17.1,16.9,14.3,13.1,1015.7,84,88,0.5
15.7,14.5,16.5,15.7,14.5,13.5,1017.9,87,92,1
15.5,14.3,16.8,15.5,14.1,13,1020.5,85,100,1.5
16.3,14.7,17.4,15.2,14.4,12.9,1020.4,80,93,0.4
18,16.7,19.2,16.2,15.5,13.7,1021.1,76,88,0
18.9,18,20,17.9,17.5,16.5,1021.2,86,88,0
20.4,18.7,24.1,18,18.7,17.6,1020.1,85,76,0
18.3,16.2,20.6,16.5,14.9,12.3,1022.4,69,51,0
16.7,14.6,19,14.3,13.4,10.6,1025.3,67,35,0
16.4,13.6,19.8,12.6,12.1,7.9,1026.1,58,9,0
16.8,15.2,19.4,14.2,13.8,11.4,1025.7,71,61,0
17,15.7,18.9,15.2,14.2,11.9,1025.4,72,79,0
17.5,15.9,20.9,15,15.1,13.3,1025.5,76,42,0
17.3,16.2,19.8,15.4,14.8,12.8,1024.3,75,45,0
17.5,14.4,21.3,13,14.1,11.3,1022.6,69,13,0
17.3,16.4,18.8,14.8,15.2,13.5,1018.6,79,78,0.3
19.1,18.1,21.5,16.9,17.8,17,1016.6,88,88,2.4
20.2,17.4,23.4,18.9,19,18.4,1018.2,90,88,1.2
16.7,15.9,17.6,16.7,15.5,14.6,1020.2,87,88,0.5
18.4,16.6,22,16.5,16.3,14.8,1021.3,80,80,0
16.8,16.2,17.7,16.8,15.1,13.8,1022.7,83,86,0
17.1,15.4,19.6,15.5,14.6,12.7,1020.3,76,87,0
18.2,16.3,20.9,15.4,16,14.5,1016,79,72,1.6
19,16.7,22,16.6,17.2,16,1013.9,83,67,3.3
18.1,16.9,19.7,16.4,16.1,14.6,1015.7,80,80,0
16.7,15.9,18.7,15.2,14.2,12.1,1016.9,74,83,0
17.7,15.5,20.6,16.7,15.5,13.9,1016.6,78,88,0
14,11.1,16.8,13.7,9.9,5.3,1020.2,56,72,0
12.8,10.8,15.6,11.7,8.9,4.3,1023.3,56,88,0
14,11.5,17.9,11.3,10,5.4,1026.3,57,32,0
15,12.5,19.1,11.5,11.7,8.6,1026.7,66,6,0
16.1,13.1,20.1,11.5,12.6,9.3,1027.1,65,9,0
17.3,15.6,21.1,14.2,13.3,9.7,1028.2,62,34,0
17.4,15.3,20.9,13.3,13.3,9.7,1026.1,62,20,0
18.7,15.4,24,13.8,15.3,12.7,1021.6,69,11,0
20.4,17.1,25.4,15.3,17.3,15.3,1020.6,74,39,0
19.9,18,24.1,15.8,17.2,15.4,1021.2,76,33,0
17.9,16.4,19.1,16.3,16.1,14.7,1018,82,88,0.3
21,18.3,25.5,18,19.2,18.2,1013.9,84,72,0
18.3,16.6,21.1,19.2,17.3,16.6,1017.1,90,90,4.6
18.9,16.4,21.3,16.9,17.9,17.3,1015.3,91,89,8
17.9,15,20.2,19.1,16.7,15.8,1017.4,88,95,0
13,12,15.1,14.8,11.4,9.9,1022.1,81,88,0
12.2,10.7,13.8,12.7,10.9,9.6,1020.9,85,89,0.7
13.9,10.6,17,11.8,12,10.3,1021.2,79,88,1.4
17,15.4,19.8,14.9,13.5,10.3,1022.5,66,77,0
17.4,15.1,20.8,13.5,13.6,10.3,1020.6,64,51,0
18.8,15.9,22.9,14.9,15.1,12.3,1019.5,67,72,0
19.4,17.2,23.9,13.9,13,6.5,1019.2,45,12,0
17.4,15.7,20.1,13.9,13.9,11,1017,67,43,0
18.7,16.8,21.8,15.6,15.8,13.7,1014.1,73,76,0
20.7,18.7,24,17.9,18.9,17.7,1012.4,83,80,0
20.3,17.9,23.5,17.9,18.1,16.6,1013.7,80,76,0
18,17.1,20.7,17.6,15.4,13.5,1016.5,75,87,0
16.3,15,17.3,16.5,14.9,13.9,1017.5,86,89,2.8
17,16,19.6,15.9,14.4,12.2,1015.7,74,88,0
17.8,16.4,19.2,16.5,16.8,16.1,1012.5,90,89,0
17.5,16.7,18.4,17.2,16.3,15.5,1015.1,88,91,0
18.4,17,19.5,17.2,17.5,16.8,1014.3,90,92,1
21.7,19.4,24.4,18.1,20.7,20.3,1011.8,92,86,0
19.1,16.8,22,0,18.6,18.2,1015.8,94,93,8.5
16.8,16.2,17.9,16.6,14.4,12.4,1018.2,75,88,0
17.8,16.8,19,16.6,15.5,13.8,1016.4,78,88,0
18.1,17,20.4,17.4,16.8,15.8,1017.2,86,88,0
18.9,17.4,20.1,17.7,17.9,17.2,1017.8,90,91,0.3
19.8,18.9,20.6,19,19.2,18.9,1017.3,94,99,10.7
21.9,18.6,27.1,19,20.3,19.4,1015.1,86,61,0
22.9,19.1,27.6,20.8,21.1,20.2,1015,85,69,0.6
18.8,17.6,19.7,19.5,17.6,16.8,1014.1,88,88,0.9
21.2,19,24.6,18.9,19.4,18.3,1015,84,83,0
20.8,18.9,22.4,19.7,19,17.9,1016.3,83,85,0
20.2,16.5,23.4,19.6,18.5,17.4,1017.2,84,82,0
15.8,13.8,16.9,16.5,13.5,11.6,1022,76,86,1
18.9,16.3,21.5,14.6,13.9,9.5,1022.7,55,73,0
20.6,18.1,24.9,15.8,17.2,14.9,1019.2,70,60,0
21.7,20.4,23.7,19.6,19.9,18.8,1018.3,84,88,0.3
21.9,21,23.1,20.9,20.6,19.9,1017.3,89,88,0
20.1,15.5,23.7,20.8,19.3,18.8,1015.3,92,85,21.9
18.7,15.5,23.9,15.2,15.5,13,1019.9,70,35,0.2
19.9,17,24.2,16,15.8,12.5,1021.5,64,17,0
20.7,17.5,24.5,16.3,17,14.4,1020.8,68,22,0
21.9,19.3,26,18.4,19.2,17.6,1018.4,77,51,0
23.4,20.9,27.9,20.3,21.1,19.8,1014.8,81,80,0
23.5,22.5,25,22.6,22,21.3,1012.5,87,86,0.3
24.5,22.6,27.9,21.9,22.6,21.6,1012.4,84,63,0
25,23,27.5,22,23.1,22.1,1012.2,85,62,0
25.8,23.5,27.9,21.9,23.8,22.9,1009.4,84,77,0
27,26.3,28.1,24.7,24.7,23.8,1006.6,83,87,0
26.1,22.2,27.8,23.5,24.9,24.4,1007.7,90,89,0.6
20.6,18.2,22.8,20.5,19.5,18.8,1013.2,89,88,21.5
20,18.8,21.5,19.7,17.8,16.4,1017.4,80,86,0
21.9,19.9,24.7,20.2,19.4,17.9,1015.2,78,81,0
23.6,21.6,26.9,20.8,22,21.1,1013.5,86,84,0
25.7,23,30.2,23.4,23.3,22.2,1013.3,82,58,0
26,23.7,29.4,23.1,23.3,22,1010.9,79,61,0
26.7,23.9,30.7,22.9,23.9,22.6,1008.9,79,48,0
26.7,24.7,29.4,23.3,23.9,22.5,1009.1,78,49,0
26.1,25.1,27.5,24.8,24.4,23.6,1009.8,86,84,3.1
26.2,22.8,29.4,24.8,24.6,24,1008.1,88,90,7.8
20.6,18.5,24.5,21.6,18.2,16.7,1012.9,79,90,6.6
20.8,19.9,21.8,20.7,18.9,17.7,1014.8,83,88,1.4
21.5,20.9,22.8,21,19.6,18.5,1014.3,83,88,0
21.9,20.7,22.9,21.1,21.1,20.6,1012.4,92,89,10.9
23.7,22.4,26.8,22.2,23.1,22.9,1010.9,95,89,2.9
22.3,20.6,24,22.8,21,20.2,1012.5,88,89,3.5
21.8,20.2,24.8,20.7,18.7,16.8,1015.2,74,67,0
23,19.9,27.3,19.2,20,18.3,1014.4,75,35,0
24,21.4,28.2,20.2,20.9,19.3,1013.3,75,25,0
25,22.6,29.5,21.6,22.5,21.4,1012.6,81,58,0
26.1,24.3,28.1,23.5,24.1,23.3,1011.9,85,83,0
27.5,25.6,31.3,25,25.1,24,1011.4,82,79,0
24.9,22.9,27.6,25.5,23.7,23.2,1011.9,90,84,42.5
26.1,23.4,29.8,22.6,23.6,22.4,1013.7,81,59,0
27.5,25.3,31.1,24.2,24.7,23.4,1014.8,79,65,0
25.6,24.8,27.7,25.3,23.8,23,1014.6,86,82,1.8
25.9,23.1,28.6,24.3,23.8,22.9,1012,83,87,9.2
25.9,22.6,29.3,22.1,23.4,22.3,1012.4,81,77,10.8
27.1,25.3,29.6,24.7,24.6,23.5,1013.8,81,84,0
27.5,25.7,31.6,24.9,25,23.9,1013.8,81,77,0
27.5,26,30.7,25.5,24.3,22.8,1010.9,76,86,0
25.8,24.5,26.6,24.9,23.3,22.1,1010.2,80,85,4.7
26.7,24.8,29.5,24.2,24.7,23.9,1010.4,85,76,0
25.5,24.6,27,25.1,24.7,24.3,1008.7,94,86,38.5
25,23.6,26.6,25.1,23.2,22.3,1007.6,85,84,3
26,23.8,29.9,23.5,23,21.5,1009.7,77,76,0
25.5,24.3,27.4,24.7,22.2,20.5,1012,74,86,0.1
24.6,23.7,26,24.6,22.2,21,1011,80,88,0.7
23.9,22.7,24.8,24,22.5,21.8,1008.7,88,88,0.3
23.9,23,24.9,24,22.8,22.2,1007.7,90,88,4.4
24.6,23.8,25.2,24.1,23.8,23.4,1008.1,93,88,5.6
26.1,24.6,28.5,24.8,25.2,24.9,1007.8,93,86,4.1
25.3,24.2,26.2,24.3,24.7,24.5,1006.8,95,92,273.6
25.5,23.9,28.5,23.9,22.9,21.6,1008.7,79,84,0
25,23.9,26.8,23.7,21.9,20.3,1010.2,76,72,0
26.1,24,30.4,23.3,21.3,18.6,1010,65,56,0
26.7,24.8,30.5,24.1,22.3,20,1009.6,68,43,0
26.6,24.9,30.3,25.3,23.1,21.4,1009.9,74,48,0
27,25.1,30.9,25.7,24.3,23.2,1009.4,80,70,0
28.2,25.6,31.3,25.1,25.3,24.1,1006.6,79,69,0
29.1,27.8,30.6,26.9,26.8,26,1003.2,83,88,0
29.4,28.6,30.6,27.5,27.4,26.6,1002.6,85,88,0
30,28.5,32.5,27.6,27.5,26.6,1002.7,83,84,0
30,29.3,31.2,28,27.4,26.5,1003.6,81,88,0
30.3,28.8,33.5,27.5,27.4,26.3,1006.2,80,67,0
30.4,28.5,33.8,27,27.2,26,1009.2,78,59,0
30,27.2,34,26.3,27.1,26,1010,80,50,4.3
29.8,28.3,32.5,27.2,27,25.9,1009.9,80,63,0
29.5,28.1,31.9,26.7,26.8,25.8,1009.2,81,81,1.1
29.9,28,33.8,26.9,26.9,25.7,1008.3,79,77,0
29.8,28.1,34.1,27.1,26.8,25.6,1007,78,47,0
27.6,25.3,30,26.8,25.9,25.2,1001.9,87,80,37.7
26.4,24.3,28.9,24.1,25.5,25.1,1006.2,93,91,219.4
28.3,25.5,29.5,25.3,26.3,25.5,1008.6,85,88,15.6
29.2,26.8,31.1,25.6,26.7,25.7,1007.6,81,88,14.5
29,27.8,29.6,26.5,26.9,26.1,1005.1,85,88,13.5
25.5,24.4,28.4,24.5,25,24.8,1003.7,96,93,138
26.2,24.7,27.3,24,25.1,24.6,1004.7,91,91,24.2
26.2,25.3,28.3,24.6,25.2,24.8,1005.3,92,86,32.6
26.5,25.2,28.2,24.6,25.3,24.9,1005.1,91,88,24.8
27.4,25.2,29.2,24.6,26.1,25.5,1005.3,90,89,95.9
29.3,28,32.4,26.7,26.7,25.7,1007.8,81,80,0
28.9,27.5,31.6,26.4,26.7,25.8,1007.7,84,80,10.5
28.5,26.4,30.8,26.6,26.6,25.8,1006.3,85,79,18.3
29.2,26.8,31.5,26,26.3,25.1,1006.9,79,81,4.2
29.8,28.6,32,26.8,26.7,25.4,1008.4,78,85,0.1
29.5,28.6,31.5,27.2,26.7,25.5,1009.5,79,83,1.3
29.7,28.2,32.3,26.7,26.5,25.2,1010.2,77,58,0
29.6,27.9,32.8,26.7,26.6,25.4,1009.7,78,62,0
29.9,27.6,33.7,26.4,26.3,24.8,1007.8,75,64,0
29.2,26.7,31.7,26.6,26.3,25.2,1006.3,79,82,7.4
28.9,26.2,30.3,25.5,26.7,25.9,1005.8,84,88,8.8
28.5,26.7,30.7,27.2,26.3,25.4,1006.1,83,87,8.4
26.5,25.3,28.6,25.1,25.5,25,1008.4,92,84,32.3
27.8,26.5,31,26.1,26.3,25.7,1009.3,89,85,27.5
27,25.8,28.7,26.2,26.2,25.9,1008.1,93,88,16.3
27.3,26,29.8,26.3,25.6,24.9,1008.5,87,88,35.8
27.5,26.3,28.9,25.1,26.4,25.9,1009.9,91,88,12.8
29.3,27.1,32.3,26.7,26.6,25.5,1009.7,81,77,1.2
29.4,27.5,32.1,26.2,26.2,24.9,1008.5,77,83,0.6
29.5,27.6,32.7,26.9,26.5,25.3,1010.1,78,68,0
29.6,27.9,32.9,27.1,26.8,25.6,1011,79,76,0
30.2,28.2,33.5,27.4,27.2,26,1008.8,79,67,0
29.3,27.4,32.8,27.4,26.8,25.8,1007.6,82,72,2.3
28.7,27,32.1,27.3,26.5,25.6,1007.4,84,82,8.8
27.4,26.1,28.5,26.2,26.1,25.6,1007.8,90,88,21
26.2,24.4,28.8,26,25.5,25.2,1008.9,95,88,184.6
25.7,24.6,27.8,23.8,25.2,25,1011.2,96,91,134.3
27.4,24.5,30.8,24.1,26,25.4,1009.3,89,84,12.6
28.6,27.2,30.8,26.6,26.6,25.8,1008.6,85,88,2
29.3,27.6,32.2,26.8,26.7,25.6,1009.4,81,79,0.2
29.2,26.5,33.1,26.9,26.5,25.4,1008.8,81,75,3.3
27.2,25.6,28.8,27.3,25.6,24.8,1005.7,87,86,46.5
27.9,25.8,31.2,25.1,26.4,25.8,1005.5,89,74,3.3
29.6,27.7,33.1,27,26.8,25.6,1005.1,80,55,0
29.8,27.1,34.4,26.8,26.5,25.2,1004.1,77,60,0
29,28,30.6,27.3,26.3,25.3,1003.4,80,80,0
30.3,28.1,34.4,27.3,26.4,24.7,1003.6,73,57,0
30.8,28.8,33.8,27.7,26.8,25.2,999.9,72,69,0
31.8,29.6,34.8,28.1,27.9,26.4,996,74,69,0
30.7,29.8,32.4,28.5,27.8,26.7,997.9,79,83,0
30.5,28.3,33.2,27.3,27.8,26.7,1001.4,80,88,5.9
29.3,27.3,31,26,26.9,26,1002.2,83,88,14.8
27.8,25.3,29.8,24.4,26.2,25.6,1001.8,88,90,66.7
27.6,25.9,29.3,24.8,26.1,25.5,1003,89,79,19.3
30,27.1,34,26.9,27.2,26.1,1005.5,80,46,0.9
30.3,28.5,32.9,27.9,27.2,26,1006.4,78,61,0
30.5,27.3,33,27.2,27.2,25.9,1006.3,77,66,6.9
30.4,28.4,32.8,27.6,27.3,26.1,1006.6,78,74,1.9
29.6,26.3,31,28,27,25.9,1006.1,81,85,14.3
29.6,27.6,31.4,26.2,27,26,1006.1,81,88,11.1
30,28.9,31.6,28,27.2,26.1,1007.6,79,82,3.5
30,29,32.5,27.7,26.7,25.4,1008.7,76,72,0
29.8,28.6,32.4,27.2,26.5,25.1,1009.1,76,59,0
29.9,28.8,32.5,27.1,26.4,25,1008.8,75,58,0
29.8,28.1,32.9,26.8,26.1,24.6,1008.4,74,66,0.2
29.3,28.2,31.2,27.2,25.8,24.4,1008.3,75,81,0
29.9,27.9,33,26.9,26.1,24.5,1009.1,73,71,0
30.4,28.1,34.3,26.8,26.9,25.5,1010.3,76,60,0
30.6,28.4,34,27.2,26.3,24.5,1009.8,71,61,0
30.5,28.5,33.4,27.2,26.8,25.3,1007.1,75,29,0
31.3,28.6,34.5,27.3,27.1,25.5,1003.2,72,42,0
30.9,28,36.6,0,27.5,26.1,999.7,76,74,2
26.9,25.4,29.5,0,25.5,24.8,996.9,89,93,67.1
29.1,27.3,31.5,26,27.2,26.4,1007.8,86,85,0
29.2,27.8,32.7,27.4,26.6,25.6,1008.3,81,81,0.1
29.8,26.2,34.3,26.7,25.9,24.3,1006.4,73,65,6.3
25.6,24,26.9,23.6,24.9,24.6,1004.3,95,89,165.3
25.2,24.5,26.3,24.1,24.8,24.6,1010.2,96,90,98.3
28.2,24.6,31.4,24.2,25.2,24,1010.1,79,34,0
28.9,27,31.6,25.9,26,24.8,1008.3,79,49,0.4
28.9,26.2,32.8,25.8,25.6,24.3,1007.3,77,80,4.1
27.9,26.1,31.7,24.7,25.6,24.6,1005.6,83,85,6.5
27.9,26.4,30.4,25.9,25.7,24.8,1004.5,83,88,1
27.3,25.6,29.9,25.6,25.7,25.1,1005.4,88,88,23.8
26.4,25.3,27.6,24.5,25,24.4,1006.7,89,90,32.8
28.3,25.9,30.7,25.7,26.5,25.8,1008.5,87,83,6.4
29.1,27.3,32.3,26.6,26.6,25.6,1007.5,82,82,0
28.5,27.5,30.7,27.4,26.3,25.4,1008.2,84,86,1.8
28.4,26.9,30.9,26.3,26.1,25.2,1009.3,83,64,1.1
28.1,26,32,26.5,26.3,25.5,1009,86,77,25.8
29.1,26.7,32.2,24.9,26.4,25.3,1010.1,81,68,0
29.8,27.6,32.4,26.7,26.3,24.9,1009.7,75,30,0
29.9,27.9,32.8,26.7,26.7,25.5,1009.3,77,51,0.6
30,28.3,34,26.6,26,24.4,1009.5,73,71,0
29,27.6,31.5,25.3,23.9,21.5,1008.5,64,76,0
29.4,27.8,33.2,26.6,26.2,24.8,1009.5,77,76,0
29.9,27.7,32.6,26.9,26,24.3,1009.9,73,52,0
30.1,28.5,32.6,26.8,26.1,24.5,1009.4,72,36,0
29.7,27.8,32.9,26.1,26.2,24.8,1009.8,75,30,0
29.1,27.6,32.2,26.2,25.6,24.1,1010.2,75,39,0
29.3,27.6,32,26.6,26.3,25.1,1009.3,78,73,0.2
29.4,27.9,32,26.8,26.5,25.3,1008.6,79,70,0
29.1,26.1,32,25.1,26.8,25.9,1009.9,83,72,17.9
29,26.7,31.4,26.2,26.9,26.1,1010.8,85,75,33.4
28.8,27.1,30.5,26.5,26.6,25.7,1008.8,84,81,5.6
29.4,27.7,31.9,27,26.8,25.8,1010.1,81,81,0.5
29.7,27.8,32.9,27.1,26.6,25.4,1011,78,41,0
29.9,27.7,33,27.1,26.9,25.6,1009.6,78,34,0
30.3,28.2,34.1,27.3,26.3,24.6,1009.2,72,25,0
30.2,28.8,33.1,27.8,27,25.8,1012.2,78,63,0
28.3,25.9,30.3,25.3,26.4,25.6,1013.7,86,72,35
28.4,27.6,30.1,26.6,26.6,25.9,1011.7,86,80,6.6
29.2,26.4,32.7,26.5,26.9,26,1011.1,83,66,3.6
30.1,28.3,33.5,27.8,27,25.8,1012.3,78,52,0
28.7,27.5,31,27.7,26.3,25.3,1014,82,76,9.5
28.5,27.5,30.3,26.7,25.2,23.8,1013.3,76,76,0
28.9,27.4,31.1,26.4,25.4,23.9,1013.1,75,83,0.2
29.3,27.9,31.7,27.1,25.7,24.2,1013,74,76,0
28.9,27.3,31.5,26.5,25.4,23.9,1011.8,75,82,0
29.4,28.1,30.9,26.8,25.4,23.6,1010.1,71,85,0
29.8,28.6,32.3,26.6,26.1,24.5,1010.8,74,69,0
29.8,28.3,32.5,26.7,26,24.4,1011.2,73,43,0.2
29.5,27.6,32.7,26.7,25.1,23.1,1009.9,69,69,0
27,24.5,30.6,24.4,22.1,19.5,1007.9,64,59,0
24.5,21.9,25.6,24.4,20.5,18.1,1004.5,68,88,0.4
23.3,20.4,26.9,21.6,22,21.3,1000.3,89,89,20.7
26.7,25.6,27.5,24.9,25.5,25,1008.1,91,88,17.1
25.8,24.7,27.6,24.2,24.2,23.4,1012.2,87,89,41.3
26.2,24,29.5,24.8,22.8,21.1,1013,74,67,0
25.4,23.4,27.9,24.9,21.7,19.7,1011.9,71,70,0
24.1,22.3,27.8,22.9,20.3,18.1,1012.1,69,72,0
23.6,21.6,27.2,21.5,19,16.2,1012.1,64,33,0
22.9,20.2,26.3,20.3,18,14.7,1012.4,60,9,0
23.7,20.8,27.7,19.8,18.9,15.9,1015.6,62,6,0
24.4,22.5,27.3,21,20,17.3,1018.5,65,14,0
24.1,22.7,26.4,21.6,20.3,18.1,1018.8,69,18,0
24.4,22.1,28.1,21.3,20.8,18.7,1016.3,71,18,0
24.9,22.1,28.6,20.4,19.7,16.4,1013.9,60,40,0
24.8,22.5,28,20.2,18.8,14.9,1014.8,54,21,0
24.1,21.7,27,19.4,18,13.9,1018,53,31,0
22.7,20.5,25,18.7,17.1,13,1020.9,55,55,0
22,19,25,17.9,17.3,14.1,1019.7,61,51,0
23,20.5,26.4,19,18.8,16.1,1017.2,66,29,0
23.8,20.9,27.8,19,19.5,16.9,1014.3,67,22,0
24.5,22,27.6,19.6,19.7,16.7,1015.5,63,64,0
23.6,20.7,25.8,19.2,18.4,14.8,1018.9,58,86,0.3
23,20.3,25.6,19.3,18.6,15.8,1018.5,64,78,0
23.3,21.3,25.8,20.3,19.4,17.1,1016.4,68,87,0
23.6,21.8,26,21.5,20.6,18.9,1016,75,88,0.3
24.6,23.1,27.3,22.6,22,20.6,1015.9,78,88,0
24.4,22.8,26.8,21.4,21.2,19.4,1015.8,74,77,0
25,22.9,28.4,21.4,21.7,20,1014.9,74,56,0
24.7,23.4,26.5,22.8,22,20.6,1014.1,78,89,0
22.1,21.1,23.5,21.9,20.6,19.8,1013.6,87,93,14.7
21.9,21.5,22.7,21.6,20.9,20.3,1013.2,91,95,12.5
23,22,24,21.9,21.6,20.9,1014.6,88,88,0.2
23.2,22.6,23.9,21.8,21.3,20.3,1016,84,84,0
23.4,22.2,26.2,21.2,21.1,19.9,1015.1,81,68,0
24.2,22.9,26.2,22.3,22.2,21.3,1011.6,84,42,0
23.9,20.1,26.5,22.2,21.9,20.8,1012.2,83,60,1.9
19.9,19.4,20.2,20.7,18.1,17,1017.7,84,88,1
19.3,17.9,20.3,20.3,17,15.4,1018.8,78,91,0
19.3,17.5,21.4,18.8,16.8,15.1,1018,77,88,0
19.8,17.3,22.9,18.5,16.4,14,1016.5,70,60,0
17.8,15.5,20.3,15.7,14,10.9,1019.9,64,47,0
18,16.5,20.8,16.6,14.3,11.3,1022.1,65,86,0
18,16.9,19.1,16.9,15.2,13.1,1021.5,73,88,0
19.7,18.1,22.4,18,16.8,14.8,1020.2,73,73,0
20.3,18.5,22.1,17.1,17.9,16.3,1018.1,78,84,0
22.2,20.6,24.6,18.8,19.7,18.3,1017.4,79,76,0
23.8,21.6,26.4,20.2,21.5,20.4,1016.9,82,74,0
22.3,21.8,23.2,21.5,21.1,20.5,1016.9,90,86,0.3
21.2,19.7,23.2,19.8,18.1,16.2,1018.8,73,74,0
20.1,17.5,22.9,17.7,17.1,15,1019.1,73,65,0
20.6,18.9,22.9,18.3,17.9,16.1,1017.7,76,52,0
20.1,18,22.3,16.7,16.9,14.7,1018.3,71,36,0
18.9,17.7,20.4,16.8,15.8,13.5,1020,71,78,0
18.8,17.5,21.1,16.4,16,13.9,1018.5,73,41,0
19.4,17.8,21.8,16.2,16,13.4,1018.2,69,57,0
17.6,15.3,19.4,14.3,12.1,6.5,1021.2,49,9,0
15.5,13.3,18,12,11.2,6.8,1019.7,56,15,0
17.8,14.9,20.4,12.8,13.5,9.7,1018.2,60,37,0
18.9,17,21.1,13.9,14.3,10.4,1018.3,58,57,0
18.6,17.4,20.6,15.8,15.4,12.9,1018.4,70,83,0
18.4,17.9,19,17.2,16.3,14.7,1017.7,79,89,0
19.3,18,21.1,17.5,17,15.3,1018.1,78,84,0
19.6,18.5,21.3,17.1,17.5,16.2,1019.2,81,79,0
15.8,12.2,19.5,16.6,12.6,9.7,1023.4,67,69,0
12.3,10.8,14,12.3,9.2,5.8,1026.6,64,81,0
12.8,9.8,15.8,9.7,8.9,4.4,1025.5,57,23,0
13.6,10.7,16.5,9.2,8.5,2.1,1025.6,46,40,0
15.2,12.4,17.8,10.4,9.2,1.5,1027.3,40,29,0
15,12.4,17,8.9,10.5,5.2,1025.7,53,23,0
16.8,14.5,19.1,11.8,13.2,10,1021.2,65,52,0
19,17.1,21.1,14.2,16.1,14,1017.5,73,91,0
20.2,18.1,23.1,15,15.6,11.7,1018.1,60,28,0
17.7,16.3,19.7,12.5,12.7,7.6,1019.8,53,64,0
17.6,16.3,19.7,14.5,14.8,12.5,1021,73,69,0
17.6,16.2,19.4,14.2,15.1,13.1,1021.2,75,51,0
18.5,17.1,20.6,14.9,16,14.1,1020.7,76,84,0
19,17.7,21.5,15.4,16.6,14.9,1021.3,77,46,0
19.5,17.6,22.6,14.8,16.4,14.1,1021.6,71,44,0
18.1,15.9,21,14.2,14.4,11.4,1021.5,65,33,0
17.3,16.3,19,14.7,15,13.3,1020.5,78,75,0
17.8,16,19.2,14.2,15.6,13.9,1019.3,78,77,0
19.4,18.2,22,15.9,16.7,14.9,1018.5,76,79,0
18.8,18.1,20.5,16.3,16.9,15.7,1016.7,82,86,0.2
19.3,17.2,22.8,17,17.9,17.1,1015.3,87,88,0.2
16.2,15.9,17.3,16.1,15.5,15,1014.6,92,94,3.7
16.8,15.7,17.6,15.6,16.2,15.7,1014.3,93,95,16.2
15.1,9.5,18.7,17.1,14.7,14.3,1015.2,95,91,11.6
9,7.9,10.7,9.3,7.6,5.9,1023.1,82,97,9.9
12.8,10.5,15.2,10.5,8,1.5,1024.9,46,82,0
13.8,12.1,16.1,10.6,8.3,1,1026.1,42,37,0
12.8,10.5,15.3,7.9,7.9,1.3,1027.1,46,11,0
12.9,11.3,14.6,9.1,10,6.8,1026,67,18,0
14.2,12,17.2,9.6,11.4,8.7,1022.9,70,11,0
15.3,13,18.2,10.6,13.2,11.6,1018.9,79,16,0
17.8,14.8,22.6,12.1,15.1,13.1,1015.4,75,23,0
19.8,15.9,25.5,13.1,15.2,11.5,1014.4,60,9,0
19.2,15.9,24,13.6,16.5,14.7,1016.6,76,39,0
18.6,17.9,19.3,16.4,17.5,16.7,1017.8,89,92,0.8
19.1,17.4,22.7,16.8,16.9,15.3,1016.8,79,70,0
18.7,16.8,21.5,16.4,16.7,15.3,1015.6,81,78,0
20,17.1,24.8,15.5,17.7,16.3,1013.9,80,62,0
19.2,17.2,22.8,16.3,16.9,15.3,1015.3,78,79,0
17.7,16.6,18.6,15.5,15.5,13.8,1015.5,78,80,0
17.2,16.1,18.8,15.8,15.1,13.4,1015.7,79,82,0
17.1,15.6,18.3,16.2,15.6,14.5,1017.2,85,95,0
15.5,14,17.1,15,13.7,12.2,1017,81,90,0
16.5,12.6,18.4,16.2,14.7,13.3,1014.7,81,88,0
10.5,8.9,12.9,12.2,8.6,6.5,1020.1,76,94,0.1
10.1,8.9,11,10.2,8.6,7,1020.4,82,100,0.2
9.4,7.8,10.6,10,8.5,7.4,1021,87,86,19.3
10.2,6.8,12.3,7.3,7.3,3.7,1022.2,64,76,0
11.1,9.3,12.3,11.4,8.2,4.6,1024.6,64,88,0
10.2,8.8,11.8,9.5,6.6,1.6,1025.9,55,88,0
10.2,9.1,11.7,9.3,6.2,0.4,1026.1,51,88,0
9.8,8.1,11.8,8.9,5.6,-0.9,1026.6,48,79,0
11.1,7.9,14.2,6.1,6.9,1,1023.7,50,48,0
12.7,10.5,15.3,8.7,8.7,3.8,1021,56,79,0
14,11.3,16.7,9.5,10.4,6.3,1018.8,61,73,0
15.5,13.7,17.1,12.4,13.2,11.3,1016.5,76,90,0
18,15.9,22.1,15.1,15.7,14.1,1017.4,78,71,0
16.1,14.5,19.7,14.1,12.4,8.8,1022.7,63,78,0
14.9,11.9,19,10.7,11,6.8,1026.4,59,26,0
15.2,12.8,18.4,11,11.6,8,1023.8,64,32,0
16.8,14.6,18.6,12.1,12.5,8.4,1019.1,58,74,0
19.8,17.2,24,14.2,17.2,15.4,1016,76,57,0
20.6,17.5,24.8,14.9,18,16.4,1015,78,10,0
17.7,16.6,20.2,16.3,16.2,15.1,1016.9,85,72,0
18.3,16.5,20.2,15.5,16.2,14.6,1017.6,79,87,0
21.4,19.5,24.4,17.6,19.3,18,1016,81,82,0
21,18.8,25,18,19.5,18.6,1014.3,86,83,0
18.2,16.7,19.4,18.4,16.6,15.4,1014.9,84,92,0
15.1,13,16.8,15.9,14,13.2,1018.2,89,100,2.3
14.8,12.8,16.5,13.7,13.4,12.2,1019.9,85,87,2
18.3,15.5,20.8,14.7,15.4,13.2,1019,72,86,0.2
20.4,18.4,23.5,17.8,18.2,16.8,1018,80,81,0
17.3,16.5,18.7,17.2,15.5,14.1,1019.8,81,83,0
19.1,15.8,23.2,14.6,15.9,13.6,1017.3,71,83,0
21.4,18.5,26.2,17.4,19,17.6,1013.7,79,57,0
21.3,19.4,24.8,17.6,19.8,18.9,1012.5,86,47,0
21.3,19.5,24.7,19.6,18.8,17.3,1012.1,78,80,0
22,21,23.6,20.3,21,20.4,1011.2,91,86,0
24,21.9,27.3,21.6,22.6,22,1011,89,86,0
25.1,23.4,27.8,22,23.1,22.1,1012.4,84,71,0
19.8,18.3,23.5,18.8,18,16.7,1017.2,83,82,0
19.1,17.6,20.6,17,16.9,15.5,1016.7,79,86,0
14.5,12.5,20.5,13.8,12.9,11.4,1019.4,82,90,20.3
14.8,11.1,19.8,10.6,11.1,7.4,1022.8,61,12,0
16.7,13.7,20.3,12.6,13.2,10,1022.1,66,12,0
18,15.3,22.5,14.2,14.7,12.1,1021.5,69,20,0
19.6,16.9,23.3,15.4,16.3,13.9,1019,71,10,0
20.9,18.1,24.5,16.5,18.1,16.3,1016.7,75,48,0
20.2,19.4,20.8,18.1,18.3,17.1,1014.8,83,88,2.4
22.1,20.1,25.1,18.4,20.2,19.1,1013.2,84,76,0
22.7,20.3,26.3,18.6,20.4,19.2,1014.8,81,39,0
19.5,18.6,22,19.1,17.9,16.9,1017.3,85,87,0
20.8,19.2,24.1,18.3,18.9,17.7,1016,83,85,0
22.8,20.7,25.6,20.5,21.1,20.2,1011.7,86,87,0
21.4,16.9,25.3,20.2,17.9,15.5,1013,70,55,0
18.7,14.5,24.1,13.7,13.2,8.2,1016.7,51,5,0
19.5,16.2,24.1,14.3,14.6,10.6,1016.9,57,9,0
20.5,17.2,24.7,15.4,16.7,14,1018.4,68,11,0
21.1,19.6,23.8,18.1,18.5,16.8,1018.9,77,78,0
21.7,20.5,24.5,19.2,18,15.6,1019.4,68,80,0
22.6,20.4,26.5,19,19.1,17,1018.3,71,69,0
22.8,20.8,26,19.2,19.6,17.7,1016.2,73,50,0
22.7,21,26.7,19.3,20,18.5,1014.7,77,41,0
22.9,21.1,27,19.7,20.3,18.8,1014.3,78,69,0
23.5,21.2,27.9,19.7,20.5,18.8,1015.4,76,46,0
23.5,21.4,27.5,19.3,19.1,16.3,1015.5,65,31,0
23.6,21.3,27.9,20,20.2,18.3,1014.5,73,51,0
24.3,21.5,28.7,19.7,20.6,18.4,1013.6,71,22,0
24.7,21.9,29.4,20.3,21.3,19.4,1013.6,74,38,0
24.7,22.6,28.5,20.7,21.9,20.4,1012.7,78,33,0
24.6,22.7,27.8,20.8,21.8,20.4,1011.6,78,57,0
22.3,17.5,26.6,20.8,18.8,16.5,1015.1,70,71,0
18,16.1,20.3,16.1,12,5.7,1023.6,45,88,0
20.1,16.3,24.9,13.1,14.7,9.9,1020.7,53,22,0
22,19,26.5,17,19.1,17.3,1017.6,75,43,0
23.8,21.1,28.5,19.3,21.2,19.7,1014.7,78,48,0
24.6,22.5,27.6,20.8,22.5,21.5,1012.3,83,75,0
25.6,23.9,28.1,22.6,23.2,22.1,1011.1,82,84,0
26.7,24.6,30.6,23.1,23.9,22.7,1011.7,79,71,0
26.7,25.2,29.9,23.7,24,22.8,1011.3,79,82,0
21,18.6,25.7,22,19.3,18.4,1014.2,85,89,17.2
18.5,17.5,19.4,18.8,17.2,16.4,1016.5,88,93,2
19.9,17.4,22.9,17.9,17.9,16.6,1017.1,82,90,0.2
22.5,21.1,25.6,20.3,19.8,18.3,1015.8,78,89,0.1
23.2,21.4,26.3,19.9,20.3,18.7,1014.6,76,78,0
23.2,22.5,26.2,21.6,21.2,20.2,1014.1,83,88,0
24.5,23,27.5,22.2,22.4,21.4,1013.1,83,83,0
25.2,23.7,29,22.9,23.4,22.6,1011.2,86,77,0
26.3,24.3,30.2,22.9,23.6,22.3,1009.2,79,77,0
25.2,23.9,26.7,23.7,23.4,22.5,1009.9,85,85,8.2
23.7,23.3,24.7,22.4,21.1,19.7,1012.1,79,85,0
23.4,22.7,24.6,0,21.5,20.4,1013.6,84,92,0.3
24.9,22.9,28.5,21.9,22.4,21.1,1015,80,86,0
24.5,23.1,26.4,22.6,22.6,21.6,1015,84,89,0.1
25.6,23.9,29.3,23.1,23.3,22.2,1013.3,82,74,0
26.1,24.6,29.2,23.3,24.3,23.4,1012.9,85,83,0
27.3,25.4,30.6,23.9,24.6,23.5,1012.5,80,76,0
27.9,25.6,31.8,23.7,24.5,23,1012.4,75,64,0
27.1,22.9,33.5,24.9,24.4,23.2,1014.1,80,82,1.9
23.8,22.1,25.1,22,21.7,20.6,1016.1,82,89,0.8
25.3,23.6,27.7,22.3,23.1,22,1015.5,82,86,0
27.6,25.4,31,24.7,24.9,23.7,1011.3,80,80,1
28,24.4,29.6,25,25.7,24.7,1007.2,82,88,6.7
25.2,23.7,27.1,23,24,23.5,1008.3,91,88,28.4
24.6,22.8,25.7,24.2,23.1,22.4,1012.9,88,88,5.4
23,22.2,23.9,22.3,21.7,21.1,1015,89,90,8
23.8,22.3,25.3,22.3,22.2,21.3,1014.2,86,88,1
26.5,24.2,30.6,23.5,24.2,23.1,1012.3,82,71,0
27.7,25.3,31.5,23.8,25,23.7,1011,79,41,0
28.6,26.6,31.9,25,25.5,24.1,1010,77,43,0
28.7,27.1,32.3,25,25.3,23.9,1009.3,76,54,0
28.6,26.1,32.2,24.5,25,23.5,1008.8,74,46,0
29.4,27.4,33.1,25,25.8,24.3,1008.2,75,64,0
29.8,27.7,33.4,26.2,26,24.4,1007.7,74,73,0
29.8,27.8,33.4,26.4,26.1,24.6,1007.7,74,72,0
30.1,27.8,34.5,26.2,26,24.2,1008.4,72,41,0
30.3,28.1,34.7,26,26.1,24.3,1009.5,71,54,0
30.4,27.9,34.8,26,25.9,24,1010.5,69,28,0
30.5,27.6,35.1,25.8,26,24,1009.6,69,18,0
30,28.4,33.5,26.4,26.1,24.5,1009.3,73,46,0
29.8,27.6,33.1,25.4,25.8,24,1008.2,71,47,0
30.7,28.8,34.7,27.2,26.6,24.9,1008.3,72,49,0.9
30,26.9,33.4,26.2,26.6,25.3,1008.9,76,63,3.4
30.3,27.8,34.5,26.4,26.1,24.3,1009,72,47,0
31.1,28.3,35.3,26.9,26.5,24.5,1009.6,69,24,0
31.2,29,35.4,27.8,26.5,24.6,1009.7,69,60,0
31.1,28.9,34.8,27.6,26.6,24.7,1009.7,70,57,0
30.2,27.8,35.1,27.3,26.6,25.1,1009.9,75,74,0
29.1,27.2,32.8,27,25.4,23.8,1010.5,74,73,0
29.3,27.3,32.6,26.7,25.7,24.1,1008.4,74,78,0
28,26.5,31.2,26.5,26,25.1,1007.4,85,85,12.4
27.1,25.9,29.5,25.8,26.1,25.7,1006.8,92,88,28.2
27.2,26,28.4,25.9,26.3,26,1005,93,96,58.3
27.3,26,28.6,25.6,26.3,25.9,1004.3,92,92,47.4
27.8,25.3,30.2,25.6,26.3,25.6,1001,88,93,70.2
28.6,26.5,30.4,25.4,25.7,24.4,999.1,79,86,4.8
30,27.4,33.4,26.1,25.5,23.6,1000.4,69,69,0
30.5,28,34.3,25.5,24.4,21.4,1002.4,59,54,0
27.5,25.2,30.1,26.8,25.8,25.2,1002.4,88,89,39.6
26.6,25.6,28.5,24.7,25.8,25.5,998.2,94,94,109.3
26.8,25.4,28.6,25.2,24.6,23.5,998.3,82,89,1.3
27.1,25.7,29.1,24.4,24.1,22.6,1001.8,76,86,0.2
28.4,26.9,31.5,25.6,24.2,22.3,1003.6,70,66,0
28.3,26.2,30.8,24.3,24.5,22.8,1002.3,72,60,0
28.9,27.4,31.9,26.2,25.8,24.5,1002,77,82,0
29.6,28.6,31.5,26.8,26.7,25.5,1004.1,79,85,0
30.2,28.8,32.4,27,27.1,26,1005.5,78,87,0
30,28.7,31.6,27.5,27.3,26.2,1005.9,81,85,2.6
27.8,25.4,30.4,27.1,26.1,25.3,1006.2,87,87,32.9
27,24.4,29.7,25.7,25.7,25.2,1006.7,90,89,25.6
28.7,26.4,32.5,25.6,26.4,25.6,1008.2,84,84,18.1
28.1,26,31.3,25.4,26.1,25.3,1008.9,85,83,6.2
29.2,25.9,33.4,25.5,26.4,25.2,1010.6,80,61,1.7
29.2,27.4,31.9,26,26.2,25,1010,78,63,0
29.7,27.7,32.6,26,26.2,24.7,1007,75,38,0
30.1,28.4,32.5,27,26.7,25.4,1004.2,76,73,0
30.4,28.9,32.8,27.4,27,25.6,1004.1,76,80,0
30.2,28,32.9,26.4,26.9,25.6,1004.1,77,81,4.1
29.5,25.6,30.6,27.5,26.9,25.9,1003.4,81,88,2.1
29.7,27,30.5,27.2,27.1,26.1,1002.5,81,88,15.4
30.3,28.4,32.6,26.8,27.2,25.9,1002.2,78,88,3.4
30,28.4,31.6,27.8,27,25.8,1002.3,78,88,1.5
30.1,27.6,32.1,27.1,27.2,26.1,1002.6,80,88,5
29,26.4,30,27,26.9,26,1003.3,84,87,5.2
28.2,26.7,30.6,26.3,26.7,26,1004.4,88,87,14.4
28.2,25.9,31.8,25.9,26.2,25.3,1005.7,85,83,11.3
29,26.8,32.6,26.4,26.1,25,1005.1,80,57,1.3
29.6,27.2,32.8,25.7,26,24.5,1001.8,74,56,0
30,28.3,33.4,26.8,26.8,25.5,1003.3,77,85,0
26.7,25.9,28.7,25.3,25.8,25.5,1003.9,93,92,50.4
27,25.3,29.5,24.7,25.8,25.3,1004,91,90,52.7
26.6,25,28.3,24.6,25.2,24.7,1004,89,92,67.4
28.2,25.7,31.4,24,25.7,24.6,1003.8,81,80,5.8
30,26.9,34.3,26.6,26.7,25.4,1002.4,78,83,6.5
27.7,26.4,29.5,25.5,26.1,25.5,1003.9,88,89,29.6
27.9,26.6,29.7,26,26.3,25.6,1004.6,87,85,17.3
28.2,26,31.6,25.6,26.4,25.7,1003.8,87,71,7.1
29.5,27.4,33.1,26.2,26,24.5,1002.6,75,54,0
29,27.9,32.4,26.2,25.8,24.4,1002.3,76,67,0
28.4,26.3,31.2,26.7,26.6,26,1001.8,87,81,30.8
29.8,28,32,26.5,27.1,26,1003.6,80,84,0.1
29.4,27,31.7,26.9,27,26.1,1005.8,83,70,2.7
29.6,27.3,32.3,26.2,27,26.1,1006.5,82,82,3.4
29.8,27.7,33,26.9,26.7,25.5,1006.7,78,77,0.3
30.2,28.2,33.7,26.9,26.6,25.1,1006.7,75,55,0
30.2,27.9,34.3,26.4,26.3,24.7,1005.8,73,41,0
30.4,28.1,33.7,27,26.6,25,1005.6,74,53,0
30.2,27.1,33.2,26.7,26.7,25.3,1005.5,76,65,3.3
29.9,27.9,32.4,27.5,26.9,25.7,1004.6,78,76,2.7
30,26.6,32.9,26.2,26.8,25.6,1003.8,78,79,6.1
30.1,29.1,31.8,27.4,26.9,25.6,1003.4,77,86,0
29.8,27.3,32.5,26.2,26.8,25.7,1004.7,79,80,5
30.3,28.9,33.1,27.1,27.1,25.8,1005.9,77,84,0.5
30.2,28.8,33.8,27.7,26.8,25.5,1005.4,76,84,0
30,28.4,34.2,27.1,26.8,25.6,1004.4,78,78,0
30.3,27.1,33.9,26.7,26.8,25.4,1004.2,75,72,0.5
30.4,29.2,33.6,27.4,26.6,25.1,1003.3,74,79,0
27.2,26,29.5,26.4,26.2,25.9,1001.7,92,91,47.9
27,25.8,28.2,24.9,26.2,25.9,998.7,93,90,51.9
26.9,25.8,28.1,25.9,26.1,25.7,996.5,93,90,18.9
28.9,27.3,32.6,26.4,26.7,25.8,996.3,84,80,0.1
27.6,26.4,29.9,25.8,26.4,25.9,996.2,90,89,32.9
28.2,26.4,30.9,26.3,26.3,25.6,999.2,86,88,2.2
27.8,26.7,29,26.5,26.4,25.9,1000.1,89,88,3.2
27.2,25.5,28.3,26.5,26,25.5,1000.2,91,89,36.1
28.4,25.9,30.9,24.8,26.2,25.3,1001.4,84,88,21.8
28.6,26.4,30.4,25.6,26.4,25.6,1002.5,84,89,31.2
27.8,26.1,30.5,25.1,26.3,25.7,1002.3,88,91,61.1
28.3,26.7,30.2,25.8,26.4,25.6,1000.2,86,83,25.7
28.5,24.7,31.8,26.4,26.1,25.2,1000.1,83,71,26.4
27.7,24.6,30.9,23.9,25.9,25.2,1001.7,86,86,24.9
29.1,25.6,31.9,26,26.6,25.6,1001.6,82,83,0.1
30.3,27.8,32.9,26.9,26.4,24.8,999.8,73,66,0
28.9,25.5,31.4,27.1,25.7,24.4,999.5,77,86,80.2
27,25.2,29.9,24.5,25.3,24.5,1001.3,87,89,27.3
26.3,25.2,29.2,24.3,25.3,24.9,1002.2,93,93,71.6
27.4,26.1,29.3,25.4,26,25.5,1002.5,89,89,23.3
28,26.9,28.9,26.2,26.3,25.6,1005.5,87,90,6.3
27.9,27,29,26.1,26.3,25.6,1009.3,88,89,7.2
26.3,25,27.9,26.4,25.5,25.2,1009.9,93,89,32
26.8,24.6,29.9,25,25.1,24.5,1007.9,88,76,9.8
27.7,25.6,30.5,25.3,25.3,24.3,1006.9,82,70,0.3
29.1,27,32,26.1,26.4,25.3,1005.7,80,40,0
29.8,27.9,33.1,26.9,26.9,25.8,1004.9,79,54,0.1
29.6,28.2,31.8,27.5,27.1,26.1,1005.4,82,77,0
29.4,28,31.2,27.3,26.7,25.6,1006.3,80,76,0
27.4,25.6,29.6,27.1,24.9,23.8,1008.6,81,86,24.6
27.1,24.6,30.5,24.7,23.9,22.4,1011.5,76,86,16.7
26.1,24.3,28.3,24.9,23.6,22.4,1012.5,80,83,0.2
28.2,25.2,32.7,24.3,23.2,20.6,1009.3,65,46,0
27.8,26.9,28.7,25.6,24.9,23.6,1007.7,78,87,0
27.7,26.3,30.3,26.1,25.6,24.7,1009.4,84,69,2.5
28.8,26.7,31.7,25.8,25.8,24.6,1009.2,78,72,0
30.7,26.8,35.1,25.9,25.4,23.1,1002.8,65,59,0
26.4,23.6,31.8,24.1,24.5,23.6,990.9,86,97,167.5
27.5,25.8,30.4,24.2,26,25.4,1008.6,89,93,12
28.2,26.5,31.8,26,26.1,25.3,1013.7,85,65,1.2
28.6,26.2,31.4,25,25.4,24,1012.7,77,43,0
29,27,31.9,25.9,25.7,24.3,1011,77,63,0
29.2,27.4,31.9,25.7,25.2,23.4,1011.6,71,33,0
29.2,27,33.2,25.6,25.9,24.5,1013.3,76,51,0
29,27.6,32.4,26.5,26,24.7,1013.1,78,76,0
27,24.8,29.6,25.6,25.5,24.9,1011.1,88,80,72.2
27,24.8,30.2,24.2,24.3,23.1,1009.9,80,82,34.5
26.8,25.1,28.6,25.3,24.4,23.3,1009.6,81,77,9.7
27.3,26,30.2,25.2,24.3,22.9,1009.8,77,88,0
27.6,25.8,31.3,25,23.4,21.4,1009.9,70,74,0
27.4,24.3,31.3,23.1,21.8,18.8,1008.9,60,26,0
27.5,25,30.6,22.8,22,18.9,1010.5,60,29,0
26.8,23.2,29.6,22.8,22.7,20.6,1013.9,70,70,2.9
27.2,25.3,30.4,23.2,22.6,20.2,1014.9,67,33,0
26.9,25,30.5,23.4,22.5,20.3,1015.3,68,30,0
26.9,24.2,30.5,22.3,20.5,16.5,1013.8,54,8,0
27.1,23.6,31.4,20.2,18.3,12.1,1012.1,40,16,0
26.8,23.5,30.9,19.9,19.4,14.5,1013.4,48,18,0
27.1,25.1,30.5,23,22.9,20.9,1014.7,69,43,0
26.7,24.3,29.8,23.8,23.4,21.8,1014.2,75,60,2
26.5,25.1,29.3,23.8,23.7,22.4,1013.7,78,72,0.6
24.8,22.5,29.2,23.6,22.8,21.8,1014.7,83,82,42.8
23.2,22.3,24.7,22.3,19.8,17.9,1017.6,72,88,0
23.8,22,27.1,22,20.5,18.6,1018.9,73,85,0.3
24.7,22.7,26.8,22.1,21.1,19.2,1017.5,72,86,0.4
25.3,23.6,27.3,22.6,22.6,21.3,1015.5,79,82,0.6
25.6,24.3,27.9,23.6,23.6,22.6,1014.6,84,83,31.4
24.3,23.2,25.8,23.4,23.3,22.8,1013.2,92,91,8.9
23.5,21.9,25.2,23.3,21.6,20.6,1012.5,84,90,1.5
22.5,20.9,23.9,21.4,21.1,20.3,1014.7,87,91,12.6
24.2,23,26,22.3,21.4,19.9,1017.2,77,87,0.2
24,23.3,24.9,22.5,21.4,19.9,1018.6,78,86,0
24.8,23.2,27.3,22.9,22,20.5,1017.6,77,49,0
25,23.7,27.4,22.1,22.7,21.5,1015.9,81,62,0
25.3,24.1,27.4,22.6,22.7,21.3,1016.5,79,78,0.1
25.2,24,27.4,23.1,22.7,21.4,1016.8,80,78,0
25.5,24.4,27.7,22.9,22.9,21.6,1017,79,54,0
26.3,23.9,28.6,22.4,23.1,21.5,1016.5,76,41,0
25.4,23.7,27.9,21.4,20.4,17.4,1018.1,61,53,0
24.3,21.7,27.5,18.6,18.4,14.3,1017.4,54,13,0
25.2,22.2,28.9,17.8,16.2,8.5,1015.1,35,4,0
25.7,23.4,28.5,18,16.2,8.2,1014.8,33,24,0
25,22.9,27.2,18.6,16.3,9.1,1014.2,37,83,0
24.6,22.6,27.4,19.6,17.3,11.6,1012.5,45,84,0
22.4,20.1,24.8,20.6,18.8,16.6,1015.5,70,91,0.1
21.5,19.4,23.4,19.5,20,19.1,1016.7,86,99,8.3
23.7,22.3,25.7,21.9,21.7,20.7,1016.6,83,92,0
24.5,23.5,26.7,22.6,21.8,20.5,1016.8,79,77,0
24.7,23.3,27.1,21.5,21.9,20.5,1017.5,78,41,0
25,23.6,27.1,22.3,22.2,20.8,1017.6,77,73,0
25.2,23.9,27.3,22.9,22.1,20.5,1016.6,75,81,0
24.5,22.9,27.1,21.5,21.2,19.4,1016.8,74,82,0
23.9,23.4,25.4,22.4,21.3,19.9,1017.9,78,88,0
23.8,22.5,25.7,20.7,21.3,19.9,1017,79,68,0
24.9,23.2,28,21.3,22,20.6,1014.2,77,76,0
24.3,23.2,26.3,21.3,21.4,19.9,1014.1,76,80,0
23.5,22.7,25.5,21.7,20.6,19,1015.6,76,80,0
23.2,22.7,23.6,21.4,21.1,19.9,1015.8,82,86,0
23.9,22.9,24.9,22.3,22.1,21.2,1015.2,85,87,1.1
23.5,23.1,23.8,22.9,22,21.3,1015.8,87,96,0.5
23.8,22.7,25.8,22.3,21.8,20.8,1016.2,84,85,0
23.9,22,25.8,21.4,20.8,19.1,1017.5,75,78,0
23.1,22,24,21.6,20.7,19.4,1017.4,80,84,0.1
23.9,21.2,27.2,21.6,21.6,20.4,1016.4,81,82,2.4
20.4,18.8,21.9,19.2,16.4,13.6,1019.9,65,88,0.2
20.9,18.1,23.4,16.4,17,14.2,1020.1,66,40,0
21.7,20.5,23.1,18.5,18.6,16.6,1019.7,73,78,0
19.5,17.4,21.6,0,17.7,16.5,1018.8,84,95,21
19,17,20.9,0,17.8,17,1018.9,89,93,15.7
20.5,19,22.5,18.2,18.6,17.5,1019,83,89,16.3
20.3,19.2,21.4,19.2,19.2,18.5,1019.3,89,88,7.7
21.3,19.8,23.3,17.8,18.5,16.7,1021,75,46,0
21.5,20.1,23.2,17.8,18.3,16.2,1020.4,72,46,0
22.1,21.1,24.2,19.3,19.6,18.1,1018.3,78,56,0
22.4,21.2,24.3,18.7,20.4,19.3,1016.4,83,51,0
23.7,22,26,19.7,21.2,19.8,1016.5,79,58,0
24.8,22.7,27.1,19.8,22,20.6,1016,78,58,0
23.6,22.5,24.8,21.6,21.5,20.3,1015.5,82,82,0
23.3,21.6,25.1,20.7,21.4,20.4,1015.5,84,83,0.1
21.1,18.5,23.3,21.1,19.8,19.1,1018.5,88,90,1
18,16.7,19.7,18.1,15.5,13.7,1021.6,76,88,0
17,16.4,18.3,17.5,14.6,12.6,1021.5,75,90,0
17,15.1,18.3,15.8,14.6,12.6,1019.7,75,88,0.2
18,16.5,20.4,16.5,14.7,12,1020.3,68,84,0
14.9,13.7,16.5,13.7,11.8,8.9,1024.2,67,84,0
15.6,13.5,18.1,13.6,12.4,9.6,1025.1,68,86,0
16.8,15.5,18.2,15.3,14,11.7,1025.3,72,88,0
18.9,17.2,21.2,15.3,16.3,14.3,1023.5,75,64,0
19.3,18,20.9,16.3,16.5,14.6,1022,74,88,0
18,15.6,21,14.5,13.3,9.1,1022.2,56,38,0
18.1,16.2,20.2,12.4,13.9,10.1,1022.2,60,38,0
19.9,18.5,21.5,15.4,17.6,16,1019.5,78,78,0
21.6,20.1,23.2,17.5,19.8,18.8,1016.5,84,80,0
22.4,21.4,25,19,20.8,19.9,1016.1,86,68,0
22.2,20,25.2,17.8,19.6,18,1017,77,66,0
20.1,17.5,22.5,20.1,18.9,18.2,1017.6,89,96,10.5
18,16.8,19,16.8,16.5,15.6,1017.5,86,99,0.1
19.7,18.5,21.1,17.7,17.6,16.3,1015.5,81,90,0
20.9,18.7,23.6,16.3,19.1,18,1014.3,84,27,0
20.6,18.9,22.8,17.2,18.2,16.7,1016.6,79,77,0
18.1,16.3,20.2,15.4,15,12.6,1021.6,70,79,0
14,12.5,16.3,13.4,11.1,8.2,1026.1,68,87,0
12.6,10.3,15.4,12.2,9.8,6.7,1026.5,67,83,0
13.2,11.8,15.6,12.3,10.3,7.4,1027,68,77,0
13.8,11.4,15.9,11.2,10.9,8,1026.5,68,84,0
14.8,13.5,16.4,13.2,11.7,8.9,1025.4,68,87,0
16.2,14.9,17.3,14,14.6,13.4,1024.3,84,91,0.1
18.8,16.8,20.9,16.1,17,15.8,1022.8,83,87,0.1
19.8,18.9,22.7,18.3,18.5,17.6,1020.5,87,88,0
18.6,17.6,20,17.8,16.9,15.7,1021.5,83,92,0
18.5,17.4,20,16.5,16.8,15.6,1021.4,83,89,0
19.2,17.2,20.7,18.1,17.5,16.5,1021.3,84,94,0.2
17.8,17.2,18.7,16.8,16.2,15.1,1022.3,84,89,0
19.2,17.4,20.8,16.7,17.3,16,1020.2,82,88,0
20.6,18.2,23.3,16.4,18.8,17.7,1018.6,84,55,0
20.9,19.3,22.8,17.2,19,17.9,1018.3,83,64,0
18.5,17.7,19.8,17.7,17.5,16.8,1019.3,89,91,0
18.5,17.6,19.7,17.1,17.1,16.2,1018.8,86,94,0
19,17,21.1,16.8,17.7,16.9,1018.8,88,88,4
17.3,15.9,19.9,16.5,14.5,12.2,1020.5,72,87,0
16.7,14.6,19.5,13.9,13.8,11.3,1022.2,70,55,0
17.1,15.8,18.5,13.7,14.6,12.6,1022.1,75,79,0
18.8,17.1,21.9,15.2,16.1,14.2,1019.6,75,85,0.2
20.4,18.1,23.4,16.3,17.3,15.3,1018.9,73,76,0.1
17.8,15.8,20,16.1,14.1,11,1021.8,64,66,0
16,13.1,19.1,11.8,11.2,6.2,1022.3,53,21,0
16.2,13.7,19.2,10.2,12.4,8.8,1021,62,3,0
16.9,15,19.6,12,14,11.5,1020.6,71,10,0
18.7,16.1,22.2,12.5,15.1,12.3,1021.2,67,13,0
18.2,16.7,21.2,13.2,15.4,13.3,1023.1,73,17,0
16.9,15.6,19.4,13.1,13.9,11.5,1023.6,71,80,0
17.5,15.7,20.3,13.6,14.2,11.4,1021.6,68,63,0
18.5,16.9,20.5,13.7,15.8,13.7,1021.4,74,39,0
19.3,17.2,21.6,14.1,16.4,14.4,1020.8,73,69,0
21.7,18.9,24.5,15.8,18.9,17.2,1018.9,76,67,0
18.8,17.6,22,16.2,15.6,13.1,1021.6,70,84,0
18.6,16.9,20.7,16.3,16.5,15.1,1018.4,80,84,0
21.8,19.6,25.3,17.8,19.8,18.7,1017.2,83,70,0
21.7,19.5,25.5,0,19.8,18.7,1018.1,83,61,0
20.1,18.2,22.3,0,18.4,17.3,1017.4,84,84,0
22.1,20.5,24.9,0,20.4,19.5,1014.5,85,83,0
23,21.3,25.8,0,21,19.9,1014.8,83,57,0
21.7,19.7,25.1,0,20.3,19.5,1015.3,87,78,0
19.3,18.4,20.1,18.6,18.3,17.6,1017.9,90,99,0.8
18,17.4,18.8,17.2,17,16.3,1021.7,90,89,0.8
18.4,17.3,19.4,18.1,16.9,15.9,1024.3,85,94,0
19,16.9,21.9,15.9,17.1,15.8,1024.2,82,69,0.2
21.1,19,25.1,17,18.9,17.6,1021.8,80,68,0
20.4,18.5,23.2,18.3,18.6,17.5,1020.6,83,78,0
20.4,18.8,22.4,18.1,18.6,17.5,1019.9,84,84,0.2
22.4,20.1,26,18.1,20.1,18.8,1017.9,81,72,0
18.8,18,20.2,18.2,17.4,16.4,1017.8,86,91,0.1
17.9,16.8,19.3,16.7,17,16.4,1015.4,90,91,18.1
20.3,18.5,23.8,17.2,19.3,18.8,1016.8,91,79,31
22.6,20.8,25.6,20.1,21.7,21.2,1018.5,92,84,0.2
21.4,20.4,23.2,20.7,20.7,20.2,1017.4,93,88,0
20.4,18.4,24.3,18.3,18.5,17.2,1017.2,82,79,1.6
18.1,15.6,20.5,18.7,16.8,15.9,1015.8,87,95,12.3
16.9,14.1,19.5,14.9,15.2,14,1016.9,83,88,3.4
18,16.7,18.9,17.2,16.5,15.4,1017.5,85,92,0
18.7,17.6,19.7,17.6,17.5,16.7,1017.6,88,96,0
20.7,18.6,23.6,17.7,19,18,1015.5,85,82,0
22.8,20.6,26.7,18.9,21,20,1014.7,85,67,0
20.8,19.6,22.4,19.4,19.5,18.8,1016.1,89,91,0.4
21.5,19.9,23.9,19.6,20,19.2,1012.7,87,84,0
21.5,20,23.5,20,20,19.1,1011.3,87,85,6.3
20.9,19.3,22.6,18.7,18.9,17.7,1013.7,82,83,10.2
22.2,17.7,26.7,17.8,20.8,20,1012.1,88,89,30.3
20.5,19.6,22,20.7,19.7,19.2,1013.2,92,91,45.5
17.9,15.5,20.5,18.1,17.2,16.7,1015.8,93,89,29.6
16.5,15.1,17.4,14.7,15.8,15.2,1016,92,95,11.5
17.8,17,18.7,16.8,17.3,17,1012.2,95,95,14.5
17.7,17,18.5,16.4,16.5,15.6,1013.6,87,86,4.6
18.4,15.5,22.6,15,16.4,14.9,1014.9,81,58,7.6
20.1,17.4,24.2,15.4,17.6,15.9,1016.4,77,15,0
20.8,19.1,22.9,16.9,17.5,15.3,1017.8,71,66,0
20.4,19.8,21.5,18,18.6,17.4,1018.3,83,95,6.4
18.7,17.3,20,17.7,16.8,15.4,1020.6,81,89,0.4
20.2,18.8,22.8,16.8,16.2,13.2,1020,65,85,0
20.9,19.7,22.7,18.6,18.3,16.7,1018.9,77,85,0
21.7,19.7,24.7,18.7,19.6,18.5,1016.8,82,70,0
23.4,20.7,27.4,18.9,21.5,20.5,1014.8,84,42,0
23.5,22.1,25,21.2,22.1,21.3,1013,88,86,0
25.3,23.4,27.2,21.4,22.9,21.8,1011.4,81,79,0
25.8,24.8,27.5,22.6,23.8,22.9,1012,84,84,0
20,17.4,25,20.6,18.9,18.1,1017.1,89,99,3.3
17.5,16.6,18.2,17.7,16.3,15.5,1018,88,100,0.3
20.5,17.9,23.3,17.9,18.8,17.8,1016.8,85,92,1
21.9,20.8,24.6,19.6,20.1,19.2,1018.5,85,86,0
22.3,20.3,25.3,20.3,20.2,19,1017.1,82,77,0
24.4,22.2,27.8,20.5,22.4,21.4,1012.6,84,57,0
24.4,23.1,26.5,21.6,22.7,21.9,1010.5,86,81,6.9
23.1,22.5,24,21.4,21.5,20.6,1013.3,86,81,0
21.4,20.2,22.9,20.7,19.7,18.7,1016.8,85,93,7.7
20.3,19.7,21.6,19.7,18.1,16.8,1019.3,81,91,0
20.7,18.9,23,19,18,16.3,1018.2,76,89,0
22.8,20.7,25.7,20.4,20.4,19,1016.9,80,85,0
21.7,20.4,23.8,21,19.7,18.6,1016.7,83,86,0
24,20.9,27.4,20,21.1,19.5,1014.5,76,37,0
25.1,22.4,28.1,20.6,22.4,21,1013,79,27,0
25.7,23.7,28,21.9,23.1,21.9,1012.5,80,48,0
26.7,25.1,29.9,23.3,24.1,23,1011.6,80,80,0
26.6,25.5,28.9,24.4,24.2,23.1,1011.1,81,79,0
27.1,25.3,30.1,23.1,24.4,23.2,1010.9,80,79,0
27.3,25.3,29.9,23.9,24.8,23.7,1010,81,84,0.7
22.3,21,25.2,22.9,21,20.3,1013.3,89,91,6.1
21.2,20.3,22.3,21.1,20.4,19.9,1014.3,92,98,3.8
22.7,21.9,24.4,21.5,21.5,20.9,1013.8,90,92,10.4
22.1,20.9,23.1,21.6,20.3,19.4,1014.4,85,91,1.1
21.2,19.5,23.6,20.6,20.2,19.6,1012.6,91,87,9.2
23.5,21.5,26.1,20.6,21.6,20.7,1012.2,85,77,0
24,23,25,21.8,22.7,22.1,1010,90,91,6.7
23.7,21.3,28.6,22.4,22.8,22.3,1007.7,93,90,75.8
23.3,21.9,26.2,21.3,22.7,22.5,1007.2,95,93,43.6
26.2,23.2,30.1,21.9,24.7,24,1008,88,81,0.3
27.5,25.6,30.1,24.2,25.4,24.5,1009.3,84,72,0
28,26,31,24.4,25.4,24.3,1010.4,81,58,0
28,26.2,31.2,24.2,25,23.7,1009.9,78,57,0
28.5,26.4,31.1,24.9,25.4,24,1009.3,77,39,0
28.4,26.2,31.5,25.1,25.8,24.7,1010.4,81,58,0.9
24.9,22.3,26.4,24.8,23.2,22.4,1012.8,86,91,16.6
24.3,22.7,26.9,23,23,22.4,1013.2,89,85,3.1
26.4,24.7,29.2,23.8,24.6,23.8,1010.9,86,71,0
26.7,25.3,28.8,25,24.4,23.3,1008,82,83,7.5
25.4,23.8,27.1,23.2,22.5,21.1,1009.1,78,85,0.2
23,21.7,24.4,23.3,20.6,19.2,1012.1,80,89,0.5
21.8,19.3,24,21.2,19.5,18.2,1014.5,81,91,5.3
22.6,21,23.6,21.5,19.8,18.1,1013.2,76,88,8.4
21.7,20.9,22.3,21.2,21,20.6,1009.4,93,94,8.3
21.8,20,22.8,21.8,20.7,20.1,1008.7,90,95,11.3
20.5,18.9,21.4,20.5,19.1,18.3,1010.2,87,95,17
20.4,19.8,21.2,19.4,19.1,18.3,1009.3,88,93,25.1
22.7,20.2,26.3,20.2,21.6,21.1,1008.1,90,92,10
23.9,22.7,26.7,22.7,22.4,21.6,1010,87,63,0
25.3,22.8,28.9,21.6,22.3,20.8,1011.5,76,14,0
25.5,23.5,28.9,23,22.9,21.7,1011.2,80,57,0
25.1,23.9,26.3,24.8,23.7,23.1,1010.5,89,92,0
27.5,25.2,31.1,25.2,25.3,24.4,1009.2,84,64,0
28.5,26.4,30.9,25.6,26.4,25.6,1009.1,85,85,0
29.2,27.8,31.5,26.2,26.9,26,1007.4,83,82,0.8
29.6,28.4,31.6,26.7,26.9,25.9,1005.5,80,82,0.1
30,28.5,32.3,27.2,27.2,26.1,1005.2,80,77,0
30.2,29.2,32.3,27.7,27.4,26.3,1006.9,80,79,0
29.1,25,32,27.6,26.8,25.9,1008,83,85,9
25,22.6,26.5,25.3,22.7,21.6,1010.8,82,91,3.3
25.3,22.6,28.3,23.7,23.2,22.1,1010.1,83,77,0.7
25.9,24.7,26.8,26.1,24.6,24.1,1010.2,90,89,6.5
24.8,23.8,25.8,24.1,23.8,23.4,1011,92,97,21.5
26.7,25.1,28.9,24.8,25.5,24.9,1008.8,90,89,2.4
26.5,24.7,28.1,25.9,25.4,25,1007.8,92,83,15.1
26.5,25.4,28,25.9,25.6,25.2,1008.1,93,87,27.8
25.9,23.9,27.7,25.2,25,24.6,1008.7,92,87,43.9
24.7,23.4,25.7,25.2,23.6,23.1,1009.9,91,95,3.2
24.4,23.2,25.9,23.8,23.1,22.5,1010.1,89,97,3.2
25.7,25,26.7,24.8,24.8,24.4,1008.7,93,93,11
27.2,24.9,30.6,24.2,25.5,24.7,1007.5,87,85,32.6
27.2,25.4,31.2,25,25.3,24.6,1007.2,86,81,3
27.5,25.3,30.2,25.1,25.5,24.7,1007.3,85,83,34.1
28,25.9,31.1,25.7,26.5,25.9,1008.6,89,84,38.1
29.4,27.4,32.6,26.6,26.9,25.9,1009.5,82,78,0
30.2,28.5,33,27.6,27.1,25.9,1010.4,78,76,0
30.1,28.6,33.2,27.7,26.8,25.5,1010.4,77,72,0
30.1,28.2,32.4,27.9,26.7,25.4,1008.5,76,76,1.1
30.1,28.4,32.3,27.4,27.2,26,1005.4,79,82,4.1
29.5,25.8,31.7,28.1,26.8,25.7,1003.5,81,86,3.3
27.5,24.6,29.4,25.7,26.4,25.9,1004.4,91,90,111.6
27.5,26.5,29.6,25.9,26.3,25.8,1005.3,91,89,1.5
27.7,25.5,30.7,26.9,26.2,25.6,1003,88,90,55.8
28.4,25.4,31.6,25.5,25,23.5,1002.4,76,58,16.5
28.6,26.4,31.4,25.1,25,23.4,1005.3,74,42,0
27.9,26.8,30.1,26.9,25.2,24.1,1006.5,80,77,0
27.6,26.8,28.7,27.2,26,25.3,1007.3,88,87,4.7
28.6,27.5,30,26.9,27,26.4,1008.1,88,82,11.1
28.9,26.5,31.7,26.9,27.1,26.4,1007.8,87,84,14
30.1,28.2,32.5,26.9,27.3,26.1,1006.9,80,66,0.5
30.8,29.5,32.8,27.9,27.5,26.3,1005.9,77,79,0.7
30.7,28.7,33,27.7,27.5,26.4,1004.7,78,81,0.7
30.3,29.1,32.2,27.8,27.5,26.4,1004.8,80,84,3.2
29.1,24.7,30.6,27.8,27,26.2,1006.2,85,88,16.8
27.2,24.8,29.7,24.4,25.7,25.1,1006.7,89,88,35.4
28.6,26.1,31.4,26.5,26.7,26,1004,86,78,0.9
30.2,28.3,32.5,27.3,27.8,26.9,1001.7,83,78,3.5
30.5,29.3,32.7,27.8,28,27.1,1001.7,82,77,2.2
31,29.5,33.3,28.3,28,26.8,1001.6,79,72,0.6
29.5,26.9,33,26.6,27.4,26.7,1001.6,85,74,33.1
30,26.8,33.2,26.2,27.5,26.5,1001.6,82,72,15.3
28.9,26.3,31.1,28.2,26.8,26,1001.4,85,82,19.1
26.6,25.5,28.7,25.8,25.9,25.7,1004,95,93,79.1
29.1,27,32.3,26.6,26.8,26,1006.3,84,85,13
29.5,26.8,32,26.2,26.6,25.4,1004.9,79,83,1.3
29.8,27.9,31.6,26.8,27,25.9,1003.5,80,85,1.5
29.7,28.9,31.4,27.5,27,26,1004.7,81,88,4.3
30.1,29.1,32.3,26.9,27.2,26.1,1005.6,79,85,0.1
30,28.7,31.7,26.9,27.2,26.1,1003.4,80,88,6
28.6,26.5,30.2,26,26.8,26,1003.5,86,88,14.3
28.8,27.5,30.9,26.8,26.9,26.1,1007.5,86,87,6
29.9,28.1,32.3,27.2,27.1,26,1007.4,80,82,2.6
30.1,29.2,32.2,27.5,26.9,25.6,1005.4,77,88,0
30.1,29.2,32.3,27.6,27.2,26,1004,79,85,0
30.4,28.7,33.7,27.6,27.2,26,1004.8,77,74,0
30.3,28.4,33.4,27.5,26.9,25.5,1004.7,76,47,0
30.5,28.3,33.1,27.8,27.6,26.5,1001.4,79,66,0
31.3,29.6,35,28.4,27.7,26.4,998.7,75,53,0
29.5,26.9,32.8,27.8,27.2,26.3,1001.2,83,73,22.6
28.6,26.6,31.9,26.6,26.8,26.1,1005.2,87,85,6.4
29.3,27.3,31.5,26.9,27,26.1,1006.4,83,85,0.1
29.2,27.1,31.5,27.5,26.7,25.7,1005.5,82,88,0.4
29.5,27.2,32.7,26.4,26.8,25.8,1005.3,80,75,0
30,28.4,33.1,27.5,27.3,26.3,1006.6,81,68,0
30.1,28.3,32.6,27.3,27.1,25.9,1008,79,62,1
30.7,28.8,33.5,27.6,27.2,25.8,1006.9,76,63,0
30.6,29,33.3,0,27.1,25.7,1005.8,76,78,0
29.6,28,32.3,27.9,26.8,25.7,1006.6,80,77,0.5
28.8,27.4,31.4,27.2,26.3,25.4,1006.6,82,79,1
28.9,26.7,31.5,27.3,26.6,25.6,1004.5,82,84,12.8
26.2,24.5,28.1,25.5,25.1,24.6,1002,91,91,121.1
26.4,24.9,27.6,24,25.6,25.2,1000.1,94,94,98.3
27,25.4,28.5,25.6,25.8,25.3,1002.1,91,88,8.2
26.7,25.3,27.5,25.2,25.6,25.1,1002.7,91,88,28.4
27.9,26.9,30.2,25.7,25.6,24.6,1002.7,83,87,0
29.7,26.5,34.5,25.3,26.4,25,1003.1,77,34,0
29.8,28.7,32.2,27.5,26.7,25.4,1002.7,78,65,0
30.1,28,33.6,25.9,25.7,23.8,1000.7,70,43,0
30.4,27.7,33.5,26.3,26.6,25.1,998.5,74,43,0
31.3,28.1,35.1,26.9,27.6,26.2,997.2,75,36,0
30.6,29.4,33.2,27.9,28.3,27.4,999,83,83,0
30.4,29.2,32.7,27.8,27.8,26.9,1000.7,82,85,1.1
30.8,29.2,34,27.6,28,27,1001.6,80,78,0.4
30.8,28.8,33.3,27.3,27.8,26.6,1001.7,79,67,9.2
30,25.2,33.4,23.7,27.2,26.2,1002,80,70,54.4
30,26.5,32.4,24.9,27,25.8,1001.9,79,69,5.6
30,27.6,32,27.8,27.3,26.2,1003.4,81,82,1.1
28,25.9,30.1,26.9,26.2,25.5,1005.6,87,87,42.2
27.8,25,31.6,26.7,25.9,25.2,1005.1,86,84,19
28.8,26.8,31.8,26,26.5,25.6,1003.9,83,81,0.1
29.1,28,31.7,27.1,26.3,25.2,1004.8,79,74,0
29.5,27.6,32.8,27.4,25.8,24.3,1005.9,74,74,0
29.7,27.5,33,26.7,26.5,25.3,1006.6,77,62,0
29.4,28.2,31.4,27.7,26.6,25.5,1006.7,80,65,0.7
30.9,27.7,33.9,26.7,27.3,25.9,1002.3,75,56,0
27.2,25.1,32.6,24.5,25.8,25.2,1000.8,89,95,88.4
25.7,22.9,28.7,22.1,25,24.7,1006.3,95,81,178.3
28.6,26.9,31.4,25.9,26.9,26.3,1008.1,88,57,2.9
29.9,27.2,33.8,25.9,26.7,25.4,1006.2,77,72,0
29,27.8,30.7,27.5,26.7,25.8,1005.6,83,80,5.9
27.7,25,30.1,26.8,25.9,25.1,1007.6,86,83,8.5
26.9,25,30.3,24.6,25.8,25.3,1007.8,91,90,43.7
28.2,26.2,31,26.8,25.7,24.7,1006.5,82,85,8.5
26.9,25.2,28.1,26.1,25.7,25.2,1007,90,88,38.4
28.4,26.2,30.9,26.3,25.7,24.6,1005.6,80,85,12.9
26.8,25.5,28.3,24.7,25.6,25.1,1004,91,89,62.2
27.2,25.4,29.3,24.5,25.7,25.1,1003.1,88,89,31.8
28.9,26.8,32.4,26.2,26.1,24.9,1002.5,79,55,0.2
29.8,27.5,33.3,26.7,26.8,25.6,1003.6,79,25,0.4
30,28,33,27,27.3,26.2,1004.7,80,31,0.4
30,28.3,33.3,27.1,26.9,25.7,1005.8,78,47,0
30.1,28.2,33.3,27.3,26.6,25.2,1008.9,76,27,0
30.2,28.4,33.3,27.8,26.3,24.6,1011.3,73,38,0
30.3,28.3,33.5,27.2,26.4,24.8,1009.9,73,44,0
30.1,28.7,33,27.9,26.9,25.6,1008.4,77,64,0
29.8,28.4,32.3,27.5,26.7,25.5,1008.4,78,69,0
29.2,25.9,32.2,25.9,25.8,24.4,1008.2,76,51,11
29.3,26.3,32.3,26.5,25.9,24.5,1007.7,76,73,4.3
29.2,27.9,31.8,27.7,25.9,24.5,1009,76,80,2.1
28.8,25.8,32,27.5,25.9,24.7,1010.9,79,79,18
28,24.9,32.4,24.8,24.4,22.7,1011.3,74,54,8.7
29,26.2,32.6,24.9,21.7,17.5,1008.7,52,9,0
29.2,26.5,32.5,22.6,20.4,14.8,1008,42,2,0
28.3,25.9,31.3,22.4,19.3,13.1,1012.2,40,7,0
27.7,25.4,30.7,22.5,21.8,18.4,1016.2,57,41,0
27.5,26.3,30.3,24.7,23.5,21.5,1017.5,70,59,0
27.3,25.7,30.8,24.1,23.4,21.4,1017.3,71,32,0
27.5,25.5,30.8,23.7,23.5,21.6,1017.2,71,43,0
27.6,25.7,30.6,24.2,23.7,21.9,1016.6,72,46,0
28.2,25.9,32.2,24.2,24.1,22.2,1015,71,33,0
28.7,26.6,31.7,25,25.2,23.7,1012.8,75,33,0
30.1,27.2,33.4,25.3,24.6,22,1008.8,64,21,0
30.3,28.4,33.2,25.4,24.2,21.2,1009.4,59,11,0
29.5,27.9,32.1,25.6,25.5,23.7,1011.2,71,20,0
29,27.4,31.8,25.4,24.4,22.3,1012.1,67,22,0
28.6,26.9,31.3,24.7,24.4,22.4,1012.2,70,22,0
29.1,26.8,32.3,24.5,24.7,22.7,1012.9,69,18,0
26.3,23.1,29.1,26,23.9,22.8,1014.7,81,87,46.8
26.3,23.2,28.3,22.8,24.5,23.7,1015.4,86,83,17.9
27.7,25.3,30.4,24.9,24.8,23.6,1015.6,79,66,4.9
27.8,26.7,29.8,25.6,24.5,22.9,1014.7,75,55,0
27.9,26.6,30.3,25.1,24.7,23.3,1013.5,76,35,0
28.5,26.3,31.1,25.3,25,23.5,1011.8,75,24,0
28.6,27.4,31.5,26,25.7,24.4,1011.8,78,51,0.3
27.2,24.5,30.8,24.7,25.1,24.2,1014.6,84,81,13.6
25.8,24.2,28.9,23.4,24,23.1,1017.6,86,80,52.1
26,23.1,29.7,24.4,22.6,20.8,1019,74,56,10.4
25.5,23.2,28.9,22.5,21.2,18.9,1018.3,67,37,0
26.2,23.9,29.7,23.3,22.2,20.1,1017.2,70,31,0
26.5,24.7,29,24.7,22.4,20.3,1016.9,70,57,0
26.2,24.2,29.6,23.7,22.5,20.7,1017.2,72,34,0
25.4,23.4,28.3,23.9,22.3,20.7,1016.5,76,42,3.5
25.3,23.5,28.8,22.6,21.8,19.9,1014,72,35,0
25,23.4,28,22.1,20.9,18.6,1012.2,68,21,0
25.5,23.5,28.7,22.2,21.8,19.8,1012.2,71,28,0
26.2,24.5,29.5,23.7,22.3,20.4,1014.9,71,51,0
25.8,24.3,28.3,23,22.6,21,1016.7,75,33,0
25.9,24.7,28.3,23.4,22.7,21,1017,75,73,0
25.7,24,29,23.6,22.7,21.3,1015.3,76,59,0
25.2,22.4,29,23.6,22.3,20.8,1014.7,77,79,0
22.7,20.3,24.7,20.3,18.5,15.9,1015.7,65,54,0
24,21.5,26.4,20,18.9,15.6,1016.7,60,81,0
24.8,23.2,27.2,21.5,20.7,18.3,1016.2,68,78,0
25.7,24,29.3,22,22.2,20.4,1015.7,73,49,0
25.3,23.9,28.2,22.2,22,20.3,1014.6,74,31,0
25.7,23.8,28.8,0,22.4,20.7,1013.9,74,48,0
25,22.8,28.6,0,19.2,15.5,1014.5,56,28,0
23.9,21.6,27.4,18.9,18.3,14.5,1013.4,56,11,0
23.8,22.3,26.5,20.3,20,17.7,1012,69,47,0
23.8,21.4,26.9,18.9,18.2,14.3,1013.7,56,32,0
23.3,20.8,26.8,17.8,17.1,12.5,1017,51,21,0
22.7,20.4,26,17.7,18.1,15,1017.6,62,33,0
22.7,20.6,26.7,18.1,19,16.7,1016.1,70,16,0
23.1,20.9,26.8,18.3,19.7,17.7,1014.7,72,32,0
23.3,22.3,25.2,19.7,20.7,19.2,1016.4,78,70,0
24.1,22.3,26.8,20.2,21,19.4,1018.3,75,39,0
23,21.1,25.9,19,18.6,15.7,1018.9,64,42,0
22.8,21.5,25.7,19.7,19.1,16.9,1016.9,70,29,0
22.5,21.5,25.6,19.2,19.7,18,1015.7,76,33,0
23.4,21.4,26.5,18.9,20.8,19.5,1015,79,18,0
24.3,20.6,28.4,19,20.4,18.1,1015.7,69,18,0
20.5,17.9,22.7,16.8,16.3,13.3,1018.4,63,49,0
21.1,19.4,24,17.2,17.2,14.6,1019.5,66,56,0
21.7,19.2,25.2,17,17.7,15,1018.9,66,16,0
22.3,19.6,26.3,16.4,18.1,15.3,1017.1,66,14,0
23.3,21.4,26.9,18.4,20.7,19.2,1016.9,78,44,0
23.4,21.1,27.4,18.4,20.7,19.1,1017.5,77,24,0
23.8,22.4,26.6,19.7,20.6,18.7,1019.6,73,58,0
22,21,23.4,21.2,19.2,17.5,1020.7,76,88,0
22.3,21.1,24.8,19.9,19.7,18.2,1020,78,53,0
20.3,18,23.1,16.8,15.9,12.5,1021.9,61,41,0
19.7,17,22.6,15.9,15.9,13,1022.3,65,48,0
20.4,17.9,23.8,15.9,17.1,14.9,1020.4,71,34,0
21.5,18.8,25.5,15.9,17.9,15.5,1018.3,69,8,0
17.4,15.1,20.3,13.8,12.6,8,1021.6,54,18,0
16.4,13.8,20.1,11.7,10.8,4.7,1023.1,46,32,0
17.5,13.9,20.1,10.7,11,3.6,1022.9,40,55,0
15.3,13.1,18.3,12.4,10.8,5.7,1024.8,54,88,1.4
16.5,12.7,19.5,9.9,10,2.3,1024.7,39,47,0.3
16.2,13.2,19.1,9.3,9.9,2.2,1024.8,39,1,0
15.9,13,19.5,8.7,10.6,4.5,1024.8,47,16,0
17.4,14.7,21.7,11.1,13.3,9.7,1021.8,62,56,0
18.4,15.7,21.9,12.1,15.1,12.5,1018.6,69,39,0
19.1,16.5,24,12.4,15,11.7,1018.4,64,2,0
19.1,17.4,21.4,12.5,15.5,12.6,1020.9,67,43,0
19.2,18,22,16.3,16.5,14.6,1022.4,75,43,0
19.5,17.6,23.3,14.2,16.8,14.8,1021.7,75,17,0
19.5,18.5,20.5,15.9,17.5,16.1,1020,81,85,0
21.3,19.7,23.7,17.8,18.5,16.7,1018.1,76,86,0
23.2,21.2,26.2,19.4,19.7,17.7,1017.7,71,79,0
22.8,20,27.3,18,20.1,18.5,1018.1,77,70,0
19.8,18.8,21.4,18.3,18.1,17.1,1019.8,84,94,0.1
19.1,17.7,21.6,16.8,16.7,15.1,1019.6,78,83,0.7
19.3,17,21.9,17.3,17.6,16.5,1017.8,84,86,1.4
20.5,19.2,22.8,18.4,18.7,17.7,1015.8,84,60,0
20,18.9,21.4,16.8,18.4,17.3,1016.7,85,81,0
20.4,19,23.3,17.5,18.2,16.9,1017.9,80,44,0
20.1,19,22.9,16.7,18,16.6,1016.4,80,65,0
21,17.5,24.5,16.5,17.8,15.8,1016.3,73,29,0
18,15.6,21.3,13.5,14.3,11.2,1020.3,65,23,0
18.5,16.8,20.9,14.9,15.4,13.1,1020.2,72,64,0
18.8,17.9,19.6,16.9,17.6,16.8,1018.3,88,92,9.3
20.3,18.8,22.5,18.7,19.3,18.7,1020,91,90,0.3
19.2,18,20.2,18.5,17.7,16.8,1024.9,86,93,0
