mean_temp,min_temp,max_temp,dewpoint_temp,pressure,humidity,cloud,rainfall,low_visibility_hour,sunshine,radiation,evaporation,wind_direction,wind_speed
16.2,15,18.1,11.4,1018.1,73,84,0,17,2.7,9.86,2,60,37.6
17.4,16.1,20,15.4,1016.1,88,88,5.2,3,0.5,6.74,1.4,20,21.4
17,15.8,18.3,14.7,1017.1,87,85,3.5,0,1.4,7.6,1.3,50,21.8
17.9,15.9,19.9,14.6,1015.1,81,68,0,2,7.3,13.73,2.4,40,21.9
17.3,15.9,18.5,14.5,1015.6,84,85,0.8,10,0.1,3.48,0.9,60,42.2
15.8,14.4,16.8,14.1,1018.6,90,88,1.2,8,0,2.53,0.8,40,31.8
13.7,12.6,14.7,11.1,1021.3,84,88,0.5,3,0,2.2,0.7,20,25.5
13.7,11.6,15.5,10.3,1020.6,80,88,0.9,5,0,7.13,1.6,10,19.2
15.1,13.6,17.1,11.3,1018.9,78,76,0,6,3.2,9.53,2.4,50,30.8
17.4,15.7,19.1,13.9,1017.3,80,86,0,6,3.1,10.73,1.2,40,30.1
15,12,18.2,13.2,1018.3,89,80,12.5,0,0,2.21,1.6,360,26.7
12.1,9.9,15.2,5.3,1023,63,21,0,10,9.6,16.13,3.4,360,36.8
12.9,9.8,15.9,3.4,1026.8,53,45,0,18,9.5,16.71,3,10,22.8
14.5,12.8,16.1,8,1026.6,66,57,0,0,8.7,16.46,3,60,32.6
15.8,13.8,18.4,9.8,1025,68,36,0,0,9,16.32,2.9,40,31.2
16.7,15,19.7,10.1,1025.8,66,47,0,8,8.4,15.01,2.3,40,25.8
16.5,14.6,19.8,12.5,1025.9,77,38,0,18,7.7,15.12,2.7,40,27.8
16.9,14.8,19.7,12.8,1023.8,78,50,0,4,9.8,16.93,2.9,60,29.5
18.1,15.9,20.2,14.6,1021,80,85,0,0,5,11.83,2,30,28
21.3,19.6,22.7,18.3,1019.7,83,88,0,2,0.1,5.47,0.6,30,30.5
22.3,21.3,24,20,1018.5,87,81,0,0,1.6,5.82,2.1,60,27.4
18.3,16.5,21.6,15.9,1021.5,86,85,0,2,1.7,6.35,1.7,60,39.9
15.5,14.9,16.6,13.1,1022.7,86,88,0,11,0,2.8,0.9,30,26.6
15.7,14.5,17.1,13.1,1021.1,85,88,0,24,0,3.2,0.9,30,23.3
18.4,16.1,21.7,14.4,1021.1,78,87,0,8,1.1,7.06,2.6,360,20.7
16.1,15.4,17.8,12.6,1023.4,79,88,0,6,0.1,4.44,1.4,60,30.8
16.9,15.5,18.9,14.1,1019.6,84,87,0,20,2,7.75,1.2,50,27.7
19.4,17.4,22.4,17.9,1017.4,91,83,0,10,1,7.82,1.2,20,10.3
18.4,17.4,19.5,16.5,1019.4,89,84,0,10,0.2,5.26,1.8,40,26.1
18.6,17.1,20.6,15.9,1018.2,84,78,0,23,5.2,12.75,3,30,24.5
21.4,19.2,24.5,18.4,1016.5,83,46,0,5,9.7,17.83,2.3,30,7.9
21.6,19.7,23.8,18.6,1015.1,84,76,0,9,9.7,16.01,3.1,210,8.8
19,18.2,20.8,17.2,1015.5,89,86,0,5,0,3.61,1.3,30,21.9
18.2,17,19.5,16.4,1016.8,89,88,0,13,0,5.4,0.5,40,29.7
17.2,16.3,18.1,15.8,1017.7,91,89,0.4,2,0,5.77,1.5,30,33.4
17.4,16.8,17.9,15.6,1017.6,89,90,0,11,0,4.55,0.8,40,34.3
17.5,16.9,18,15.9,1017.4,90,92,0,3,0,4.42,1.4,40,29.4
17.1,16.3,17.6,16.5,1017.7,96,92,94.1,0,0,1.19,0.5,40,33.3
18,17.2,19,17.4,1015.9,97,88,7.1,3,0.1,2.3,0.1,20,20.5
21.6,19,23.8,20.4,1014.4,93,87,0,1,1.5,8.45,1.4,20,14.7
24.1,22.8,25.8,21.5,1013.2,85,84,0,0,1.2,8.06,1.9,170,21.3
25,23.9,26.9,21.5,1013.9,81,85,0,0,2.7,9.93,2.9,200,18.3
16.7,11.9,24.5,12.9,1020,79,87,0,0,0,3.64,2.4,360,24.8
13.2,11.6,14.8,11.3,1019.8,89,92,1.7,1,0,2.97,0.1,30,39.2
15.4,14.6,16.3,15,1015.5,97,96,2.3,2,0,2.72,0.1,30,27.2
12.6,10.8,15.2,11.5,1018.9,93,92,0.6,2,0,2.15,0.8,360,19.6
10.2,9.1,11.2,8.2,1022.3,88,88,0.6,0,0,3.29,0.5,360,28.7
9.7,8.9,10.5,7.5,1022.8,87,88,1,2,0,2.79,1.3,360,29.9
9.1,8.2,10.5,6.6,1024.1,84,94,0.8,3,0,3.18,0.4,360,28.3
9.5,7.7,11.2,7.7,1022.7,89,92,3.7,7,0,3.78,0.8,360,20.4
13.2,10.7,15.9,9.7,1020,80,88,0,12,2,10.26,1.8,30,19
15.9,14,18.7,12.4,1017.2,80,84,0,3,3.7,13.46,2.5,30,23.9
17.7,16.7,19.1,15.5,1015.6,87,88,0.1,4,0.1,5.86,1.1,20,18.9
20.1,17.9,23.8,17.7,1014.1,86,86,0,8,4,13.83,2.3,20,10
22.3,20.2,24.4,20.1,1010.3,88,87,0,0,1.4,7.05,0.9,160,19.4
24.5,22.9,26.3,22.3,1009.4,87,88,0.4,0,1.3,8.36,1.7,180,20.6
24.6,23,25.8,22.5,1009.7,88,88,0.3,1,0.4,5.95,2.3,190,15.7
24.7,23.1,27.1,22.7,1011.7,89,86,0,0,2,9.1,1.8,180,13.8
23.9,22,26.2,22.4,1014.3,91,87,0,1,1.7,8.79,2.3,130,9.7
22.1,21.1,24,21.1,1014,94,88,0,3,0.5,8.18,1.5,20,12.5
24.6,22.5,26.2,22.3,1012,87,83,0,0,0.4,5.46,1.2,160,12.8
24.7,23.3,26.9,22.6,1011.7,88,84,0,0,1.2,7.91,0.6,140,19.9
24.5,23,25.8,22.4,1011.2,88,86,0.1,0,0.1,4.18,1.4,150,18.3
25.8,24.1,27.5,22.5,1010.9,82,84,0,0,4.7,14.5,3.1,160,18.8
25.7,24.6,27.4,22.8,1012.3,84,82,0,0,0.9,5.28,2,170,19.8
18.9,17,25.5,17.5,1015.6,92,94,4.9,1,0,1.58,0.8,20,23
16.7,13.2,17.8,15.7,1017.4,94,98,0.5,1,0,1.8,0.4,50,33.6
10.5,8.9,13.3,6.2,1025,75,88,2.7,0,0,2.58,2.5,360,54.4
12.1,8.1,16.8,1.5,1027.6,48,35,0,0,10.3,21.24,3.4,10,31.3
15.4,12.1,19.8,8.3,1024.1,63,41,0,0,9.7,19.86,2.9,70,16.9
16.8,15.7,17.8,14.3,1019.7,85,84,0.4,6,0,2.26,0.2,30,21.9
18.8,17.4,20.3,17.6,1016.2,93,89,0,8,0.1,7.28,0.9,30,18.4
20,18.9,21.6,19.4,1014.4,96,88,0,1,1.2,11.01,1.9,20,18
22.9,20.8,26.6,21.6,1015,92,65,0,1,7,16.59,3.5,10,5.8
19.2,17.8,21.9,16.7,1020.4,86,85,0,14,0,3.25,1.9,20,23.3
19,17.3,20.7,14.8,1022.6,77,87,0,8,0.2,10.29,2,60,22.5
20.9,18.7,24.4,17.1,1020.2,79,60,0,21,9,16.1,2.7,30,5.1
21.2,18.9,25.2,16.9,1016.3,78,29,0,8,10.2,21.16,3.6,30,10.2
21.9,19.7,24.5,18.7,1013.4,82,79,0,9,1,8.2,2.1,300,6.8
22.7,20.1,28.1,18.9,1013.7,80,50,0,14,8.7,19.83,4.8,90,14.5
21.5,19.3,25.5,17.3,1013.3,77,66,0,22,8.3,20.29,3.9,40,23
22.9,20.8,26.4,20.8,1010.9,88,82,0,6,3.4,14.7,2.8,30,14.5
24.4,20.3,29.1,21.8,1010.2,86,71,0,0,4.7,15.29,4.7,100,5.3
16.7,14.7,20.2,11.1,1017.5,71,88,8.9,0,0.3,6.4,4.4,360,45.9
17.5,14.7,20.9,7.4,1021.2,52,28,0,0,10.3,20.93,3.3,80,34
18.3,16.5,20.9,12.1,1021.3,67,86,0,14,0.5,7.54,1.5,50,27.7
19.9,17,24.7,13.2,1020.3,66,32,0,7,10,20.71,5.2,70,21.8
18.5,17.1,19.4,11.2,1020,63,72,0,0,0.6,6.61,2.2,70,45.7
19,17.9,20.5,16,1018.2,83,87,0,7,0.1,4.45,1,50,40.3
21.6,19.9,24.9,18.8,1016,84,77,0,3,6.7,18.75,3.3,40,21.5
23,21.1,26.2,21,1013.6,89,82,0,1,2.3,13.17,2.6,20,9.2
21.2,18.4,24.8,19.8,1015.1,92,87,2,0,1,5.57,1.8,20,20
18.1,17.6,18.4,16.1,1017.6,88,88,0,1,0,3.88,0.7,60,42
18.8,17.7,20.1,17.5,1014.8,92,87,0,12,0.1,7.31,0.9,30,26.5
20.5,19.4,21.7,19.7,1012.4,95,87,0,10,0.1,6.46,1.6,20,15.5
22.9,21.3,25.9,21.6,1012.4,93,88,0,2,0.9,8.49,1.1,20,13.5
19.6,18.1,22.4,18,1016.7,91,88,1.8,2,0,2.06,1.4,50,36.6
17.3,15.5,18.3,15.2,1015.9,88,89,9.6,4,0,2.28,0.2,20,29.9
19.3,17.7,21,17.1,1013.4,87,85,0,8,1.8,11.97,1.5,40,15.8
19.3,18.7,19.9,18.6,1011,96,90,1.7,5,0,1.77,0.1,20,21.1
23.6,19.9,26.2,22,1008.8,91,84,0,2,0.9,7.48,1.4,170,18.7
26.1,24.4,28.4,23.8,1009.4,87,78,0,0,2.1,10.6,2.1,170,12.5
24.6,19.5,29.5,22.9,1013.8,91,83,0.9,2,3.8,15.33,4,150,22.6
19.1,18.1,19.8,17.4,1016.9,90,89,0.3,6,0,5.26,1.3,70,39.6
16.6,13.5,19.7,15.6,1018.1,94,87,8.2,1,0,1.37,1,360,28.9
16.5,14.3,18.3,13.6,1020,83,88,0,0,0,5.24,0.9,20,23.5
18.4,16.4,19.6,15.6,1019.2,84,88,2,0,0,7.22,1.3,60,34
19.2,17.8,20.4,17.9,1016.1,92,88,3.1,1,0.1,6.54,1.2,50,26.8
22,20.2,25.5,20.1,1012.3,89,80,0,13,5.2,18.08,3.7,30,15.2
23.3,21.7,25.6,22.3,1010.4,94,84,1.1,1,0.5,7.41,1,20,11.4
26,23.7,28.4,23.6,1010,87,85,0,0,2,13.01,3,160,16.2
24.4,21.1,28.4,22,1010.9,87,87,6.8,1,0.5,6.64,3.5,190,16.9
21,18.7,25.9,15.2,1016.7,70,74,0,0,6.4,18.85,3.6,350,27.6
21.4,19.6,24.8,14.9,1018.2,67,63,0,1,8.4,23.35,6.6,80,33.7
20.6,19.2,23.6,15.5,1017.4,73,84,0,2,1.7,15.03,3.8,70,37.4
21.8,20.4,24.7,18.2,1016.8,80,86,0.2,4,2.7,13.79,3,50,20.9
21.6,19.8,24.8,17.3,1016,76,85,0,6,0.7,11.6,2.6,10,11.5
22.8,21.2,25.8,19.3,1014.4,81,85,0,13,0.7,10.3,2,30,9.1
21.1,18.1,24.2,19.2,1015.3,89,87,40.6,10,0.4,3.94,1.7,60,28.5
21.3,18.2,26,18.3,1016.7,84,78,0.6,0,6.9,21.89,3.5,40,25.6
23.5,20.8,28.1,20.1,1015.4,82,71,0,1,7.3,21.62,4.8,20,12.4
24.8,22.3,28.5,21,1013.3,80,45,0,0,9.1,23.18,4.7,10,5.7
24.2,22.2,27.8,20.7,1012.1,82,46,0,0,8.8,23.33,4.8,60,16.2
24.1,23,26.8,21.9,1009.6,88,84,0,0,2.2,14.49,2.9,80,21.8
25.9,23.6,27.8,23.6,1007.5,87,88,0,0,1,10.35,1.6,140,11.2
27.3,26,28.7,25,1007,87,85,0.2,0,0.7,7.41,4.6,180,26.4
25.3,23,28.3,23.9,1007,92,87,29.1,0,0.9,9.48,4.1,260,18.6
25.6,24.5,27.2,24.1,1006.8,92,84,0,0,3.6,15.38,3.3,20,10.5
27,24.6,30,24.3,1005.9,86,84,3.9,0,5.9,15.87,5.3,20,14.4
23.9,21.9,26.4,22.9,1008.1,94,84,27.6,0,0,5.89,1.7,90,10.8
23.9,22.6,26.4,21.9,1011.7,89,91,0.3,2,1.9,13.31,3.2,70,26.1
24,23.2,26.6,21.6,1012.2,87,88,0,5,2.4,13.83,2.9,70,27.9
23.9,22.6,26.1,22.2,1010.7,90,88,0.7,1,1.8,12.95,2.8,80,25
24.5,23.7,25.7,23.3,1009,93,87,0,2,1.1,9.55,1.9,80,20.4
23.9,23,26.5,22.6,1009.6,92,88,11.9,2,2.4,14.68,2.7,40,24.8
24.1,22.7,26.9,22.7,1011.1,92,85,0.8,9,3.2,16.34,4.3,40,23.8
25.2,24.1,27.3,23.2,1011.6,89,80,0,0,3.9,17.53,3.1,30,19.5
27.3,25,29.6,24.5,1010.2,85,72,0,0,3.9,13.82,4,190,8.9
26,22.6,28.8,24,1009.2,89,79,55.7,0,0.2,4.48,3.4,190,16.1
25.9,22.6,29.9,23.4,1010.1,87,73,8.1,0,4.4,15.8,3,190,13.6
28.5,26.3,30.7,25.6,1008.7,84,82,0,0,2.8,13.02,3.2,170,20.1
29,28.2,29.6,25.5,1004.5,82,86,0,0,0.2,5.67,2.6,200,38.2
26,23.9,29,22.2,1003.2,80,81,10.1,0,0,6.59,3.6,350,21
25.6,22.7,29.5,18.2,1006.9,65,30,0,0,12.3,28.81,5.6,360,16.8
25.9,23.1,29.6,21.1,1008,75,32,0,0,12.4,27.73,6.3,70,18.8
26.6,24.1,29.9,22.1,1007.5,77,72,0,0,9.6,24.78,5.8,60,30.8
26.1,25,27.5,23.6,1007.6,86,84,0,0,0.5,5.29,1.5,40,27.7
26.9,24.9,29.6,24,1008.4,84,74,0,0,8.6,22.74,4.5,100,14.5
27,24.6,29.2,24.9,1006.9,89,87,22.6,0,0.4,9.34,3.2,220,15.3
26.5,25.5,28.9,24.9,1006.3,91,87,5.3,6,0.6,8.92,1.9,80,5.4
24.7,23.9,25.7,22.8,1007.9,89,88,0.3,0,0,4.93,1.7,70,26.5
24.2,21.2,26.8,21.2,1008,84,88,16.1,0,1.7,13.76,3.9,70,34.6
21.7,20.4,23.4,21.2,1008.3,97,93,29.3,0,0,3.18,0.3,60,45
22.7,20.5,25.3,21,1010.2,90,86,1,1,3.2,14.11,2.1,10,17.1
24.7,22.8,26.8,21.9,1010.1,85,89,0,12,1.1,10.1,2.2,90,7.3
24.9,22.9,28,22.1,1009.6,85,84,8.2,5,3.4,16.97,5.1,110,15.3
25.2,23.5,28.2,21.5,1010.3,80,59,0,0,8.5,21.91,4.3,90,15.3
25.5,23.9,28.5,21.7,1010.8,80,49,0,0,10.8,25.05,6,100,14.5
25.6,24,28.7,22.7,1009.5,84,84,0,0,6,21.07,4.7,90,20.5
25.6,24.3,27.1,24.3,1007.9,93,87,16.7,0,0,4.79,1.7,120,17.3
25.4,24.8,26.5,24.9,1008.5,97,92,58.4,0,0,4.45,0.1,120,8.9
27.2,25.5,30.1,24.7,1008.5,87,83,0,0,4.5,17.08,6.1,210,9.8
28.1,25.8,30.7,24.8,1008.2,83,85,0,3,4.8,18.01,1.9,180,6.5
28.4,26,29.6,26,1007.4,87,84,29,0,0.4,10.47,0.2,210,26.7
29.3,27.1,31.2,26,1006.9,83,86,6.4,0,2.2,15.26,3.8,210,32
29.3,28.6,30.1,26.1,1006.4,84,86,0.1,0,0,6.86,1.5,210,30.9
29.4,27.8,30.6,26.2,1006.8,83,86,3.8,0,1.1,11.33,3.6,200,32.3
29.7,28.9,31.4,25.8,1007.6,80,83,0,0,2.1,12.31,4.3,200,30
29.8,28.7,31.4,25.5,1008.1,78,83,0,0,5.1,17.77,6.5,200,29.4
29.7,28.6,31.5,25.2,1008.2,77,74,0,0,8.3,23.47,3.3,200,23.3
29.5,27.9,31.5,25.5,1007.3,79,85,1.9,0,4.3,17.81,5.7,210,24.5
29.6,28.3,32,25.3,1007.5,78,76,1.4,0,4.7,17.7,4.4,190,20.5
29.3,27.9,31.5,25.4,1008.6,80,82,4.6,0,4.1,14.93,4.3,200,18.8
28,24.4,30.1,25.2,1007.7,85,84,41,0,1.9,10.68,5.5,200,16.4
29,25.6,30.2,26.1,1003.6,84,88,39,0,1,9.64,2.5,210,31.8
28.8,27.6,29.8,25.6,1001.8,83,88,2.9,0,0.1,8.48,1.8,220,32.7
26.1,25,27.8,24.9,1005.1,93,92,127.6,0,0,1.79,1.5,240,16.6
25.6,25,26.6,24.8,1006.9,95,88,44.2,0,0,1.96,1.4,150,17.8
25.5,24.5,28.6,24.9,1007.3,96,90,43.2,0,0.1,3.43,2.7,80,13.5
27.3,25,30.3,25.5,1009,90,54,0.1,0,6.4,19.05,3.7,40,13.9
29.1,26.9,32.7,25.5,1008.9,81,32,0,0,6.7,14.84,5.2,90,6.5
29.5,26.9,32.4,24.8,1008.4,76,33,0,0,11.8,27.96,6.3,210,10.2
30,27.8,32.8,25.1,1007.7,76,35,0,0,12.4,28.19,7.8,210,19.4
30.1,28.3,32.7,25.3,1008.4,76,46,0,0,10.1,24.41,6,220,26.7
30.1,28.7,32.7,25.9,1008.4,79,55,0,0,11.2,27.61,7.4,230,30.7
30.1,28.6,33,25.8,1006.7,78,54,0,0,11.1,27.07,7.2,220,36.8
30,28.8,31.7,25.9,1006.9,79,83,0,0,7.7,22.18,6.2,220,33.3
30.2,28.9,32.1,25.8,1008.2,78,78,0,0,9.4,23.52,5.7,210,24.5
30.6,28.4,33.6,25.9,1008.1,76,69,0.4,0,10.6,27.2,7.4,210,23.5
29.8,27.9,31.1,25.2,1008.2,76,83,1.7,0,8.1,20.46,7.2,210,22.8
29.8,27,33,24.9,1009,76,64,3.9,0,10.2,23.98,7.2,210,18.4
30,27.3,32.8,25.1,1008.9,76,61,1.8,0,11.2,26.59,7.1,210,18.7
30.2,28.2,33.5,25.2,1008.4,75,55,0,0,10.1,23.73,6.2,200,15.6
29.9,28.3,32.7,25.8,1008.5,79,61,0,0,9,24.48,6.3,120,12.4
30.2,28.3,33.9,26,1008.4,79,73,0,0,7.9,23.92,5.6,60,18.9
29.2,26.4,32.5,26.6,1007.5,86,89,8.4,0,4.9,15.47,4.7,90,23.1
27.6,25.3,31.7,25.3,1008.3,88,77,17.8,0,8.3,17.8,5.9,120,23.9
27.7,23.6,31.9,25.6,1010.5,89,85,40,0,9.6,18.62,6.1,120,19.3
28.1,24.4,32.1,25.5,1011.1,86,61,1.1,0,10,22.67,4.8,10,7.3
29.7,27.3,33.6,25,1009.3,77,33,0,0,10.9,24.24,5.6,160,6.2
29.5,27.8,33,25.8,1008.6,81,57,0,0,9.1,24.43,5.5,80,10.3
27.4,24.8,30,25.8,1007.4,91,88,29.6,0,0.9,5.41,4.5,80,29.3
27.2,24.6,29.5,26,1006.9,93,88,182.4,0,0.2,6.48,4.3,120,35.6
27.6,25.4,30.1,25.9,1007.8,91,86,14.6,0,1.5,11.33,3.3,100,17.8
28.3,25.6,31.9,25.6,1008.1,86,80,1.1,0,9,24.73,6.1,90,13.7
29.2,27.1,32.3,25.5,1007.5,81,58,0,0,10.6,25.55,4.5,110,8.3
29.2,27.5,32.3,25.3,1007.5,80,72,0,0,9.1,23.74,6.3,210,12.9
27.9,26.4,30.1,25.2,1008.2,86,90,33.6,0,2.9,13.46,4.1,220,24.3
26.9,23.9,29.4,25.3,1008.3,91,93,122.5,0,0,4.38,2.5,210,23.5
28.5,24.5,31.8,25.2,1006.9,83,86,4.6,0,4.6,18.01,3.8,220,25.6
29.6,26.9,32.4,25.8,1006.9,80,79,5.1,0,7.8,21.5,5.3,220,22.8
30.1,28,33.4,25.7,1008.2,78,70,0.8,0,7.6,21.66,4.1,210,16.6
30,28.3,32.7,25.9,1010.3,79,51,0,0,9.2,26.16,7.6,130,16.1
29.4,28,32.7,25.4,1010.3,79,64,1.1,0,8.5,21.87,6,200,14.4
29.1,27.3,32.2,24.4,1007.5,76,39,0,0,10.4,26.29,6.6,230,17.9
30,27.5,33.1,24.7,1005.1,74,28,0,0,10.7,25.15,5.9,270,18.8
29.4,24.3,33.7,25.2,1005.5,79,62,41.6,2,8.7,21,7,30,13.5
28.4,25,32.2,24.8,1006,81,82,1.6,0,6.4,17.98,4.9,40,20.7
28.8,25.7,32.2,25.7,1004.5,84,81,39.1,0,6.1,18.19,7.5,80,23.9
28.8,25.8,32.2,25.8,1003.5,84,84,18,0,7.4,21.15,5.2,80,28
29.6,27.7,32.6,26.2,1003.9,82,76,0.2,0,10.2,23.97,6,90,17.3
30.2,28,33.7,25.6,1006.2,77,46,0,0,8.8,20.39,6.3,170,8.9
28.3,26.9,30.1,26.1,1008.7,88,69,22.2,0,1.8,8.12,7,110,6.4
29.3,27.1,32.6,25.2,1009.5,79,61,3,0,6.7,20.22,4.7,190,11.7
29.8,27.9,32.7,25.7,1008.7,79,54,3.8,0,8,21.32,5.2,200,13
29.4,28,31.7,25.4,1009.2,79,56,8.7,0,6.9,16.48,3.1,190,11
28.1,26.1,29.6,24.9,1010.4,83,68,13.5,0,4.8,14.35,2.8,210,13.7
27.1,25.3,30.1,24.3,1010.3,85,80,5.1,0,1.4,10.43,2.5,200,13.5
28.3,26.2,32.6,25.1,1010.1,83,73,3.2,0,7.6,20.66,4.1,20,8.4
28.6,26.9,30.9,25.5,1011.7,84,74,0,0,5.5,16.28,4.2,50,16.3
27.5,25.3,30.1,26.1,1012.9,92,87,56.4,0,2.3,12.89,4.2,70,28.7
28,24.5,32.1,25.1,1012.6,85,82,22.1,0,8.7,23.58,4.9,30,15.2
29.4,27.2,32.8,25.1,1009.8,78,57,0,0,10.9,25.64,4.2,60,18.6
28.9,26.5,31.9,25.7,1008.4,83,74,9.1,0,9,22.68,3.9,90,32.3
28.5,25.1,31.8,25.5,1008.6,84,78,23.7,0,5.3,16.63,3.5,100,27.8
26.5,25.3,29.3,25.2,1010.4,93,88,42.6,0,2,13.03,2.2,90,18.4
28,26.3,30.5,24.6,1010.4,82,88,5.2,0,4.3,15.85,3.7,190,12
28.4,27.2,31.5,25,1008.7,82,67,0,0,5.3,12.54,3.5,160,5.8
28.8,26.4,32,24.5,1007.5,78,43,0,0,9.8,21.52,5.9,340,5.3
27.9,24.7,30.8,24.3,1007.2,81,44,30.1,8,5.4,11.33,5.6,360,6.7
29.2,27.1,32.9,24.8,1006.6,78,71,0,0,9.1,21.9,6,360,14.3
29.7,27.7,32.6,24.4,1004.1,74,80,0,0,7.6,16.95,5.2,350,10.6
30.4,28.1,33,23.8,1002.4,69,83,0,11,4.6,14.86,5.5,360,10.9
31.2,29,34.1,23,1002.9,62,78,0,21,7.2,18.14,6.2,340,14.4
29.5,25.7,31.3,23.4,1003.5,70,86,16.2,11,0.7,7.43,3.1,290,14.5
26,24.8,27.8,24.8,1003.6,93,88,47.4,3,0,2.2,3.8,160,28.8
26.8,25.2,28,24.7,1005.5,89,88,3.5,0,0.4,9.01,2.3,50,24.6
27.8,25.8,30.8,25.2,1007.5,86,70,4.9,0,5.1,16.26,3.9,80,13.8
29.3,26.8,32.1,24.9,1007.9,78,46,0,0,11.1,23.37,5.7,210,10.3
29.7,28.3,31.7,25.5,1007.2,79,59,0,0,9.4,23.72,6,220,19.7
29.9,26.3,32.4,26,1005.9,80,58,27.6,0,7.5,17.14,6.7,250,16.5
28.2,25.4,31.3,25,1005.8,83,84,22.5,0,4.7,15.3,5.2,180,8.9
28.1,23.9,31.2,24.4,1005.9,81,89,58.8,1,7.1,17.13,2.5,220,17.9
25.5,24.4,26.4,24.3,1008.9,93,96,51.8,0,0,4.43,1.5,230,14.7
25.2,23.8,28.8,24.1,1010.7,94,86,95.9,0,2,8.82,1.1,210,12.1
26.8,24.2,30.1,24.8,1011.1,89,48,0.1,0,10.5,23.32,5.2,90,14
27.2,26,29.9,24.7,1011.7,86,68,1.7,0,6.6,16.05,3.4,40,17.8
28.2,26,31.4,25,1011.5,83,58,1.7,0,9.8,24.22,5.2,90,16
28.9,26.7,32.3,24.7,1010.3,78,46,0,0,8.6,17.46,4.5,10,8.9
29.1,26.8,31.8,24.1,1009,75,41,0,0,11.1,22.37,5.6,210,14.3
29.7,27.5,32.7,24.8,1007.9,76,59,0,0,10.7,20.87,5.7,230,15.3
30.6,28.5,32.8,25.6,1004.2,75,71,0,0,8.9,17.32,5.3,270,22.8
28.3,25,30.8,24.8,1000,82,84,67,0,0,4.95,3.6,260,35.2
24.5,23.1,26.1,23.6,1007.4,95,92,178.8,0,0,1.52,2.7,200,29.1
25.4,24.3,26.5,23.9,1011.5,92,84,0.8,0,0,6.73,1.2,140,17.2
27,25.3,28.8,24.6,1011.9,87,87,0,0,1.7,12.74,3.7,30,14.3
27.7,26,31,24.6,1011.6,84,60,0,0,10.2,22.97,6.3,40,15.8
27.4,26.1,30.3,24.4,1012.5,84,67,0,0,6.2,16.24,2.7,70,23.9
27.6,26,30.6,24.2,1013.5,82,51,0,0,8.2,19.38,4.4,60,20.7
28.3,26.4,31.5,24.8,1012.9,82,54,0,0,9.4,21.27,4.7,110,14
28.6,26.7,31.9,24.6,1013.1,80,46,0,0,10.9,23.4,6.1,90,15.4
28.5,27.2,31,24.7,1013.4,80,68,0,0,7.4,18.05,4.6,60,31.7
27.7,26.1,30.7,24.3,1013.1,82,81,4.4,5,4.5,14.48,4,70,35.4
27.6,25.8,30.5,23.7,1012.4,80,71,0,0,9.1,21.12,5.3,70,40.1
28.4,26,31.6,23.3,1011.7,74,63,0,0,9.2,20.28,5.6,50,28.8
28.1,26.3,30.7,22.4,1012.4,72,83,0,0,7.4,16.34,7,30,26.9
25.5,24.2,26.6,18.9,1013.7,67,92,0,0,1.1,8.7,3.6,30,30.3
24.1,22.9,25.1,19.9,1013.9,78,89,2.2,0,0,4.59,0.1,80,35.6
24.2,22.3,25.4,20.9,1013.6,82,90,0.9,0,0.8,8.33,2.9,80,39.4
25.4,24.5,26.6,21.2,1012.3,78,91,0,0,0.4,6.93,2.3,60,36.8
26.4,25.2,28.3,22.4,1010.7,79,88,0,0,2.3,11.7,2.1,70,31.2
25.8,23.9,27,22.3,1009.2,81,88,1.4,0,0.9,9.09,2.4,80,35.7
25,24.1,26.1,23.7,1009.2,93,89,10.2,0,0,1.33,0.6,100,42.2
26.4,25.3,28,25.1,1012,93,87,3.7,1,2.5,10.25,1.4,90,30.8
27.6,26.1,30.5,24.7,1013,85,57,0,0,8.3,18.86,4.5,80,19
27.6,25.6,30.9,24.2,1011.9,83,40,0,0,8.5,18.91,4,70,18.8
27.9,26.4,30.8,24.5,1010.9,82,58,0,0,8.2,18.18,4.6,70,21.5
26,23.5,27.3,23.4,1012.9,86,87,3.9,0,1.7,8.52,3.4,90,30.4
25.2,23.5,26.6,21.4,1013.5,80,84,0.2,0,3.1,11.32,2.9,50,36.8
26.4,24.6,28.9,22.1,1013.7,77,76,0,1,7.7,18.06,5.1,80,41.1
26.6,25.2,30.4,21.2,1012.3,73,61,0,8,9.5,18.39,6,90,22.6
26.1,24.2,28.4,18.2,1009.8,62,81,0,0,6.5,13.49,5.3,20,29.8
26.4,24.9,28.7,18.6,1006.4,62,86,0,2,3.2,10.66,5.3,20,40.6
25.5,23.2,28.2,18.4,1004.1,65,88,0,1,2,10.74,3.6,10,45.6
23.6,21.5,25,17,1005.3,67,84,0.2,3,3.4,5.51,2,10,35.9
24.9,22.6,27.8,16.9,1005.1,61,55,0,2,7.3,15.22,4.6,10,17.9
25.1,22.7,26.9,18.5,1007.9,67,56,0,0,5.8,15.4,4.8,10,13
24.9,22.9,28.1,18.6,1011,68,64,0,0,6.5,15.36,5.1,20,25.6
22.3,19.9,24.3,17.3,1016.2,73,88,0,0,0.3,5.7,4,20,34.7
20,17.6,22.9,11.9,1019.1,60,42,0,0,8.5,17.41,6.1,20,37.7
18.7,15.7,22.7,8.5,1019.2,52,4,0,0,10.4,19.92,5.6,20,36.2
19.1,16.3,22.6,8.5,1020.8,51,14,0,0,10.3,19.14,4.8,20,35
19.3,16.3,23,7.7,1021.8,47,7,0,0,10.3,18.94,6.4,20,32.1
20,16.7,24,10.4,1020.3,55,4,0,0,10.3,19.71,3.3,20,25.1
21.1,18.8,24.6,14.4,1018.6,67,19,0,0,9.4,18.9,3.9,80,31.5
21.5,18.5,24.7,14.4,1019,65,27,0,0,9.9,18.45,4.4,70,32.4
21.2,18.8,24.1,14.3,1019.9,65,66,0,5,7.5,12.76,3.7,80,31.7
20,17.3,22,15,1019.4,74,91,3.2,11,0,4.81,0.9,70,31
17.5,16.8,18.3,17.1,1018.3,97,98,24.3,0,0,3.05,0.6,40,26.9
18.8,17.4,20.6,17.9,1016.4,95,91,14.7,4,0,4.99,1.6,20,19
22.1,19.8,25.9,17.9,1015.6,77,49,0,15,8.3,15.67,3.5,40,9
22.5,19.8,26.1,15.3,1017.5,66,24,0,6,9.6,18.02,5.4,20,16.5
21.4,19.6,24.5,13.3,1020.1,61,16,0,4,10,17.44,3,90,24
21,19.2,23.9,15.3,1019.1,71,56,0,13,6.5,14.26,3.6,70,29.4
21.3,18.3,25.3,12.7,1017,61,45,0,6,9.9,18.12,4,70,24.7
21.7,19.4,24.5,15.2,1015,68,21,0,0,10.3,18.58,4.4,70,35.4
22.4,20.4,25.2,17.2,1016.9,73,62,0,0,6.6,12.99,2.7,50,32.4
22.8,21.2,25.1,18.7,1019.6,78,84,0,0,2.3,9.98,3.2,50,28
23.4,21.9,26.7,19.1,1019.5,77,81,0,1,6.6,14.1,3.9,80,28.1
21.8,20.3,24.1,16.8,1018.8,74,58,0,11,6.9,13.16,3.5,70,25.9
21,18.6,23.7,16.2,1018.2,74,33,0,22,9.1,15.11,3.5,90,23.4
21.6,20.6,24.6,17.4,1017.6,77,79,0,13,4.2,10.35,2.4,70,20.5
21.7,19.9,24.7,16.9,1015.6,75,51,0,23,7.4,13.5,3,20,15.3
21,19.2,22.9,16.8,1013.5,77,51,0,3,6.2,12.55,3.2,50,20.2
21.4,19.5,23.8,17.9,1011.9,81,38,0,0,9.3,15.63,1.6,50,16.4
22.5,20.3,25.4,17.3,1011.7,73,51,0,14,7.4,12.56,3.5,20,14.8
21.4,19.8,23.6,16.7,1014.5,75,68,0,11,5.4,11.92,2.9,80,21.8
20.9,19.4,24,16.3,1016.5,75,64,0,16,6.2,13.78,4.2,60,28.7
20.2,18.1,23.1,13.2,1017.5,65,18,0,8,9.3,15.57,3.1,20,21.3
19.8,17.5,21.9,13.7,1017.7,68,23,0,6,9.4,15.92,3,80,27.6
20.1,18.3,22.1,15,1017.7,73,47,0,0,8.2,15.79,3.3,70,30.8
20.8,19.4,23.3,16.1,1018.2,75,34,0,0,9.7,16.21,3.2,60,27.1
20.9,19.2,23.7,17.5,1017.1,81,50,0,4,8.5,14.14,2.4,90,19.5
21.7,19.6,23.9,17.3,1015.4,76,37,0,20,8.4,12.8,3,30,7.8
20.9,18.6,23.6,16.1,1015.3,74,27,0,10,4.6,10.29,2,30,14.8
21.6,19,24.3,15.9,1016.4,71,12,0,20,9.4,14.36,4.2,20,12.9
20.9,18.5,23.7,12.9,1018.4,61,5,0,2,9.4,15.66,4,20,26.8
20.4,19,22.2,12.9,1017.2,62,68,0,0,1.7,8.85,2.1,70,30.5
21.6,19.1,24.8,15.8,1014.5,70,29,0,0,9.2,15.88,3.1,50,16.5
23.5,21.2,26.8,16.1,1014.9,65,29,0,14,9.4,14.95,6,40,14.6
19.3,16.6,21.9,8.5,1018.6,50,49,0,23,5.1,11.51,4.1,20,42
17,14.3,20.1,0.8,1017.2,34,49,0,1,9.6,16.77,5,20,27
17.5,15,19.8,7.1,1015.9,52,47,0,0,9.4,15.91,3,80,24.3
19.5,17.6,21.7,14.4,1013.3,72,86,0,0,4.3,12.47,3.8,60,31.3
20.2,19.4,21.1,14.6,1012.3,70,88,0,0,0.2,5.09,2.1,60,35.8
20,18.9,20.8,17.2,1010.4,84,88,0,11,0,2.47,0.6,70,40
21.9,20.6,23.6,20.1,1010.8,90,76,0,8,0.9,7.51,0.9,50,18
21.8,20.1,24.7,19.3,1013.5,86,85,0,2,1.6,7.45,2.1,30,21.4
17.5,11.2,20,16,1013.7,91,91,12.9,0,0,1.86,1.7,70,47.5
8.8,7.5,11.2,3.6,1020.8,72,75,5.3,0,0,4.13,2.5,10,60.7
10.4,5.8,14.6,2.5,1020.5,41,11,0,0,9.5,17.47,2.3,20,24.6
14.3,10.7,17.1,7.5,1018.4,64,45,0,0,6,13.06,2.6,50,26.5
18.4,15.9,20.9,13.5,1018.3,74,65,0,7,6.7,13.06,1.8,50,19.3
20.1,17.5,22.4,13.8,1015.8,68,78,0,21,5.2,11.85,2.4,40,8.7
20.5,19.2,23.6,14.9,1014.1,71,59,0,18,4.7,9.19,2.8,40,8.5
19.3,17.4,22.4,12.1,1014.5,64,10,0,8,9.1,15.33,3.5,40,19.3
18.1,15.9,21,12.5,1015.6,71,18,0,7,9.4,15.16,3,60,26.7
18.7,17.4,20.2,14.6,1015,77,61,0,15,3.6,9.45,5.8,70,34.4
16.2,11.5,18.6,12.3,1016.7,78,83,0,1,0.2,4.3,3.7,60,42.9
12.4,9.8,15.5,1.2,1020.9,47,31,0.2,0,9.3,17.26,2.5,10,37.6
13.3,10.2,16.9,4.7,1019.4,56,4,0,0,9.4,16.95,2.7,30,16
15.4,12.2,19.6,6.1,1018.1,55,2,0,0,9.5,16.6,2.6,30,14.3
17.1,14.6,20.5,12.3,1017.3,74,22,0,4,9.5,16.33,3.5,40,21.3
17.8,15.6,21,8.2,1018.1,55,11,0,0,9.4,15.71,5.2,20,27.7
15.5,13.2,18.7,2,1018.9,40,1,0,0,9.5,15.91,3.7,20,24
14.9,12.7,17.2,6.3,1019.1,57,14,0,0,9.5,15.94,3.3,70,34.1
15.1,14.1,16.3,8.5,1019.8,65,83,0,1,0.1,6.44,2.8,60,44.3
14,12.6,15.5,9,1019.6,72,91,0,2,0,2.55,0.6,20,27.5
13.4,12.1,14.6,10.3,1020.4,81,95,1.2,3,0.2,3.68,1.1,40,29.9
15.7,13.9,17.9,11.8,1018.6,77,91,0,23,1.1,8.24,2.1,40,24.9
14.2,11.3,16.4,8.5,1021.9,69,73,0,3,4.7,10.58,3.7,10,30
10.9,9.5,13.6,4.1,1024.2,63,70,0,23,3.3,8.52,2.1,10,26.7
12.8,9.5,15.6,6.4,1021.3,65,36,0,24,7.6,14.32,3,30,18.5
14.5,12.4,18,5.8,1020.2,56,25,0,24,9.2,14.75,3.7,10,26.9
13.1,10.9,15.9,4.3,1020,55,41,0,19,8.2,13.63,3.2,10,26
11.2,8.8,13.2,3.9,1018.7,61,85,0,12,0,4.41,1.3,10,32.5
8.8,7.2,10.4,6.9,1019.4,88,88,4.2,3,0,3.12,1,20,24.5
12.9,10.1,15.4,8.9,1018.9,77,73,0,18,4.6,12.1,1.9,40,21.4
16.3,13.7,19.4,10.8,1017.1,70,65,0,24,7.1,13.95,3.3,40,12.3
13.7,10.2,16.7,5.4,1021.5,58,36,0,9,9.6,16.3,4.3,20,42.1
11.2,9.4,13.6,3.1,1024.2,58,54,0,0,4.9,12.69,3.1,20,32.8
11.8,8.9,14.6,4.9,1024.2,63,41,0,11,6.7,13.54,2.6,60,31
14.3,12.4,17.1,9.2,1020.9,72,59,0,7,6.3,14.72,2.7,60,31.6
15.3,13.3,18.4,11.5,1018.5,79,70,0,15,6,13.03,3,60,29.1
16.1,14.5,18.7,10.5,1017.2,70,86,0,24,1.7,7.46,3.3,30,24
13.7,10.7,17.1,6.3,1019.3,61,27,0,0,10,16.99,3,10,27.1
13.2,12.1,14.8,8,1021.6,70,77,0,15,1.3,5.84,2.7,30,21.6
15,13.1,17.3,9.2,1021.8,69,53,0,24,9.1,15.47,2.1,30,12.3
14.1,12.3,16.4,7.4,1023.4,64,81,0,17,2.4,9.66,2.6,20,20.7
14.3,12.6,17.3,9.1,1024.3,71,58,0,24,7.9,15.06,2.6,50,26
15,12.2,18.8,10.3,1024.6,75,29,0,24,9.6,16.17,2.6,50,20.5
15.9,14.1,19,11.7,1024.5,77,77,0,16,6.3,13.2,2.8,60,23
15.1,13.2,17.3,9.1,1023.9,68,77,0,6,1.6,7.15,4.6,10,29.8
12.9,10.8,15.7,3,1025.2,51,66,0,0,6.8,14.04,3,20,33.6
12.2,9,15.3,2.6,1026.4,52,78,0,0,3.3,11.71,3.2,20,27
13.1,10.9,16.5,5.6,1025.6,61,40,0,5,9.5,17.47,2.8,20,26.4
14,11.9,17,8.5,1022.7,70,58,0,15,5.5,13.57,2.5,60,18
14.8,12.3,18.6,7.9,1020.9,64,31,0,23,9.3,16.03,3,40,14.8
15.3,13.2,18.6,10.8,1020.1,75,32,0,2,9.8,17.66,3.9,50,18.3
16.3,13.5,20.9,11.7,1017.5,75,4,0,15,9.8,17.26,1.4,30,8.5
17.1,14.6,21.7,11.1,1017.5,69,6,0,14,10.1,18.67,3.9,30,14.8
17.8,14.8,21.8,10.1,1016,61,27,0,2,7.8,17.67,3.8,40,19.2
18.7,16.9,22.2,11.8,1012.6,65,60,0,2,6.1,15.57,3.4,40,19.2
19.6,17.2,23.9,15.4,1009.6,77,50,0,12,8.6,17.72,3,40,14.3
19.8,16.6,23.6,16.8,1010,83,67,0,4,6.5,14.7,3.6,50,20.8
17.9,15.8,21.1,14.1,1013,79,44,0,19,9.2,17.34,2.9,40,27
16.5,14.7,18.1,12.6,1017.2,78,85,0,5,0,2.79,2.4,60,24.2
14.3,13.7,16,9.1,1019.7,71,87,0,0,1.6,8.15,1.1,80,34.9
12.5,10.3,14.1,10.3,1017.5,87,89,17,1,0,1.13,1.1,10,33
10.6,8.6,12,6,1020.8,74,90,0.6,0,0,5.04,1.3,10,31
11.3,10.6,11.7,8.9,1020.9,85,89,3.2,13,0,2.59,0.1,70,46.1
13.2,11.4,14.7,12,1017.6,93,93,0,9,0,3.37,0.4,50,29.1
15.2,14,18,14,1015.6,93,100,0,0,0,5.25,0.9,30,12.2
14.7,13.8,15.8,13.1,1016.3,90,95,0,5,0,3.17,1,40,20.4
13.1,12.2,13.9,11.6,1017.7,91,100,2,0,0,1.7,3.5,20,27.3
13.8,12.2,15.6,10.5,1019.4,81,91,0.9,9,0,4.84,0.4,20,16.5
14.9,13.8,16.8,12.1,1019.3,84,88,0,15,0,6.15,2.2,60,27.4
15.4,14.3,17.7,8.3,1018.9,64,82,0,2,1.1,9.43,2.9,50,32.1
17.4,15.3,20.6,11.5,1017.8,69,60,0,0,4,13.62,2.4,40,18.8
18.8,16,22.6,15,1016.1,79,63,0,5,6.2,14.22,2.5,40,14.5
18.9,17,22.4,15.5,1016.3,81,67,0,8,9.3,19.17,4,50,28.5
18.6,16.5,22.6,13.9,1017.7,75,78,0,6,4.1,13.97,3,60,30.5
20.4,18.3,24.5,16.8,1016.1,80,54,0,10,7.9,18.26,3.3,40,17.3
21.6,17.3,26.9,16.3,1014,73,23,0,5,10.8,22,4.5,40,10.8
21.2,19.1,24.9,17.9,1014.6,81,72,0,4,3.4,10.72,2.7,50,19.5
18.3,17.1,21.1,13.6,1017.5,75,77,0,15,4.7,12.53,2.5,70,23
18.1,15.3,21.9,13.7,1018.5,76,64,0.1,24,7.5,17.79,4.1,60,29.3
16.9,15,20.1,11.2,1019.7,69,76,0,17,7,17.68,3.7,50,35.5
16.7,15.1,18,11.4,1017.8,71,82,0,8,3.4,11.73,3.1,60,34.6
19.1,17.3,22.4,15.3,1014.9,79,87,0.1,6,1.8,12.78,2.5,40,18.4
19.8,15.8,23.9,14,1016.7,72,66,0.5,0,9,18.99,4.7,20,26
15.5,13.1,17.9,10.9,1020.4,75,87,2.3,4,0.9,8.27,2.9,60,33.1
15.7,12.5,17.4,9.1,1021.8,66,88,2.4,2,0.2,5.33,2.5,70,36.3
16.9,15,19,10.4,1021.7,66,88,0.1,11,0.4,6.56,2,30,27.5
17.5,15.9,20.6,12.8,1019.9,74,87,0,19,1.2,10.09,3.4,70,26.4
19.1,16.9,23.2,15.2,1017.8,78,51,0,18,8.9,19.64,1.7,70,21.4
20.7,17.2,25.3,16.9,1015.6,80,38,0,10,10.3,20.47,3.8,20,7.1
22.4,19.8,26.5,18.2,1014.6,79,48,0,4,7.7,18.12,3.6,40,12.2
19,14.9,22.5,15.1,1017.9,78,66,0,5,0.6,5.29,4,20,28.5
15.9,12.9,20,5.5,1022.3,50,85,0,0,4.5,15.57,5.6,20,32.8
16.2,14.5,18.1,6.5,1021.6,53,91,0.7,0,0,6.01,2.1,70,37
15.4,14.2,16.6,11.3,1017.4,78,92,2.2,0,0,3.01,1.1,60,46.5
16.7,14.9,17.9,16,1013.4,96,99,11.1,0,0,4.21,0.7,40,26.4
20,17.6,22.2,19.2,1011.3,96,94,0,0,0.1,6.65,1.1,30,12.5
22.9,20.5,27.4,21,1011.9,90,60,0,0,10,22.1,4.1,40,11.1
19.7,16.1,23.3,16.2,1017.4,80,79,0,2,3.2,6.17,3.9,20,24.5
16,14.4,18.3,10.6,1021.5,71,88,0,1,0.1,9.86,3.2,50,26.2
16.8,14.9,19.7,11,1021.8,69,86,0,12,3.1,12.65,4,20,24.7
17.4,14.6,21.6,9.8,1023.2,62,84,0,7,5.1,16.85,5.1,20,26.1
17.8,16.3,21.8,10,1022.9,61,84,0,7,4.5,14.97,3,80,34.8
15,13.6,16.9,9.5,1022.7,70,86,0.8,5,0,4.41,1.5,20,23.6
16.9,14.1,21,8.4,1022.2,58,84,0,0,3.7,15.41,3.4,30,22.6
18,15.2,20.8,7.4,1022.4,50,84,0,2,1.7,11.36,3.1,60,21.9
18.1,16.7,21,7.5,1020.9,51,88,0.2,0,0.9,9.63,3.2,70,35.5
18.9,16.4,22.4,7.7,1018.5,50,74,0,0,4.7,15.85,3,60,26.5
20.5,16.9,26,14.6,1016.5,70,21,0,0,11.2,25.24,4.8,50,19.3
22,19,27.4,16.4,1014.8,72,20,0,7,10.7,24.34,5.1,50,11.5
22.2,19.4,26.7,17.8,1013.6,77,41,0,0,9.3,20.23,3.6,220,5.3
19.7,18.4,21.9,16.7,1016.8,83,92,0,9,0,3.36,1.7,80,25.6
18.9,17.7,20.5,14.1,1018.9,74,90,0,3,2.5,14.01,4.3,90,37.4
19.6,17.4,23.7,12.7,1018,66,65,0,0,6,17.78,3.5,70,30.7
21.8,18.9,27,17.4,1016.8,77,41,0,0,10.6,22.64,3.9,50,13.9
23.1,19.6,28.4,17.6,1017.3,73,16,0,0,10.2,20.25,5.4,30,5
22.5,20.2,27.1,18.2,1019.4,77,60,0,0,6.5,19.05,2.4,80,23.3
23.4,20.6,29.7,19,1018.1,77,41,0,7,9.2,22.93,5.5,50,14.4
23.8,20.6,29.1,19.3,1015.3,77,24,0,3,11.2,23.36,4.6,220,17.2
22,20.5,25.8,16.8,1017.8,73,76,0,17,6.6,18.03,5,70,35.5
23,20.2,28.5,15.4,1016.7,64,64,0,0,5.7,17.71,3.4,60,16.8
24.1,21,29.6,19.1,1012.7,75,36,0,0,9.2,19.34,3.9,170,8.5
24.4,22,29.4,20,1010.3,77,64,0,2,6.2,16.82,3.4,220,8.3
25.1,22.7,28.2,21.6,1010,82,63,0,1,5.4,17.6,4.1,230,16.7
24.8,22.9,28.1,23.3,1008.7,91,92,26.7,0,0.9,7.21,5.1,230,20.7
23.6,21.7,27,19.2,1010.1,77,81,0,1,1.9,11.68,3.7,50,15.3
23.6,21.3,27.5,16.1,1014.4,64,38,0,1,9,22.41,5.2,80,26.6
21.8,20.5,24.6,17.4,1016.8,77,80,0,0,3.6,13.44,3.2,70,34.2
23.1,21,27.1,19.5,1014.7,81,73,0,0,8.2,22.23,4.1,70,23.7
24.1,21.7,28.2,20,1011.6,79,67,0.2,0,6,18.61,2.9,40,11.5
20.9,19.7,23.2,18.1,1014.1,85,84,2.3,4,0,3.21,2.9,40,22
23.1,19.7,28.4,11.6,1014.6,50,32,0,0,11,25.85,5.4,50,14
24.1,20.9,28.9,17,1012.8,65,31,0,1,10.9,23.47,4.8,10,7.1
24.2,21.7,28,17.6,1010,68,48,0,0,10.9,22.95,6,220,12.5
25.9,23.4,29.1,21.4,1007.8,77,67,0,2,8.2,20.12,3.3,240,22.9
25.1,23.6,27.6,22.8,1010,87,89,0.4,10,0.1,7.95,1.4,100,18.4
23.1,22.5,23.9,21.9,1011.6,93,95,6.3,5,0,3.72,1.5,90,25.6
24.9,23.2,27.1,22.4,1010.7,86,85,0.1,3,0.4,9.31,1.4,170,8.3
25.9,24.1,28.4,23.3,1010.5,86,81,0,0,1.1,11.32,2.5,160,9.1
26.8,25.1,29.8,23.7,1009.5,83,83,0,0,3.9,17.03,4.9,160,12.9
27.3,25.9,30.7,23.1,1009.3,78,83,0,0,3.8,15.59,3.7,170,11.8
24.7,23.1,26.7,22,1010.5,85,86,0.7,3,2.4,13.48,3.2,40,16.8
23.6,22.5,24.8,21.8,1011,90,91,0,1,0.2,8.99,2.9,50,19.2
26.5,23.8,30.2,23.5,1009.7,84,76,0,5,4.2,15.43,4.3,180,14.3
27.6,25.4,31.3,23.7,1008.6,80,78,0,0,6.5,19.85,4.5,140,11.3
26.9,25.5,29.5,23.7,1008.5,83,82,0,0,7.2,19.45,4.7,110,14
27.3,25.3,30.5,24.1,1007.5,83,63,0,0,7.9,20.66,4.5,60,13.3
28.5,26.2,32.9,23.7,1006.5,76,64,0,0,7.6,19.55,5.6,200,11.5
29.3,27.5,33,25.2,1006.2,79,74,0,0,6.9,19.56,4.1,220,17
29.5,27.7,32.5,25.3,1007.7,79,75,0.2,0,5.7,18.08,5.2,220,14.9
26.9,24.8,28.8,24.7,1009.7,88,85,33.5,4,0.6,8.08,2.6,200,14.3
25,23.4,28.1,23.4,1012.4,91,89,14.5,1,1.3,9.92,2.4,80,35
24.4,23.6,25.1,23.1,1014.2,92,89,2.9,8,0,7.02,1.3,90,29.7
25.5,23.5,28.7,23.8,1012.7,91,91,7.5,4,2.1,10,2.3,40,9.8
23.4,22.4,24.7,21,1011.2,86,86,0.3,0,0.1,5.01,2.1,80,22.5
24.7,22.1,28.9,18.5,1010,70,63,0,0,8.9,25.66,5.2,60,28.2
25.8,23.6,29.6,21.8,1010,79,68,0,0,10.1,23.81,2.8,60,24.5
27,24.6,30.6,23.5,1008.3,82,70,0,0,10.4,24.74,5.1,50,14.9
26.1,24.6,29.6,24.2,1006.9,89,83,42.8,0,1.7,13.54,3.8,70,14.3
25.2,23.2,26.8,24.2,1005.9,94,90,69.8,0,0,3.19,1.6,160,20.3
24.2,23.2,26.4,21.6,1007.3,86,91,9.3,0,1,12.06,3.6,20,12.4
22.5,19.8,24.7,19.6,1009.4,84,88,4.9,2,0,7.26,1.7,20,19.5
23,21,24.7,19.9,1010,83,88,0.3,16,0.1,7.62,2.6,20,18.4
25.5,22.7,29.6,19,1009.1,67,59,0,12,8.8,23.33,5.2,20,11.3
26.7,24.2,30,20.7,1007.1,70,56,0,15,6.1,17.16,4.1,20,6.2
27.4,24.5,30.2,19.9,1006.5,65,23,0,14,11,23.23,6,210,9.7
26.9,25.3,29.4,22.8,1010.6,79,51,0,21,9,22.14,6.5,100,23.7
25.8,23.7,29.7,19.7,1011.6,70,28,0,4,10,25.92,6.1,90,25.3
26.7,23.3,32.5,19.7,1007.4,67,42,0,4,11.9,25.4,6.7,40,18
27.9,25.6,31.3,22.4,1006.6,73,40,0,2,10.8,23.05,4.9,220,16.1
28.1,26.1,31.5,24.3,1009.4,80,63,0,9,6.3,16.93,4.4,190,10.4
28.1,26.7,31,23.2,1009.6,75,68,0,0,7.9,19.93,5.1,200,11.3
28.8,27.1,31.6,24.6,1008.8,79,77,0,0,4.7,17.6,4.8,180,18.8
29.4,27.8,32.6,25.1,1009.2,78,70,0,0,6.4,16.82,5,200,16.3
29.5,28.2,31.3,24.9,1008.6,77,74,0,0,4.6,14.86,4.6,210,19.5
29.6,28.5,31.8,24.8,1007.1,76,67,0,0,8,20.9,5.6,220,26.6
29.7,28.2,32.2,25.4,1006.5,78,70,0,0,6.3,20.29,4.9,210,20
30,26.1,34.5,25.2,1006.2,76,59,2.8,0,6.1,17.61,4.7,160,17.9
29.6,27.1,33.4,24.4,1003.9,74,70,0,0,9.7,20.7,5,120,8
29,27,32.2,25,1004.9,80,84,11.6,0,4.2,16.59,2.9,210,15.8
27.6,24.9,29.5,24.8,1007.6,85,88,28.4,0,2.5,10.69,2.5,200,12.3
28.7,26.7,31.7,25.3,1007.9,82,75,5.9,0,4.5,15.82,3.7,200,15.7
29.5,28.4,31.7,25.4,1007.1,79,80,2.4,0,4.9,14.44,5.2,200,26
29.5,27.7,32.2,25,1005.9,77,74,2.4,0,4.3,15.88,4.1,200,27.9
26.6,24.9,28.4,25.6,1005.1,94,87,75.2,0,1.1,5,1.2,150,18.3
27.3,26.1,29.9,26.2,1006.2,94,91,77.5,0,1.1,7.34,0.9,150,28.1
29,27.1,32.5,25.5,1005.8,82,66,1.2,0,7,20.65,3.5,140,22.5
29.2,27.5,32.4,25.6,1004.5,82,59,0,0,10.5,26.61,7.5,120,12.4
29.9,27.6,33.5,24.8,1004.2,75,39,0,0,10.5,25.53,6.8,50,11.8
29.1,26.4,33.2,25.2,1002.1,81,67,8.3,0,5,17.3,5.7,50,38.9
26.6,25.4,28.6,25.3,997.8,93,89,41.4,0,0.6,6.95,1.8,110,55.8
28,26.5,29.5,25.4,998.9,86,88,0,0,0.3,6.44,2.4,130,46.7
28.4,26.9,31.1,25.5,999.8,84,72,0.6,0,5.2,16.32,5.1,130,17.4
29.1,27.1,32.2,24.7,1000.3,78,64,0,0,10.7,24.16,3.6,230,19.8
28.8,28,29.5,25.2,1002.8,81,85,0,0,0.6,9.43,3.8,230,17.8
29.4,27.9,31.7,25.3,1003.8,79,85,0,0,4.7,17.13,6,220,18.3
26.4,24.7,29,25.3,1004.5,93,94,106.6,0,0.1,4.03,2.5,210,17.5
26.5,24.6,28.9,25.4,1005.7,93,94,76.5,0,0,2.97,0.8,180,31.2
27.5,24.9,30.5,25.3,1007.6,88,86,5.3,0,0.9,11,0.5,170,27.3
28.2,26.3,29.8,25.5,1008.9,86,74,11.2,0,2.2,10.12,5.1,170,22
29,27.4,31.6,25,1008.2,80,53,0,0,9.3,20.83,5.5,190,18.2
29.3,27.8,32.4,24.6,1007.9,76,46,0,0,9.4,23.53,6.3,220,17.6
29.7,27.7,32.8,24.6,1009.1,75,33,0,0,10.5,26.19,6.3,220,17.7
29.7,27.7,32.7,24.6,1007.7,75,26,0,0,12,28.03,7.7,230,18.4
29.7,28,32.9,24.2,1004.7,73,39,0,0,11.7,28.33,6.7,230,22.2
30,28.2,32.7,24.5,1004.1,73,42,0,0,11.2,27.31,6.8,220,23.7
30.2,28.4,32.9,25.3,1004.5,76,59,0,0,10.9,26.34,6.8,230,23.5
29.8,28.2,32.1,25.5,1003.6,78,67,0,0,8.1,21.01,6.1,240,20.4
29.8,27.6,32.9,25.3,1002,77,72,0,5,7.2,19.31,7.1,240,10.6
28.9,27.1,31.1,26.1,1001.3,85,88,33.2,12,1.3,9.21,1.3,230,10
27.6,26.6,28.9,25.6,1001.6,89,88,10.9,2,0.1,6.16,4,50,13.4
27.4,26,30,26,1002.1,92,80,21.8,0,3.5,14.48,3,60,24.2
27.1,25.9,28.7,25.5,1002.2,91,87,12.4,0,1.5,9.51,2.5,60,19.8
26.5,25.2,28.3,25.2,1002.2,93,87,34.9,0,0.3,7.98,5.2,220,18.4
26.8,24.6,28,24.8,1001.9,89,88,60.5,0,0,4.08,1.1,250,36.5
28.2,27.1,29.9,25,1000.1,83,82,0.2,0,2.7,13.77,4.6,230,22.3
27.9,25.6,30.9,25.1,999.5,85,84,4.3,5,2.9,14.11,2.8,290,23.5
27.4,25.6,30,24.8,1000.4,86,86,5.6,1,2.4,11.54,3.9,180,9.1
27.3,25.9,28.6,24.9,1002,87,89,15.2,0,0,4.62,2.3,220,21.9
28.6,26.7,31.2,24.5,1004.6,79,68,0,0,8.5,21.37,5.1,220,14.8
29.5,26.5,32.9,25.7,1006.1,81,64,4.2,0,7.4,23.92,5.4,200,17.9
29.6,27.8,32.5,24.8,1007.3,76,43,0,0,10.3,23.5,5.5,210,11.4
29.5,27.3,32.2,25.2,1007.5,78,30,0,0,12.2,27.13,7.4,230,14.8
30.3,28.3,33.4,26,1006.8,78,51,0,0,10.7,24.01,5.5,220,19.4
29.8,27.8,33.1,25.1,1007.4,76,48,0,0,10.1,23.92,6.2,110,10.8
30.2,28.2,33.9,25.4,1007.1,76,35,0,0,10.4,26.11,5.7,50,15.9
30.1,27.5,33.7,24.3,1004.5,72,49,0,0,9.1,22.91,7.9,40,27
28.2,25.9,30.1,25.8,1002.8,87,86,12.4,0,1.7,10.84,5.2,100,35.2
28.3,26.6,31.7,25.5,1004.3,85,78,0,0,4.6,16.59,4.2,70,22.6
29.2,27.1,32.5,25.3,1004.9,80,60,0,0,10.1,25.82,6.5,50,14.2
29.5,26.8,33.7,24.5,1005.5,76,39,0,0,10.9,25.8,6.5,200,7.1
29.5,27.3,32.9,24.1,1006.7,73,23,0,0,11.5,26.72,7.2,230,15.6
29.5,27.2,32.6,24.1,1005.8,73,22,0,0,11.3,26.73,6.3,270,20.5
29.9,27.3,34.2,25,1002.9,75,39,0,0,10.8,25.24,6.2,220,14.3
30.1,27.8,33.5,24.9,1001.1,74,55,0,0,7.1,18.14,7,210,8.5
30.2,28,33.2,24.9,1000.2,74,45,0,0,11.4,26.83,6.7,220,14.5
30.9,28.6,35,25.7,1002.1,75,62,0,0,10.5,24.4,7.7,210,13.8
29.2,25.6,31.1,25.2,1004.3,79,77,22.1,0,5.4,14.88,3.9,210,15.7
28,26,31.5,25.4,1004.5,86,86,9.9,0,1.1,9.9,2.9,150,12.4
26.8,25.2,28.3,25.3,1005.8,92,85,60.5,0,0.1,5.46,3.2,180,20.5
28.7,26,32.2,25.4,1007.9,83,67,17.9,0,6.1,20.98,4.9,180,16.2
29.4,27.6,32,25.2,1008,78,65,0,0,9.1,21.23,5,180,12.8
29.6,27.9,32.9,24.5,1008.8,75,53,0,0,9.3,22.87,6,220,14
29.6,28,32.8,24.3,1010.6,74,59,0,0,8.9,20.7,5.6,210,12.4
29.7,27.9,31.9,25,1011,76,45,0,0,8.9,22.02,5.8,220,11.3
29.3,28.1,32.3,24.9,1009.9,78,35,8.5,0,9.8,21.94,5.1,210,10.9
28.7,27.2,30.5,25.1,1009.4,81,42,10.1,0,7.2,16.87,3.7,180,11.6
29.2,27.1,32.5,25.2,1010,80,53,0,0,9.3,24.26,5.6,120,9.8
29.6,27.8,33,25.5,1010.9,79,61,0,0,8.6,22.2,5.5,50,14.5
29.2,25.6,33,25.2,1011,80,45,3.7,0,10.3,25.33,6.4,100,15.5
29.5,28.1,32.5,25.5,1009.8,80,50,0,0,7.3,18.32,4,110,7.9
29,28.1,30.4,25.8,1008.1,83,51,1.4,0,3.2,9.91,3.8,180,8.8
29.8,28.2,32.4,25,1006.6,76,55,0,0,10.2,24.81,6.5,220,13.7
29.8,27.1,32.4,25.1,1006.1,76,49,3.9,0,9.4,24.55,6.1,220,15.1
28.6,26.4,30.9,24.9,1005.7,81,69,13.7,9,1.7,7,3.4,40,7.3
29.1,27,31.8,24.3,1006.1,76,61,0,0,4.8,14.29,6.3,20,11.2
29.2,27.5,32.9,24.2,1004.6,75,54,5.2,7,6.3,16.65,2.3,20,8.7
30.2,28,32,23.7,1003,69,75,0,6,7.3,18.83,6.4,290,14.4
30.6,27.7,33.7,23.7,1002.3,67,75,0.2,11,7.8,18.75,6.2,280,18.4
30.9,28.8,33.3,24.4,1001,69,68,0,17,7.5,18.32,6.3,290,23.9
30.6,28.7,33.4,23,999.3,64,58,0.5,16,8.9,20.24,6.4,280,13.1
28.2,27.4,30.1,23.1,1000.5,74,82,0.1,1,2.6,12.1,3.8,310,11.8
28.8,27.2,31.2,24.6,1002.6,78,85,0,5,0.9,12.01,3.4,160,6.2
27.7,25.8,30.7,25.7,1006.5,89,77,22.6,0,3.1,12.24,2.9,40,15
28.6,26.6,31.5,25.6,1008,84,64,1.8,4,8,15.62,4.2,140,8.5
29.2,27.7,32.2,25.5,1007.4,80,62,0,2,5.7,14.21,3.5,160,6.8
29.3,27.9,31.9,25,1007.4,78,56,0,2,7.5,19.07,5,130,10.1
29.2,27,32,24.9,1006.6,78,58,0.2,6,8.8,21.03,4.9,130,15.3
29.5,27.9,32.2,25.5,1007.5,79,52,0,1,9.2,22.55,6.1,110,18.4
29.6,27.8,32.8,24.7,1010,75,53,0,0,7.4,21.32,6.6,100,27.6
29,26.6,31.7,24.6,1010.9,78,51,2.6,0,10.9,23.88,4.9,100,34.6
28.2,26.2,30.8,25,1010.6,83,77,20.4,0,6.5,17.47,4.6,70,37
28.5,25.9,32.4,25.1,1010.6,82,81,0.6,0,8.4,21.59,5.2,70,33.2
28.8,26.1,32.6,24.3,1009.3,77,49,2.7,0,10.5,24.53,7.8,110,19.8
29,26,32.7,24,1007.4,75,46,2.7,0,10.7,24.36,6,110,16.9
28.3,24.1,32,25,1006.9,83,66,10.9,0,7.6,19.9,5.3,100,24
28.6,26.8,32.3,25.2,1005.5,82,63,1,0,6,17.59,3.6,110,25.9
29.4,27.2,32.8,25.3,1004.5,79,61,0.2,0,8.4,20.87,6,90,27
28.6,27.4,29.9,24.9,1007.2,81,72,0.5,0,2.6,9.3,3.2,110,30.3
28.4,25.3,31.7,24.6,1009.7,80,77,16.1,0,6.5,17.85,6.1,100,24.7
26.1,24.9,27.6,21.6,1011.3,76,87,0,1,0.3,9.67,4.1,20,24.7
25.8,23.2,27.7,19.5,1010.7,69,56,0,0,5.5,12.73,5,20,24.6
25.8,23.9,26.9,19.4,1010.3,68,80,0,0,0.6,9.5,3.2,30,30.9
25.6,23.4,27.5,20.4,1009.7,73,86,0.3,0,0.9,10.35,3.7,50,38.4
25.7,24.2,27.4,20.3,1009,73,88,0,1,0.2,8.89,3,50,41.2
25.1,23.9,26.2,21.6,1008.6,81,88,4.2,0,0,4.98,1.3,50,51.5
27.3,25.1,30.8,23.1,1008.9,78,81,0.2,0,5.3,17.35,4.1,70,44.9
27.9,26.2,30.8,24,1006.5,80,63,0,6,7.8,18.13,4.8,90,19.4
28.7,26.2,31.3,22.9,1003,72,71,2.5,0,4.7,13.65,3,30,37.2
27.2,25.3,28.2,24.9,1002.9,88,88,30.8,0,0.2,3.36,3.7,120,61.9
27.7,27,28.9,25.6,1009.4,89,79,2.7,0,1.7,9.39,3.9,110,24.6
26.2,25.4,27.5,23.6,1010.7,86,83,12.7,0,0.5,6.79,3.1,90,46.4
25,23.5,27.1,21.9,1009.2,84,82,3.3,0,1.8,5.74,1.9,30,32.7
22.6,21.5,24,19.1,1009.1,81,88,1.6,0,0,6.38,2.9,30,43.5
23.8,22.2,25.2,19.4,1011.5,76,88,0,0,0.3,8.59,2.2,60,50
24.5,23.3,26,20.5,1013.6,79,85,0.1,0,1.2,8.39,3,50,34.4
25.2,23.3,27.9,21.3,1014.3,79,88,0.1,1,2.3,12.74,3.2,80,31.5
25.7,24.8,27.8,21.8,1014.8,79,81,0,6,2.6,11.77,3.6,90,35.6
26.2,24.6,28.8,21.6,1014.7,76,68,0,4,8,18.45,5,80,33
26.8,24.6,30.2,22.1,1012.8,76,76,0,14,7.2,17.72,5.3,80,27.5
26.4,24.4,29,22.6,1011.8,80,86,5.3,0,0.8,6.62,1.1,60,40
24.8,24.2,25.5,23.6,1013,93,88,6.9,0,0,3.55,2,80,47.7
24.6,23.6,25.1,24.1,1012.2,97,90,105.8,0,0,2.52,1.3,100,34.5
24.8,24.1,26.2,24.2,1010.6,97,86,30.7,0,1.5,9.16,2.2,70,22.2
25.4,24.3,27.1,23.5,1010,89,83,3.8,0,0.4,5.75,3.5,70,19.5
25.1,23.4,28.3,19.7,1012.2,73,54,0,0,5.9,14.23,3,20,22.8
25.5,22.9,29.6,17.6,1013.7,62,30,0,0,9.5,18.11,4.7,20,20.2
25.3,23,29.4,18.9,1015.7,69,14,0,0,10.5,20.15,4.8,70,19.5
24.7,22.7,27.4,19.2,1016.9,72,23,0,1,10,18.99,5,90,26.5
24.3,22.8,26.5,18.4,1016,70,36,0,0,9.1,18.39,4.5,90,33.8
24,21.7,27.6,18.5,1015.3,72,27,0,3,9.6,17.53,3.7,70,21.3
24.8,22.4,28.9,19.6,1014.3,74,23,0,1,9.8,18.04,3.8,60,15.8
25.2,23.6,27.9,21,1014,78,42,0,0,8.1,17.95,5.3,70,26.3
25,23.9,27.4,21.1,1014.3,79,62,0,0,6,14.86,3.9,60,24.4
25.7,23.1,28.9,21.6,1013.8,79,25,0,4,10.3,19.08,4.2,60,8.7
24.6,22.4,26.6,21.2,1015.8,81,57,0.5,14,2.9,8.98,3.9,40,25.8
23.3,22,25.7,19,1017.5,77,79,0.1,1,6.4,16.24,3.6,50,29.5
23.3,21.3,26,19.2,1017.8,79,52,1.5,0,7.3,16.34,4.5,90,32.2
24.3,22.9,27.1,18.7,1017.7,72,60,0,2,4.4,13.83,4,80,26.4
24.1,21.7,27.4,18,1016.2,69,62,0,4,6.1,13.86,3.3,20,15.8
24.3,22.3,27,19.5,1015.6,75,57,0,11,8.7,18.18,4.9,60,24.3
24.5,23,27,18.9,1016.4,71,42,0,0,9.9,19.35,4.9,80,37.5
24.6,22.3,27.7,18.8,1015.9,71,54,0,5,9.2,18,4.4,70,25.3
25.4,23.3,28.9,20.3,1014,74,70,0,6,5.8,14.65,3.7,40,19.6
26,24.1,29,21.7,1013.6,77,80,0,2,5.8,15.8,4.3,60,23.6
26.4,24.7,29.7,21.7,1013.8,76,63,0,0,8.5,15.12,3.4,60,19.9
26.4,24.8,28.8,22.7,1013.3,80,61,0,0,8.5,17.2,4.5,80,19.7
26.5,25.6,28.8,22.4,1012.8,78,80,0,0,2.7,10.93,4,90,31.3
25.8,24.3,28,21.3,1011.1,76,82,0,0,2.8,9.98,2.4,60,39.7
22.7,21.9,24.3,21.7,1009.4,94,89,13.9,0,0,3.15,2.9,40,35.3
19.9,18.8,22.1,18.6,1008.7,93,94,44.2,0,0,2.44,2.2,20,41.2
19.4,17.7,21.2,15.2,1012,77,88,0.2,0,0.2,8.76,3,10,33.8
20.3,18.1,22,14.9,1014.7,71,88,0,5,0,7.81,3.3,20,22
22,19.6,24.7,16.9,1016.8,73,54,0,0,7.4,14.57,1.3,30,10.7
23.2,21.1,26.6,18.9,1017.1,78,45,0,4,8.6,15.95,3.3,20,13.8
23.4,22.6,25.3,19.9,1017.9,81,80,0,4,4.5,10.98,3.3,80,28
23.5,22.1,26.2,19,1018.2,76,55,0,20,9.1,15.63,3.9,90,35.7
23.4,21.7,25.5,19.7,1015.7,80,77,0,9,5.1,12.3,2.8,70,32.8
23.4,22.6,24.5,21.1,1012.2,87,83,18.1,0,0,4.03,1,50,33.1
24.4,22.6,26.9,23.2,1009.2,93,88,8.6,5,1.4,8.84,3.8,70,14.8
24.9,23.7,26.4,21.9,1012,84,77,1.1,0,2.4,7.96,2,20,18.7
22.9,21.2,24.4,18,1019.3,74,67,0,1,2.9,9.87,3.4,90,33.8
21.5,20.8,22.3,15.7,1021.6,70,84,0,0,0.9,8.84,3.7,80,46.8
22,20.2,23.7,15.6,1020.8,67,85,0,0,1,8.73,3.3,50,25.5
22,20.7,23.8,13.9,1020.4,60,77,0,0,3.8,10.11,3.7,20,23.5
20.8,18.7,22.7,14.7,1021.1,68,73,0,1,7.3,13.9,3,80,31.3
20.5,19.6,21.3,15.2,1020.4,72,88,0,9,0.1,7.1,3,80,40.3
21.1,20.1,22.3,15.9,1018.5,73,86,0,0,0.2,6.06,3.2,60,36
21.3,19.3,24.5,16.8,1016,76,11,0,3,9.8,17.53,3,50,23
21.9,20.2,24.7,18.2,1014.4,80,32,0,0,9.8,17.28,3.4,60,22.7
22.7,21.6,25,18.6,1015.2,78,43,0,0,9.2,17.4,3.6,60,22.1
23.1,21.5,26.3,19.3,1014.6,80,41,0,11,7.2,12.65,3.5,50,15.9
18.7,14.9,21.8,12.6,1017.2,68,59,0,5,1.7,7.31,4,10,36.6
15,13.4,17.8,7,1017,59,35,0,0,8.1,16.23,4.4,10,32.2
15.1,11.8,19.4,5.8,1017.5,54,3,0,0,9.8,18.21,4.3,20,22.7
17.4,14.4,20.2,10.5,1019,65,29,0,0,9.5,16.57,2,70,33
18.8,18.1,20.2,15.1,1018.4,79,88,1.2,0,0,5.57,0.6,70,38.4
19.9,17.6,21.8,17.2,1018.2,85,84,1.2,4,0.2,6.22,1.5,60,27.7
22.3,20.4,24.5,18.6,1016.7,80,83,0,12,3.3,9.56,3.1,30,14
20.4,15.7,22.9,13.4,1017.6,65,66,0,9,6.7,13.68,5.8,20,38.5
14.6,13.4,16.3,6.8,1022.5,59,87,0,0,1.6,9.13,3.1,20,41.2
13.1,11,15.9,1.4,1023.8,45,30,0,0,9.6,16.34,5.8,20,42.8
12.9,9.6,16.3,1,1022.7,44,13,0,0,9.6,16.8,3.7,20,33.5
15.1,11.7,18.6,4,1020.5,48,19,0,0,9.6,15.95,3.1,20,23.5
17.1,14.1,20.7,8.6,1019.5,58,52,0,1,9.3,14.72,2.8,20,20.4
19.3,17.7,21.6,12.1,1018.8,63,85,0,10,0.4,8.22,2.9,40,13.9
19.2,17.5,22.2,11.1,1019.7,60,39,0,3,9.4,14.3,4.5,20,21.3
17,15.1,19,8.2,1023.3,56,49,0,9,8.4,13.05,3.9,20,29.5
16.1,14.4,17.8,9.4,1024.6,65,63,0,24,7.1,12.17,2.7,80,29.8
16.1,13.6,18.6,10.6,1023.8,70,33,0,17,9.3,15.03,3.2,40,25.6
16.7,14,19.2,11.8,1021.4,73,43,0,13,9.3,15.42,3.2,60,30.5
17.4,16.7,18.7,12.5,1019.6,74,88,0,1,0,4.02,1.9,40,24
19.5,17.2,22,13.4,1018.3,68,79,0,8,1.6,9.52,3.5,30,15.4
17.9,16.1,20.5,10.1,1019.2,61,41,0,7,9,14.21,4,20,24.5
15,12.6,17.7,8,1021.2,63,32,0,24,8.4,12.91,4.3,20,28.2
13,10.6,15.6,0.7,1023.8,39,9,0,6,9.3,15.6,4.2,20,38
13.3,10.3,15.9,1.5,1025.2,45,19,0,0,9.4,15.89,4,20,26.2
15.8,13.9,17.9,7.5,1025.1,58,84,0,0,0.6,8.44,2,50,28.9
16.5,15.1,18,12.2,1023.7,76,55,0,2,8.6,15.85,2.6,80,39.1
17.3,15.1,20.6,13.9,1022.2,81,7,0,15,9.4,14.87,2.9,60,19.6
17.7,16.1,20.7,14.4,1020.6,81,37,0,2,7.5,14.75,3,60,26.3
17.7,16.5,19.6,13.9,1023,79,82,0,17,3.2,8.98,2.2,80,27.3
16.9,14.8,19.8,13.4,1023.4,80,68,0.4,17,4,11.3,2.4,30,19.3
17.2,15.4,20,13,1022.3,76,44,0,19,9.3,14.13,3,80,19.3
16.6,15.5,18.3,12.3,1021.2,76,61,0,7,7,14.48,3.2,90,30.8
17,15.5,19.6,12.2,1020.4,74,77,0,24,3,11.28,3.1,70,29.7
13.5,11.8,16,7.4,1024.2,67,83,0,0,0.5,8.31,2.8,20,33.3
11,10.2,11.9,7.5,1023.4,79,90,0.8,10,0,1.97,0.7,30,26.7
13.2,10.7,15.6,10.2,1022.8,82,88,0.5,2,0.1,5.86,1.2,20,17.7
14.2,13.1,15.2,10.8,1025.4,81,88,0,12,0,3.27,0.9,30,19.1
15.6,13.9,18,11.4,1024.7,76,72,0,20,6.3,12.74,2.6,30,13.5
15.8,13.3,18.8,11.4,1022.9,75,67,0,24,9.2,14.61,2.1,20,13.5
15.9,13.8,18.3,11.8,1022.4,77,62,0,21,5.1,10.8,2.4,20,13.5
16,14.9,18.3,11.3,1023.7,74,85,0.4,7,0.4,7.37,1.9,20,22.2
15.3,13.6,16.8,11.7,1022.6,79,89,0.9,9,0,5.55,0.9,40,24.2
15.9,14.9,17.3,13.7,1019.6,87,88,2.3,4,0,3.28,0.2,50,21.9
17.5,16,18.9,15.9,1015.1,90,88,0.6,4,0,4.12,0.4,50,18.6
17.2,16,18.2,16.8,1011.5,98,95,19.1,0,0,1.56,1.1,40,14.6
15.7,14.5,16.6,13.8,1012.7,89,84,8.7,3,0.1,3.86,1.4,20,13
16.5,15.2,18.7,12.5,1014.8,78,58,0,7,8,16.74,4.5,50,26.5
17.7,15.6,19.7,14.7,1014.1,83,71,0,0,6,15.04,2,40,27.2
19.4,17.7,22.4,17.2,1014.3,87,65,0,2,8.3,14.24,2.7,40,14.1
17.4,16.4,19.2,15,1015.5,86,86,0,4,1.2,8.54,2.1,60,33.2
16.2,15.9,16.9,14.1,1014.8,87,88,0,6,0,4.45,1,50,33.9
13.4,10.6,16.3,10.8,1017.5,84,96,0,0,0,2,0.7,20,28.6
10.5,9.4,11.8,7.9,1020.1,84,96,1.3,0,0,3.18,0.7,20,29.8
10.9,8.9,12.2,9.3,1018.6,90,99,4.5,12,0,1.79,0.5,40,34.8
8.7,7.4,10.2,6.8,1021.1,88,89,2.2,4,0,3.22,1,20,30.5
11.2,9,13.4,9.5,1019.7,90,94,0.8,9,0,3.65,0.5,50,38
14.7,13.3,15.8,13.2,1016.6,91,97,0,0,0,4.03,0.2,50,27.5
16.7,14.8,20,14.4,1016.1,86,44,0,6,8,16.84,3,40,16.8
15.1,13.8,16.5,12.8,1018.6,87,81,0,4,0,6.09,1.8,40,17.1
15.7,13.9,17.9,10.5,1020.5,71,70,0,3,5,12.92,3.2,20,15
15.1,13.4,17.6,8.8,1021.3,67,47,0,0,8.5,16.94,3,20,17.3
15.6,13.7,18.4,11.5,1020,77,45,0,0,9.9,17.82,3.1,50,21.8
16,14.8,18.4,12.4,1021.5,79,82,0,4,2.9,12.21,3.1,70,32
14.5,13.1,15.3,10.9,1022.5,79,88,0,2,0.1,5.31,0.9,40,26.2
15.3,14,17.4,12.4,1019.8,83,83,0,0,2.1,7.44,1.4,60,29.2
17.4,15.8,19.3,14.5,1016.2,83,78,0.1,1,3.9,10.25,1.2,50,23.4
18.5,17.5,20.1,17.1,1011.3,92,88,0.4,0,0.4,6.97,1.8,40,16.5
16.7,11.5,20.8,13.2,1015,81,78,3.1,0,2,9.07,3,20,27.8
12.3,11,13.8,9.2,1021.2,82,88,0.7,21,0,5.22,2.1,30,29.5
12.7,11.5,13.5,9.6,1019.7,81,90,0,9,0.1,6.78,1.5,80,40.8
14.8,13,16.9,12.8,1019,88,88,0,4,0,4.08,0.8,60,23.4
14,12,16.8,11,1021.4,82,88,0,11,0.5,8.29,1.2,30,20
16.2,14,19.7,13.1,1020.2,82,80,0,17,3,12.62,2.6,60,23.4
19.1,15.9,22.2,15.8,1017.6,81,86,0,6,1.9,10.84,2.1,40,16.3
19.4,17.9,21.3,17.6,1014.9,89,90,0.3,4,0,4.32,0.8,40,16.7
18.8,16.2,20.8,17.8,1013,94,89,0,1,0,7.53,1.4,40,18.3
16.1,15.3,17.8,14.2,1016.4,89,88,0,6,0,3.95,1.8,70,24.9
14.9,13.2,17,9.9,1020.2,72,85,0,0,1,9.78,3,20,24
13.7,11.6,16.3,8.6,1022.6,72,77,0,4,2.4,9.78,2.2,80,30.2
14.3,12.3,17.9,9.1,1022.1,71,59,0,19,7.4,15.97,3,80,33.2
15,13.3,17.1,10.8,1018.5,76,81,0,5,0.1,7.27,2,70,35
17.3,15.6,19,14.4,1014.1,84,88,1.7,0,0.2,7.25,0.2,50,23.5
18.2,17.2,19.3,17.4,1010.8,95,89,1.3,2,0.1,7.06,0.5,40,17.4
19.9,18.8,21.3,19.6,1008.9,99,91,2.9,0,0,3.95,0.5,40,13.7
17.8,15.9,21,17.2,1010,97,84,0.5,0,0,4.03,0.3,30,23.1
16.1,14.8,17.1,15.5,1011.6,96,88,0,0,0,2.65,1.3,50,28.7
13.6,12.2,14.9,10.9,1016.3,84,94,0,0,0,4.48,1.7,20,29.1
12.1,10.9,12.8,9.6,1016.4,85,88,0,3,0,2.05,0.8,30,28.7
13,9.8,15.3,11.7,1013.2,92,88,18,1,0.1,4.54,0.7,30,24.2
14.7,13.8,15.8,12.9,1014.2,89,89,0.5,0,0,5.62,0.9,50,36.6
16.7,14.9,18.2,16,1014.1,96,94,0,2,0,6.6,0.4,40,22.8
20.9,18.2,24.4,19.5,1012.5,92,77,0,6,7.1,19.26,3,40,14.4
17.7,16.9,21,16.8,1013.8,95,91,0.2,1,0,4.6,0.9,50,33.3
17.9,16.4,19.6,17.2,1012.8,96,89,0.5,1,0.4,9.7,1.4,40,22.9
21.4,18.8,25.8,20.3,1009,94,88,0,0,1.8,10.24,1.4,30,13.7
23.8,21.9,27.4,21.9,1008.5,89,86,0.3,0,1.2,9.93,2.6,170,13.1
18.7,17.6,22.2,17.7,1009,94,88,0,5,0,5.66,1.4,30,23.7
16.9,16.4,17.7,16.1,1010.7,95,90,3.3,1,0,4.56,0.8,50,32.7
15.6,13.9,17.1,14.3,1014.3,92,98,0.2,2,0,2.24,1.4,30,28.8
13.9,12.5,15.4,10.3,1017.7,79,96,0,0,0,4.61,1.2,20,26.5
12.6,11.7,14.4,11.6,1020,94,95,8.4,0,0,1.78,0.6,20,25.6
12.6,11.4,13.5,12,1021.7,96,96,6.6,2,0,1.56,0.2,60,32.2
14.2,12.9,15.7,13.2,1021,93,99,1.7,9,0,4.26,0.7,50,21.6
16.1,14.6,17.9,13.9,1018.5,87,88,0,4,0.4,8.81,1.4,50,28.9
17.4,15.1,19.3,15.4,1016.5,88,88,0.6,0,0.1,9.14,1.2,50,26.6
19.9,18.1,22.6,19,1013.5,95,83,0.2,2,4.3,13.13,1.8,40,14.1
22.3,19.9,26.3,20,1012.5,88,58,0,0,5.9,15.58,2.7,30,7.4
23.9,20,28.8,20.2,1012.9,81,35,0,2,8.3,21.37,4.9,200,5.7
20.8,19.4,22.5,18.7,1014.1,88,63,0,7,3.8,9.59,2.4,50,21.6
20.3,19,22.7,18,1014.1,87,83,0,8,3.4,12.96,3.2,50,21.5
18.8,18,20.6,16,1015.7,84,86,0,7,2.5,8.83,2.4,80,36.1
20.7,17.7,24.5,17,1014.2,80,83,0,0,5.6,18.27,3.3,50,24.5
20.9,16.7,25.3,17.3,1014.3,80,87,0,1,1.3,10.77,5.4,20,21.2
17.6,13.6,21.6,8.5,1019.2,56,52,0.1,0,9.8,20.12,5.3,20,31.2
18.5,15.5,22.6,11.2,1020.1,64,16,0,0,9.5,21.12,4.2,70,24
19.6,15.5,23.8,8.3,1020.6,50,24,0,0,9.9,21.61,6,60,35.3
20.5,17.7,23.8,11.9,1021.1,59,28,0,0,10.3,21.22,4.5,60,28.7
21.1,19.1,24.2,14.7,1019.9,67,49,0,0,9.3,20.15,4.3,60,28.8
22.3,19.7,26.1,17,1017.7,72,66,0,0,8.3,20.61,4.2,50,28.8
23,21,25,19.7,1015.5,82,87,0,0,1.5,9.78,3.4,50,22.8
22.3,20.5,26.1,17.3,1018.5,74,83,0,1,1.8,12.3,3.1,30,26.8
20.7,19,23.4,15.4,1019.2,73,82,0,0,5.1,16.65,3.4,80,23.5
21.9,20.1,24.6,18.9,1015.9,83,85,0,0,2.6,12.39,2.6,50,18.1
24.5,22,28.4,21,1016.9,81,80,0,12,6.1,15.68,4,200,6.3
21.9,20.9,23.9,18.1,1016.6,79,86,0,6,2.5,14.46,3.6,40,27.4
21.3,20.4,23.2,19.9,1013.7,92,94,48.5,3,0,3.02,2.5,40,15.4
19.9,18.2,20.7,19.3,1015.3,96,95,10.9,0,0,2.14,2.8,70,33.5
20.3,18.4,21.4,14.2,1017.1,68,91,0,0,0.2,6.98,3.5,80,38.8
20.8,19.9,22.1,18.2,1015.7,85,89,0.3,0,0.2,4.98,1,70,30.4
22.5,20.3,25.9,20.8,1014.3,91,83,28.9,4,4.5,14.66,3,40,21.2
23.8,21.6,27.9,21.7,1013.8,88,70,0,4,7.9,21.8,4.5,70,14.3
25,22.3,28.5,21.3,1011.3,81,54,0,0,9.8,24.71,3.7,230,8.4
25.5,23.7,27.8,22.4,1010,83,66,0,0,5.3,15.89,3.8,190,9.5
26.5,24.7,29.5,23.4,1010.8,83,81,0,0,1.5,8.58,2.1,200,15.3
26.9,25.2,29.5,24,1011.2,85,74,0,0,2.6,13.12,4.7,210,11.9
27.1,25.5,29.6,23.4,1009.6,80,65,0,0,5.6,17.28,2.9,210,14.8
26,22.5,28.8,23.5,1008.5,86,85,11.8,0,2,10.13,3.6,220,19.9
21.3,20,23.9,20.2,1009.6,93,93,16.6,0,0,1.22,1.8,90,40.4
22,21.1,22.9,20,1009.4,88,88,0,7,0.5,7.99,1.6,90,32
22.2,21.7,22.9,21.6,1009.6,96,80,28.2,5,0,2.07,2.5,50,20.2
22,20.8,23.1,21.3,1008.7,96,82,66.2,0,0.1,2.19,1.4,50,15.8
23.3,21.1,25.8,20,1008.8,82,77,0,4,2.6,11.74,4.5,350,6.5
24.3,21.9,28.5,20.3,1009.9,79,50,0,3,11,26.01,6.3,50,12.2
25.4,23.5,28,22.9,1008.7,86,85,0.3,0,0.4,6.25,2.1,170,23.5
27.1,25.6,28.4,23.7,1006.6,82,85,0,0,2.2,12.82,3.2,210,32.1
27.5,23.6,29,24.3,1006.7,83,88,4.8,0,0.8,6.57,2.3,220,24.1
24.4,22,28.8,21.2,1009.9,83,72,0,0,6,17.17,4.9,90,23.7
22.3,21.5,23.6,20.9,1009.5,92,88,34.5,7,0.2,6.08,2.5,70,30.1
23.5,21.3,25.9,22.7,1008.9,95,88,22.2,0,1.8,12.49,2.7,100,21.6
27.2,23.9,30.2,25.1,1007.3,89,81,21.2,0,2.1,11.63,3.3,200,22.9
28.5,26.6,30.1,25,1005.8,82,77,0.5,0,4.5,16.76,6.1,210,29.6
28.7,27.8,30.5,25.4,1006.3,83,86,0,0,2.5,12.73,2.3,210,28.2
29.2,27.8,31.9,25.5,1006.6,81,74,0.4,0,8.2,23.59,5.6,220,26.4
29,28,30.8,25.5,1005.5,82,86,0,0,2.4,11.11,3,210,23.8
28,24.4,31.2,25.9,1006.1,89,84,35.7,0,3,12.52,3,190,18.4
24.9,24.1,26.2,23.6,1009.4,93,86,3.4,0,0.6,8.09,5.5,80,22.6
25.9,24.4,28.2,22.9,1010.5,84,79,0,0,6.5,19.89,2.6,90,17.7
26.5,24.6,28.9,23.4,1010,83,61,0,0,9.2,22.22,4.6,110,12.7
28.6,26.1,31.9,24.3,1008.8,78,59,0,0,9.7,24.24,6.2,230,11.5
29.2,27,32.5,25,1008.9,79,33,0,0,11.3,26.91,6.2,240,24.7
29.1,26.9,32.5,25.4,1008.8,81,57,6.1,0,10.1,25.92,7.1,240,22
26,24.7,27.9,24.3,1008.4,91,88,1.4,0,0.6,7.95,1.9,90,33.7
26.4,24.5,28.7,24.3,1007,88,80,0.1,0,5.2,17,6.5,110,27.9
27.9,26,29.6,24.5,1005.3,82,76,4.6,0,3.4,14.05,3.2,200,13.8
28.8,25.7,32.2,25.4,1006.9,82,67,1.9,0,6.5,18.89,5.2,190,11.2
28,26.4,30.3,25.9,1007.6,89,71,22.1,0,4.8,15.61,1.7,110,8.5
26.6,25.7,29.2,25.4,1006.1,93,81,14.4,0,3.1,11.44,2,60,16
27,25.5,28.9,25.2,1006.5,90,83,2,0,1.5,12.61,2.5,110,11.8
25.4,24.8,27.2,25,1008.1,98,89,83.8,0,0,2.36,1,110,28.1
26.5,24.5,30,25.1,1007.1,92,79,7.4,0,4.8,16.14,3.5,40,18.2
27,25.1,30.7,25.2,1005.6,91,78,49.6,6,5.3,15.03,2.2,50,15.2
25.9,24.9,28.1,22.3,1007.6,81,87,0,0,4.2,17.91,5.3,100,41.5
25.6,24.3,27.6,20.5,1008.5,74,66,0,0,9.4,23.05,5.7,100,40.8
25.7,24.5,28.5,21.6,1007.6,78,72,0,0,5.4,17.96,4.9,90,38.1
26.1,25.1,27.5,23,1006.7,83,90,0,0,0.8,9.44,2.2,80,31.2
27.9,26.1,30.9,24.7,1006.3,83,78,0,0,5,19.89,4.4,70,29.8
26.9,25.8,28.2,25.1,1006.6,90,88,28.4,0,2.5,8.42,2.6,80,29.7
26.9,25.7,29.5,25.1,1007.4,90,90,5.8,0,2.2,13.01,4.8,90,27.7
25.5,25,26.2,24.6,1008.6,95,88,10.5,0,0,4.25,1.3,100,30.9
25.5,24.9,26.2,23.3,1009.8,87,88,0.1,0,0.1,5.91,1.7,100,39.5
26.7,25.3,29.5,24,1007.8,85,83,0,0,4.8,18.08,3.6,100,19.4
27,25.7,29.4,23.7,1007.8,83,83,0,1,3,13.03,5.6,100,24.5
26.1,24.9,28.3,21.4,1008,75,74,0,0,8.1,21.41,4.9,100,37.3
26.6,24.8,30.2,23.3,1006.3,82,83,8.6,0,5.3,19.59,3.6,100,20.3
26,24.9,28.4,23.7,1005.3,88,86,0,0,1.6,10.06,3.4,110,20.6
27,25.8,29.7,23.6,1004.8,82,70,0,0,6.7,19.53,4.5,110,15
28.2,25.8,31.6,24.1,1004.2,79,52,0,0,11.5,24.66,5.6,150,9.7
28.3,26.5,31.2,24.8,1004,82,58,0,0,11.2,25.44,5,100,14.1
28.5,26.8,31.2,25,1004.2,82,63,0,0,10.3,23.29,5.9,90,16.3
29.5,27.7,32.9,25.9,1004.5,81,76,0,0,5.5,17.17,6.6,210,11.9
29.1,26.7,31.9,25.8,1003.5,82,85,1.5,0,5.6,17.77,5.4,230,23.5
29,25.9,30.4,26.5,1001.1,87,88,26.8,0,0.7,7.98,2,240,37.6
29.4,28.1,30.4,26.4,999.4,84,86,0.2,0,0.8,8.11,2.5,240,41.1
28.9,26.6,31.7,25.7,999.7,83,87,2.8,1,3.7,13.98,3.6,240,24.2
26.3,25,28.1,25,1001,93,87,22.5,0,0.2,4.76,2.8,80,17.4
27.4,25.2,30.3,23.5,1001.2,80,77,0,11,7.2,20.18,4.5,150,15
28,26.9,29.8,24.8,1000.5,83,86,0,6,3.4,14.54,3.5,90,25.7
26.1,24.7,27.9,24.9,1000.3,93,88,60.3,0,0,3.69,2.3,60,32.9
26.7,25.5,28.2,25.5,1001.3,93,87,24.6,0,1.8,11.81,1.9,110,32
27.3,25.5,30,25.7,998.6,91,87,17.7,0,2.8,13.98,2.6,110,30.8
28.2,26.1,32.1,25.3,995,85,83,1.4,0,4,12.97,3.9,50,32.1
29.9,28,33,25.4,997.8,77,76,0,4,6.6,19.25,6.5,240,20
28.3,26.1,29.6,26.2,1003.1,89,86,31.2,2,0.4,4.66,1.7,200,21.8
28.5,26.4,30.5,25.3,1004.2,83,86,16,0,0.7,8.1,3,210,35.6
28.8,28.1,30.3,24.9,1003.5,79,88,0,0,2.5,12.5,4.2,210,37.7
28.8,27.4,30.4,25.2,1003.7,81,85,4.9,0,1.4,9.3,2.8,210,35.5
28.9,28,30.7,24.9,1003.7,79,86,0.2,0,2,11.23,3.5,210,35.1
28.8,28.1,30,25.2,1003.6,81,78,0.8,0,2.2,7.55,2.6,200,31.1
29.4,28,31.5,25.3,1005.1,79,74,0,0,4,15.63,2.8,180,26.9
29.4,27.6,32.8,25.2,1005,79,46,0,0,7.8,19.24,4.8,170,13.5
29.4,26.5,33.3,25.1,1000.4,79,65,3.9,3,5.6,15.42,5.1,50,34.9
26.6,25.7,29.9,25.1,1004.6,92,73,38.1,0,2.4,9.05,2,150,31.5
27.8,25.7,31,25.2,1008.5,86,63,4.3,0,5.9,19.97,4.5,120,22.5
28.3,26.6,31.4,25.1,1007.9,83,58,0,0,6.3,19.55,5.4,130,19.2
29.1,26.8,33.2,24.9,1005.3,79,38,0,0,10.4,26.96,6.5,140,11
29.6,27.2,33.8,25.3,1004.8,78,39,0,0,11.2,27.29,5.9,110,14.1
27.8,26,28.8,26.3,1005,92,84,22,0,0.3,5.67,1.1,110,20
28.5,26.6,31.5,25.5,1006.1,84,74,0.8,0,5.7,18.1,3.5,160,19.2
29.1,26.9,32.6,25.3,1005.9,81,63,2.7,0,7.9,23.83,6.2,170,22.3
29.3,27.8,32.3,25.1,1006.7,78,70,0.4,0,7.3,20.77,5.3,180,20.3
29.8,27.8,32.9,24.9,1007.8,76,68,0,0,10.1,25.2,5.6,210,15.9
29.9,28.4,32.3,24.6,1007.2,74,58,0,0,10.8,27.47,7.9,230,22
30,28.6,32.6,25,1006.8,75,76,0,0,9.6,24.23,6.5,230,27.2
30,27.8,32.6,24.5,1006.9,73,55,1.3,0,10.3,26.07,7.2,230,22.9
29.2,27.1,31.7,25.2,1006,79,69,9,0,6.7,18.87,4.9,220,25.8
29.6,26.8,32.3,25.7,1004.7,80,75,7,0,7,19.57,6.1,230,30.5
30.2,28.7,33,25.8,1005.6,77,78,2.1,0,8.5,23.29,7,230,28
29.8,27.5,31.9,25.9,1006.1,80,85,18.4,0,4,14.68,5.6,220,26.1
30,28.7,32.1,25.7,1006,78,83,1,0,4,16.73,6.5,220,22.7
29.1,25.4,32.4,26,1006.6,84,79,34.3,0,5.4,15.87,4.5,200,12.7
30.2,27.6,33.6,25.2,1006.8,75,62,0,0,10.6,24.9,6.8,230,11.8
30.3,28.4,33,25.2,1005.4,75,74,4.2,0,6.6,17.96,4.4,230,8.7
30.1,26.8,33.7,25.2,1002.2,76,78,2.2,7,8.3,18.78,6.2,40,11.9
28.9,26.5,32.4,24.9,998.7,79,83,1,0,3.5,14.69,4.1,50,39.5
26.4,25.3,27.9,24.6,992.2,90,85,112,0,0.5,4.78,3.2,50,73.1
26.9,25.6,29.2,25.3,996.5,91,88,99.5,0,0.3,6.44,2.7,140,62.1
25.7,24.4,28.3,24.8,1005.4,95,91,82.3,0,0.2,3.83,3.1,140,29.4
25.5,25,26.2,25,1006.6,97,85,28.1,0,0,4.98,1.1,120,18
25.8,25.1,27,25.1,1005,96,88,25.7,0,0.1,4.1,2.3,140,15.5
27.7,25.6,32.1,25.1,1005.2,86,72,0,0,5.8,18.45,2.2,160,8.5
28.9,26.4,33.4,24.6,1004.4,78,48,0,0,10.2,23.87,6.1,40,7.9
29.4,26.8,32.9,24,1001.2,74,38,0,0,11.5,26.33,6.7,240,14.7
29.2,26.3,32.5,24.8,999.1,78,66,9.5,0,8.6,19.23,5.6,280,16.4
30.6,27.4,33.6,25,997.2,73,81,0.2,5,7.4,21.02,5.3,280,14.7
31.8,29.3,34.1,24.4,997.1,66,55,0,7,10.7,21.02,6.7,230,16
31,29.6,33,24.4,998.4,68,78,0,7,3.4,12.13,3.3,250,14
29.8,29.3,30.5,26,998.7,80,79,0.4,6,0,6.41,2,240,20
29.5,28.1,31.3,26.3,1000.6,83,86,6.8,1,1,12.02,4,230,18.8
29,25.3,32.5,25.8,1002.2,84,74,2.8,0,6.9,18.66,5.3,120,10
30,27.4,32.9,25.6,1000.9,78,55,0,4,8.9,20.13,5.5,230,15
30.5,28.6,33.4,25.8,999.9,77,65,0,6,9.7,20.7,5.7,270,20.7
30.5,28.5,34.3,25.2,1000.9,74,36,0,0,10.5,23.07,6.4,240,26.7
29.6,27,32,25.2,1003,77,72,7.7,0,4,15.1,6.2,230,26.4
27.6,25.5,29.5,25.1,1004.2,86,84,64.7,0,1,6.39,1.5,230,20.8
27.7,25.1,29.6,25.3,1003.3,87,87,12.4,0,1.3,11.13,3,210,16.3
27.8,26.4,30.1,25.6,1003.3,88,86,9.5,0,1.5,9.24,2.1,230,11
28.4,26.7,31.9,25.7,1004.8,85,54,1.9,0,7.9,19.7,4.2,110,10.4
30,27.2,33.7,25.5,1003.9,77,43,0,2,8.3,17.72,3.5,360,5.3
28.6,25.8,32.6,25.5,1001.5,84,86,15.4,0,4.9,15.48,5.2,70,36.2
28.2,26.8,29.7,25.3,1004.7,85,88,0,0,1.2,8.66,3.9,130,37.8
29.4,28,32.6,25.8,1008.6,81,88,0.1,0,4.4,17.46,1.4,170,16
29.2,27.6,32,24.9,1008.1,78,67,0,0,8.4,21.67,5.9,230,10.2
29.5,27.5,32.9,24.8,1006.3,76,51,0,0,10.3,23.66,5.9,210,11.7
29.1,27.8,31.6,25,1006.4,79,63,0,0,5.9,17.45,4.6,230,11.5
28,26.6,28.9,24.5,1006.3,81,80,5.1,0,0.3,7.63,2.6,280,10.6
28.9,26.6,31.8,24,1006,75,53,0,7,9.4,19.64,5,340,6.1
29.9,27.3,32.8,23.7,1005,70,59,0,2,10,21.24,6.7,10,13.3
30.1,27.8,33.4,22.5,1003.6,64,84,0,0,4.4,15.99,6.1,360,16.3
30.5,28.9,32.8,21.9,1001.3,60,87,0,0,2.2,14.13,5.9,10,26.8
30.8,28.6,33.4,21.9,1001.4,59,76,0,0,9.7,20.14,5.3,280,16.3
31,28.9,34.5,25.5,1004.3,74,50,0,9,10,20.17,6,230,21.5
29.4,26.7,31.8,24.7,1007.2,76,74,2.4,1,7.1,18.99,5.1,230,18.9
30.1,28.6,33.3,25.5,1007.2,77,77,0,0,6.1,17.53,6,220,14
28.5,26,30.9,25.8,1007.6,85,80,20.4,0,6.4,16.12,2.8,120,12.5
27.5,26.4,31.4,25.7,1007.9,90,78,11.1,0,4.9,15.27,4.4,110,26
28.4,25.8,32,25,1008.3,82,57,6.7,0,9.2,23.19,6,110,23.2
29.4,27.4,32.8,24.7,1008.4,76,68,0,0,8.6,23.69,5.7,110,16.6
27.9,25.7,31.9,25,1010.3,85,79,7.6,0,4.3,13.42,3.1,100,26.7
28.2,25.5,31.6,24.8,1012.6,82,65,0.5,0,6.3,16.94,4.1,80,28.4
29,26.7,32.2,25.6,1013.1,82,84,2.3,0,5.9,18.84,4.4,80,31.4
28.6,27.5,30.4,25.9,1013.3,86,76,4.7,0,2.3,12.38,2.7,120,19.8
28.8,27.2,31.2,25.2,1012.1,81,60,8,0,5.7,12.03,6.7,30,5.8
29.5,27.7,32.7,25.1,1010.9,78,44,0,0,10.4,24.18,3.6,120,7.7
29.3,27.7,31.8,24.7,1010.3,77,59,0,0,5,11.42,3.1,180,8.8
29.9,27.8,33.6,24.9,1009.9,75,54,0,0,10.8,25.19,6.2,120,14.5
29.8,27.9,33.2,25.1,1009.1,77,53,0,0,10.1,25.94,5.7,120,13
29,27.2,32.8,24.1,1008.5,75,60,0.7,0,7.1,15.9,6.9,120,13.3
26.9,24.8,30.5,19.7,1009.3,65,61,0,0,7,18.52,5.5,20,33.6
26.5,24.2,28.9,19.5,1010.3,65,85,0,0,2.1,12.95,5.2,20,23.8
27,24.3,29.5,19.2,1010.8,63,23,0,0,11.1,23.24,5.9,20,13.3
27,23.6,30.8,16.8,1011.3,54,4,0,0,11.3,23.47,5.5,10,15.7
27.4,25.3,30.4,18.6,1010.1,59,68,0,0,5,14.68,3.8,30,10.1
26.9,26,27.7,21.6,1011,73,85,0,0,0,5.74,1.6,100,18.1
27.2,25.5,29.4,23.5,1011.6,80,88,1.8,0,2.2,10.9,3.8,100,33.3
27.7,26.3,29.4,24,1010.7,81,88,1.2,0,3.7,13.63,3.9,90,34.9
28,26,30.5,25.7,1009.1,88,79,23,0,7.4,18.89,5.1,100,17.7
28.5,27,30.5,25.5,1007.3,84,72,0.9,0,3.6,10.29,2.6,160,5.9
27.7,24.8,32,25.4,1007.4,88,82,121.5,0,3.6,12.14,4.2,110,14.7
26.8,24.9,29.4,23.7,1009.9,84,88,22.6,0,4,15.67,3,90,36.2
27,25.5,29.4,23.3,1010.7,81,86,0.4,2,2,9.06,3.4,100,18
28.2,25.2,31.8,20.5,1009.6,64,45,0,0,10.8,22.69,7.5,30,13.8
28.2,26.1,31.4,19.1,1009.3,58,58,0,0,9.7,20.47,7.1,20,29.8
27.5,24.9,31.2,18.9,1011.3,60,23,0,3,9.1,19.68,5.7,20,23
26,24.3,27.7,18.8,1013.4,65,64,0,0,4.2,12.29,4.1,30,22.7
26,24.9,27.2,20.8,1013.8,73,86,0,0,1,10.97,3.7,90,34.1
26.2,24.3,29.3,20.7,1013.3,72,64,0,0,9.3,19.25,4.6,80,29.7
26.1,24.2,29.5,20.9,1010.8,74,44,0,0,9.3,19.89,4.6,90,20.3
26,24,29.3,21.3,1010.4,76,51,0,4,8.7,17.54,4.5,90,20.8
26.6,24.9,30,20.2,1013.4,69,41,0.1,0,9.5,20.31,5,110,31.8
26.9,24.9,30.1,21.4,1015.3,73,54,0,0,8.1,18.32,5.5,100,28.8
26.6,25.1,29.4,20.4,1015.6,69,63,0,1,8.8,18.95,5.8,100,30
26.5,25.2,29,21,1014.1,72,78,0,3,6,14.69,4,110,23.8
26.2,24.2,29.2,21,1013,73,60,0,11,7.6,14.87,4.5,90,14.9
26.3,24,29.6,18.4,1012.8,63,23,0,7,10.2,19.58,5.2,20,18.1
25.8,23.3,29,18.2,1012.9,64,55,0,8,10,19.37,6.1,110,16.8
25.3,23.6,28.2,19.6,1012.9,71,44,0,8,8.5,17.85,2.7,100,15.5
25.3,23.1,27.8,20.4,1012.5,74,67,0,8,5.5,12.53,2.9,100,12.9
25.7,23.8,28.5,21.3,1013.6,77,71,0,21,5.5,14.24,3.9,160,11.2
26.3,24.9,29.1,21.2,1015.1,74,58,0,11,7.1,16.36,4.2,110,14
26.2,24.9,28.9,21.2,1014.7,74,61,0,0,4,11.9,3.4,110,13.7
26.5,24.4,29.5,20.1,1014.1,69,51,0,14,6.1,14.6,6,20,25.4
24.6,23.2,26.4,18.4,1016.4,69,84,0,0,0.6,7.43,3,20,28.9
24.6,23.4,26.7,19.4,1017.5,73,66,0,0,7,16.82,3.7,90,33.2
24.9,23.5,27.5,20.3,1017.3,75,53,0,0,9.3,18.96,4.9,100,26.3
25,22.4,28.7,19.5,1017.4,72,32,0,0,8.4,18.91,3.9,100,23.6
25.7,22.9,29.8,20.3,1015.9,73,20,0,0,9.7,18.15,3.5,130,13.1
26.3,23.7,30.7,20.8,1014.6,73,33,0,6,10,18.75,5,110,16.2
25.6,24,28.7,20.5,1015,74,50,0,0,9.2,19.08,4.7,90,30.9
25.8,24.2,28.8,20.9,1014.7,75,44,0,0,9.3,18.5,4.5,90,27.7
25.1,23.8,26.7,20.6,1014.1,77,85,0.7,0,1.2,8.35,2,60,35.7
26.1,24,27.8,22,1014.7,78,82,0.8,0,0.8,9.67,3,80,37.2
26.2,24.9,28.3,21.9,1015.9,77,79,0,0,6.2,15.09,3.8,90,37.9
25.3,24.6,25.7,21.8,1014.2,81,88,0.4,14,0,3.37,2.409,45.7,
23.2,19.9,24.8,22.3,1012.5,95,90,33.3,1,0,2.49,1.3,80,40.5
19.8,17.7,22.8,15.8,1015.9,79,67,11.1,0,2.9,7.27,3.5,20,38.6
21.1,18.1,24.5,13.6,1016.9,62,44,0,0,9.7,18.66,3.1,20,28
22.6,20.2,25.6,17.2,1015.8,72,58,0,1,9.3,17.87,3.6,90,27.5
23.6,22.3,25.6,19.3,1015.3,77,60,0,0,8.3,17.68,4.1,70,31.4
24.2,21.8,27.8,17.2,1014.6,66,49,0,1,9.5,17.96,5.2,30,17.6
24.1,22.4,26.7,18.3,1015.5,70,51,0,1,8.5,16.86,3.9,90,24
23.7,21.7,26.5,17,1016.7,67,40,0,0,9.9,17.7,4.4,100,26.8
23.2,22.5,24.3,18.7,1015.6,76,80,0,0,4.4,11.84,3.2,90,36.8
23.7,22.7,25.1,20.7,1013.3,84,83,1.9,0,2.5,8.44,1.7,100,28.1
24.9,23.6,26.7,22.8,1012.8,88,65,0,0,2.4,9.39,1.8,120,16.6
25.5,24.3,27.7,23.3,1013.2,88,54,0,0,5.4,11.26,5,60,10.2
22.5,20.8,25.2,16.8,1016.9,71,84,0.3,0,4,12.82,3.2,20,29.8
22.2,20.7,23.9,17.3,1018.1,74,84,0,8,1.7,7.9,2.2,50,20.8
23.1,20.7,25.8,18.7,1016.3,76,40,0,24,9.3,15.79,3,20,10.6
23.4,22.2,25.6,19.1,1015.9,77,77,0,10,5.9,12.77,3.1,80,24.5
23.1,22.5,23.5,19.5,1017.5,80,85,0,0,0.2,3.91,2.7,80,43.3
23.1,22.4,24,19.7,1017,81,88,0,0,0,2.98,1.7,80,39
20.4,18.6,23.7,16.6,1016.2,79,89,3,0,0.3,5.85,0.3,20,28
20.1,18.8,21.2,17.5,1016.7,85,88,0.1,1,0.1,4.73,2.3,70,27.4
22,20.7,23.6,17.8,1016.8,77,63,0,1,5.6,13.06,3.2,80,29
22.1,21.2,23,18.5,1016.2,80,88,0.3,0,0.1,5.3,1.3,80,37
22.6,21.8,23.5,21.4,1013.1,93,90,3,3,0,2.61,0.6,100,25.7
25.1,22.6,27.2,22.9,1011.1,88,79,0.4,0,3,8.94,2.9,50,8.5
22.4,19.4,26.4,19.4,1013.5,83,86,17.7,0,0.2,4.35,2.3,20,27.9
19.5,17.6,20.7,16.4,1017.4,82,91,0,2,0.3,4.33,0.7,20,30.3
21.1,20,22.2,20.6,1015.5,97,96,11.5,1,0,3.21,1,60,29.5
19.3,16,23.3,17.4,1015.8,89,82,0.6,0,0.7,2.29,1.5,20,22.9
16.5,14.6,18.3,15.6,1017.7,95,91,19.5,1,0,2.28,0.2,20,35.6
19.3,17.6,20.5,18.3,1014.8,94,94,1.1,3,0,2.14,0.5,60,27.6
20.3,19.5,21.3,19.4,1014.5,94,98,2.6,1,0,2.9,0.2,40,19.3
20.9,20.2,22.3,20.1,1013.3,95,100,1.9,1,0.1,3.26,0.4,50,23.9
20.8,20.1,21.4,19.5,1015,92,97,0.3,0,0,4.71,1.6,70,32.1
18.1,16.8,20.9,15.9,1015.6,87,90,3.2,0,0.1,4.1,1.2,20,21.8
17.1,16.6,18.3,15.6,1017.3,91,90,10.9,1,0,2.83,0.9,20,22.3
17.3,16.5,17.9,15.3,1016.3,88,88,8.7,2,0,3.03,0.9,60,33.3
16.2,14.9,17.8,13.9,1017.6,86,89,6.5,2,0,2.69,2.5,20,36
16.9,14.6,18.3,11.8,1018.2,72,74,0,0,1.5,5.01,1.2,70,34.4
18.4,16.2,20.3,14.5,1017.8,78,80,0,0,2.3,9.09,1.2,60,26.6
18.8,17,19.8,15,1016.3,79,86,0.9,0,1,6.33,2.9,60,28.5
19,17.3,21.1,14.8,1016.1,77,47,0,0,8.9,16.26,2,90,33.8
18.3,17.6,19.5,13.7,1016.8,74,71,0,0,3.8,10.42,2.3,80,39.1
18.7,17.4,20.9,14.1,1018.2,75,73,0,4,3.6,10.84,2.8,70,29.4
17.9,16.6,19.9,13.3,1020.7,74,69,0,0,7.7,15.02,3.7,60,37.7
18.9,16.7,20.6,14.7,1020,77,49,0,0,8.6,16.12,2.6,70,38.3
21,19,23.1,17.6,1018.6,81,69,0,3,4.1,10.42,1.5,50,20.8
22.3,20.6,24.2,20.2,1015.4,88,73,0,4,3.6,10.19,1.5,40,10
23.5,22.1,26.2,21.2,1015.2,87,70,0,6,7.1,12.87,2.5,50,7.9
21.7,20.7,22.8,19.1,1016.5,85,84,0,3,1,7.28,2.3,70,34.8
17.1,13.7,20.8,13.4,1020.3,79,79,2.3,0,0,1.91,1.9,20,38.1
15.1,13,17.3,11.5,1020,79,88,1.1,0,0,3.35,0.7,50,40
17.8,16.1,19.1,15.4,1017.4,86,88,0,18,0,2.6,0.4,70,43.8
20.7,18.9,22.8,18.9,1016.2,89,76,0,11,1.9,8.66,1.4,70,23.3
18.4,14.6,21.2,13.6,1019,74,64,0,2,8.8,15.31,6.3,20,25
13.3,10.3,16,4.1,1025,54,40,0,0,7.6,15.32,3.2,20,46.1
13.3,10.1,15.4,7.5,1023.6,68,47,0,0,7.6,15.02,2.5,60,27.7
17,14.8,18.7,12.2,1020.3,73,88,0,15,0,4.9,1,50,24.3
18.7,17.5,20.2,14.2,1018.8,75,88,0,7,1.3,8.74,2.4,80,46.8
18.6,18,19.3,14.8,1017,79,83,0,4,0.1,2.67,2,20,33.5
19.7,18,22,15.1,1015.9,75,64,0,6,8.3,15.61,3.7,60,19.3
18,12.6,19.7,15.2,1016.3,84,90,22.1,0,0.5,4.77,2.3,70,37.3
10.4,9,12.6,1.8,1022,57,85,0,0,2.3,10.06,4.2,20,52.3
10.2,7.1,13.2,0.7,1022.6,47,28,0,0,9.3,16.86,2.7,20,25.8
13.9,10.8,17.4,4.5,1020.6,54,67,0,0,5.7,13.23,2.4,30,18
16.8,14.9,19.3,9.7,1019.4,64,57,0,7,4.7,12.04,2.8,60,23.6
16.8,14.5,19.1,11.6,1022.9,72,84,0,1,4,10.09,3.1,50,29.2
12.9,11.3,14.6,7.9,1021,72,88,0,8,0,4.02,1.6,20,23.3
14.3,11.9,17,9.3,1018.5,72,58,0,9,7.9,15.25,3.2,20,19.3
15.1,13.9,17.1,9.7,1019.1,71,36,0,17,8.1,15.4,1.9,20,15.2
15.2,12.7,17.5,9.9,1018.3,71,44,0,19,7.5,14.88,2.9,10,15
17.5,16,20.3,10.9,1017.5,65,67,0,22,6.9,12.54,3,20,11.3
16.2,14.6,18.3,9.1,1019.5,63,57,0,17,6.4,13.28,3.2,20,23.5
14.7,13.1,16.3,8.1,1021,65,83,0,20,1.4,6.46,1.6,20,25.2
16.3,14.6,18.8,11.3,1020.7,73,43,0,23,8.4,13.68,2.5,70,21.1
16.4,14.1,18.7,10.7,1018.7,69,72,0,24,2.1,8.15,2.3,30,12.3
16.8,14.1,19.2,11,1015.5,69,24,0,20,9.4,15.47,3,10,10.1
15.7,12.8,18.7,9.3,1019.1,66,9,0,8,9.8,16.8,2.7,20,22.5
15.9,14.1,17.1,11.3,1021.3,74,77,0,7,0.6,6.71,1.1,70,30.3
17.4,14.9,21.4,11.9,1021.2,71,4,0,18,9.6,15.25,2.5,50,17.3
16.9,15.2,19.6,10.7,1024.4,67,26,0,4,9.5,15.09,4,70,29.5
14.6,13.3,16.6,8.9,1026.8,69,70,0,21,4.1,11.59,2,90,25.9
15,12.9,17.4,9.5,1023.4,70,60,0,1,8,15.31,3.3,70,28.7
17.8,15.8,19.1,13.2,1020.6,75,85,0,0,0,4.8,1,60,25
20.4,18.9,22.8,16,1019.6,76,78,0,2,3.9,12.15,2.2,50,20.6
21.4,18.9,25.6,17.3,1019.1,78,59,0,13,7.9,14.83,3,40,13.6
18.1,16.8,20,15.7,1019.3,86,81,0,19,2.3,8.27,3,70,18.6
18.9,16.6,21.5,14.9,1018.4,78,44,0,22,7.5,14.63,1.5,50,13.3
18.1,15.9,20.8,13.2,1019.2,74,40,0,17,7.7,14.17,2.4,60,16.6
17.7,16.3,19.8,14.1,1018.9,80,74,2.8,16,7.1,15.05,3.1,70,22.3
16.4,15.5,17.7,13.8,1022,85,86,0.6,19,0.1,3.95,2.1,40,19.2
16.2,14.2,18.6,9.7,1022.4,66,49,0,9,8.2,16.5,3.2,80,35
17.8,16,21.2,11.7,1021.9,68,56,0,0,6.9,15.45,3,60,22
18.1,16.6,20.4,13.2,1022.6,74,56,0,0,9.4,18.22,3.8,50,25.8
18.6,16.9,20.9,12,1021.7,66,55,0,0,8.9,18.07,3.2,60,23.8
20.7,17.4,24.9,15.7,1020.1,73,32,0,0,8.5,17.51,2.7,20,14.5
21.1,18.9,26,16.1,1019.8,74,63,0,4,6.4,14.83,3.9,50,20.5
18.9,18.2,19.7,15.8,1018.9,82,85,0,0,0.2,6.72,1.9,80,31.9
21.2,19.1,23.3,18.5,1018.5,85,88,0,2,0.3,6.91,0.8,50,11.6
22.1,20.3,25.2,20,1017.5,88,82,0,4,4.8,13.5,2.6,50,16.4
21.3,19.3,24.6,19,1015.9,87,81,0,2,4.2,12.05,2.9,50,17
19.1,18.1,20.6,17,1014.3,87,88,0,5,1.5,11.17,3,70,31
16.4,14.4,18.7,14,1019.3,86,88,0.2,0,0,4.71,1.8,80,42.8
14.1,11.9,15.8,9.3,1022.6,73,88,0,0,0.1,7.26,2.1,30,22.5
15.9,14,18.3,12.1,1020.6,79,87,0,6,0.1,6.06,1.5,40,18.7
17.2,16,19.6,13.8,1020,80,70,0,0,6.8,17.29,3.5,90,32
19,16.3,22.8,13.9,1020,73,57,0,2,7.5,15.87,3.7,20,17.1
17.4,15.6,20.8,11.9,1020,71,60,0,0,6.5,15.38,3.2,20,21
18.5,16.7,21.2,14.4,1017.3,77,84,0,0,2.1,10.6,2.1,60,19.4
20.8,18,24.4,16.5,1016.9,77,85,0.5,6,5.3,14.77,3.1,70,14.2
17.3,16.2,19.4,14.1,1019.1,82,82,0.1,0,4.3,10.22,2.5,80,37.2
18.2,16.5,21,14.6,1015.6,79,71,0,7,2,8.38,1.8,60,22.1
21.1,18.5,25.4,18.3,1013.1,84,79,0,5,3.8,12.08,1.9,40,8.4
20.9,17.8,26.2,18.4,1014.5,86,67,0,2,6.9,17.42,4.1,40,14.5
17.3,16,19,13.4,1019.9,78,88,0,0,0.2,6.94,2.4,80,34
17.7,16.4,21.4,14.1,1020.4,79,58,0,3,4.7,12.1,2.2,80,27.1
19.1,16.2,22.4,14,1021.5,73,62,0,11,5.8,15.34,3,80,18
18,16.2,21.8,12.9,1023.1,72,54,0,0,7.9,18.15,4.4,80,29.8
18,16.3,20.8,13.2,1020.9,73,84,0,3,0.4,7.22,2.2,70,33.2
19.6,17.3,23.1,14.2,1018.9,71,79,0,0,2.5,12.65,2.6,50,24.6
21.3,19.1,23.8,18.1,1016.2,82,88,0.2,0,0.5,10.52,1.8,50,18.4
22.7,21,25.4,19.6,1014,83,72,0,3,5.4,13.33,2.7,30,6.7
19,18.3,21.9,17.5,1013.8,91,88,0.5,2,0,3.41,0.7,50,26.9
20.1,18.2,22,18.6,1014.2,91,88,0.1,0,0.3,5.7,0.8,40,19.1
17.9,15.1,21.4,15.7,1020.4,88,88,0.8,1,0,1.99,1.4,30,30.2
15.3,13.6,17.4,8.7,1023.7,65,86,0,0,0.1,8.32,4,20,24.8
16.7,13.2,21.7,7.3,1023.4,54,55,0,0,9.3,19.74,4.1,20,19.8
18.5,15.6,22.3,6.3,1023.2,48,29,0,0,10,22.1,4.8,70,29.1
19.3,16.3,23.6,11.3,1021.2,61,7,0,0,10.5,21.91,3.9,60,19.5
20.4,17.2,24.9,12.8,1019.8,63,2,0,0,10.6,20.88,4.5,40,9.8
21.5,17.6,26.4,9.3,1016.8,49,0,0,0,10.6,20.59,4.1,250,9.7
21.5,18.1,26.1,14.5,1014.9,65,11,0,0,10.2,20.24,4.7,250,4.4
21.5,18.5,26.4,15.3,1014.7,69,3,0,0,10.8,22.27,4.5,30,7.5
20.3,18.7,23.2,16.2,1016.7,78,54,0,2,6.4,15.88,3.4,80,24.3
20.4,18.1,23.5,16.6,1015.8,79,71,0.2,0,8.5,19.95,3.2,60,22.4
22.8,20.3,26.6,19,1014.5,80,68,0,1,5,15.52,3.4,30,9.8
19.9,18.4,22.1,16.6,1019.2,82,78,0,3,0.1,4.51,2.4,90,33.8
19.2,17.7,22.3,14.8,1021.3,76,69,0,3,6.1,16.7,3,80,27.9
20,18.5,23.2,16,1019.4,78,51,0,0,5.8,15.18,2.8,60,21.4
21.2,19,23.4,18.8,1013.7,86,82,0,0,2.1,11.15,2.1,40,13.7
23.6,21.2,26.3,20.7,1010.6,84,81,0,0,3.5,13.22,2.6,240,8.5
24.3,22.4,27.6,22,1010.8,88,86,18.2,0,0.4,5.64,2.9,190,14.8
25.1,23.5,28.3,21.5,1012.1,81,70,0,1,4.2,14.9,2.5,200,11.2
20.8,19,23.8,19,1013.8,90,85,0.8,15,0,3.41,1.4,60,24.4
21.5,18.9,26,19,1013.3,86,74,0,8,6.8,17.56,2.7,60,16.5
23.3,21.3,26.2,20.1,1011.5,83,78,0,1,3.1,11.68,2.5,210,8.3
23.4,21.4,25.7,21.2,1010.4,88,79,1.1,2,1.7,7.27,1.6,200,5.3
21.2,19.5,23.1,19.7,1012,91,88,0.9,4,0,3.2,1.2,100,31.1
19,18.4,19.8,18.4,1011.4,97,90,13.6,1,0,2.58,2.1,60,31.7
20,18.6,21.7,18.2,1013.1,90,84,1.5,0,0.4,4.93,1.5,50,16
19.7,18.8,20.4,18.7,1012.5,94,89,31.4,0,0.3,5.01,4.1,60,23.6
20.3,18.7,22.4,18.9,1013.2,92,89,2.7,8,0.4,7.03,1.3,30,20
18.7,17.8,19.6,17.9,1013.1,95,94,58.2,1,0,1.42,4.8,80,39.8
19.7,19,21,18.8,1014.5,94,88,1,0,0.2,4.8,0.8,70,26.6
20.1,18.6,22.4,17.3,1015.4,84,85,0.1,0,1,11.21,1,60,26
21.1,20,22.5,19.9,1014,93,86,13.3,1,0.1,4.74,1.1,40,16.9
19.1,18.2,20,17.6,1012,91,90,9.2,9,0.3,5.09,0.6,70,35.2
19.3,18.5,20.2,18.6,1007.8,96,88,0.5,4,0,4.59,0.8,60,24
23.3,19.7,26.2,22.5,1003,95,88,34.7,0,0,1.4,1.3,240,21.5
20.4,17.1,25,16,1008,77,79,36.8,0,2.7,8.09,3.9,20,35.8
17.4,15.2,19,10.9,1013,66,77,0,0,0,7.86,2.6,20,29.8
18.8,18,19.5,14.7,1013,77,87,0,2,0,5.39,1.5,70,32.8
19.4,18.4,21.2,18.5,1014.3,95,88,25.1,0,0.5,5.21,1.3,40,23.8
18.4,17.7,19.8,17.4,1017.2,93,89,14.1,0,0,2.83,0.5,40,25
17.3,16,18.4,15.4,1017.7,89,88,13.8,0,0,0.98,0.5,80,32.3
17.2,15.7,19,15,1019.4,87,82,2.1,1,0.4,6.1,3.3,60,25.8
19.9,17.5,23.1,12.9,1017,64,78,0,0,5.1,16.9,2.3,90,19.3
21.6,19.7,24.3,15.6,1013.6,69,61,0,17,5.3,14.23,3.5,10,12.5
22.9,19.5,27.1,18.8,1010.9,79,30,0,22,10.8,22.61,3.8,60,10.5
22.8,21,25.2,21,1008.9,89,73,0.4,5,0,5.25,0.4,40,6.4
24.8,23,26.1,23.7,1008.1,94,88,15.6,1,0,2.83,0.3,210,14
25.5,24.2,27.8,23.9,1008.5,91,85,8.2,0,0.9,7.88,1.8,220,13.8
25.2,21.7,28.1,23.9,1009,93,86,8.9,0,0.8,10.75,2.3,230,14.7
22.7,20.8,25.4,21.4,1011,92,82,12.2,0,3.8,15.32,3.7,40,17.3
22,20.4,23.9,20,1014.1,88,87,0.3,1,0.3,6.86,2.4,90,31.6
19.8,18.9,20.5,18,1015.5,89,88,1,9,0,5.09,1.9,80,38.1
22.1,19.4,26.4,20.1,1014.5,89,76,0.5,3,4.9,16.35,2.5,60,21.9
25,22,29.8,21.8,1012.7,83,59,0,0,6.4,18.55,3.3,40,7.7
26,23.1,30.6,23,1011.1,85,74,30.3,0,6.9,20.52,0,220,10.2
22.1,21.1,23.5,19.1,1013,84,87,2.9,0,0.1,4.23,1.8,80,32.8
21.5,20.5,24.2,17.2,1012.8,77,88,0,9,0.6,12.06,2.5,70,35.7
22.1,20.7,23.4,20.1,1012.8,89,88,0,12,0,6.45,1.8,70,28.5
23.7,22.1,25.6,22.5,1012,93,86,0,2,0.3,8.26,1.9,90,22.4
24.4,21.1,29.3,22.3,1009,89,83,23.8,0,2.4,1,3.1,220,20.4
21.8,20.1,25.1,19.4,1009.5,86,76,1.2,2,2.7,8.16,3.1,100,30.6
19.3,16.6,21.9,14.1,1010.6,73,87,0.9,0,0.7,11.03,3.2,60,44.4
19.7,18.7,22.1,17,1011.1,85,88,33.8,0,0.1,6.52,3.8,60,35.5
20.8,18.4,22.5,17.7,1013.7,83,87,0,1,0,6.65,1,60,27
22.1,20.8,24.1,19.8,1014.5,87,86,0,0,0.2,9.4,2.1,60,20.3
22.4,21.3,23.7,20.8,1013.2,91,87,0,4,0,7.87,1.7,70,24.1
23.3,22.3,25.6,21.3,1012.1,89,88,0,2,1.5,13.74,3.3,70,22.1
22.9,22.3,23.2,21.7,1011.1,93,90,29.7,2,0,2.64,3.2,70,30.4
25.2,22.8,29.2,23.6,1010,91,78,31.3,1,5.2,17.45,3.9,90,13.3
25,23.4,28.6,23.5,1008.2,91,77,23.4,0,1.4,8.02,5.3,70,8.8
25.6,23,28.9,22.6,1006.6,84,69,0.1,7,6.9,18.82,1.6,240,10
24.7,24.1,26.5,23.3,1007.8,92,86,1.4,2,1.8,10.56,2.4,40,13
26,23.9,29.9,23.8,1007.6,88,73,0.2,4,7.6,21.3,3.7,50,13.2
26.2,25,28.8,24.6,1006.5,91,72,0,0,3.9,14.87,3.1,130,17.3
28.4,25.9,31,25.7,1005.2,85,81,0,0,1.3,10.75,3.5,200,25.9
27.6,24.7,30,24.9,1005.5,86,83,5.4,0,0,5.78,0.6,230,25.9
25.9,24.8,27.5,24.9,1007.7,94,86,13.9,0,1.7,8.27,3.7,40,7.8
28.3,25.8,30.8,26.1,1006.8,88,85,21,0,4.9,16.13,5.9,230,18.7
29.2,28.2,30.9,26.1,1005.4,84,88,0.1,0,4.7,18.47,2.1,240,28.4
29,25.7,31.6,25.5,1004.8,82,82,26,0,3.9,14.78,3.3,230,25.8
25.7,23.5,29,24.2,1005.5,91,86,26.3,0,1.6,7.97,0,60,11.5
24.8,23.4,26.2,23.9,1006.1,95,90,230.8,0,0,2.34,0,210,15.8
26.5,24.2,29.4,24.1,1009,87,84,0,0,3.1,14.83,3.1,240,7.2
27.8,25.6,31.3,24.2,1009.6,81,71,0,0,8.3,19.16,2.5,160,10.8
25.7,24.6,26.9,25.1,1009.7,96,89,52,0,0,4.71,2,140,17.4
27.8,25.5,29.7,25.3,1007.6,87,85,11.3,0,1.4,8.61,3.4,220,26.8
28.8,27.9,29.8,25.5,1006.9,82,86,0.1,0,0.8,11.34,2.8,240,27
29.2,27.7,31.1,25.9,1008.9,83,72,0,0,5.8,17.46,4.8,230,18.4
29.1,27.8,31.9,25.6,1010.9,81,76,0.4,0,3.6,13.89,3.1,210,11.9
29.3,27.2,32.5,25,1010.7,78,54,0,0,8.7,21.2,4.8,240,7.9
29.5,27.2,33,24.5,1009.4,75,28,0,0,8.9,28.29,7,240,13.4
29.6,27.7,32.4,24.7,1007.7,76,27,0,0,12.2,28.34,7.5,240,20
29.8,27.8,32.6,24.9,1006.4,75,52,0,0,11.3,26.99,6.9,250,25.2
29.8,27.8,33.7,25.2,1007,77,63,0,0,8.6,22.78,6.5,240,20.2
28,25.2,32.1,25.5,1010,87,80,20.2,0,6,19.69,4,70,11.5
26.8,25.6,28.8,24.8,1011.1,89,80,2.4,0,1.1,10.05,1.4,30,9.3
27.1,25.1,29.7,25.4,1010,90,79,13.6,0,2.4,11.57,2.4,70,10
29.2,27.1,32.3,25,1006.8,78,65,0.2,0,9.6,23.03,6,210,15.8
29.3,27.5,31.7,25.3,1003.6,80,80,10.6,0,5.9,19.54,4.6,230,22.6
29.1,27.1,31.3,26.4,1002.2,86,80,15.7,0,3.2,14.43,0.9,240,23.4
28.6,26.4,31.2,25.5,1002.3,84,86,12.6,0,2,10.41,0,230,15.3
24,22.4,28.1,23.2,1004.1,95,89,168.9,1,0,3.4,0,20,21.7
24.4,22.8,26.5,21,1005.5,82,86,1.1,0,0.4,9.95,3.4,30,23.9
25,23.6,26.9,22.6,1004.8,86,88,1.4,1,0.3,6.25,1.2,40,26.7
24.9,23.8,26.2,23.9,1003.5,94,91,30.8,0,0,4,0,70,52.4
25.6,25.1,26.2,25.3,1004.7,98,91,62,0,0,3.02,0,110,26.6
26.8,25.8,27.8,26.1,1006,96,88,5.4,0,0.7,7.22,1.3,100,29.3
27.5,26.4,29.9,26.4,1004.2,94,82,6.5,0,2.9,12.06,2.1,110,23.4
28.8,26.8,32.5,26,1002.1,85,59,0,0,6,17.18,4,140,11.4
29.7,27.3,33,25,1001.6,76,27,0,0,11.6,27.29,5.4,230,11.3
30.1,28.1,34.2,25.3,1002.5,76,47,0,0,9.7,25.19,6.2,170,11.8
29.6,27.7,33.7,25.7,1002.9,80,69,0.8,0,8.7,20.6,5.2,90,32.4
27.5,25.7,29.3,25.6,1003.1,90,84,15.2,0,2,9.73,3.5,110,30
27.6,25.4,30.8,25.5,1004.3,88,82,12.1,0,1.9,13.55,1.2,190,24.7
27.4,24.9,29.5,25.3,1006.1,88,89,57,0,0.5,7.84,0,200,28.6
29.3,28,30.7,25.6,1006.6,81,86,0.7,0,2.1,12.81,3.1,230,42.6
29.7,28.6,31.9,25.4,1006.8,78,74,0,0,6.5,23.06,6.2,230,32.1
29.8,28.5,32.3,25.3,1006.3,77,74,1.2,0,8,23.86,6.2,230,29.1
29.8,28.7,32.4,25.1,1005.8,76,72,0.2,0,5.9,16.44,5.3,220,28.6
29.8,28.8,31.6,25.8,1007.5,79,69,0,0,4.9,16.15,3.6,200,23.5
29.8,27.9,33,25.3,1008.2,77,32,0,0,11.7,28.48,4.9,110,17.2
28.2,25.9,31.4,25.6,1005.7,86,81,29.5,0,4.6,16.84,5.3,120,36.8
29.4,27.4,32.9,25,1007.9,77,71,0,0,5.6,21.45,4.5,160,31.2
29.7,27.6,33.2,25.4,1009.4,78,48,0,0,9.6,24.57,4.5,170,17.3
29.5,27.8,32.7,24.8,1008,76,36,0,0,8,20.96,6.2,200,11
29.8,27.6,33,23.9,1007.5,71,42,0,0,11.2,27.09,6.4,220,12.8
28.5,27.3,30.4,24.8,1008.4,81,70,4.6,0,3.7,11.92,2.3,210,20.5
27.3,25,31.2,24.5,1010,85,82,40.7,0,3.1,13.1,7.2,210,24.8
28.8,26.3,32,24.3,1010.8,77,79,0.3,0,9.4,23.34,5.3,200,16.6
29,27,33.2,24.7,1009,78,70,0,0,5.5,20.69,9,150,9.5
27.5,25.8,30.7,24.8,1007.8,85,78,14.2,0,3.9,12.92,2.7,140,9.2
28.8,26.2,32.4,24.8,1008.3,80,49,0.3,0,8,19.72,4.6,160,7.8
29.7,27.5,32.6,24.8,1005.2,76,26,0,0,10.6,23.2,6.1,270,17.1
30.1,28.4,33.5,25.8,1001,78,63,0,0,10.3,22.52,5.7,280,32.2
29.3,25,32.1,25.6,1005.1,81,89,41.4,0,5.4,17.69,4.9,240,28.3
26,24.8,28.1,25.3,1008.5,96,86,44.9,0,0.3,6.08,3.8,60,11.3
25.9,25.3,27.4,24.9,1008.4,94,83,7,0,0.2,6.04,0.4,120,10.9
26.2,24.6,29.9,25.1,1006.9,94,88,29.5,0,3.5,15.89,3.3,110,20.7
27.3,24.6,30.4,24.3,1004.8,84,80,0.5,0,5.7,17.83,3.4,30,13.8
26.8,25.5,29.4,25.5,1005.9,92,85,23,0,2.3,9.56,1.9,60,27.6
27.3,26.2,29.7,25.9,1007.4,92,88,3.5,0,1.6,9.63,2,140,23.7
27.4,26.3,29.9,25.4,1007.3,89,84,0.4,0,2.2,13.13,3.1,90,24
27.8,26.5,30.4,25.9,1008.1,90,84,8.2,0,5.5,17.34,4.2,110,22.3
27.4,26.2,30.3,25.9,1008.5,92,82,12.3,0,2.9,12.43,2.6,100,21.3
26,25,27.4,25.2,1006.9,95,86,26.8,0,0.2,3.67,1.5,120,22.3
25.7,24.6,26.9,25.1,1004.3,97,88,57.7,0,0,5.54,0,170,25.5
26.2,24.9,27.9,24.8,1004.8,92,86,65.4,0,0.4,7.65,3.9,200,31.5
27,24.9,31.1,24.9,1006.4,89,83,14.8,0,2.1,13.67,0,180,26.3
27.7,25.3,31.8,25.4,1008.4,87,75,10.8,0,6,19.9,2.5,150,21
28,25.4,31.7,25.3,1008.5,86,47,0,0,7.5,20.37,5.3,130,9.6
29.1,26.6,33.1,24.7,1006.3,78,44,0,0,10.9,25.62,7.1,110,12.6
29.4,27.7,32.4,25.9,1004.7,81,77,0.5,0,6.7,21.21,5,90,29.7
28.3,25.4,30.7,25.3,1003.8,84,79,4.5,0,3.4,13.6,0.9,90,35
26.5,24.5,27.9,25.3,1004.5,93,85,72.4,0,0.5,6.45,3,130,36.4
28.2,25.6,31.5,25.9,1009.9,88,84,13.3,0,2.5,13.53,3,150,31.4
29.2,27.1,32.9,25,1011.7,79,49,0,0,6.5,17.78,4.5,150,9.6
29.4,27,32.9,23.8,1009.4,73,18,0,0,11.5,26.84,5.9,220,7.8
29.5,27.4,33.1,25.3,1009,78,39,0,0,10.7,27.09,5.5,120,10.5
29.2,27.7,31.7,25.7,1010.3,82,71,0.5,0,6.6,19.89,5.6,140,18.1
29.4,26.7,32.7,24.9,1010.8,78,58,1.3,0,8.7,21.47,5.1,170,14.2
29.6,27.3,32.5,24.8,1008.9,76,25,0,0,10.8,26.15,6.1,250,19.5
30,28.2,33.2,26,1008.4,80,53,0,0,6.3,13.94,3.6,290,14.6
29.8,27.7,33.1,25.3,1008.8,77,51,0,0,11.4,27.35,7.8,110,15.9
30.6,27.7,34.9,24.5,1006.5,71,53,0,0,11.3,26.19,8.1,50,13.5
27.5,25.4,29.9,24.8,1002.2,86,85,48.4,0,0.3,3.46,4.6,70,54.3
26.6,25.2,27.6,25.2,999.3,92,88,59.4,0,0.4,6.18,2.3,150,55
28.2,26.5,28.9,25.1,1002.9,83,88,0.7,0,0.6,6.64,1.7,200,46.4
28,26.8,28.7,25.6,1000.7,87,88,5.3,0,0,2.64,3.4,200,38.1
28.2,26.3,29.6,25.7,999.6,86,89,35.6,0,1.2,6.51,1.1,210,33.3
28.4,26.9,30.2,25.9,1001.4,86,86,3.7,0,0.9,8.25,2.3,200,24.7
27.5,26.3,29.8,26.1,1001.6,92,83,30.6,0,2.6,8.69,2.9,190,12.5
28.9,26.8,31.6,25.5,1000.7,82,73,0,0,8.2,17.75,4.6,230,7.5
29.2,27.4,31,25.5,998.4,81,82,0.2,11,3.5,12.92,2.5,300,11.8
29.2,26.4,31,25.8,996.2,82,86,20.1,6,1,10.07,4.8,280,35.7
28.6,26.6,29.5,25.7,999.4,84,88,26,0,0,7.04,0,230,42.1
28,25.7,29.8,25.6,1003.8,87,88,51.6,0,0.9,8.39,0,200,30.3
27.7,26.1,30.2,26.1,1007.1,91,73,7.3,0,4.1,13.84,2.4,130,16.1
28.8,26.6,32.8,25.4,1006.8,82,31,0,0,8.5,22.84,5.3,60,8.9
29.3,27,32.9,25.2,1006.2,79,25,0,0,8.2,19.17,5,10,7.2
29.7,27.3,33.3,24.6,1005.2,75,46,0,0,11.3,25.42,5.4,210,9.7
29.6,27.8,32,25.1,1004.1,77,80,0,0,6,16.76,4.2,230,9.2
27.3,24.4,29.7,24.9,1005.9,87,88,29.5,0,0.1,7.51,2.3,250,22.8
26.4,24.6,29.5,24.6,1008.4,90,88,35,2,0.1,5.24,3.1,30,12.5
27.2,25.1,29.8,23.6,1010.1,81,77,1,1,6.9,15.13,3.4,230,11.8
27.5,25.1,30.4,24.6,1010.4,84,61,40.6,0,6.8,16.95,2.5,190,10.1
26,25,28,24.8,1008.8,93,83,5,0,0.3,6.55,1.2,30,6.9
25,23.9,26.4,24.3,1009.2,96,88,88.9,0,0,3.07,1,90,22.1
24.1,23.6,25.1,23.8,1011.1,98,89,197.7,0,0,2.93,1.9,90,28
26.3,24.1,29.5,23.7,1013.2,86,65,0.3,0,9.2,22.48,2.5,80,27.3
27.5,25.4,30.7,23.6,1013.6,80,35,0,0,10.4,23.28,2.8,70,21.2
28,25.8,31.1,23.8,1013.9,78,34,0,0,10.9,24.11,6.3,70,24.1
28.2,26.3,31.1,24,1012.6,78,54,0,0,10.1,22.64,5.5,70,27
28.6,26.6,31.8,24.8,1010.6,81,68,0,0,9.9,23.75,5.9,70,22.6
28.4,27.1,30.9,25.1,1011.1,83,66,0,0,8.4,19.42,4.3,70,22
28.5,27.2,31.7,24.8,1011.5,81,66,0,0,8.2,22.24,5.8,80,23.2
27.8,26.8,30.7,24.4,1009.7,82,76,0.2,0,6.4,16.31,3.7,60,21.1
28,26.1,31.5,24.4,1006.8,81,52,0,0,10.3,19.9,4.5,110,15.3
28.2,25.9,32.4,24.9,1006,83,47,15.2,1,5.6,13.38,5.4,110,9.5
28.1,26,30.8,24.1,1007.5,79,57,0.8,0,9.2,21.84,6.6,100,39.5
27.8,26.7,30.3,22.2,1008,72,55,0,0,6.9,18.93,5.8,90,49.3
27.7,26.2,30.2,23,1008.3,76,65,0,0,5.9,18.4,4.8,90,46.7
28.5,26.6,31.4,24,1007.9,77,57,0,0,8.1,18.51,6.8,100,30.4
29.2,27.2,32.5,24.8,1005.9,78,61,0,0,6.1,14.5,3.5,280,15.8
31.2,28.3,34.7,22.4,999.9,60,63,0,0,10.5,21.38,6.9,20,24.9
28,25.2,31.8,23.4,993,78,88,30.6,0,0,4.24,3,10,45.1
27.9,24.8,30.9,25.6,998.9,88,92,56.9,8,2.7,11.44,3.8,200,43.3
28.1,27.2,30.6,25.6,1006.7,86,82,1.3,0,4,14.87,3.3,100,30.1
28.2,26.8,31.2,24.1,1010,79,60,0,0,9.3,21.49,5.9,90,31
27.5,25.2,30,23,1012.3,77,62,0.1,0,6.7,17.64,3.9,70,34.1
26.5,24,29.7,22.2,1011.7,77,61,0.1,1,9,20.86,5.3,90,29.6
26.5,24.6,28.6,23,1008.8,81,80,2.6,2,3.3,12.3,2.1,50,31
25.7,24,27.1,22.3,1008,82,87,2.9,9,0.9,8.26,1.7,50,32.5
25.3,23.8,26.7,23.9,1010.1,92,88,10,4,0,2.46,6.2,80,45.5
27.2,25.7,30.4,23.8,1012.7,82,55,0,6,9,20.52,2.7,90,28.8
27.8,25.5,31.4,21.2,1012.6,69,22,0,4,10.7,20.55,5.1,40,11
26.7,24.6,30.1,20.1,1013,68,32,0,0,8.5,17.49,4.8,100,16.2
26.2,24.7,29.4,20.8,1011.9,72,26,0,20,6.6,15.48,3.7,120,11.2
26.3,23.8,29.9,18.4,1010.5,63,17,0,10,10.6,21.15,4.9,30,10.6
27.7,24.4,31.5,15.3,1008.7,47,5,0,0,10.8,21.77,6.9,20,22.9
28.3,25.5,32,18.3,1006,55,33,0,6,10.7,21.05,6.7,20,24.2
26.8,25.6,29,19.7,1008.1,65,84,0,16,1.8,10.44,4.6,20,21.7
27.2,25.4,30.1,22.5,1010.8,75,77,0,0,8.2,19.42,4.3,30,21.8
27,24.7,30.4,23.6,1012.8,82,51,2.8,0,7.2,17.71,4.2,80,20.7
27.8,25.5,31.1,23.2,1011.8,77,40,0,2,8.3,16.7,4.5,70,10.8
27.6,26.2,30.2,21.1,1011,68,72,0,1,9.2,19.1,6,100,26.3
27.2,25.6,30.4,20.6,1011,67,68,0,0,8.8,18.18,6,90,41.6
26.1,25.3,27,21.4,1011.5,76,86,0,0,0,7.5,2.8,80,39.8
26.9,25.6,29.9,21.9,1013.5,75,60,0,0,8.7,19.15,6,100,25.7
25.8,24.7,27.6,20.2,1017.2,71,78,0,5,5.4,14.78,4.4,100,40.1
24.5,24,26,19.5,1018.9,74,86,0,0,1.2,7.93,4.7,90,39.5
25.2,23.2,28.5,18.7,1018.4,68,73,0,0,8.4,17.98,6.4,80,29.5
25.2,23,28,18.5,1017.8,67,58,0,1,7,14.55,2,40,17.1
25.4,23,28.4,19.1,1016,69,32,0,4,9.1,17.97,4.8,110,15.6
24.8,22.8,27.4,19.7,1015.2,73,65,0.1,23,3.6,9.73,3.2,40,16.3
25.1,22.7,28.4,17.3,1015.6,63,29,0,11,9,17.07,5.5,30,14.1
24.6,21.9,27.6,13,1014.5,49,9,0,2,10.1,17.91,6.4,20,19.3
24.4,21.3,27.9,10.1,1013.1,41,19,0,0,10.2,18.97,7,30,25.3
23.8,21.6,27.1,8.8,1015.4,39,21,0,0,9.4,19.44,6.6,30,31.7
22,19.4,25.6,11.1,1018.3,50,3,0,0,10.1,18.7,2.6,30,24.1
22,20.2,24.7,15.4,1018.7,67,29,0,0,9.3,17.79,4,90,28.5
22.8,20.9,25.7,16.9,1018.7,70,30,0,0,9.9,19.12,3.9,80,28.8
23.7,22.1,26.3,18.1,1018.6,72,67,0,,7.2,16.03,3.9,80,24
24.2,22.9,26.5,19.1,1017.2,73,47,0,0,8.3,17.53,4.4,80,23.8
24.8,22.4,28.1,19.4,1016.7,73,30,0,0,10,18.56,4.4,70,20.9
25.5,22.6,29.5,18,1014,65,57,0,2,10,18.89,4.9,30,17
26.2,24.9,27.5,19,1011.5,65,81,0,0,0.7,7.67,5.9,30,32.5
25.6,23.5,27.6,20,1012.8,71,88,0.4,0,0.9,9.23,1.5,40,39.8
22.7,21.5,24.3,20.4,1017.6,87,89,12.2,9,0,4.46,0.4,50,29.4
22.6,20.9,24.2,20.4,1019,88,91,3.6,15,0,7.02,1.9,80,36.2
24.2,22.6,27.4,20.6,1018.3,81,83,0,20,2.8,9.69,3,80,18.7
24.1,23,26.7,20.4,1017.6,80,70,0,8,6.5,15.29,4.2,90,30.3
24.2,22.8,26.9,19.5,1016.4,76,67,0,5,3.8,12.85,5.9,70,30.8
25.5,22.9,27.7,20.4,1014.6,74,77,0,6,6.7,12.5,0.8,70,39.9
25.4,23.7,26.4,22.4,1014.7,84,88,7.6,0,0.1,5.61,2.3,80,41
24.1,23,25.3,21.3,1014,85,83,0,0,0.2,3.46,2.4,90,49.3
21.9,21.1,23.1,21,1013.2,95,88,33.4,0,0,0.84,1.1,100,48
20.7,19.7,21.3,19.2,1014.2,91,88,3.9,0,0,2.11,2.1,30,30.8
21,19.6,23.6,17.2,1017.3,79,67,0,5,3.1,9.9,2.6,30,23.3
21.5,18.8,24.7,16.2,1018.4,72,35,0,0,9.4,16.89,3.3,30,23.8
21.7,19.2,23.9,15.4,1018.2,68,31,0,7,10,16.09,4.2,30,14.4
21.3,18.8,23.8,12.7,1018.6,58,54,0,0,7.4,14.6,4.2,30,19.7
20.7,18.5,23.6,10.7,1020.6,53,31,0,0,9.7,17.76,6,80,24.3
20.2,18.7,21.3,13.2,1021.1,64,81,0,0,0.3,6.44,1.5,80,29.1
20.1,19.3,21.4,14.6,1019.5,71,86,0,0,1,7.37,2.4,80,35.2
20.5,17.6,22.6,13.9,1018.5,66,81,0.5,0,3.8,11.04,2,70,31.2
21,19.5,22.8,16.9,1018.7,78,82,0.7,0,3.7,11.38,5.7,80,37.7
21.7,20.6,23,17.4,1017.3,76,70,0,0,8,15.96,2.1,80,35.6
22.7,20.4,25.8,19.4,1014.3,82,76,15.2,0,5.9,14.04,5.7,60,20.6
19.5,16.7,22.3,9.7,1015,54,28,0,0,9.9,17.64,3.8,30,28
19.6,17.7,21.3,14.1,1016.9,71,59,0,0,6.1,13.85,2.1,70,29.8
20.1,16,23.2,16.1,1018.1,78,73,0.5,3,3.9,9.55,2.8,70,30.3
15.6,12.8,17.8,9.3,1023.5,68,68,5.1,0,0.7,7.71,4.3,30,40.1
15,12.9,17.2,1.4,1024.2,40,14,0,0,9.8,17.94,3.6,30,28.6
16,13.1,19.2,6.6,1021.8,54,18,0,0,9,16.44,2.8,30,19.4
17.1,14.3,20.7,6.3,1021.8,50,4,0,0,9.8,17.19,3.5,30,18.9
17.7,14.6,21.4,7.6,1020.4,52,10,0,0,9.8,17.69,2.8,30,21.5
18.9,17.3,21.5,12.2,1019.2,66,31,0,0,8.5,16.08,3.1,60,24.8
19.2,16.2,22.8,8.6,1018.2,52,6,0,4,9.6,15.62,5,30,15.7
18.3,15.8,21.4,7.5,1017.9,50,5,0,0,9.6,16.6,3.2,30,18.6
18.3,15.7,21.4,6.6,1016.9,47,0,0,1,9.6,16.23,4.1,30,19.6
19.3,16.6,22.1,12.3,1017.4,65,5,0,13,9.4,15.06,0.7,40,18.7
20,18.2,21.4,15.2,1015.2,74,77,0,16,1.1,8.2,2.8,60,23.9
22,19.8,24.9,13.9,1013.6,61,67,0,24,5.6,12.25,4.3,30,18.4
20.1,18.4,21.7,13.4,1014.5,66,80,0,24,5.1,10.9,3.2,30,29.8
19.2,17.8,20.6,12.6,1017,66,85,0,24,1.4,7.79,4.7,60,26.7
18,16.6,19.3,11.3,1017.2,65,88,0,23,0.8,7.5,1.2,60,33.7
19.2,17.9,20.7,14.7,1017.9,75,88,0,16,0.5,4.32,1.5,40,20.8
18.8,17.2,20.5,16,1018.8,84,92,13,10,0.1,4.23,1.2,60,35.5
17,16.5,17.6,16.6,1016.7,98,96,22.7,0,0,1.61,0.8,50,38.3
13.6,12.2,17.2,12.9,1015,96,91,24.8,0,0,2.09,0.5,20,39.6
12.3,11.4,13.1,11.4,1016.4,94,92,27.8,0,0,2.42,0.9,20,26.5
10.9,9.2,13.4,5.6,1019.8,71,44,0,0,9,17.61,3.4,20,41.2
12,9.5,15,5.6,1022,65,40,0,0,8.6,16.62,3,20,32
13.9,11.3,16.4,7.2,1022.9,64,67,0,0,7,14.05,3.1,40,23.3
14.4,13.1,16,7.3,1024.1,62,74,0,11,2.1,9.33,2.7,30,25
13.5,11.3,16,6.3,1024.3,62,26,0,24,9.1,15.42,3.2,30,22.5
14.6,11.3,17.9,6.3,1022.5,58,13,0,23,9.3,14.9,3.1,30,20.3
14.8,12.2,17.9,7.1,1023.1,60,25,0,14,9.1,14.92,2,20,22.4
15.3,13.4,17.6,6.8,1021.5,57,46,0,22,7.5,12.57,3.2,20,17.6
14.8,12.5,17.3,2.8,1021.1,45,1,0,7,9.4,15.65,5.6,20,34.8
13,11.3,15.5,0.6,1023.5,43,0,0,23,8.9,14.14,2.7,30,36.5
12,9.9,14.6,0.8,1022.9,47,0,0,18,8.4,12.86,3.3,30,22.5
12.1,9.3,15.3,2,1023,51,0,0,5,9.4,15.03,2.6,30,21.9
13.8,10.7,16.3,3.4,1022.5,50,4,0,6,9.3,14.51,3.1,30,10.3
15.3,12.5,18.1,4.5,1021.1,49,0,0,10,9.4,14.93,2.2,20,9.4
15.7,13,18.9,6.3,1019.3,54,0,0,6,9.5,16.11,2.6,40,13
16.8,14.4,19.3,11.8,1016.8,73,49,0,18,4.5,11.77,2,40,16.1
19.8,17.2,22.5,12.9,1015.7,65,28,0,19,8.6,13.92,3,20,10.6
18.8,16.8,21.8,8.2,1017.8,51,0,0,23,8.8,13.49,3.6,20,24
16.3,14.5,18.7,8.3,1018.8,60,2,0,13,9,14.17,3.2,70,24.3
16.5,14.8,18.5,11.3,1018,72,26,0,19,9.1,14.7,2.8,70,33.8
17.8,16.5,19.1,14.4,1016.8,81,88,0,6,1.5,10.02,1.7,60,28.6
18.8,16.1,21,16,1017.9,84,74,0,13,0.9,5.27,2.9,30,17.4
15.5,14.3,16.6,9.6,1022.9,68,83,0,1,0,4.91,1.8,30,25.5
15.3,14.4,16.2,11.2,1024.3,76,87,0,7,0,6.52,3.1,80,38.1
16.2,14.1,18.8,12.3,1023.7,78,32,0,5,9.7,17.21,1.2,70,29.1
17.5,15.1,21.5,12.4,1023.3,73,29,0,13,7.6,13.58,3.1,30,23.8
13.9,11.8,16.2,8,1023.6,67,50,0,0,4.9,12.2,3.5,30,28.1
13.2,10.6,16.8,6.8,1023.6,65,39,0,6,9.4,16.18,3.4,30,26.2
13.2,11.2,16.1,6,1025.6,62,27,0,0,9.8,18.41,3.2,30,28.5
13.9,11.8,16.7,8.1,1024.3,68,28,0,1,9.3,17.42,3,60,30.3
15.5,12.7,18.9,11,1023.3,75,15,0,16,9.3,14.91,2.9,60,14.7
16.2,13.5,19.7,4.9,1026.1,48,0,0,0,9.9,17.5,3.7,30,23
14.6,13.2,16.7,8.7,1026,69,22,0,21,7.6,14.49,4.4,70,30.3
16.4,13.4,20.5,5.6,1023.7,51,10,0,17,9.9,16.6,3.7,30,18.8
14.9,12.9,17.6,1.4,1024.5,33,0,0,3,9.7,16.22,4.8,30,31.5
13.3,10.3,17,0.6,1025.2,43,0,0,0,10,18.2,2.8,30,18.6
13.3,11.6,15.8,7.8,1023.2,70,12,0,0,9.6,18.32,2.7,80,26.9
15.6,12.9,18.5,11.7,1018.8,78,46,0,0,9.5,17.7,2.1,60,28
18.4,16.5,21.4,14.4,1017.7,78,83,0,3,6.5,15.27,2.7,50,20.8
19,16.3,24.4,14.6,1019.4,76,74,0,12,5.3,13.4,1.5,30,19.9
16.4,15,18.9,11.6,1021.3,74,30,0,6,8.8,16.46,2.7,90,28.8
17,14.8,20.3,12.3,1020.4,75,21,0,0,9.6,16.32,2.5,70,20.1
17.8,15.6,21.2,12.7,1019.9,72,2,0,0,10.1,18.83,2.9,50,15.4
18.9,15.9,22.9,14.4,1019.3,75,5,0,0,10.2,18.45,2.9,40,7.3
19.4,16.4,22.8,15.1,1018.4,77,16,0,3,10.2,18.99,2.9,60,9.9
20,18.3,22.2,17,1015.4,83,34,0,3,6.5,11.6,2.9,50,10.8
20.2,17.5,23.8,15.4,1011.6,76,16,0,4,9.7,18.31,2.8,20,10
20.6,17.4,24.6,14.9,1010,71,3,0,0,10.2,18.68,3.5,280,9.4
18.2,16.6,19.4,15.1,1013.3,82,73,0,2,0.4,5.17,2.1,100,40.3
17.1,15.9,19,14.1,1013.9,82,82,0,0,3.2,12.51,2.4,80,35.6
18.6,16.7,21.6,16.3,1012.1,87,81,0,0,5.1,14.55,2.4,50,16
20.3,18.1,23.4,18,1010.9,87,84,0,0,3.2,11.85,2,50,10.5
16.6,16,18,14.9,1011.4,90,88,0.3,0,0,1.78,0.3,40,22.5
14.5,10.4,16.7,13.7,1012.3,95,93,13.1,0,0,1.11,1.5,30,36.7
9.1,8.3,10.5,5.3,1019.1,77,88,0.3,3,0,3.49,1.9,30,39.2
8.4,7.5,9.7,3.1,1019.9,69,89,0,0,0,4.38,1.4,30,28.1
8.9,7.3,10.5,6.6,1018.8,85,96,0.4,6,0,2.36,0.3,30,24.2
8.7,8,9.8,7.2,1021.3,91,96,21.4,2,0,3.03,1.2,20,30.2
10.6,8.2,14.6,4.8,1022.1,67,64,0,9,4.9,13.65,2.8,30,25.3
11.8,9.7,13.6,8.1,1020.4,79,86,0,0,0,3.3,0.4,60,32.2
14.2,13.3,15.4,12.5,1018.6,89,100,0,13,0,4.7,0.8,60,33
17.6,15.3,20.9,16.6,1018.1,95,90,0,7,4.2,12.91,1.6,50,18.5
17,12.2,21.5,15.3,1016.4,90,88,0,0,0.9,8.03,2.8,20,16.3
10,7.9,12.4,5.6,1021.5,75,84,3.8,0,0.1,4.24,2.6,20,39.7
12.3,8.2,17.3,4.8,1024.8,62,5,0,0,10.7,22.99,3.3,70,22.1
13.8,12.3,15.2,9.3,1024.5,75,74,0,0,3.9,15.11,3.3,80,41.2
14.7,12.6,17.1,10.5,1023,77,85,0.2,0,2.6,11.9,3.1,70,40.3
16.2,14.4,19.2,12.4,1022.7,78,52,0,0,9.6,20.52,3.3,70,34.6
17,15,19.3,14,1020.6,82,64,0,0,6.3,17.24,3.2,70,34.8
18.7,17.3,20.9,16,1018.6,85,83,0,2,4.2,13.4,2,50,24.7
20.2,17.9,24.1,17.9,1018,87,73,0,6,5.2,13.65,2.6,50,13.5
19.6,18.7,21.1,17.7,1018.9,89,80,0,0,1,7.18,2.3,50,25.8
18.3,17.4,19,16.1,1017,87,88,0,1,0,4.72,1,60,28.7
20,18.4,22.1,18.1,1014.6,89,86,0,0,0.9,8.79,2,50,13.8
19,16,21.7,17.6,1014.6,91,90,0.6,3,1.4,7.24,2,80,21.8
15.8,15.4,16.3,13.8,1017,87,89,0,0,0,4.58,1.4,70,42.3
16.8,15.4,18.2,15.4,1017.5,91,94,0.1,2,0,5.61,1,50,22.4
16.7,15.9,17.6,14.3,1018.7,86,89,0.1,1,0,4.34,2.3,70,30
15.3,14.8,15.9,13.2,1018.2,88,88,0,3,0,3.69,0.4,70,43.2
14.6,14.1,15.1,12.6,1020.3,88,89,0.1,0,0,3.5,1.4,80,46.3
15.1,14.2,16.2,14.1,1018.8,94,94,0.9,0,0,4.11,1.4,60,29.2
14.8,14.2,15.5,12.5,1020.9,87,88,0,0,0,3.57,1.8,40,24.2
14.4,13.9,15.6,11.1,1022.1,81,88,0,1,0,4.99,1.6,70,45.5
15,14.1,15.9,12.7,1020.2,86,88,0.3,14,0,3.37,0.4,60,39.4
17.7,15.4,19.5,17.1,1014.7,96,93,0.1,0,0,3.76,0.3,40,14.7
20.2,19,22.2,15.8,1016.2,77,85,0.3,0,1.3,7.78,3.2,30,19.8
17.1,14.7,19.9,12.1,1022.2,73,84,0.4,0,1.1,8.72,1.5,60,31.3
16,14.7,17.5,9.8,1022.1,67,90,0,7,0.3,5.32,3.9,60,29.2
18.1,16.3,19.9,12.4,1021,70,82,0,6,2.6,11.19,2,50,24.9
20.4,18.4,22.9,18.4,1018.9,88,86,0,4,1.5,9.55,1,50,18.2
21.9,19.9,25,20,1016,89,85,0,1,4.6,14.86,2.7,50,12.8
22.7,20.4,26.8,20.1,1013.6,86,48,0,1,9.1,19.64,2.6,40,6.8
21.5,18.7,25.2,18,1014.2,81,31,0,5,9,16.3,5.1,40,14.3
16.5,15.5,18.7,10.6,1020.4,69,88,0,0,0,4.53,2.7,30,26.7
17.3,15.2,20.8,10.8,1021,67,53,0,8,8,20.88,5.9,70,32.9
18.4,15.9,22,12.6,1022,70,42,0,0,10.7,22.54,3.1,70,33.1
19.5,16.6,23.1,14,1019.4,72,45,0,0,8.9,20.48,4,60,25
21.9,18.9,26.5,16.6,1015.5,73,37,0,0,9.9,21.84,3.8,40,14.4
22.6,20.6,26.2,19.2,1013.9,82,55,0,0,7.5,18.14,4.1,40,7.4
23.5,20.6,27.6,20.1,1012.7,82,53,0,0,8.6,20.98,4.3,160,11.5
22.2,21.2,23.3,20.8,1012.1,92,88,0,3,0,7.13,1.7,50,18.5
21.8,20.7,23.5,20.8,1011.4,94,87,19,0,0.2,3.23,2.4,40,9.5
22.6,19.1,26,21,1010.4,91,90,103.1,0,0.2,4.62,0,100,20.7
20,18.9,21.2,19.7,1009.7,98,93,82.6,0,0.2,1.59,2,110,18.9
20.2,19.5,20.9,19.8,1010.9,98,89,8,1,0.1,3.9,2,60,21.2
19.4,18.6,20.3,18.9,1011.9,97,88,24.4,0,0.3,3.94,0,80,25.8
19.6,18.5,20.7,19.1,1013.5,97,89,42.3,0,1.1,4.58,0.8,40,16.6
20.6,19.2,22.9,17.3,1016.5,82,60,0,3,7,18.78,4,90,27
20.8,18.2,24.7,15.5,1016.5,73,34,0,0,10.4,23.24,3.1,80,20.4
19.2,17.5,21,17.3,1017,89,90,9.3,7,0,2.53,1.6,70,41
19.2,17.9,20.1,16.7,1016.4,86,88,0,1,0.4,9.02,2.4,80,38.2
19.9,18.8,21.2,19.1,1014.6,95,80,27.5,0,0,4.03,0.7,50,20.8
22.3,19.8,26.5,20.3,1014.1,89,55,0,1,9.2,23.83,3.2,60,13.7
22.1,21.1,24.4,19.5,1015.2,85,71,0,5,4.9,14.63,4.3,80,24.3
22.7,20.7,25.8,19.9,1013.7,85,77,0,2,8.6,21.33,4.2,70,19.8
24.1,21.8,27.8,20.8,1012.3,82,49,0,1,10.1,23.65,3.4,40,10.8
24.7,22.1,28.7,21.6,1012.1,84,24,0,0,10.4,21.87,5.2,270,9.6
22.8,21.7,24.5,19.9,1014.7,84,57,0.4,7,0.8,7.39,3.1,100,27.6
21.9,20.5,24.4,17.8,1015.9,78,75,0,0,7.6,19.22,4.2,90,33.1
22.1,21,23.6,19.3,1013.3,84,88,0,5,0.5,10.19,2.7,60,23.1
24.1,22.1,27.5,21.5,1012,86,55,0,4,8.1,19.98,4.1,30,10.1
24.9,22.4,28.6,21.8,1012.2,84,32,0,0,9.5,20.43,3,140,5.2
25,23.1,27.8,22.2,1011.7,85,46,0,0,7.6,20.05,4.2,60,7.2
25.4,23.5,28.1,21.9,1011.1,82,72,0,0,1,10.82,2.6,220,4.6
23.8,22.9,24.9,22.2,1012.6,91,86,0.6,1,0.4,6.66,2.3,60,21.2
24.8,22.9,27.5,22.2,1012.6,86,88,0,6,1.3,9.87,1,50,8
22.4,21.4,24.9,21.7,1012.3,96,93,13.3,1,0,2.54,0.4,100,32.1
21.7,21.3,22.3,20.9,1011.7,95,90,1.5,3,0,4.28,0.1,90,34.2
22.6,21.6,23.7,21.8,1012.2,95,92,1.7,8,0,7.37,1.4,80,23.8
23.1,22,24.9,21.3,1012.9,90,84,2.7,3,0.5,7.62,1.7,70,21.1
25.5,22.1,29,20.2,1013.3,73,63,0,6,8.4,22.07,6.3,20,12.3
25.4,23.6,28.6,18.8,1013.5,68,69,0,0,7.3,19.31,4.7,20,18.9
23.9,22.9,25.7,20.5,1013.1,81,79,0,0,2.7,12.54,3.2,100,22.3
23.3,22.3,25,20.6,1011.7,85,85,0.7,10,1.2,12.97,2.4,60,22.6
22.8,21,25.3,20.5,1012.6,87,88,2.8,7,0.9,9.64,3,60,31.5
24,22.3,27,20.4,1015,81,83,0,0,5.2,17.13,3.2,70,31.6
24.6,23.1,26.8,20,1014.5,76,81,0.2,1,6.5,20.9,3.5,90,36.9
22.4,21.5,23.8,21.6,1012,95,88,7.3,2,0.2,4.64,2.8,90,32.3
21.8,20.2,23.8,20.2,1014.3,91,84,26.6,0,1.9,8.76,1.8,80,30.7
19.9,18.8,20.4,17.9,1016.4,89,88,1,1,0,3.29,0.9,80,35
20.4,19.8,21.2,19.5,1013.6,94,94,3.2,0,0,3.27,0.7,70,28
22.2,21.2,23.2,21.7,1010.7,97,98,106.3,0,0.1,6.84,0,60,22.6
21.7,20.9,22.2,21.6,1009.1,99,98,89.1,0,0,0.74,0,110,22.9
23.3,21.5,25.6,22.5,1008.2,95,87,12.5,0,0.4,5.55,1,130,22.1
24.3,22.3,26.6,23.4,1007.7,95,92,164.5,0,0,2.84,0,130,19.2
25.8,23.4,29.4,24.4,1008.5,92,87,40.9,0,3.3,13.85,0,220,12.3
27.3,24.8,29.1,25.4,1007,89,84,57.5,0,2.4,10.56,2.2,210,20.8
28.7,27.5,30.9,25.2,1005.2,82,79,2,0,2.5,14.51,4.5,230,28
28.9,27.3,30.8,25.7,1005.1,83,79,2.8,0,4.1,15.42,3.8,240,25.7
28.2,26.9,30.4,26.3,1007.6,90,82,18.8,0,1,7.57,2.7,190,23.9
28.3,26.5,30.2,26,1008.8,88,86,10.7,0,1.3,10.02,2.6,190,25
28.7,27.5,30.4,25.4,1008.9,82,84,1.2,0,2,12.63,3.1,230,20.3
28.9,25.8,32,25.2,1008.9,81,82,0.7,0,4.5,18.73,4.7,230,23.5
26.9,23.1,29.8,24.6,1007.8,88,89,53.2,0,2,9.64,0,240,21.8
27.1,23.9,30.6,24.9,1006.9,88,86,47.1,0,1.9,12.25,3.2,210,18.6
29.1,28.2,29.9,25.1,1005.7,80,88,0,0,0.4,7.96,2.1,220,30.9
27.4,25.4,28.9,25.5,1008.6,90,87,33.1,0,0,2.46,1,210,24
27.9,25.9,31.5,25.4,1011.4,87,77,0,0,4.7,16.39,4.7,50,14.8
29.5,26.7,32.6,25.1,1011.5,78,71,3.6,0,8.5,24.53,3.9,230,15.8
29.6,27.8,32,25.3,1010,78,71,0,0,9.9,23.55,6.1,250,20.4
29.7,27.8,32.7,25.4,1007.9,78,66,0,0,9.9,25.47,6.7,250,23.8
29.4,27.6,32.1,24.8,1007.4,77,57,0,0,11.5,27.43,4.9,250,23.7
29.4,28.1,31.4,25.3,1007,79,78,0,0,7.2,21.46,5.8,240,22.5
29.8,27.9,32,25.1,1007.4,76,67,2.2,0,6.2,21.15,5,230,17
30.1,28.4,32.8,25.4,1008,76,53,0,0,9.3,21.96,6.1,230,8.5
30.2,28.1,33.2,25.5,1007.5,77,60,3.7,0,10.3,26.25,6,240,21
30.1,28.4,32.7,25,1005.5,74,67,0,0,11,25.09,6.6,250,27.3
29.5,28.4,31.3,25.5,1004.2,79,83,0,0,1.5,12.8,4.3,250,19.6
30.2,28.3,32.5,25.2,1004.3,75,56,0,0,11.6,27.26,5.5,240,10.3
29.9,28.4,32,25.8,1003.6,79,80,0.2,0,3,13.97,3.5,230,16.3
28,26.6,30.1,24.4,1003.1,81,88,17.2,0,1.2,7.32,4.1,240,10
27.2,25.2,30,24.2,1002.3,84,87,7.6,0,1.9,10.41,2.6,10,4.5
28.6,26.2,31.5,25.2,1001.2,82,75,57.6,12,5.5,14.93,6.4,230,7.1
27.8,25.9,30.5,24.3,1001.8,81,80,0,0,6.6,20.33,4.8,110,26
28.4,27,30.7,24.3,1001.7,79,82,0,0,4.7,17.7,4.7,100,21.4
28.1,27.4,29.4,24,1001.9,78,85,0,0,1.6,9.23,2.9,110,28.1
28.8,26.9,32.3,22.2,1002.1,68,59,0,1,9.1,22.59,5.9,90,30.8
28.8,26.3,31.9,19.4,1002.6,58,46,0,1,6.5,19.47,8.9,60,32.1
29.8,27.8,33.5,20.7,1003.1,59,75,0,0,7.7,21.31,2,30,19.6
28.2,25.3,30.8,24.1,1001.9,80,87,9.9,3,0.8,9.74,2.3,250,16.7
29.6,26.6,31.9,26,1002.5,81,88,3.8,0,3.7,16.4,3.8,230,28.8
30.2,29.2,31.9,26.1,1004.7,79,87,1.1,0,2.9,12.79,3.5,230,25.2
30.1,27.7,32.5,26,1004.6,79,80,6,0,7.8,21.92,6.5,230,22.9
29.7,27.5,32.6,26.4,1003.4,83,83,10.5,0,4.4,14.29,7.1,210,19.9
29.2,26.2,30.5,26.4,1002.7,85,87,29.2,0,0.2,5.55,0,210,26
28.4,25.3,30.2,26.1,1003.2,88,87,47.6,0,1.6,9.97,0,200,21.6
26.6,25.2,28.1,25.5,1004.1,94,86,114.9,0,0,4.69,3.2,200,8.5
27.8,26.5,29.5,25.8,1004.1,89,84,41.5,0,0.3,6,4.7,180,13.4
27.8,26.1,30.3,26.1,1004.3,91,85,45.9,0,4.9,13.48,2.2,190,13.7
27.6,26.1,29.9,26.1,1005.7,92,83,18.5,0,1.3,10.67,2.8,190,15.7
30.3,27.5,33.2,26,1006.5,78,73,0.1,0,9.5,24.11,4.5,220,14.9
30.5,28.4,33.7,26.1,1005.6,78,69,0,0,8.6,21.28,5.1,190,11.2
30.3,28.5,33.1,25.8,1004.3,78,59,0,0,9.9,23.67,5.8,160,8.6
29.3,26.7,32.2,26.2,1005,84,74,20.4,0,5.2,16.73,5.3,110,17.9
29.3,27.1,32.5,26.4,1007.4,85,80,0.9,0,4,13.57,2.7,150,25.2
28.7,26.3,31.6,26.5,1008.8,88,82,13.9,0,1.6,10.98,3.5,170,20.6
30.1,28,32.9,26.4,1007,81,73,0,0,6.6,18.57,4.4,200,13.5
30.5,29.1,33.1,26.1,1004.4,77,72,0.1,0,10.6,24.72,6.1,230,18.1
30.9,29.3,33.8,26,1004,76,57,0,1,11,26.71,7.2,220,15.6
30.9,28.9,33.8,26.2,1004.5,76,68,1.5,0,9.9,23.97,7.3,220,15.1
30.4,27.9,32.9,26.2,1004.1,79,82,14.8,0,7.5,20.6,0,230,14.4
29,26.9,30.3,25.9,1001.9,84,88,5.5,1,0.9,6.84,1.6,230,8.9
30.5,28.4,33.5,26,1000.3,78,85,0,3,7.2,16.67,4,280,9.1
30.8,28.4,33.4,25.9,1002.3,76,63,0,5,9.7,23.13,5.3,170,10.1
30.1,27.4,32.7,26.2,1003.9,80,77,16.9,0,5.7,17.7,5.7,210,12
29.4,26.8,32.2,26,1005.2,82,76,23.3,0,2.9,14.21,3.6,210,11.5
30.3,28.3,33.6,26.5,1006.7,81,65,5.8,0,5.1,18.6,5.2,190,25.3
30,28.5,33.1,26.1,1008.5,80,70,2.9,0,6.2,18.24,4.9,210,17.4
29.9,27,32.3,26.1,1009.6,80,74,22.6,0,7.1,19,5.1,220,16.3
30.6,28.8,33.8,25.5,1009.8,75,77,0.2,0,9.1,24,5.3,210,15.4
30.2,28.1,33.5,25.4,1007.9,76,78,0,0,11.1,25.79,6.3,50,11.1
29.2,26.7,32.1,25.5,1004.7,81,79,34.5,0,4.4,15.79,5.2,70,41.6
27.6,26.3,29,25.5,1003.9,88,88,19.5,0,0.3,5.78,5.3,130,49.3
28.7,26.9,31.7,26.1,1007.3,86,85,6.5,0,6.6,20.71,3.6,150,27.6
28.9,26.4,32.2,26,1008.1,85,81,11.1,0,9,24.35,6,120,12
29.7,27.8,32.7,24.7,1005.5,75,73,0,1,5,16.67,5.3,30,5
29.4,26.2,33.2,25.2,1002.6,79,53,35.7,3,8.1,20.29,5.7,270,16.4
30.6,29.2,32.9,26.6,999.7,79,60,0,0,10.8,22.64,5.7,270,39.7
29.8,27.9,31,26.5,1001.4,83,88,7.3,0,1.4,10.38,3.1,240,37.3
29.9,27.3,33.5,25.4,1005.7,77,82,6.2,0,7.9,22.26,6,230,17.6
28.4,26,30.3,26,1008.8,87,87,6.7,0,4.8,13.96,7.1,160,19.2
27.9,25.9,30.6,26.1,1008.8,90,75,25.5,0,5.1,16.6,6,130,17.9
29.6,27.2,33.2,25,1006.3,77,40,0,0,11.7,27.91,6.8,70,10.6
30,27.5,34.2,25.1,1005.3,76,52,0,0,8.8,21.8,5.6,20,6.8
30.4,28.1,33.6,26,1005.1,78,34,0,0,10.5,25.31,6.1,30,8.9
30.8,28.7,33.6,25.6,1003,75,16,0,0,10.9,24.35,6.8,250,19.1
30.2,25.9,34.6,25.7,1001,78,39,5.9,0,10.6,23.72,6.5,260,22.7
29.7,26.1,32.8,25.6,1001.4,79,47,10.7,0,10.7,24.56,0,230,16.3
29.3,26.1,32.3,25.7,1001.9,82,60,39.3,0,9.7,22.76,4.5,230,13.3
30.2,27.2,32.7,26.4,1002.4,81,72,12,0,6.9,20.91,4.6,230,12.1
29.2,27.3,30.7,26.6,1003.4,86,73,21.1,0,2,10.69,5.9,50,10.2
28.1,26.1,31.1,25.7,1003.6,87,83,36.5,0,3.2,11.03,3.2,220,12.9
29,26.7,31,26.1,1003.3,85,87,14.5,0,5,16.25,4.1,240,21.8
29.9,28.1,32.3,25.4,1003,78,57,0,0,11,25.54,6.6,240,20.4
30.1,28.8,32,25.5,1004.4,77,72,0,0,7.7,21.02,5.8,230,25.9
29.8,27.5,32.4,25.5,1004.7,78,74,5.1,0,7.3,20.61,6.2,240,27.2
29.9,28.5,32.1,26.1,1003.3,80,78,0,0,6.1,19.19,5,240,22.1
28.9,25.2,31.9,26,1002.1,85,88,102.9,0,3.4,13.84,0,230,23.3
26,24.3,28.8,25.3,1003.5,96,93,166.1,0,0,1.03,0,220,16.2
28.1,25.4,30.7,25.4,1008,85,79,0.5,0,3.3,11.68,2.8,230,18.9
29.2,26.7,32.4,24.8,1010.1,78,53,0,0,10.9,26.71,6.5,230,13.7
29.3,27.9,31.9,25.1,1008.6,79,65,0,0,9,22.39,7.1,250,23.1
29.3,27.3,31.9,25,1007.3,78,49,0,0,11.2,26.32,3.8,240,20.4
29.6,27.7,32.4,24.9,1008.2,76,76,0,0,10.7,25.03,6.1,230,22.8
27.4,24.6,31.3,24.7,1008.7,86,93,42.1,0,2,12.58,0,240,26.9
24.7,22.9,26.5,23.9,1010.4,95,88,88.8,0,0,4.71,3.4,30,6
26.9,23.9,30.7,24.3,1010.7,86,68,0.1,0,5.4,16.81,3.2,170,8.1
28.5,26.6,31.9,24.9,1010.6,81,61,0,0,4.9,12.87,3.1,160,6.9
29.1,27.2,32.2,24.9,1009.8,78,51,0,0,6.3,17.28,3.6,200,8
29.1,26.9,33.2,24.4,1009.7,76,40,0,0,9.2,21.52,4.9,140,8.6
29.9,27.3,34.1,25.2,1010.1,77,40,0,0,11.2,27,6,120,11
30.1,27.9,34.2,25.4,1010.6,76,40,0,0,10.3,25.94,7.4,60,18.2
29.4,28.2,31.7,25,1010.1,78,77,0.7,0,2.7,13.01,4.2,70,37.3
29.5,28.1,32.1,25.8,1012.1,81,79,0.3,0,5.7,18.13,4.6,120,22.4
30.1,27.5,34.1,25.1,1012.5,75,53,0,0,10.9,25.05,5.7,60,14.5
30.1,27.8,34,25,1011.1,75,60,0,0,11,25.63,7.1,60,16.9
29.1,28.2,31.2,25.8,1009.7,83,84,1.6,0,3.7,12.36,3.5,110,20.3
29.5,27.1,32.7,25.6,1010.5,80,57,2.2,0,9.2,23.12,6,140,11.6
29.4,27.4,32.2,24.4,1010.8,75,36,0,0,9.1,20.03,5.5,230,7.6
29.8,27.6,32.8,24.6,1009.3,75,33,0,0,10.9,23.81,6.2,260,20.7
29.2,27.4,31.6,24.8,1006.9,77,51,6.7,3,5.8,12.57,3.3,80,10.4
29.7,27.9,32.7,25.7,1007.2,80,65,0,0,7.1,20.99,5.1,80,21.2
29.9,27.7,33.6,25,1007.7,75,52,0,0,10.7,22.58,6,100,18
29.8,28.3,32.9,25.6,1007.5,79,79,0.6,0,4.6,17.02,3.9,70,33
29.1,27.5,31,25.9,1007,83,86,3,0,1.8,11.44,3.4,180,18.3
29.7,28,32.5,25,1007.9,76,52,0,0,9.7,21.41,4.7,220,10.4
30,28.1,33.9,24.9,1008.1,75,59,0,0,8.3,18.05,3.5,180,8.3
30.3,28.1,34.1,25.3,1008,75,73,0,0,8.7,21.74,7.1,90,14.7
28,26.1,31.6,25.8,1006.3,88,86,32.1,0,2,10.36,1.5,70,32.8
29,26.9,32.1,26.1,1006,85,65,6.2,0,8.9,22.01,4.9,170,18.9
29.8,27.6,33.4,25.8,1006.1,80,46,0.5,0,9.8,22.79,6.4,80,14.6
29.2,26.4,33.2,25.1,1001.8,79,75,17.6,0,5.8,15.97,0,70,41.2
27.3,26.2,28.8,25.2,1003.6,89,87,51.6,0,0.1,5.71,2.2,150,58.6
28.1,26.6,30.5,25.9,1011.2,88,85,7.7,0,1.3,6.84,1.7,150,32.7
29.1,26.9,32.5,25.1,1012,79,32,0,0,10.7,23.04,5.1,180,9.3
29.9,27.4,32.2,25.3,1006.8,77,35,0.3,7,6,13.44,6,310,12.8
29.2,26.7,33,22.1,1004,66,63,0,0,9.1,20.79,5.5,30,26.9
27.2,25.7,29.9,20.2,1005.3,66,71,0,0,2.6,9.61,4.4,20,22.8
27.2,25.2,29.6,20.8,1007.1,68,64,0,0,7,13.06,4.2,30,13.6
27.5,25.6,30.1,22.1,1008.6,72,47,0,0,5,11.87,3,30,9
28.1,26.4,29.9,23.3,1011,76,69,0,12,4,8.36,1.9,350,5.5
28.5,26.8,31.2,23.8,1012.1,76,53,0,6,3.5,8.77,2.8,200,7.8
28.4,27.2,31.4,23.8,1012.5,77,61,0.7,0,4.2,11.72,4.1,350,7.5
28.7,27,31.7,24.2,1013,77,30,0,0,10.7,22.23,3.3,170,8.1
29.1,26.7,32.8,24.1,1012.2,75,28,0,0,10.3,20.99,6.4,150,5.7
29.3,27.2,32.4,23.9,1011.4,73,29,0,0,9.2,19.74,5.2,230,8.3
29.6,27.1,33.6,25.3,1011.1,78,43,11.4,6,6.9,14.65,6.4,310,11.3
28.1,25.2,31.4,24.8,1012.2,83,79,26.7,1,8.8,19.27,4.5,90,22.5
28.5,26.6,30.8,24.6,1010.5,79,66,0,6,4.7,15.56,3.9,240,10.5
27.5,25.2,30,25,1009.4,86,75,23.7,8,4.2,9.55,5.1,110,12.5
26.5,24.9,28.9,23.6,1010.9,84,78,2.6,0,2,8.67,2,120,21.4
27.1,25.4,30.7,21.7,1012.9,73,47,0.1,4,9.2,18.82,5.3,100,23.1
26.8,24.5,29.8,19.1,1015.1,64,48,0,0,10.6,21.37,5.4,90,29.6
26.3,24.4,28.9,18.9,1014.6,64,26,0,0,10.3,21.09,5.7,100,29
26,23.9,29.1,18.3,1012.9,63,30,0,0,10.3,19.95,6.3,90,21.5
26.5,25,29.2,18.8,1010.8,63,55,0,0,5.3,14.68,4,30,12.2
27.1,24.2,30.3,18.2,1010.1,59,43,0,0,6.8,16.97,6.1,30,18.1
27.9,25.1,31.4,19,1010.9,59,26,0,0,10.1,19.93,5.2,30,15.6
27.6,25,30.9,17.7,1013.5,56,15,0,0,10.5,20.35,8.6,30,20.5
26.3,23.8,29.9,16.1,1016.2,54,29,0,0,9.4,19.91,5.8,30,28.1
25.5,23,28.7,16.9,1017.6,60,49,0,15,8,16.67,4.6,30,23.9
25.3,22.8,28.4,18.8,1017.3,68,36,0,24,9.7,19.21,5.3,110,22.2
25.4,23.9,27.6,18.6,1017.9,67,41,0,13,8.8,17.71,6.1,100,35
25,23.4,28,18.2,1017.5,66,26,0,0,10,19.87,5.7,100,33
25.4,23.1,28.3,19.4,1016.3,70,33,0,0,10.4,20.77,5.1,100,30.3
25.8,24.5,28.5,20.6,1015.8,74,46,0,0,7,16.77,3.7,100,29.5
26.5,25,29.4,22,1015,77,50,0,0,8.3,18.08,4.2,100,20.1
27.3,24.6,30.4,21,1015.2,70,61,0,4,6.7,15.43,4.2,50,4.8
27.3,23.4,30.6,20.9,1015.2,69,58,56.4,2,8.1,16.95,5.3,40,21.7
24.8,23.9,25.7,21.3,1016.2,81,86,0.2,0,0,4.6,2.3,100,34.8
24.8,24.2,26,20.6,1016.3,78,81,0,0,1.1,5.54,2.6,100,28.8
25,24.1,26,21.1,1016.6,79,80,0,0,1.3,9.24,2.5,90,27
25.8,24.4,28.3,21.8,1016.8,79,88,0.1,3,4,13.66,3.6,90,20.8
26.1,24.4,28.7,21.7,1016.4,77,60,0,1,8.2,18.69,6.4,100,29.1
25.1,23.7,26.8,19.1,1016.8,70,71,0,0,6.7,16.04,4.8,100,48.5
25.2,23.9,27.7,20.3,1017,75,72,0,0,7.5,16.22,4.4,100,33.4
25.5,24.5,27.5,21.5,1015.8,79,55,0,0,7.3,16.7,4.6,100,28.6
25.6,24.3,28.1,21.7,1014.1,79,54,0,0,7.6,17.01,3.1,100,16.1
25.6,23.9,28.6,21.8,1013,79,19,0,0,10.1,17.59,3.8,110,7
25.3,22.9,27.4,19.6,1015.2,71,56,0,4,5.6,12.87,6.1,30,31.2
21.7,21,22.9,15.3,1017.4,67,88,0,2,0,3.44,2.1,30,27.8
22.8,21.9,23.5,18,1017.5,75,88,0,6,0,3.86,1.5,100,26.2
23.9,23,25.2,19.6,1017.4,77,83,0,0,1.3,9.16,2.9,100,22.8
24.1,22.7,26.5,20.7,1017,82,79,0.1,7,3.8,8.36,1.1,110,15.9
22.9,22.1,24,21.1,1017.1,90,88,11.8,0,0,2.52,0.3,100,40.3
20.5,19.3,22.1,19.4,1017.9,94,88,18,0,0,1.36,1,30,33
22.2,20.2,23.9,18.8,1018.3,81,84,0,1,2.6,12.13,3.1,100,26.9
23.3,22.6,24.7,19.4,1017.3,79,64,0,10,6,14.02,3.5,100,30
23.6,22.8,25,20.1,1016.6,81,86,0,14,1.3,8.58,2.1,90,24.9
22.6,20,24.3,19,1017.4,81,88,0,3,0.7,8.45,3.1,40,22.8
19.8,18.6,21.3,15.8,1020.2,78,88,0,4,0.1,3.99,2.1,30,29.5
20.9,18.9,23,16.3,1019.9,75,72,0,12,3.4,10.53,1.8,70,27.9
21.9,20,24.1,17.1,1019.7,74,28,0.4,0,10.1,17.89,3.4,90,35.8
22.6,20.3,25.8,17.3,1017.8,73,24,0,1,9.8,16.26,4.1,80,15.1
21.1,19.2,24.3,14.2,1019.3,65,19,0,0,9.8,16.75,5,30,31.4
20.7,18.1,23.5,13.7,1021.5,65,59,0,14,7.8,14.52,4.5,30,27.7
21.2,19.1,23.7,15.2,1020.7,69,45,0,12,7.6,14.2,3.1,90,26.1
21.5,20.2,23.4,16.4,1018.4,73,40,0,0,9.7,17.04,3.7,100,30.6
22.1,20.5,24.5,17.4,1017,75,45,0,0,9.8,17.25,3,90,23.5
22.4,20.7,24.6,18.7,1016.5,80,40,0,0,9.8,17.4,2.5,100,23.3
22.8,21.8,24.9,19.1,1016.8,80,43,0,0,7,15.08,4.6,90,27
23.4,21.6,25.7,19.1,1015.4,77,38,0,0,7.2,14.58,2.9,80,19.1
24,21.9,26.9,20.2,1013.4,80,37,0,1,9,15.19,3.4,40,6.9
23.4,22.5,24.8,19.7,1013.6,80,73,0,10,4.7,11.16,3.5,100,22.2
22.2,21.4,23,19.2,1015.2,83,89,0.4,0,0.1,3.76,1.1,90,30.6
23.3,21.9,25,20.2,1014.7,83,81,0,2,2.8,10.51,2.6,90,21.5
23.5,23.1,24.2,21.2,1013.4,87,88,0.2,1,0.1,3.97,1.9,100,26.7
24,22.9,26,22.4,1012.9,91,86,0.2,4,1.2,6.87,1.9,90,17.9
19.7,15.5,23.9,15.7,1016.3,78,88,3.1,0,0,2.31,2,30,37.3
16.4,14.5,17.6,13.9,1019.5,86,88,4.5,10,0,2.47,0.6,70,35
18.3,16.7,19.3,16,1017.4,86,88,1.7,13,0,2.47,1.8,90,35.9
14.8,13.5,18.7,11.3,1020.9,80,94,5.4,0,0,4.42,1.7,30,42.4
15.1,12.9,16.8,8.5,1022.3,65,83,0.5,0,0.5,6.9,2,40,26.8
17.6,15.9,18.8,11.9,1020.1,69,85,0,0,2.3,9.93,3,90,40.1
17.8,17,18.7,11.7,1019.3,68,88,0.1,0,0,4.08,1.8,90,34.4
18.3,15.7,20.7,12.8,1020.5,70,73,0.1,9,5.3,12.97,2.5,30,30.5
19.4,17.6,20.8,13.7,1021.5,70,51,0,0,9.3,15.62,2.9,80,38.7
19.6,17.9,21,15.6,1019.5,78,88,2.1,11,0,4.86,2.4,50,21.7
19.5,17.7,21.5,12,1019.6,62,89,0,12,0.5,8.78,4.3,20,26.2
15.5,14.4,17.7,5.8,1024.2,53,85,0,2,1.7,9.74,4,10,39.3
14.6,12.1,17.6,4.8,1025.6,52,41,0,0,9.5,15.73,3.9,20,25.8
16,13.3,18.9,8.6,1023.5,62,29,0,0,9.5,15.59,3.6,80,25.7
18.6,17,20.1,12,1020.9,66,84,0,4,0.1,5.28,2.9,50,22
16.8,13.9,19,4.7,1024.6,46,43,0,5,8.5,14.62,6.7,20,44.5
13.3,10.8,15.2,4.3,1027.1,29,21,0,0,9.3,16.85,5.7,20,39.8
14,11.9,15.8,2.5,1026.4,47,80,0.1,0,0.3,6.68,3.9,30,27.8
13,10.7,14.7,10.3,1024,84,90,14.3,1,0,2.87,1.3,20,29.3
14.7,10.8,17.7,8.2,1020.8,66,39,0.2,0,9.3,16.79,2.7,20,26.6
16.3,13.5,18.8,7.3,1023.2,57,33,0,0,8.1,14.96,5.1,20,36.2
13.6,10.9,15.5,3.8,1024.3,52,44,0,0,9.1,15.3,5.1,60,31.4
15.4,14.5,16.3,9.3,1021.7,67,90,0,8,0.1,3.67,1.2,30,25.8
18.7,15.8,21.4,13.6,1021.4,73,88,0,17,1.2,9.18,0.8,20,17.8
16.9,15.3,19.1,12.8,1020.8,78,94,6.7,0,0,4.13,1.3,60,39.9
16.2,15,17,14.1,1020.7,88,100,2.2,1,0,3.15,0.1,70,42.2
16.6,15.3,17.7,13.5,1021.6,82,95,0.5,3,0,2.99,3,60,30.2
14.5,12.3,16.1,11.5,1022.6,83,72,3.2,2,2.3,8.17,1.5,10,26.1
14,11,17.9,6.3,1020.6,61,10,0,8,9.4,17.51,2.4,20,21.3
14.9,12.8,18.4,8.1,1019.8,65,9,0,2,9.5,17.6,2.6,20,14.3
16.4,13.2,20.4,9.9,1021.7,67,19,0,7,9.5,16.11,3,50,10.5
16,13.7,19.2,8.3,1024.5,61,16,0,2,9.5,16.59,3.5,80,24.6
15.2,13.1,17.1,10,1025,71,21,0,9,9.5,15.53,3.7,70,32.9
15.5,13.2,17.9,8.9,1022.3,65,2,0,0,9.6,16.42,1.5,70,30.5
17.3,15.2,19.6,13.2,1017,78,56,0,0,7.8,15.4,3.3,50,22.5
19,18.1,20.7,15.7,1014.5,81,88,0,0,0.6,8.15,1.9,40,18.7
20.2,18.2,23.9,17.4,1014.8,84,49,0,6,7.8,14.96,2.5,40,9.2
18.1,16.2,19.2,14.2,1019.7,79,70,0.1,4,0,3.55,3.2,20,21.4
15.7,13.6,18,9.7,1025.1,68,32,0,0,8.9,16.34,3.3,20,26.3
15.5,14.1,17.5,9.9,1025,70,34,0,20,8.4,15.22,2,60,25.1
16.3,13.9,19.2,9.9,1023.4,67,23,0,8,9.5,15.83,3,60,26.9
16.9,14.9,19.6,10.4,1022.3,66,79,0,7,3.1,9.86,3.5,50,28.9
14.1,12,17.1,11.2,1021.5,83,89,14.9,3,0,1.63,0.7,20,38.8
12.6,11.7,13.9,11.2,1020.9,91,82,25.8,0,0.1,3.16,1,10,23.1
13.7,10.3,17.5,6.9,1022,65,13,0,0,9.8,18.49,3.1,20,31.6
14.5,11.4,17.6,8.1,1022.7,66,20,0,5,9.8,18.06,1.9,30,21.5
16.7,14.5,20.2,10.6,1022.4,68,29,0,4,9.4,17,4,50,16.6
15.7,13.5,17.7,9.1,1024.1,65,14,0,5,9.6,17,1.7,80,30.6
16.2,13.9,19.2,8.9,1023.7,63,28,0,16,9,16.09,4,70,24.7
15.8,13,19.3,6,1022.4,54,15,0,5,8.8,17.07,4.3,20,26
15.9,14.2,18.5,9.7,1021.3,67,45,0,3,6.8,14.69,2.7,70,25.9
17.2,14.2,20.4,11.4,1020.9,70,37,0,22,5.6,10.9,1.3,30,6.5
17.4,15.3,20.7,5.9,1021.5,48,14,0,2,9.9,18.14,3.4,40,16.2
16.3,14.4,19.3,10.4,1020.6,68,31,0,0,9.9,17.7,3.1,50,23.5
17,15.8,18.5,12.7,1019.1,76,85,0.9,9,1.5,9.05,1,50,31.9
18.2,16.6,19.7,14.4,1018.9,79,81,0,5,1.5,9.9,2.3,40,19.4
18.6,16.6,21.5,15.5,1018.5,82,51,0,5,8.8,16.76,2.8,40,16.4
18.3,17.2,19.8,15.3,1017.9,82,71,0,6,4.4,10.88,3.1,60,25.5
16.9,16.1,18.5,12.8,1018.8,77,75,0,1,5.2,14.49,4.2,70,42.8
16.8,14.9,19.5,12.9,1019.6,78,23,0,0,10,18.09,2.4,50,23
16.8,15.5,19.6,13,1021.9,79,49,0,17,3.8,9.71,2,40,15
15.5,14.7,16.5,12.3,1025.6,81,83,0,8,0.2,4.81,1.5,50,29
15.3,14.2,17.2,11.3,1026.3,78,83,0,22,0.7,6.85,1.9,60,31.5
16.3,14.7,19.1,12.2,1025.4,77,53,0,14,8.6,17.33,3,60,29.1
17.1,15.5,19.8,13.6,1024.6,80,58,0,9,8.8,17.52,2.8,50,23.3
16.2,14.2,17.9,12.6,1023.5,80,80,0,17,0.3,3.84,2.5,70,19
14,12.5,16.5,6.9,1024.9,62,84,0,2,3,10.16,3.1,20,29
13.4,11,15.7,8,1024.5,70,88,0.3,18,1.4,7.63,1.7,50,21.9
16,14.4,18.4,10.9,1021.7,72,81,0,22,3.5,12.82,3.1,70,19.9
16.2,13.9,19.5,5.9,1023.2,51,67,0,8,8.9,17.34,4.3,20,27.8
14.9,13.7,17.2,9.1,1025.2,68,34,0,23,9.2,16.96,3.2,70,32
14.5,12.8,17.1,9.1,1022.2,70,26,0,2,9.1,16.55,3,70,23.3
16,13.6,18,10.4,1018.7,70,67,0,10,4.5,12.51,2.8,50,10.7
17.3,14.6,21.4,8.8,1018.2,59,49,0,16,9.7,18.13,4.3,50,12.8
17.5,14.4,21.5,7.4,1018.3,53,49,0,0,10.3,19.49,4.9,50,20.8
18.5,16.8,20.5,8.7,1016.9,53,62,0,0,4.9,13.69,2.5,50,27.4
18.9,18.1,19.8,16.3,1016.2,85,88,3.3,1,0,3.48,0.4,30,16.3
19.7,17.8,21.6,17.9,1016.5,90,68,0,6,1.6,8.24,1.1,40,4.4
19.2,18.2,21.6,16.7,1016.7,86,79,0,6,4.2,11.57,2.6,40,13.5
18.1,17.1,19.4,14.4,1019.1,79,86,0,13,1.4,8.18,2.7,50,29
17.2,16.4,17.9,13.3,1020.3,78,88,0,7,0.3,7.76,2.5,70,39.6
17.5,15.9,19.1,14.8,1018.3,84,88,0,1,0.3,9.65,1.8,50,31.7
19.3,17.6,21,17.6,1015.5,90,86,0.2,1,0,6.58,0.2,30,13.4
20.3,18.9,22,19.2,1016.1,93,90,15.6,1,0.2,5.71,2.7,40,13.7
18.6,17.9,19.1,17.7,1015.5,95,93,10.2,2,0.4,8.05,1.4,40,21.4
18.6,17.8,19.6,17.7,1014.8,94,88,0,3,0.2,8.1,1.9,40,19.8
19.6,18.9,20.5,18.8,1014.1,95,88,0.8,3,0.4,7.45,1.2,30,18.8
21.4,19.5,23.8,19.8,1014.2,91,71,0,1,5.4,13.13,2.4,40,13.1
19.4,17.9,21.5,18.3,1015.8,94,87,1.2,1,0,3.13,0.2,90,32.7
18.3,17.2,19.5,16.7,1017.3,90,89,0.4,0,0.2,8.3,2.2,50,27.2
18.9,17.6,20.4,14.1,1019.4,74,84,0,1,1.2,8.02,1.8,20,16.5
17.5,17.1,18.2,14.8,1016.4,84,92,0,2,0,4.88,1,70,32.5
19.3,17,22.5,17.1,1012.4,87,89,0.2,2,1.4,9.1,1.7,40,19.5
17.2,16.3,18.7,15.7,1015.1,91,92,0.2,0,0,2.97,0.2,60,31.8
16.2,15.7,16.6,15.4,1016.6,95,98,4.8,1,0,4.24,0.2,70,35.8
16.9,16.4,17.4,15.8,1017,94,96,0.1,2,0,4.16,0.1,50,29.4
17.4,16.6,18.4,15.9,1018,91,100,0.2,16,0,6.88,1.5,50,30.5
18.5,16.8,20.3,16.1,1017.9,86,91,0,0,2.4,13.59,1.9,40,24.3
21.1,18.1,25.1,17.8,1018.5,82,65,0,6,7.7,17.33,4.9,30,9.8
17.7,16.1,19.4,12.7,1022.1,73,75,0,1,4.1,13.38,3.6,80,45.2
16.2,15.5,17.6,13,1021.9,81,92,0.3,7,0.1,5.97,0.6,60,34.2
15.7,14.8,16.5,14,1020.6,89,92,3.7,0,0,3.39,1.6,30,22.3
17.2,15.8,18.3,12.9,1019.1,76,92,0,0,0,7.36,1.3,50,29.5
19.4,18,20.3,16.4,1018.4,83,91,0,0,0,5.44,1,40,22.5
20.9,19.6,22.5,19.7,1016.5,93,92,0,0,0.2,7.03,1.8,40,16.3
21.8,20.4,23.7,20.6,1015.7,93,91,0,0,0.8,11.38,2.1,40,13.6
22.1,20.7,24.6,20.7,1013,92,86,0,1,1.5,10.92,2.1,50,14.2
23,21,26,21.5,1011.6,91,86,0,0,0.8,7.8,1.8,40,8.9
24,22.3,26.4,22,1013.1,89,68,0,0,5.1,14.72,1.6,50,9.4
24,22.1,28.3,21.3,1015.3,86,39,0,0,8.1,17.48,4.5,40,7.6
22.9,21,25.5,20.3,1016.7,85,65,0,5,7.5,16.51,1.8,40,7.1
21,19.9,22.3,17.5,1017.9,81,85,0.1,2,0,7.18,4.1,70,32.3
20.9,19.2,24.5,13.8,1018.9,64,80,0,1,2.6,13.86,4.2,80,36.2
19.8,18.4,22.3,15.2,1022.5,75,86,0,10,5.4,16.15,4.5,80,41.8
18.2,17.7,19.1,14,1024.2,76,83,0,0,0,3.88,2.6,70,39.5
18.8,17.4,20.5,15.3,1024.2,80,88,4.2,3,0,6.95,1.9,70,27.4
20.3,17.9,23.7,18.2,1021.6,88,86,14.6,11,2.4,8.22,1.5,30,10.8
21.4,19.7,24.8,17.8,1018.4,81,46,0,0,6.5,19.55,3.2,50,14.6
22.4,20.1,26.7,18.7,1016.2,80,68,0,0,6.7,19.22,4.3,50,12.3
22.8,21.5,25.2,20.6,1014.9,87,84,0,1,3.8,14.51,3.1,50,14
23.3,21.9,25.6,21.6,1013.9,90,83,0,0,1.6,11.69,2.7,40,9.9
24.4,22.7,27.2,22.1,1012.2,87,80,0,0,1.5,12.16,3,150,10
25.6,23.6,28.5,22.5,1008.5,84,80,0,0,2.1,13.67,3.1,180,22
25.9,25,26.9,23,1007.6,84,82,0,0,0.5,6.1,2,170,21.4
26.5,25,29.4,23.3,1009.8,83,74,0,0,2.1,12.74,3,170,16.9
26,24,30.6,22.1,1011.3,80,38,0,0,10.4,25.32,5.3,50,10.7
26.5,23.8,29.8,22.7,1011.4,80,32,0,0,11.1,23.17,3.6,30,8.8
24.9,22,27.1,21.8,1013.7,83,81,0.1,0,4.6,13.31,6.9,70,25.9
18.9,16.4,22.1,14.8,1018.3,77,92,10,0,0,4.97,2.9,20,29.8
18,15.9,19.4,16.1,1017.8,89,94,1.3,2,0,3.66,0.7,30,26.8
18.2,16.6,20,16,1017.9,87,90,0.7,0,0,3.39,0.4,20,19.8
17.1,16.4,17.9,16.6,1019.1,97,100,52,0,0,3.06,0.2,30,26.5
19.3,16.5,22.4,15.9,1019.6,81,71,0.2,3,3.1,14.26,4.3,20,9.8
22.4,18.6,27.2,13.1,1018.7,57,9,0,1,11.1,25.44,4.7,10,12.6
21.5,18.1,26.6,8.3,1018.7,44,9,0,0,11.3,27.49,6.2,20,18
22.1,18.4,27.5,12.5,1016.1,56,15,0,0,11.5,26.91,5.5,180,7.4
22.7,19.6,26.1,16.7,1015,69,25,0,0,11.1,25.03,5.2,230,11.5
23.7,20.7,27.4,18.8,1012.4,75,52,0,0,11.2,25.85,5.3,140,11.9
25.3,23.2,27.2,22.7,1010.1,86,88,0,0,1.7,9.55,3,180,22.2
26.6,25.8,27.5,23.5,1008.6,83,88,0,0,0.2,4.7,2.1,200,25
26.3,23,28.6,23.4,1008,84,88,0.2,0,1.1,7.21,2.8,210,20.3
23.7,22.5,25.7,19.1,1012.7,75,81,0,1,0.4,10.76,3.3,20,20.1
23.3,21.7,26.7,18.6,1017.1,75,81,0,0,4.6,16.8,5.5,80,31.4
22.6,22.1,23.6,16,1018.4,66,88,0,0,0,5.57,2.5,70,29
24.4,21.6,29,18.5,1017.6,70,48,0,3,8.7,22.08,3.9,70,15
23.9,22.2,27.2,19.6,1017.1,77,52,0,6,4.6,16.97,3.3,70,20.6
24.1,22.2,27.9,19.5,1016.9,76,59,0,0,9.1,22.42,5.2,80,20.4
24.8,21.8,30.3,20.7,1014.3,79,27,0,0,10.6,23.35,4.8,50,13.3
25.4,23.1,28.9,21.3,1011.7,79,58,0,0,6.7,19.19,4.8,230,10.5
26.6,24.3,30.1,22.7,1011.1,80,66,0,0,9.8,23.23,4.3,220,16.3
27.5,24.9,31.9,23.1,1011,78,41,0,0,10.1,23.96,5.1,190,12.2
27.2,25.4,30.8,23.6,1010.3,81,76,0.5,0,5,14.74,3.5,120,15
27.6,26.4,29.8,23.7,1009.5,79,79,0,0,2.5,12.05,3,200,22.4
28.2,27,30.4,24.2,1009.7,79,81,0,0,5.2,17.54,6.1,210,19.5
28.1,26.9,30.7,24.2,1010.1,79,83,0,0,5.5,16.74,5.3,210,19.2
27.3,24.3,30.5,24,1008.9,82,86,3.9,0,1.6,10.11,2.7,200,22.9
26.8,24.2,28.9,24.3,1008.5,87,85,0.6,0,1.3,9.36,2.6,170,19.4
28,26.5,30.6,24.8,1009.7,83,81,0.3,0,3,11.62,3.3,180,15
28.2,27.1,30.2,24.4,1008.7,80,84,0,0,1.4,11.45,2.5,180,22.5
27.3,24.2,30.5,24.1,1008.5,83,81,7.3,0,2.1,11.27,3.2,210,21.1
26.3,24.3,28.8,24.5,1009.7,90,84,20.1,0,1.1,10.24,4.8,30,14.1
25.6,23.3,29.4,24.1,1010.3,91,85,51,0,1.9,12.6,0,110,19.4
25.7,22.6,29.5,20.9,1012.2,75,78,0,2,7.6,21.26,5.5,100,16.1
26.4,25.2,28.4,23.5,1012.2,84,85,0,0,4,17.18,3.4,100,19.3
28.5,26.4,31.9,24.3,1012.1,78,70,0,0,8.4,22.61,6.3,170,12.5
29.1,27.1,32.6,24.7,1011.4,78,73,0,0,6,18.61,4.3,200,13.8
26.7,24.6,28.6,24.5,1009.9,88,86,18.4,0,0.5,5.73,1,220,13.1
26.4,24.5,29.6,24,1008.3,87,86,5.7,0,1.4,9.17,2.3,230,17.2
28.2,26.1,29.3,24.7,1007.9,82,88,0.9,0,0.8,9.13,3.3,210,23
28.6,27.6,29.3,25.5,1006.9,83,88,1.2,0,0.4,5.34,2.8,210,32.4
27.9,25.2,30,25.8,1006.2,88,90,107.7,0,0.3,4.26,0,220,34.3
24.2,23.1,25.3,22.7,1008.4,92,93,12.6,0,0,5.28,1.9,70,41.6
23.6,22.9,24.3,22.2,1008.8,92,88,0.7,0,0,6.19,0,60,30.8
24.8,23.9,27.4,24.3,1006.2,97,96,169.4,0,0,1.5,0,210,18.8
26.6,24.6,29,25.5,1005.8,94,88,8.2,0,0.6,8.93,8.1,30,6
28.4,25.4,32.5,25.8,1006.6,86,78,29.4,0,5.9,19.01,0,210,8.3
26.9,24.6,28.7,25.9,1008.3,95,89,64.6,0,0,2.63,0.7,200,11.3
29.2,27.8,31,26.3,1007,84,86,0.2,0,3.3,14.06,3.6,200,24.4
30,28.3,31.9,26.2,1005.3,81,86,1.4,0,8.3,24.43,2.3,210,27.3
30.3,29.1,32.5,26.2,1006.5,79,83,0,0,4.8,15.43,5.5,210,23.5
29.6,26.1,32.5,26.1,1007.5,81,79,7,0,8,23.1,4.8,230,24
29.3,26.7,31.5,26.1,1007.3,83,86,1.9,0,2.6,13.03,5.4,220,15.4
29.3,28.4,31.2,26.2,1007.9,83,82,10.6,0,0.4,7.1,3.2,190,22.8
29.6,26.5,32.5,25.8,1009.3,81,81,5.4,0,4.2,15.39,3,190,22.9
29.9,28,33.2,25.1,1010.2,76,68,0,0,10.6,27,6.5,220,19.8
29.8,27.9,32.8,25.2,1008.9,76,59,0,0,11.1,27.52,6.3,230,19.9
29.2,27.8,31.4,25.2,1007.3,79,77,0,0,5,16.81,5.7,230,24.4
29.5,27.2,32.4,25.3,1007.7,78,78,0.8,0,5.9,19.36,2.9,210,10.8
29.8,28.1,32.1,25.4,1009,78,65,0,0,5.1,17.02,6.9,200,20.3
29.8,27.8,32.2,25.4,1008.1,77,73,1.6,0,7.5,21.48,6.8,200,20.9
29.9,28.4,31.5,25.5,1007.2,77,72,0,0,6.2,19.04,6.3,220,22.6
29.9,27.3,32,26.1,1007.3,80,83,8.1,0,3.8,13.57,4.3,210,22
30.3,27.9,32.7,26.1,1008.2,78,79,0.8,0,5.5,17.55,0,220,22.6
28.8,25.6,31.7,26,1008.5,85,79,96.8,0,6.7,19.1,6.3,210,15.2
29.9,28.5,32.3,25.5,1007.9,78,76,0.4,0,4.9,15.89,2.3,210,18
29.9,27.3,33,25.6,1008.3,78,77,1.5,0,4.9,17.75,5.6,200,18.4
30.2,26.7,34,25.6,1009.4,77,48,5.2,0,6.6,18.81,5.3,200,10.6
30.1,28.1,33.4,25.3,1008.2,76,39,0,0,9.9,24.53,6.6,220,11.1
30.2,28.5,33,25.4,1006,76,40,0,0,11.5,27.74,7.8,230,22.5
30.7,28.5,34.2,25.2,1005.3,73,52,0,0,11.7,27.68,8.1,230,20.9
30.8,28.6,34.2,25.2,1006.1,73,40,0,0,10.5,26.75,7.1,230,14.5
30.9,29.2,34.1,26.1,1006.5,76,56,0,0,10,25.6,5.3,130,13.6
28.5,26.3,31.9,26.7,1005.1,90,80,51,0,3.4,14.42,0,110,26
27.9,26.7,30,26.6,1003.2,93,87,18.1,0,1.5,10.23,0,130,25.6
27.3,26,29.1,26.1,1003.9,93,88,51.3,0,0.3,7.91,0.8,160,24.6
28.3,26.1,30.7,26.2,1005.3,89,86,9.7,0,0.4,10.12,1.9,170,17.4
28.3,26.9,29.7,26.3,1005.8,89,88,28.5,0,0.9,6.74,2.1,200,24.4
29.5,27.1,32.3,26,1006.1,82,68,10.4,0,6.8,19.68,3.3,220,24.4
30.4,29.1,32.5,26.1,1008.3,78,53,0,0,8.8,20.93,7.6,200,21.9
30.4,27.4,33.6,25.7,1009.5,76,64,1.9,0,10.8,25.32,6.3,220,20.2
30.5,28.9,33.3,25.5,1007.9,75,54,0,0,10.3,23.89,7.7,220,24.1
30.4,29.1,32.5,25.8,1006,76,66,0,0,7.6,21.61,5.7,220,27.2
30.5,29.4,32.7,26.2,1004.2,78,78,0,0,9,23.73,7.8,220,28.2
30.6,29.5,32.6,26.2,1003.2,78,81,0,0,7.9,23.12,6.2,220,28
30.6,29.3,32.4,26.4,1002.8,79,80,0,0,6.5,18.21,6,210,19
30.5,28.7,33.8,25.9,1002.8,77,78,0,0,7.2,17.91,3,170,11.8
29.8,28.5,32.7,25.6,1003.1,79,69,0,0,11,27.02,8.1,40,10.7
29.2,27.9,30.7,24.1,1001.3,75,80,0,0,2.8,12.46,6.3,20,11
29.2,26.7,32.7,21.7,1000.4,64,69,0,0,7.2,20.64,8,10,23.5
28.8,26.6,31.8,21.3,1000.3,64,82,0,0,5,19.43,6.2,10,19.3
27.4,25,30.2,22.2,997.4,74,88,2,0,0.4,9.99,4.7,360,23.3
28.3,25.4,32.7,25,1000.2,83,82,24.3,0,7.3,20.6,5.9,90,20
29.9,27.1,32.9,24.5,1000.1,74,42,0,5,8.5,20.84,5.6,220,11.9
30.9,28.7,33.9,25.7,1001.1,75,43,0,3,9.5,21.96,8.3,220,14.3
30.8,29,34.4,25.8,1002.3,75,59,0,0,9.3,21.62,6.6,210,12.6
30.5,28.6,34.1,26.2,1002.1,78,67,0,0,4.8,14.51,4.6,180,9.6
30.3,28.4,33.5,26.4,1001.1,79,73,0,0,6.5,19.21,5.7,150,10.2
30.2,28,32.8,26.2,1000.5,79,87,0,0,5.2,14.34,4.8,220,10.4
28.9,26.4,32.9,25.3,1001.5,81,85,1.2,0,6.2,18.61,6.1,230,15.8
29.7,28.5,32.4,26.1,1001.6,81,81,0.2,0,5.3,16.43,4.8,60,17.7
29.7,28.2,33.5,24.8,1001.2,75,74,0,0,6.3,18.41,4.9,40,31.3
27.4,26.2,29,25.7,1001.4,91,92,46.2,0,0,3.08,0,60,32
26.7,25.2,27.9,24.3,1006.6,87,93,51.2,0,0,4.44,0,230,46.7
27,23.9,28.9,25.4,1008.4,91,93,191.3,0,0,1.63,0,220,26.5
27.9,24.9,29,25.5,1007.9,87,90,45,0,0.3,4.38,0.4,200,28.5
28.8,27.4,30.1,25.5,1006.9,83,88,5.7,0,1.8,8.19,3.1,200,37.1
28.5,27.3,29.8,25.4,1006.6,83,88,9.6,0,0.7,8.41,1.2,200,32.1
28.5,25.9,30.4,25.4,1009,83,85,24.9,0,1.3,10.37,2.8,200,31.9
29.1,27.7,31.6,25.3,1011.4,80,69,0.3,0,5.5,18,5.1,200,21.1
29.2,27.5,32.9,24.4,1012.1,76,53,0,0,9.3,24.28,6.6,200,11.8
27.9,25.8,31.6,24.7,1011.6,83,67,3.7,0,5.3,16.33,2.1,190,15.2
28.1,26.3,30.9,24.2,1011.1,80,72,0.6,0,3.4,14.87,5.8,190,14
28.5,26.1,31.8,24.3,1011,78,49,0,0,11.4,26.95,5.9,70,6.8
28.9,26.9,32.2,24.6,1011.2,78,69,0,0,10.7,24.94,6.4,20,11.8
28.9,26.8,32.3,24.5,1011.6,78,54,0,0,11.4,27.21,6.5,100,9.8
29.5,27.3,33.3,24.5,1010.6,75,38,0,0,10.3,26.46,5.3,20,5.5
29.4,26.8,33.3,24.1,1008.3,74,29,0,0,5.7,16.08,5.5,10,4.4
29.6,27.6,33.3,24.4,1006.1,74,27,0,0,10.8,26.58,7.5,220,8.7
30.1,27.8,33.1,24.2,1005.3,72,29,0,0,10.6,24.56,7.1,220,6.1
30.7,28.2,33.3,24.9,1003.4,72,40,0,3,10,20.82,7.7,290,10.9
32.4,30,36.3,24,998.5,62,55,0,1,10.8,23.58,8.1,290,17.2
31,26.9,34.7,24.8,998.5,71,80,11.6,0,10,23.29,6.5,220,26.4
28.1,25.1,30.6,25.2,1004.5,85,88,23.5,0,0.6,9.04,6.4,230,20.2
29.2,26.3,32.8,25.4,1007.3,81,77,16.8,0,6.5,20.23,5.2,220,13.9
30,27.8,33.7,25.8,1007.9,79,78,0,0,9.1,22.94,5.3,220,11.9
28,26.4,29.6,25.6,1007.9,87,84,27.5,0,0.1,5.79,3.3,230,22.9
26.9,25.6,28.8,25.1,1007.4,90,88,18.9,0,0.2,4.29,3.1,210,12.9
27,24.9,28.6,25,1008.5,89,88,24.6,0,0.3,3.3,0,220,14.2
29.2,26.9,31.2,26.5,1008.5,86,88,0.1,0,0.2,8.59,2.8,230,18.1
29.9,28.3,32.4,26.6,1008.2,83,81,0,0,8.4,23.23,3,230,20.5
30.2,28.4,33.8,25.8,1008,78,67,0,0,10.2,25.92,6.5,220,18.1
30.1,28.1,32.8,25.7,1007.7,77,59,0,0,10.4,25.7,7.1,230,16.6
29.1,26.8,31.2,26.1,1006.3,84,67,6.1,1,5,11.82,3.9,270,7
30,26.9,33.4,25.5,1002.2,77,70,0,1,7.7,19.97,6.8,350,13.6
30.2,28.4,32,24.4,1000.1,71,48,0,0,6.1,15.82,4.1,10,12
30.6,28,32.9,24.2,1000,69,30,3.4,1,7.6,19.01,4.4,220,11.7
30.7,28.3,33.2,24.3,1002.4,70,48,0,4,7.8,19.49,6.3,10,11
30.6,27.9,34.4,23.2,1005.5,65,22,0,1,9.1,18.8,3.4,10,10.7
28.9,27.8,31.7,25.3,1008.1,81,78,0.2,2,1.1,8.01,3.3,40,16.4
29,27,32.4,25,1008.1,79,75,0,0,6.7,19.39,5.1,200,12
28.3,26.9,31.2,24.4,1006.5,79,84,0,0,4.5,14.04,3.9,210,8.9
27.8,26.5,29.6,24.8,1006.2,84,87,0.9,0,3.1,9,2.3,230,11
26.6,25.8,27.9,25.2,1006.8,92,88,9.7,0,0,4.98,0.5,220,5.9
27.4,25.8,29,25,1007.4,87,88,0,0,0.9,9.78,2.9,40,5.7
27.4,25.7,28.9,25.4,1007.8,89,87,5.3,0,0.4,9.54,2.6,50,8.6
25.8,24.5,27.7,24.8,1010.9,94,88,39,0,0,2.27,1.5,100,16.5
27.6,25.8,29,25.8,1013,90,87,0.2,0,0.7,10.74,2.4,60,18.2
29.1,27,32.9,25.7,1013.1,82,60,0,0,8.7,22.09,4.8,80,9.8
29.3,27.2,31.9,24.8,1011.1,78,38,0,0,11,25.27,6.6,220,11.7
29.6,27.8,32.3,25.6,1008.1,79,43,0,0,9.7,23.75,6,240,24.9
28.3,26.7,29.6,25.9,1007.2,87,82,7.3,0,0.5,5.72,2.3,250,21.3
27.9,26.4,30.7,23.1,1009.4,75,60,0,0,8.3,20.18,6.6,60,29
28.2,26.5,31.2,23,1012,74,44,0,0,10.1,23.03,6.5,70,26.2
28.1,26.5,31.3,23.2,1012.7,75,47,0,0,7.9,20.86,6.1,60,24.7
28.1,26.8,31,23.7,1011.1,77,46,0,0,8.4,21.48,6.2,100,21.4
27.9,26.2,30.5,23.2,1011.5,76,66,0,0,6.7,18.07,6.3,90,22.6
28,25.8,31.2,21.4,1013,68,49,0,0,9.2,22.46,6.1,50,39.9
28,25.9,31.4,22.1,1012.2,71,46,0,0,9.3,23.14,7.7,60,41.3
28.6,26.5,31.9,23.1,1011.3,73,60,0,0,9,23.08,6.1,70,39.5
28.1,26.9,31,24.5,1011.9,81,86,1.5,0,2.1,13.9,2.3,70,32.2
28.2,27.1,30.6,24.2,1014.6,79,72,0,0,7.1,19.8,5.6,70,27.4
28.5,26.8,31.8,24,1015,77,47,0,0,8.6,20.72,4.3,70,14.5
28.3,26.8,30.6,24.3,1012.2,79,67,0,0,3.8,11.39,3,180,8.1
28.7,27.1,31.1,24.5,1009.3,78,74,0,0,7.7,18.12,6,200,14.5
27.4,25.5,28.7,23.8,1008.6,81,88,16.9,0,0.4,7.96,1.6,190,11.9
28.1,26.3,31,25.5,1009.9,86,67,2.9,0,8.8,20.78,4.9,110,14.8
28.9,27.3,32,25.3,1009.1,81,40,0,0,6.8,14.15,3.9,110,10.2
29.3,27.4,32,24.7,1006.7,77,23,0,0,11.1,23.76,6.2,230,17.3
29.7,28.1,32.2,25.3,1004.9,78,38,0,0,11,23.62,3.5,230,20.5
28.7,26.9,32.2,26.3,1006.7,87,71,10.2,3,4.7,11.85,3.9,90,14
27.8,26.5,30.2,25,1008.2,85,81,4.6,0,2.5,9.87,5.6,90,15.1
29,25.8,32.8,20.6,1006.7,61,30,0,0,11.1,21.98,6.2,10,16.4
29.7,27.4,31.3,20,1005.6,56,53,0,0,10.4,20.82,5.5,290,15.5
29.8,28.2,32.7,24.8,1011,75,78,0,0,8.5,19.6,3.6,140,12.7
28.8,26.4,31.7,25.3,1013,81,84,0.3,1,2.9,11.49,5,30,7.9
27.9,26.5,31.6,23.1,1012.4,76,82,7,0,4.2,13.01,2.4,10,30.6
26.8,24.2,29.7,23.7,1011.7,83,88,46.4,1,1.6,10.88,0,60,52.8
26.7,24.9,27.8,25.2,1013.2,92,95,38.1,0,0,2.76,0.4,120,50.7
26.7,25.4,27.8,25.4,1015.2,93,88,15.6,0,0.9,5.39,1,100,37
26,25.3,26.8,25.4,1014.1,97,86,50.7,0,0.4,3.56,2,100,30.4
26.4,25,27.6,25,1012.7,92,85,5.8,0,0.7,5.65,1.1,140,12.5
27.8,26.1,30,23.1,1010.5,76,54,0,3,10.6,20.77,6.9,300,13
26.8,24.8,29.4,20.9,1011.3,70,45,0,0,7.1,16.44,0,20,20.4
24.3,21.1,26.6,19.9,1013.7,77,85,1,0,0.6,6.93,2.4,20,30.2
20.5,18.5,22.1,16.6,1018,78,88,2,0,0,3,2.6,20,38.3
23.1,21,24.9,16.8,1019,67,88,0,0,0,7.75,3.5,50,28.2
25.1,23.3,27.8,19.1,1018.7,70,68,0,0,10.5,20.16,2.5,70,32.4
25,23.1,28.2,20.1,1017.4,75,51,0,0,7.4,17.48,4,70,24.1
25.2,23.1,28.7,20.7,1015.2,76,19,0,6,9.1,18.35,4.1,90,14.1
25.8,23.3,29.4,20.4,1013.8,73,20,0,12,10.5,19.99,6.2,30,10
26.2,23.6,30.8,19.5,1013.4,69,17,0,1,10.5,20.53,3,70,12.4
25.5,23.5,29.1,19.3,1012.5,70,43,0,0,9.7,19.14,5.3,60,8.9
25.3,23.1,28.2,16.7,1010.2,59,79,0,0,4.4,14.42,5.9,20,17.3
26.2,23.8,29.1,17.3,1008.3,58,78,0,0,7.5,16.77,4.8,10,17.2
26.4,24.3,29.2,19.3,1010.2,65,64,0,0,6.4,13.42,2.8,10,13.2
27,25.3,30.6,20.9,1012,70,48,0,1,7.8,14.49,3.5,120,9.2
27,24.8,30.7,21.6,1013,73,50,0,0,8.3,16.88,3.1,80,9.9
26.8,24.9,29.6,22.1,1015,76,61,0,0,8.2,16.85,6.9,80,19.7
25.9,25.4,26.6,21.7,1016.8,77,77,0.2,0,3,10.17,1.8,80,37.5
25.4,24.5,26.2,22.3,1016.8,83,81,0.7,0,0.8,6.47,1.7,80,28.9
26.5,24.3,30.1,22.1,1015.6,77,48,0,0,9.5,17.28,3.6,60,10.3
26.7,25.5,29.2,23.3,1017,82,46,0,1,9.5,18.07,5.2,110,15.8
26.4,25.5,28.4,22.9,1018.2,81,61,0,0,7,15.84,4.3,90,24.2
26.7,25.3,29.6,23.1,1017.8,81,53,0,0,8.4,18.18,4.3,100,16.5
25.6,24.4,27.2,21.6,1020.4,79,66,0.5,0,5.3,13.41,2.9,80,40.8
22.9,20.5,24.5,17.8,1020.9,73,61,0,0,4.3,12.03,4.4,20,29.6
22.6,19.7,26,16,1019.8,67,72,0,0,7.5,14.94,4.3,20,22.5
23.7,22.3,25.8,18.8,1019.5,74,82,0,0,2.4,11.97,4.5,70,33
24.7,23.1,26.6,20.4,1018.1,77,83,0,3,3,11.79,3.4,80,29.8
25.8,24.5,28.2,22,1016.1,80,82,0,0,6.5,16.33,4.4,70,28.3
25.5,24.7,26.3,22.4,1015.6,83,81,0,0,0.5,5.68,2,80,30.2
26.2,25.2,28.4,23.4,1016.3,85,87,0.3,0,3.4,11.96,3,80,24.8
26.5,25.5,28.7,23.6,1016.4,84,70,0,0,5.9,13.77,4.1,70,18
26.7,24.8,30.3,23.3,1015.8,82,58,0,0,7.7,16.24,4.4,50,12.8
24.9,24,25.9,21.4,1016.9,81,88,0.3,0,1.1,7.1,3,80,46.3
23.8,22.6,25.4,20.6,1017.7,82,85,1.1,0,2.6,8.53,4.2,80,43.8
23.9,23.6,24.2,21.1,1017.3,84,88,0.3,0,0,2.61,0.3,80,41.4
23.3,21,25.3,22.1,1015.2,92,86,10.4,0,0.3,4.43,0.2,80,29.7
24.3,22.3,26.9,21.2,1014.5,83,74,0,16,5.5,11.79,3.1,30,13.8
24.2,23.5,24.8,22.3,1015.2,89,84,6.5,1,0.1,2.7,0.3,80,35.8
24.8,23.6,25.9,23.5,1013.7,93,74,3.9,0,2.3,8.22,1.9,80,25.5
25.5,24.4,27.2,23.8,1013.9,90,51,0,0,7,15.77,3.6,80,17.2
26.1,24.1,29.1,23.2,1016,84,20,0,0,8.2,14.28,4.1,80,7.9
25.9,24.5,28.5,22.9,1017,84,58,0,0,5.9,15.44,3.8,70,22.1
24.8,24.4,25.9,21.6,1017.2,82,73,0,0,1.1,5.06,3.1,80,30.6
24.8,23.9,26,21.1,1017,80,83,0,0,0.4,7.82,1,70,40.4
25.4,24,27.6,21.3,1017.1,78,65,0,4,8.3,16.04,4.1,80,29.2
25.4,23.7,28.4,21.2,1016.7,78,47,0,1,7.7,14.27,3.6,90,19.6
24.5,23.3,26.6,19.8,1016.7,76,35,0,0,9.8,17.36,3.4,70,31.2
22.6,18.2,25.3,16.8,1017.7,70,44,0,1,6.9,14.17,5.6,20,28.6
18.2,15.8,21.2,7.8,1020.6,52,46,0,0,3.5,10.82,4.8,20,34.3
18.4,15.3,20.4,9.7,1022.4,57,44,0,0,8.6,16.06,2.6,60,39.3
20.8,19.2,22.9,15,1022.5,70,49,0,0,8.6,16.22,3,70,34
22.1,20.3,24.1,17.4,1021.2,75,40,0,10,8.8,14.84,2.8,60,16
22.4,20.4,25.2,17.7,1018.9,75,56,0,18,6,12.45,2.8,100,15.7
22.9,22,25.1,19,1017.6,79,85,0,5,2,9.78,2.7,70,25
23.3,22.2,25,19.6,1017.1,80,69,0,1,6.3,13.26,3.4,70,15.9
20.8,19.6,22.3,16.5,1019.4,77,93,0,0,0,2.41,1.9,20,27.9
19.5,18.4,21,14.9,1021.1,75,88,0,0,0.6,8.6,1.2,50,37.9
18.4,15.7,20.3,15.8,1018.4,85,91,15.7,0,0.1,1.97,2.9,70,41.3
16.6,15.4,18.1,12.2,1021.3,76,91,1,0,0.1,6.42,2.6,10,28.4
17.3,15.4,19.3,12.1,1023.1,72,86,0,0,0.9,8.95,2.3,10,21.8
18,17,19,14.1,1022.2,78,90,0.7,0,0,2.76,1,30,28.5
17.7,16.9,18.9,16.8,1016.8,95,95,44.6,0,0,1.66,0.9,60,35.1
19.3,17.6,20.9,16.8,1015.5,86,80,0,7,5.1,11.86,1.2,20,10.2
19.9,17.9,23,15.5,1016.4,76,72,0,0,6.3,12.58,2.3,60,20.7
20,19.4,20.7,17.1,1016.2,83,88,0,3,0.2,4.31,0.6,70,39.5
20.4,19.7,21,17.8,1016.4,85,83,0,8,0,4.31,1.8,70,30.3
20.4,19.1,21.3,17.3,1016.6,82,84,0,2,0.4,5.42,2.1,50,20.3
18.4,16,20.4,12.6,1019,69,70,0,0,2.2,8.42,3.6,10,26.8
15.2,13.4,17.2,4.3,1022.5,49,11,0,8,9.3,15.54,6.7,10,48
13.2,11.5,15.2,0.4,1025.9,39,25,0,0,9.1,16.46,4,20,35.6
13.9,11.3,16.5,3.1,1026.4,48,11,0,0,9.5,16.39,2.5,40,25.2
16.2,13.8,18.2,8.7,1025.4,62,71,0,0,2.1,6,1.2,30,29
17.6,17,18.6,12.9,1022.5,75,88,0.7,4,0,2.39,1.8,40,19
19.4,17.1,21.1,16.2,1021.3,82,87,0,6,1.6,8.46,1.7,50,22.5
19.9,18.7,20.6,17.6,1020.3,87,88,0.6,0,0.3,5.33,1,60,27.3
21.1,19.8,22.3,19.6,1017.8,91,79,0,1,0,5.5,1.1,40,15
22.3,21.1,24.7,20.7,1016.8,91,70,0,0,6,13.4,2.7,40,9.4
18.2,16.1,21.4,13.5,1020.4,75,89,0.2,0,0.7,5.97,3,10,27.6
17.9,16.9,19.7,13.3,1020.6,74,87,0,7,0.6,6.14,2.5,30,21.6
17.7,16.9,18.8,15,1022.7,84,90,0.4,7,0,2.6,1.2,30,18.4
17.3,16.3,18.6,12.8,1026.6,75,85,0,0,1,5.75,1.6,20,25.9
17.7,16.4,18.9,13.3,1025.9,75,78,0,8,4.6,11.5,2.5,70,33.4
17.3,15.2,19.2,13.3,1025.3,78,86,0.4,15,1.2,8.82,2.6,20,20.9
17.8,15.5,20.5,13,1026.4,74,66,0,19,5.7,11.6,2.3,20,23.3
18.3,16.8,19.9,13.1,1025.9,72,49,0,12,9.3,15.24,3.1,80,26.3
18.9,17.2,21.7,15.6,1022,81,83,0.3,20,0.6,7.77,2,50,15.3
19.3,18,20.3,18.4,1019.7,95,91,5.6,3,0,4.39,0.6,40,14.2
20.6,19.1,22.3,18.8,1018.9,90,88,0,0,1,8.59,1.2,50,16.9
20.7,20.2,21.3,19.9,1015.9,95,81,46.7,1,0,2.23,0,40,13.7
20.9,19.2,24.3,18,1018.8,84,51,0,6,7.7,14.99,3.6,20,14.5
18.8,17,21.4,15,1021.8,79,56,0,0,3.4,9.65,3,30,21.5
18.4,16.5,21,14.4,1020.8,78,28,0,10,7.7,14.24,2.5,60,14.3
18.1,17.1,18.9,14.3,1020.6,78,79,0,1,3.3,9.68,0.6,70,39.3
18,17.2,18.5,15.5,1017.5,85,91,6.9,4,0,2.76,0.5,70,37.7
18.1,16.5,20.4,16.4,1016.5,90,90,30.7,0,2.1,8.52,1.3,40,23.3
17.3,16.1,18.5,13.7,1019.9,79,86,0,0,0.6,7.24,2.9,20,23.9
16.1,14.2,18.7,12.1,1020.8,77,34,0,3,9.1,16.14,3.4,30,24.4
16.5,15.6,17.5,12.9,1019.3,79,81,1.1,0,1.5,7.14,2.2,60,33.2
15.1,14.5,16.1,14.6,1015.4,97,97,38.8,0,0,1.42,0,50,37.5
16.4,15.5,17.1,15.6,1013.5,95,93,12.3,7,0,2.19,2.1,60,40
17.8,14.8,20.6,16.1,1011.5,90,79,24.6,4,1.6,6.49,2,20,23.4
15.2,11.9,17.8,11,1017.1,76,49,0,0,3.9,10.45,1.8,50,28.4
16.4,15.3,17.6,12.5,1020.1,78,84,0,3,1,6.45,1.4,60,38
15.5,14.8,16.8,13.9,1019.6,90,92,3.3,3,0,1.85,0.1,70,50.6
16.1,15.1,17.1,15.3,1017.7,95,100,0.1,0,0,2.45,0.2,50,26.2
14.1,10.3,16.2,12.9,1018.9,92,100,12.9,2,0,1.96,0.8,50,35.3
8.5,7,10.4,3.4,1027.1,70,95,0.5,0,0,3.2,0.2,20,55.5
4.9,3.1,7.1,2.2,1034.6,61,96,4,0,0,2.93,1.5,20,59.5
7.4,4.3,10.8,3.7,1032.6,46,25,0,0,10.1,19.07,3.1,20,28.7
10.4,8.1,13.5,2.5,1027.1,59,85,0,0,0.4,5.83,0.2,20,21.3
13,9.8,15.3,11.6,1022.7,92,95,3.5,0,0.2,5.01,0.8,20,29.6
16.1,14.8,17.4,15.7,1018.2,98,100,42.5,0,0,2.45,0,60,28.8
16.6,15.9,17.4,15.9,1017.9,96,91,32.8,0,0.2,6.38,0,50,25
17.6,16.2,19.9,15.5,1020,88,80,0,6,3.3,10.61,2.9,50,21.2
15.7,15.3,16.2,13.4,1019.9,86,93,0.3,1,0.1,4.2,0.4,70,43.1
12.4,10.7,15.6,11.2,1022.2,93,96,11.3,0,0,2.39,1.2,20,31.9
10.4,9.4,11.2,6.8,1024.4,79,94,0,0,0,3.55,1.1,10,27.3
12.5,10.3,14.3,8.6,1023.6,77,88,0,1,0.3,8.48,1.7,40,21.3
15.2,13.3,18.8,10.9,1021.8,76,45,0,18,9.2,17.42,3,40,9.1
14.8,12.3,18.6,8.4,1021.2,66,18,0,5,10.1,19.06,5.9,20,24.4
13.6,11.2,17.4,0.3,1024.9,39,13,0,0,10.2,20.26,3.9,20,44.7
13.7,9.9,18.1,1.7,1026.1,36,2,0,0,10.2,21.46,6,20,20.5
14.8,11.6,19.6,4.3,1023.9,52,0,0,0,10.2,21.65,2.4,40,16.7
16.7,12.7,21.2,7.2,1020.8,54,29,0,0,10.2,20,4.7,40,17.2
16.6,15.3,17.3,9.8,1017.5,64,77,0.2,0,0.1,4.84,1.4,40,22
18.8,17.2,22.4,16.4,1014.9,86,80,0,8,2.4,11.52,2.1,40,15.8
19.2,17.6,21.6,18.5,1013.4,95,86,0.1,1,0.6,6.89,0.4,30,13.9
23.1,21.3,25.9,21.1,1012.5,89,76,0,0,3.5,10.58,1.5,200,10.2
21.7,17.4,24.6,18.1,1014.8,81,82,0,0,3.9,12.16,5.6,20,15.3
13.2,11.4,17.5,6.6,1024.3,64,88,0.3,0,0,3.9,2.5,20,33.5
12.8,10.9,15.1,6,1025.4,63,89,0,0,0.7,9.03,2.3,20,23.5
12.9,11.6,14.4,8.9,1024.1,77,91,1.7,0,0,2.9,0.5,20,19.2
13.7,11.7,15,11.8,1021.9,89,95,3.4,5,0,4.09,1.7,40,18.6
15.3,14.6,16.3,13.3,1020.3,88,94,4.4,7,0,1.54,0.8,40,22.2
16,12.5,20.1,9.6,1023.2,67,55,2.4,0,5.9,14.64,3.1,20,23.9
15,14.7,15.9,11,1022.2,77,82,0,11,0,3.33,1.4,70,44.7
16.1,14.6,17.6,14.7,1020.6,91,88,0.5,10,0.3,6.13,0.2,50,24.4
15.5,13.7,16.7,14.3,1022.3,92,88,0.5,1,0,2.59,1.7,20,19.3
13.7,12.3,15.5,10,1027.5,78,88,0,0,0,6.32,2.3,20,28
14.8,13.5,16.8,10.5,1028.9,76,87,0,0,0.1,6.58,1.2,20,20.4
15.2,14,17.6,11.6,1027.4,79,88,0,7,0.2,7.28,1.8,30,15.2
15.5,13.8,17.5,11.7,1024.7,79,79,0,5,5,15.89,3,20,9.1
16.6,13.3,20.9,11.5,1023.8,72,49,0,4,9.5,21.09,4,20,9.2
18.5,14.4,24.8,10.1,1024.4,61,19,0,7,10.7,23.04,5.3,40,16.9
16.5,14.6,19.7,11.5,1024.7,73,43,0,16,9.9,22.16,4.2,70,34.2
16.6,14.4,20.6,11.4,1023.8,72,32,0,2,10.6,23.18,4.2,60,27.1
18.7,15.4,23.8,14,1020.9,75,46,0,1,10,21.61,3.4,40,14.7
20.2,18.1,23.2,16.9,1018.1,82,71,0,1,3,12.93,3.8,40,15.4
20.8,19.2,23.1,16.9,1016.7,79,83,0,0,0.5,8.09,1.8,30,13.3
21.8,19.2,25.9,18,1015.8,79,72,0,0,7.6,17.17,3,220,6.6
19.7,18.9,21.3,18.2,1014.9,91,76,0.2,0,0,5.64,3,40,13.8
20.1,18.9,21.5,18.9,1012.5,93,88,0,4,0.3,6.48,1.6,40,15.3
20.8,17.1,22.9,19.9,1012.5,95,88,15.5,0,0.6,6.37,0.5,50,15.1
13.4,10,17.2,12.2,1019.5,93,93,16.8,0,0,1.96,1.5,20,39.7
11.9,10,14.3,8,1022.6,77,93,0.1,0,0,5.82,2.5,20,25
13.6,12.7,14.5,11.4,1017.7,87,100,0.1,3,0,2.63,2.1,50,36
15.8,14.4,17,15.1,1014.5,96,99,6.8,1,0,2.97,0.3,50,22.8
15.3,14.2,16.5,12.4,1018,83,89,0.8,1,1.1,5.69,1.9,20,26.7
14.8,14,15.5,11.1,1017.1,79,94,0,4,0,2.61,1.4,70,38
15.3,14.1,16.3,13.6,1015,90,100,1.1,9,0,2.97,0.9,60,33.2
16.5,15.6,17.4,16,1014.3,97,97,2.2,4,0,4.4,1.2,50,26.5
19.5,17.2,21.9,19,1012,97,92,0,0,0.1,4.8,1.4,30,13.1
22.4,20.3,24.9,21.4,1013,94,85,0,1,1.5,9.35,0.8,40,12.5
19,17.6,23.1,17.4,1014.7,91,96,0.3,10,0,4.65,1.5,50,28
17.1,16.4,18.2,16.3,1014.8,95,95,59.6,0,0.1,3.68,0,60,38.3
16.6,15.9,17.3,16,1013.4,96,100,1.7,4,0,2.44,0.4,50,33.5
18.4,17.1,20.6,18,1012.8,97,95,8.7,0,0.6,3.9,0.7,40,22
15.3,12.7,17.7,14.9,1020.2,98,99,33.4,0,0,1.51,0.5,70,42
13.7,11.6,15.7,9.2,1023.9,75,88,1.4,0,0.2,7.06,0.7,20,19.4
15.8,12.6,20.2,9.8,1023.6,68,22,0,0,11.1,25.62,4.4,70,13.4
17.3,14.6,22.4,8.4,1024.1,58,19,0,0,11.1,24.95,4.2,30,14.6
16.9,15.2,19.9,10,1024.1,65,58,0,0,5.6,17.91,4.1,60,26.9
17.7,15.7,19.4,9.6,1021.4,59,74,0,0,2.4,11.71,3.4,50,20.5
20,18.4,22.2,16.3,1018.3,79,89,0,16,2.4,10.16,1.2,40,14.8
21.5,19.1,25.5,18.9,1015.3,86,83,0,11,6.1,16.57,3.4,50,4.5
21.9,19.9,25.3,19.5,1014.5,86,83,0,3,3.6,13.21,2.9,50,8.3
21.3,19.8,23.8,19.6,1015.6,90,81,0,0,1.5,9.82,1.6,40,14.5
23,21,26.5,20.7,1014.6,87,88,0,0,2.3,13.05,2.1,50,9.2
23.6,20.7,28.1,21.4,1012.5,88,84,4.3,0,2.2,11.74,2.1,120,8
22.3,20.7,24.4,20.8,1013.3,91,78,0,0,1,10.65,2.3,40,14.8
23.1,21.5,26.5,21.6,1013.3,91,83,0,0,6.9,18.81,3.4,70,20
23.9,22.4,26.9,22.3,1013.2,91,84,0,1,1.8,12.34,2.1,40,10
25.3,23.2,27.9,22.9,1013.3,87,84,0,1,2.5,12.66,2.9,40,9.1
25.7,24.4,27.5,23.2,1011.6,86,88,0,0,1.2,8.31,3.9,200,17.3
23.3,21.3,26.3,21.9,1009.2,92,93,22.1,0,0,2.73,1.4,190,20.5
21.5,20.1,22.8,19.9,1010.1,91,89,0.4,0,0,4.26,1.5,70,31.8
20.3,19.9,21.3,19.3,1009.1,94,88,11.4,0,0,2.69,0,70,29.8
21.8,20.9,25.1,21.6,1005.5,98,93,76.4,0,0,0.97,1.3,40,14.5
23.1,21.6,25.2,22.8,1008.5,98,88,0.7,0,0,1.5,0,30,11.2
21.1,20.6,23.5,20.6,1011.4,97,88,3.4,2,0,1.86,1.4,30,20
24.7,20.6,28.1,22.7,1010.5,89,81,0,0,3.5,12.61,2.1,210,15.3
25.9,24.1,27.5,24.2,1010.9,90,86,0,0,1.1,9.14,4.2,190,16
23.1,20.1,26.7,20.8,1014.4,87,81,23.7,1,1.2,8.85,2.8,80,19.6
20.5,20.1,21.8,18.1,1017.4,86,88,0,0,0,4.36,1.7,70,35.3
21.6,20.2,22.9,19.5,1014.6,88,89,0,1,0.2,9.26,1.4,40,20.8
24.6,22,28.4,22.3,1012.5,87,80,0,0,4.8,17.75,3,30,7.3
23.7,21,26.1,22,1010.7,90,81,8.3,0,1,7.96,1.7,300,11.1
24.9,22.6,27.7,22.8,1008.2,88,81,2.8,0,0.3,7.59,1.2,240,13
24.4,23.2,26.1,23.2,1008.7,93,84,41.4,0,1.4,6.85,3.2,190,8.5
26,23.9,28.4,24.3,1009.8,90,83,12.4,0,3.1,12.33,1.2,180,12.9
27.2,26,28.5,24.5,1009.5,86,87,0,0,1.3,9.17,2.6,200,24.1
26.8,25.4,29.1,24,1008.2,85,83,0.9,6,3.6,13.29,4.1,230,20.2
26,24.7,28.2,23,1010.4,84,78,1.7,0,4.6,12.34,3.4,50,12.5
24.1,22.9,26.3,19.6,1013.9,76,68,0,0,6,18.27,4.2,90,30.5
22.5,20.8,23.4,18.7,1012.2,80,89,1.5,1,0.3,7.39,1.8,60,27
22.2,20.4,23.4,20.9,1011.5,92,90,3.1,2,0.5,12.76,1.3,50,23.7
25.6,22.8,29.8,23.6,1011,89,82,0.3,2,2,12.24,4.2,50,11.1
26.5,22.8,30.8,23.9,1011.4,86,84,30.7,0,3.1,14.16,4.5,220,11.8
25.8,23.2,28.2,23.4,1011.4,87,82,0,0,2.7,13.32,1.5,40,9.2
28.1,26.2,30.9,25.1,1010.5,84,85,0,0,2,13.21,3.1,180,15.4
28.4,27.2,30.5,25.3,1009.9,83,84,0,0,2.9,14.04,1.2,190,15.5
28.7,27.1,31,25.1,1010.6,81,69,0,0,4.7,16.31,6.1,170,12.1
28.7,27.3,31.2,25.2,1011.4,82,80,0,0,3.8,16.11,2.8,150,9.5
28.7,26.9,30.6,25,1010.1,81,69,0,0,3.9,14.85,3.7,170,16.3
26.6,23.7,28.4,24.3,1008.1,87,84,60.3,0,0.3,2.74,0,220,12
25.5,23.4,28.8,20.6,1008.6,75,62,0,0,8.8,23.96,5.4,80,26
25.1,23.7,27.6,21.4,1009.8,80,78,0,3,5,19.2,4.7,70,28.6
25.5,24.4,27.8,22.2,1012.4,82,88,0,2,1.2,13.35,1.6,50,24.9
25.4,24,27.7,23.4,1014.2,89,86,4.7,1,2.8,9.13,4.8,70,28.3
26.6,24.4,29.8,23.7,1012.1,85,75,1,0,7.7,21.85,4.3,50,15.7
24.8,22.5,27.1,19.4,1011.2,73,69,0.3,0,7.2,18.54,5,10,21.9
23.7,23.2,24.6,20.1,1012.3,80,86,1.2,0,0.3,8.48,3.2,80,39.5
24.5,23.4,26.3,19.9,1012,76,79,0,0,4.8,19.7,3.7,70,30.3
25.5,24,28.1,22.5,1009.9,84,85,0,0,3.5,17.86,3.4,70,26.4
25.2,24.3,26.2,24.2,1006.9,94,88,16.1,0,0.1,4.28,0,40,22.3
26.5,24.7,28.3,24.3,1005.9,88,77,37.6,0,1.9,8.71,6,230,25.9
27.2,25.3,30.8,22.7,1007.8,77,63,0,0,5.6,17.33,0.3,20,11.3
26.8,24.8,28.9,23.2,1008.4,81,65,0,0,6.4,15.57,3.5,20,7.9
27.5,25.4,30.7,24.1,1007.9,82,61,0,0,7.6,18.81,3.7,180,7.4
28,26.2,30.9,24.7,1007.8,82,62,0,0,8.8,23.44,5.1,100,16.2
27.6,26.7,29.5,24.8,1007.6,85,84,0.1,0,1.8,10.39,2.5,70,34.8
27.5,26,29.1,25.5,1006.4,89,88,14.4,0,1.2,10.73,4,130,32.5
27.7,24.5,30.3,25.6,1007.6,89,89,62.9,0,1.2,6.53,0,200,24
29.1,27.2,31,26.1,1007.9,84,77,0.8,0,3.6,14.33,3.3,210,19
29.8,28,32.1,26,1008.8,80,73,0.1,0,9.8,25.14,6,220,22.8
29.9,28.7,31.8,25.7,1009.5,79,72,0,0,7,21.04,6.1,220,25.2
30.1,28.6,32.8,26.2,1007.8,80,73,0,1,7.2,22.64,5.1,230,31.7
30.3,28.7,33,26.3,1006,79,58,0,0,10,26.77,7.1,230,27.4
30.3,29,32.4,26.5,1006.5,80,77,0,0,5.2,18.63,3,220,28.8
28.7,24.7,33.8,25.4,1007.9,83,75,12.4,0,5.5,18.07,6.9,220,20.8
26.9,25,30.4,24.3,1008.8,86,87,7.6,0,0.7,11.06,0,20,9.8
26.2,24.8,29.1,24.7,1008.8,91,80,77.6,0,2.2,6.94,1.8,20,11.2
28.1,26.3,30.7,25.4,1008.1,86,75,0.4,0,5.7,17.09,2.9,20,9.5
27.1,24.1,30,25.1,1006.3,89,85,46.5,0,3.1,15.13,3.9,120,11.3
28.2,26.6,31.7,25.7,1005.7,86,79,0,0,6.5,20.19,3.1,120,13
27.9,26.6,31.1,25.8,1005.7,89,80,9.1,0,4.5,15.16,0,130,12.4
26.6,25.4,27.8,25.4,1005.9,93,85,85.5,0,0,1.88,0,230,20
27.1,25.4,29.2,25.8,1005.7,93,96,28.2,0,0,1.74,0.2,220,29.6
29.7,28.5,31.5,26.7,1005,84,90,0.1,0,1.3,11.78,3,220,24
30.2,29.2,31.7,26.6,1004.2,81,88,0,0,2.4,15.91,3.6,220,30
30.3,29.3,32,26.3,1005.3,79,86,0.6,0,1.6,11.69,3.5,210,29.5
29.4,28.2,31.4,25.9,1006.7,82,88,2.8,0,1.6,12.59,3.1,230,22.3
29.4,26.7,32.1,25.9,1008.2,82,85,2.5,0,7.2,19.66,4.2,220,12.8
29.3,27.7,30.8,26,1010.5,83,81,13.1,0,2.3,9.65,3.8,200,19.8
30.1,27.8,34.2,26.1,1010.3,80,41,0,0,12,28.18,6.1,130,12.4
30.8,28.6,34.4,26.3,1008.5,78,59,0,0,9.1,24.71,5.8,170,12
30.6,28.7,33.7,25.6,1009.3,75,51,0,0,10,23.49,5.9,200,12.4
30.5,28.5,33.7,25.3,1009.5,75,32,0,0,9.3,23.86,5.5,220,10.9
30.4,28.4,34.1,24.7,1008.4,72,20,0,0,11.4,27.73,6.4,210,9.6
31,28.8,35.2,25,1008.1,72,38,0,0,11.2,27.24,6,180,9
31.4,28.9,35.5,26.1,1008.9,74,39,0,0,10.6,25.31,7.1,150,9.1
31.3,29.4,35.1,26.3,1009.1,75,57,0,0,9.9,24.23,4.8,160,11.9
31.1,28.6,35.1,26.7,1007.5,78,61,1.7,0,8.6,24.14,6.3,60,15.6
29.1,26.3,32.3,26.3,1007.5,85,83,37.1,0,4.2,14.76,3.8,220,26.1
29,27.5,33.3,26.7,1010,87,79,20.4,0,3.9,16.3,4,160,23.4
30,27.8,33.1,26,1010.3,80,83,1.8,0,6.3,17.97,2.5,190,24.4
30.1,27.7,33,26,1008.9,79,78,3.4,0,5.3,17.72,4.6,190,21.9
29.4,26.9,32,26,1009.1,82,86,20.8,0,2.7,14.02,3.2,200,21.9
29.4,27.3,31.5,25.8,1008.7,82,84,2.7,0,1.8,11.12,2.4,190,25.1
30.1,28,33,25.9,1006.6,78,83,3.8,0,6.8,20.99,4.8,180,33
29,25.8,32.6,26.5,1007.5,87,88,9.8,0,5.4,18.68,1.9,120,22.8
27.3,24.7,28.8,26,1008.4,93,88,33.6,0,0.5,5.39,2.1,40,17.8
30.2,27.9,34,25.6,1005.9,77,53,0,0,10.5,23.57,5.4,60,13
31,28.1,34.2,25.9,1001,75,46,0,2,10.4,22.57,5.9,280,23.5
31.5,26.4,35.6,26.4,999,75,57,10.3,0,10,22.78,9,280,25
28.6,26.2,31.3,25,1000.3,81,88,1.7,0,2.5,12.74,5.6,240,18.8
28.9,26.1,31.1,26.1,1002.2,85,89,11.7,0,2.4,11.26,2.7,240,19.8
28.1,27,29,25.1,1003.8,84,88,0.1,0,0,6.58,1.8,230,16.3
28.6,25.6,31.7,26.1,1005,87,82,35.2,0,2.2,11.79,2.2,160,12.5
28.9,26.4,30.3,26.2,1006.8,86,83,10.2,0,0.2,6.14,2.2,230,14.3
30.2,28.6,33,26.4,1007,81,78,1,0,6.2,19.03,3.9,230,22.8
30.6,29,33.2,26.4,1008.1,79,69,0.3,0,8.5,23.85,6.6,240,25.1
30.6,29,33.2,26.2,1008.5,78,69,0,0,9.2,23.59,6.6,230,23.4
30.4,28.7,32.4,25.3,1007.5,74,72,0.6,0,10.1,24.07,6.3,230,23.7
29.9,26.7,32.3,25.8,1007.9,79,78,4.4,0,4.1,16.7,3.2,220,25.3
29.2,25.6,31.9,25.6,1009.8,82,70,16.8,0,6.4,20.06,2.4,220,22.7
30,27.5,33.3,25.3,1010.9,76,49,0.3,0,8.8,24,6.3,220,12.3
30,28.1,32.9,25.2,1010.3,76,29,0,0,11.4,27.42,7.1,240,14.7
30,28,32.8,25.4,1008.9,77,32,0,0,11.9,27.84,6,250,21.5
30.4,28,34,24.6,1008.4,72,21,0,0,12.1,27.72,7.9,240,16
30.8,28.3,35,25.5,1008.6,74,28,0,0,11,25.08,6.1,140,8.3
29.4,27,32,26.4,1008.3,84,57,8,0,7.4,22.06,4.9,60,17.5
30.2,28,33.4,25.3,1009.3,76,44,0,0,10.1,23.29,5.5,200,9.6
30.1,28.1,32.9,24.8,1009.7,74,29,0,0,11.8,27.42,7.8,240,13
30.3,27.6,33.7,24.9,1008.5,74,32,0,0,11.8,26.61,5.9,260,22.3
29.9,28.7,33.5,24.7,1006.6,74,49,0,0,6.3,15.47,4.5,270,16.1
30.1,27,33.9,24.9,1005.1,74,47,1.2,0,10.4,24.9,5.6,50,14.1
29.5,26.8,31.6,24.9,998.8,76,85,4.6,2,1.9,9.19,0,290,21.3
27.1,25.1,29.5,25,995.9,88,93,121,0,0.9,7.57,0.9,190,52.3
26.8,26.1,27.8,25.5,1006.3,93,86,17.3,0,0.2,6.95,3.2,120,14.3
26.9,26.1,28.6,26,1008.7,94,82,20.9,0,0.8,6.43,2.9,60,23.4
29.3,27,32.3,26,1008.3,83,58,0,0,8.5,22.66,4.6,50,11.1
30,27.4,33.2,25.4,1005,77,36,0,0,11.3,25.59,6.2,250,20.4
30.4,28.2,33.4,26.4,1002.8,80,61,0,0,9.7,23.29,5.2,250,22.3
30.5,28.6,33.4,26.3,1003,79,83,0,0,8.2,21.84,5.4,240,17.9
29.2,26.1,32.7,26.1,1001.8,83,83,33.5,0,4.5,10.16,0,260,10.9
26.7,24.7,29.3,25.1,1002.6,91,90,39.8,0,0.8,4.95,1.1,70,8
27.2,25.2,29.9,24.8,1003.2,87,85,42.1,0,3.1,8.3,0.9,240,9
28.1,26.9,29.4,25.5,1001.3,86,86,0.4,0,0.4,10.05,1.3,250,11
28.8,27.1,32.3,25.9,999.8,84,71,0,0,9,22.25,4.8,70,12
27.3,25.8,29.4,25.4,998.3,90,89,25.7,0,0.7,10.34,3.7,60,26.7
26.6,25.6,28.4,25.3,997.4,93,88,19.1,0,0.5,7.88,2.1,40,16.5
26.2,25.5,26.9,25.4,996,96,88,49.9,0,0,3.67,0.7,100,19.3
26.5,25.3,28,25.8,993.7,96,89,40.9,0,0.8,7.86,5.4,80,32.9
27,25.9,28.7,25.9,996.3,94,88,50.9,0,1.3,9.67,1.4,120,34.2
28.2,26.5,31.3,26.4,1003,90,84,10.5,0,5.2,19.58,3.5,70,19.9
29.2,27.4,32.4,26.8,1004.7,88,74,3.8,0,4.9,14.63,7.7,240,6.8
27.4,24.5,31.2,25,1003.2,87,58,39.9,0,5.2,14.51,4.8,230,12
29.3,27.3,33,25.8,1004.7,82,27,0,0,10,24.58,5.3,70,14.7
29.7,27.2,33.4,24.3,1004.8,74,19,0,0,10.6,23.03,5.2,90,5
30.1,27.9,33.5,25,1003.8,75,42,0,0,11,24.02,4.6,70,10.9
30.4,28.1,34.4,25.8,1004.2,77,34,0,0,10.7,23.68,6.4,60,11.7
30.4,28.1,33.6,24.7,1004.6,72,34,0,0,10.6,23.84,6.8,220,10.9
29.7,27,33.2,25.6,1006.4,79,74,3.5,1,6.2,15.55,4.4,80,8.3
27.6,25.4,31,24.1,1006.4,82,82,8.7,4,1.1,10.05,4.2,10,19.9
26.7,26.2,28,22,1007.2,76,87,0,0,0.9,6.53,2.1,50,27.1
28,26.1,31.2,21.8,1007.6,69,77,0,0,5,16.93,3.4,30,12
28.6,26.6,31.5,24.2,1006.3,78,84,0.2,0,4.5,17.15,6.4,210,8.8
27.9,25.2,30,25.6,1003.3,88,86,68.9,0,2.8,11.43,0.6,230,23.5
28.7,27.5,31,26.1,1002,86,88,6.1,0,0.5,6.83,2.3,230,19.7
28.1,25.7,31.2,25.7,1002.7,87,88,7,2,1.2,9.61,6.1,230,10.9
28.2,27,30.1,25.3,1005.2,84,88,0,2,3.1,16.03,3.4,70,28.1
27.1,25.8,29.2,25.1,1006.1,89,86,75.3,0,0.4,4.33,0,50,30
26.7,25.7,27.7,25,1006.7,90,86,10.8,0,0.7,6.22,0.9,50,7.3
26.5,25.4,28,24.8,1007.5,90,91,20.4,0,0,4,1.4,230,16.1
27.1,25.5,28.4,25.2,1008,90,84,2.8,0,0.2,7.45,1.5,230,8.8
27,25.5,29.4,24.8,1008.4,88,87,16.3,0,1.1,8.04,1.5,230,11.3
26.3,24.5,27.7,25.1,1007.8,93,87,53.2,0,0.1,3.89,0,50,11
28.1,25.9,31.6,25.6,1008.4,87,72,6.6,0,6.4,17.95,5.4,30,7.1
28.7,26,32.7,25.3,1010.2,83,49,0,0,10.5,24.14,4.4,30,15.2
28.2,26,30.9,25.2,1010.2,84,61,8.5,0,5,16.5,3.2,80,18.7
29.6,26.9,32.6,23,1004.5,69,59,0,1,9.7,21.04,6.9,340,17.3
29.4,28,31.9,22.8,1002.9,68,63,0.7,0,4.5,13.34,3.5,280,15
29,27.3,31.3,22.9,1004.9,70,44,0,0,7.3,17.21,4.3,10,15.3
29.3,27.3,31.6,22.2,1005.7,66,50,0,0,7.3,17.04,7.3,10,19.4
28.6,26.3,31.5,21.7,1006.9,66,47,0,0,5.9,14.05,3.8,10,12.7
28.6,25.5,32.6,23.1,1008,73,51,3.8,0,7.5,16.66,3.8,10,21.6
25.5,22.8,29.5,23.2,1012.1,87,85,39.6,3,3.6,12.32,2.7,350,32
27.1,24.7,30.6,22.6,1014.4,77,52,2.4,0,10.4,22.81,5.5,70,35.7
27.2,26.1,28.9,22.7,1013.6,76,87,0,0,3.8,13.16,4.4,70,34.9
27.7,26.5,29.9,23.5,1012,78,88,0,0,7.3,18.11,4.1,80,30.6
27.9,26.6,30.5,23.8,1010.5,78,66,0,0,7.9,19.97,3,80,27.6
28.1,26.9,30.5,24.3,1009.8,80,52,0,0,7.1,16.37,5.9,80,20.1
28.5,27,31.1,24.8,1007.7,81,69,0,10,7.3,16.77,3.7,230,15
31.1,27.7,34.9,24.1,1002.6,68,36,0,9,10.2,19.59,6.8,290,11.3
30.4,28.9,32.2,21.3,999.5,58,79,0,6,0.3,8.6,4.3,300,25.5
26.5,24.9,28.9,20.5,1003.9,70,88,0.7,0,1.1,7.4,2.9,10,18.2
25.1,24.1,26.4,21,1007.7,78,86,0,12,2.5,10.65,0,10,7.5
26.6,24,29.4,24.6,1009.9,89,75,95.5,12,5.8,16.05,0.6,90,16.2
27.6,26.2,29.8,24.3,1009,82,76,0,9,3,11.57,4.2,60,17.8
27.5,26.6,28.3,24.1,1007.8,82,84,0.2,0,1.2,8.37,2,50,28.5
27.5,26.5,29.5,24.4,1008.1,83,60,0,0,4.9,9.68,1.9,50,17.5
28.6,26.9,31.9,24.3,1008.9,78,68,0,0,5.7,16.61,4.4,70,18.7
28.5,25.9,32.4,23.5,1009.1,75,57,16.7,0,8.9,18.76,6.8,10,19.3
27.7,25.5,29.3,23.5,1007.1,79,86,17.3,0,3.8,11.82,3.1,10,23.6
28.1,27,29.9,22.4,1006.8,71,88,0,0,2.1,10.54,3.7,360,35.2
26.5,24.9,28.8,20.4,1008.9,69,86,0,0,4.7,15.92,6.1,10,33
25.3,23.5,28.1,19.4,1010.2,70,74,0,0,6.8,16.51,3.5,20,28
24.5,22,26.8,20.6,1010.7,79,88,0.1,0,0.7,9.51,3.2,10,29.8
24.6,23,25.8,21.6,1012.5,84,88,0.9,0,0.1,4.7,1.3,60,39.7
26,24.2,29.3,21.6,1013.5,77,72,0,0,6.5,17.41,4.7,80,39.5
26.7,25,29.9,21.9,1013.2,76,70,0,0,9,19.58,3.9,80,34.6
27.2,24.6,30.3,21.6,1012.6,72,63,0,0,7,15.64,4.5,50,20.3
28,25.9,30.8,22.1,1010.9,71,62,0,0,7.8,15.66,5,20,20.3
26.6,24.1,28.8,22.9,1009.1,81,89,16.7,0,2.2,7.73,0,70,43.5
24.8,23.9,25.5,24.2,1008.1,96,91,178.7,0,0,2.07,0,90,57.5
25.1,24.4,25.9,24.6,1008.7,96,94,223.4,0,0.1,2.27,0,100,36
27.3,24.7,29.5,23.8,1004.6,82,82,0,7,7.4,14.48,1.9,10,15.8
26.1,24.4,28,23.6,997.1,86,96,72.5,0,0,0.8,0,220,60.8
27.5,26.1,29.4,24.4,1007.8,84,77,1.9,0,5,12.47,0.5,220,18.2
27.1,25.8,29.1,24.9,1010,88,68,0,0,2.8,10.47,2.1,100,6
27.3,26.1,29.1,25.2,1011.3,88,74,0,0,4.1,12.9,1.9,120,13.8
27.3,26.1,29.8,24.8,1013.3,87,65,0,0,9.2,20,4.2,90,16.5
27.1,25.7,30,24.2,1015.6,84,47,0,0,8.5,17.55,3.2,70,17.1
27.5,25.4,30.9,23.5,1016,79,41,0,0,9.8,19.82,4.6,60,11.1
28.2,26.3,31.5,23.3,1014.9,75,54,0,0,10.3,20.33,3.3,20,8.6
26.7,24.3,29,22.7,1017.2,79,70,0.5,0,3.7,11.38,5.3,80,31.5
24.4,22.9,26.6,19.4,1019.8,74,85,0,0,3.6,12.46,4.1,20,32.3
25.5,23.1,28.7,19.7,1019.1,70,66,0,0,7.9,17.24,5.2,70,24
23.9,22.5,25.3,18,1019.7,69,76,0,0,5.2,10.62,4.7,20,31.2
22.8,21,24.8,16.6,1020.3,68,63,0,0,7.2,16.4,5.9,20,31
21.8,20.1,24.8,15,1019.3,66,54,0,0,7.5,16.4,5.9,10,28.2
22.4,19.6,25.3,16.1,1015.2,68,22,0,0,10.3,18.8,3,10,13.3
23.8,21.7,26.9,19.6,1013,77,56,0,0,7.5,17.66,2.9,100,13.4
24.2,22.4,26.9,20.4,1015.1,79,44,0,0,8,15.7,3.4,80,19.5
25.3,23.4,28.4,21.8,1016.6,81,52,0,0,10.1,17.95,3.3,70,21.6
24.6,22.1,28.1,20.9,1017.4,80,61,4.8,2,3.7,8.79,2.8,70,19.5
20.7,19,22.1,17.3,1019.5,81,88,1.3,0,0,2.78,2.3,20,33
17.7,17,19,14.6,1020.1,82,88,1.9,0,0,4.55,0.8,10,28.5
20,17.1,22.3,16.5,1018.8,80,92,0,6,0.1,7.37,0.2,20,20.6
23.3,21.6,25.1,20.4,1017.9,84,78,0.2,4,4.1,12.35,4,70,27.4
24.7,23.8,26.9,21.9,1016.9,85,65,0,0,3.5,10.69,1,70,19.3
25.4,23.3,28.1,22.3,1015.4,83,38,0,0,9,17.07,2.7,60,9.1
25.7,23.8,29.2,22.2,1015.8,81,38,0,8,9.7,17.09,4.4,80,13.8
24.6,23.9,26.1,21,1017.2,81,68,0,0,3.8,8.96,3,80,33.1
24.8,23.6,27.5,20.7,1016.6,78,59,0,2,9,16.94,4.1,70,26.7
24.8,23.5,26.8,21.6,1014.2,83,81,0,2,1.5,9.52,1.8,70,26.2
25.8,24,28,21.6,1013.1,78,80,1.4,0,5.4,14.82,5.2,60,24.4
25.6,25,26.8,21.4,1012.9,78,87,0,0,2,8,1.6,70,32.6
24.7,24,25.3,21.9,1012.9,85,87,0.3,0,0.4,4.37,0.6,80,36.7
22.7,21.6,24.5,21.9,1013.3,95,95,36.5,0,0,2.67,0.5,70,40.3
20.5,16.7,21.6,19.3,1016.2,93,92,25.9,0,0,2.25,1,50,42.1
17.3,15,19.8,13,1018.6,76,84,0,0,3.1,10.49,3.3,20,35.5
20,17.4,22.3,16,1016.4,78,88,0.1,0,2.9,10.26,2.1,50,35.1
17.6,13.3,21.1,15.7,1015.9,89,88,50.3,1,0,3.32,0,360,36.5
16.2,12.8,19.9,13.1,1016.9,83,75,8.6,0,5.6,13.2,3.4,360,27.5
18.1,16.1,20.1,12.1,1020.9,68,44,0,0,8.9,16.98,3.7,10,31.9
19.2,17.5,20.5,12.6,1022.3,66,82,0,0,1.3,5.27,2.8,20,27
19.7,17.4,22,12.7,1022.3,64,31,0,0,8.5,16.17,4.3,20,25.8
19.8,17.2,22.4,13.4,1022.1,67,19,0,2,9.3,16.08,3.1,10,24.3
20.5,18.4,22.4,15.7,1022.6,74,77,0,6,6.8,13.24,0.8,70,26.3
21.3,19.9,22.8,17,1020.9,77,87,0,7,0.7,8.32,0.3,70,26
22.3,21,24.9,18.4,1018.2,79,77,0,13,2.4,9.92,3.2,70,9.8
23.3,21.8,25.9,19.4,1017.7,79,84,0,21,5,11.96,4.2,60,12
20.8,19.4,22.9,11.1,1020.7,54,84,0,0,4.9,12,4.1,10,30.2
19.9,18.2,22.2,12.1,1019.1,61,73,0,5,5.2,11.65,3.8,20,17.3
19.2,17.1,21.7,11.4,1016.5,61,27,0,7,9.3,15.97,2.7,20,16.7
19.4,16.5,21.9,12.6,1015.4,65,16,0,0,9.5,16.59,3.6,80,23.7
20.8,18.3,23.1,15.6,1016.4,72,51,0,5,8.8,15.9,1,70,28
20.4,19.5,21.5,16,1016.6,76,51,0,0,8.3,15.59,3.5,80,42.8
21.1,19,23.3,16.9,1015.1,77,59,0,0,7.2,15.18,2.6,70,25.2
22.9,20.7,25.7,18,1014.5,75,48,0,5,8.8,15.13,3.1,60,12.7
21.4,18.8,23.4,14.2,1018.2,63,80,0,0,3.8,11.48,5.2,20,27.9
18,15.6,20.4,10.6,1022.6,62,67,0,0,5.6,12.56,3.6,10,31.5
15.2,13.2,17.1,7.7,1025.5,61,17,0,0,9.3,15.69,2.8,10,31.1
16.6,13.7,18.6,10.7,1023.2,68,56,0,0,2.1,8.23,1.4,60,31.5
19.2,17.2,21.3,14.8,1021.6,76,46,0,0,7.3,13.56,1.3,60,29.6
20.3,18.5,22.5,15.3,1018.5,73,29,0,0,9.3,16.41,2.3,60,22.8
21.3,20,22.9,17.6,1017.3,80,80,0,0,2.7,10.93,1.5,60,26.8
21.9,21,22.6,20.1,1016.8,90,85,2.8,2,0.2,3.7,0.4,40,23.5
22.4,19.7,24.8,17.4,1016.8,75,59,0.1,2,7.1,14.64,4.8,10,25.9
20.2,19.1,21.9,15.1,1019,73,78,0,4,4.1,11.36,2.4,30,25.7
18.1,16.9,19.5,13.8,1019.2,76,88,3.7,0,0,3.98,1.8,70,41.8
19.5,18.4,20.3,16.3,1018.4,82,85,0,0,1.3,5.93,0.5,70,36.6
21.4,19.5,23.7,17.6,1017,80,53,0,10,7.1,14.09,3.8,100,15.6
16.6,12.8,21.8,8.8,1020.4,61,45,0,0,9.4,16.89,4.4,10,48.4
14,11.5,15.7,6.3,1023,60,81,0,0,0.4,8.34,3.8,20,31
15.9,13.9,17.9,6.5,1024.1,54,80,0,0,3.7,11.93,3.3,10,27.8
16.6,14.8,18.6,8.7,1024.2,60,83,0,0,0.2,6.98,1.3,40,24.5
18.2,15.6,20.7,13.4,1022.8,74,64,0,0,8.4,15.48,2.1,60,30.6
19.2,18.4,20.8,15.6,1021.7,80,72,0,0,4.6,12.07,1.8,60,34.2
20.2,18.4,23.3,16.7,1020.2,81,28,0,0,9.3,16.53,1.9,70,17.7
20,18.9,21.3,17.1,1019.8,83,56,0,5,3.8,8.57,1.7,70,26.1
19.9,18.7,21.7,16.3,1018.7,80,51,0,0,6.3,13.64,2,70,27.7
21.1,18.9,23.4,17.5,1016.9,80,61,0,0,1.7,8.29,1.2,40,14.3
21.6,19.7,25,17.8,1015.1,80,43,0,6,9.1,16.28,2.5,40,20
21.1,19.7,22.8,17.3,1013.9,79,68,0,2,7.3,15.62,2.3,60,20.8
22.6,20.5,25.5,18.1,1013.4,76,50,0,16,8.2,14.42,2.5,30,6.8
20.6,19.7,21.8,16.7,1016.3,78,66,0,3,3.1,8.17,2.2,70,23.3
19.4,18.8,20.5,15.7,1018.1,79,72,0,0,5.9,12.79,2.5,70,36.6
19.1,18.2,19.7,15.4,1018.1,80,86,0,13,1.7,7.4,1.2,70,37.8
19,16.9,20.3,15.7,1015.5,81,93,0,15,0,2.73,1.4,70,28
15.9,15.1,17.1,13.1,1015.7,84,88,0.5,0,0,2.65,0.7,10,22.9
15.7,14.5,16.5,13.5,1017.9,87,92,1,0,0,3.86,1.4,50,29.8
15.5,14.3,16.8,13,1020.5,85,100,1.5,0,0,3.81,1,20,29.3
16.3,14.7,17.4,12.9,1020.4,80,93,0.4,0,1.5,7.86,1.8,70,35.5
18,16.7,19.2,13.7,1021.1,76,88,0,2,1.9,9.9,1.4,70,37.3
18.9,18,20,16.5,1021.2,86,88,0,1,0,4.03,2,60,24.2
20.4,18.7,24.1,17.6,1020.1,85,76,0,8,6.9,15.47,3.2,60,12.8
18.3,16.2,20.6,12.3,1022.4,69,51,0,0,9.7,17.29,3.4,10,26.9
16.7,14.6,19,10.6,1025.3,67,35,0,6,8.1,15.79,3,20,20.2
16.4,13.6,19.8,7.9,1026.1,58,9,0,0,9.8,17.67,2.4,20,18.8
16.8,15.2,19.4,11.4,1025.7,71,61,0,3,8.3,15.8,2.4,70,33
17,15.7,18.9,11.9,1025.4,72,79,0,0,7.1,14.64,2.6,70,43
17.5,15.9,20.9,13.3,1025.5,76,42,0,0,9.8,17.33,2.1,70,30.7
17.3,16.2,19.8,12.8,1024.3,75,45,0,0,9.1,17.29,2.4,80,27.4
17.5,14.4,21.3,11.3,1022.6,69,13,0,0,10,19.16,2.2,60,18.8
17.3,16.4,18.8,13.5,1018.6,79,78,0.3,0,0.7,7.26,0.9,60,30.4
19.1,18.1,21.5,17,1016.6,88,88,2.4,0,0.6,7.75,0.9,50,28.2
20.2,17.4,23.4,18.4,1018.2,90,88,1.2,1,0.6,6.82,1.5,40,22.8
16.7,15.9,17.6,14.6,1020.2,87,88,0.5,0,0,3.29,0.9,70,34.3
18.4,16.6,22,14.8,1021.3,80,80,0,0,6.5,15.56,2.7,60,23.9
16.8,16.2,17.7,13.8,1022.7,83,86,0,0,0,3.6,1.5,80,43
17.1,15.4,19.6,12.7,1020.3,76,87,0,0,0.4,9.7,1.4,70,31.4
18.2,16.3,20.9,14.5,1016,79,72,1.6,0,6,15.26,2.1,60,22.2
19,16.7,22,16,1013.9,83,67,3.3,8,4.4,12.97,2.1,20,11
18.1,16.9,19.7,14.6,1015.7,80,80,0,3,5.6,14.7,3.6,70,38.5
16.7,15.9,18.7,12.1,1016.9,74,83,0,8,2.9,11.23,2.4,70,47.2
17.7,15.5,20.6,13.9,1016.6,78,88,0,2,1.2,10.01,3.3,60,29.7
14,11.1,16.8,5.3,1020.2,56,72,0,0,6.2,15.05,3.5,10,39.9
12.8,10.8,15.6,4.3,1023.3,56,88,0,0,0.4,9.42,2.8,10,27.9
14,11.5,17.9,5.4,1026.3,57,32,0,0,10,18.74,2.3,10,22.7
15,12.5,19.1,8.6,1026.7,66,6,0,0,10,18.72,2.4,60,20.8
16.1,13.1,20.1,9.3,1027.1,65,9,0,0,10.5,20.34,3.4,60,30.3
17.3,15.6,21.1,9.7,1028.2,62,34,0,0,10,20.77,3.7,60,35.3
17.4,15.3,20.9,9.7,1026.1,62,20,0,0,10.6,21,2.7,60,28.3
18.7,15.4,24,12.7,1021.6,69,11,0,0,10.6,20.46,2.2,40,16.3
20.4,17.1,25.4,15.3,1020.6,74,39,0,0,10.5,20.23,2.8,30,10.5
19.9,18,24.1,15.4,1021.2,76,33,0,0,10.3,20.41,3.4,50,19.2
17.9,16.4,19.1,14.7,1018,82,88,0.3,4,0,5.78,0.9,60,30
21,18.3,25.5,18.2,1013.9,84,72,0,3,5.5,16.64,2.3,30,12.8
18.3,16.6,21.1,16.6,1017.1,90,90,4.6,2,0.2,5.55,2.6,60,35.5
18.9,16.4,21.3,17.3,1015.3,91,89,8,2,0.9,10.01,1.3,40,18.5
17.9,15,20.2,15.8,1017.4,88,95,0,1,0,3.91,1.9,20,18.8
13,12,15.1,9.9,1022.1,81,88,0,1,0,2.14,1,10,27.9
12.2,10.7,13.8,9.6,1020.9,85,89,0.7,0,0,3.28,1,10,22.4
13.9,10.6,17,10.3,1021.2,79,88,1.4,0,0.6,9.21,1.6,360,21.7
17,15.4,19.8,10.3,1022.5,66,77,0,0,7.1,17.63,3.8,70,33.6
17.4,15.1,20.8,10.3,1020.6,64,51,0,0,9.5,20.49,3.8,60,29.3
18.8,15.9,22.9,12.3,1019.5,67,72,0,7,4.2,13.79,4.1,20,11.3
19.4,17.2,23.9,6.5,1019.2,45,12,0,0,10.6,21.54,3.9,10,25.5
17.4,15.7,20.1,11,1017,67,43,0,0,7.6,18.13,3,80,32.8
18.7,16.8,21.8,13.7,1014.1,73,76,0,0,6.5,16.28,2.7,50,23.4
20.7,18.7,24,17.7,1012.4,83,80,0,0,1.9,11.11,1.4,40,15.9
20.3,17.9,23.5,16.6,1013.7,80,76,0,1,2.1,10.67,3.1,80,17.3
18,17.1,20.7,13.5,1016.5,75,87,0,4,2.9,10.93,2.4,80,37.8
16.3,15,17.3,13.9,1017.5,86,89,2.8,2,0,3.64,1.2,70,28.5
17,16,19.6,12.2,1015.7,74,88,0,2,0.8,6.43,1.3,70,35.2
17.8,16.4,19.2,16.1,1012.5,90,89,0,2,0.8,6.32,1,50,24.3
17.5,16.7,18.4,15.5,1015.1,88,91,0,0,0,4.57,1,60,31.7
18.4,17,19.5,16.8,1014.3,90,92,1,0,0,7.05,0.9,50,27
21.7,19.4,24.4,20.3,1011.8,92,86,0,2,2.1,11.59,1.7,40,11.9
19.1,16.8,22,18.2,1015.8,94,93,8.5,1,0,3.23,1.6,80,31
16.8,16.2,17.9,12.4,1018.2,75,88,0,0,1.4,10.11,2.1,80,44.4
17.8,16.8,19,13.8,1016.4,78,88,0,0,0.5,8.71,1.5,70,30.9
18.1,17,20.4,15.8,1017.2,86,88,0,0,1,8.55,1.4,60,34.4
18.9,17.4,20.1,17.2,1017.8,90,91,0.3,2,0,6.93,0.7,60,29
19.8,18.9,20.6,18.9,1017.3,94,99,10.7,5,0,3.2,1.2,50,28.5
21.9,18.6,27.1,19.4,1015.1,86,61,0,2,8.5,22.04,2.9,60,16.4
22.9,19.1,27.6,20.2,1015,85,69,0.6,7,10.4,22.78,4.4,70,19.5
18.8,17.6,19.7,16.8,1014.1,88,88,0.9,1,0,3.91,1.2,80,34.3
21.2,19,24.6,18.3,1015,84,83,0,6,4,14.57,2.7,50,16.3
20.8,18.9,22.4,17.9,1016.3,83,85,0,0,3.4,14.94,2.4,50,28.5
20.2,16.5,23.4,17.4,1017.2,84,82,0,2,0.9,6.92,2.5,20,23.1
15.8,13.8,16.9,11.6,1022,76,86,1,0,0.1,4.77,2.4,10,31.6
18.9,16.3,21.5,9.5,1022.7,55,73,0,0,4.3,16.35,3.2,60,30.1
20.6,18.1,24.9,14.9,1019.2,70,60,0,0,9.4,22.12,2.8,60,27.6
21.7,20.4,23.7,18.8,1018.3,84,88,0.3,1,0.7,8.68,1.7,60,27.7
21.9,21,23.1,19.9,1017.3,89,88,0,3,0.4,8.71,1.7,50,22.5
20.1,15.5,23.7,18.8,1015.3,92,85,21.9,0,0.7,3.34,3.2,10,23.9
18.7,15.5,23.9,13,1019.9,70,35,0.2,0,10.1,25.74,3.7,10,24.1
19.9,17,24.2,12.5,1021.5,64,17,0,0,10.9,26.48,4.8,90,30.8
20.7,17.5,24.5,14.4,1020.8,68,22,0,0,10.6,24.28,3.9,80,34
21.9,19.3,26,17.6,1018.4,77,51,0,0,9.9,23.93,3.7,80,31.4
23.4,20.9,27.9,19.8,1014.8,81,80,0,0,6.5,20.5,3.3,50,22
23.5,22.5,25,21.3,1012.5,87,86,0.3,0,0,7.51,1.4,50,17.3
24.5,22.6,27.9,21.6,1012.4,84,63,0,1,5.1,16.61,2.9,140,6.8
25,23,27.5,22.1,1012.2,85,62,0,0,2.2,11.69,1.9,50,6.8
25.8,23.5,27.9,22.9,1009.4,84,77,0,0,2.3,12.4,2.4,190,12
27,26.3,28.1,23.8,1006.6,83,87,0,0,0.2,4.77,1.3,200,27.7
26.1,22.2,27.8,24.4,1007.7,90,89,0.6,1,0,4.27,1.7,210,17
20.6,18.2,22.8,18.8,1013.2,89,88,21.5,0,0.2,3.78,3.2,20,26.3
20,18.8,21.5,16.4,1017.4,80,86,0,0,0,6.37,1.6,40,22.8
21.9,19.9,24.7,17.9,1015.2,78,81,0,0,4,15.57,2.4,80,17.5
23.6,21.6,26.9,21.1,1013.5,86,84,0,0,4.9,17.01,2.7,40,12.2
25.7,23,30.2,22.2,1013.3,82,58,0,3,7.5,21.39,3.9,70,12.5
26,23.7,29.4,22,1010.9,79,61,0,0,8.8,24.31,4.9,220,15.7
26.7,23.9,30.7,22.6,1008.9,79,48,0,1,10.5,22.61,4.5,250,23.5
26.7,24.7,29.4,22.5,1009.1,78,49,0,0,10.5,24.74,4.5,250,19.5
26.1,25.1,27.5,23.6,1009.8,86,84,3.1,0,1.2,6.58,1.5,170,17.4
26.2,22.8,29.4,24,1008.1,88,90,7.8,0,0.6,5.42,4.5,180,25.2
20.6,18.5,24.5,16.7,1012.9,79,90,6.6,0,0.1,4.96,2.1,10,26.1
20.8,19.9,21.8,17.7,1014.8,83,88,1.4,0,0,4.15,0.8,70,23.7
21.5,20.9,22.8,18.5,1014.3,83,88,0,0,0.1,7.47,1.3,70,32.4
21.9,20.7,22.9,20.6,1012.4,92,89,10.9,1,0,3.19,0.9,80,25.2
23.7,22.4,26.8,22.9,1010.9,95,89,2.9,1,1,10.4,2.5,50,12.7
22.3,20.6,24,20.2,1012.5,88,89,3.5,0,0.1,4.32,2.2,10,26.9
21.8,20.2,24.8,16.8,1015.2,74,67,0,0,2.3,16.03,2.4,90,17.7
23,19.9,27.3,18.3,1014.4,75,35,0,0,9.9,22.61,3.3,160,9.6
24,21.4,28.2,19.3,1013.3,75,25,0,0,10.8,23.9,3.9,120,7.3
25,22.6,29.5,21.4,1012.6,81,58,0,0,7.5,18.64,3.2,90,11.2
26.1,24.3,28.1,23.3,1011.9,85,83,0,0,2.4,11.56,2.1,130,8.1
27.5,25.6,31.3,24,1011.4,82,79,0,0,3.9,16.23,7.5,130,12.2
24.9,22.9,27.6,23.2,1011.9,90,84,42.5,0,0.2,3.92,2.8,150,12.8
26.1,23.4,29.8,22.4,1013.7,81,59,0,13,5.4,17.22,3.2,170,5.1
27.5,25.3,31.1,23.4,1014.8,79,65,0,13,7.1,16.8,3.1,100,10.1
25.6,24.8,27.7,23,1014.6,86,82,1.8,0,2.5,10.44,2.6,90,28.4
25.9,23.1,28.6,22.9,1012,83,87,9.2,0,5.3,18.22,5.7,90,19.5
25.9,22.6,29.3,22.3,1012.4,81,77,10.8,5,6.8,19.24,3.3,310,6.1
27.1,25.3,29.6,23.5,1013.8,81,84,0,13,1.3,11,2,90,7
27.5,25.7,31.6,23.9,1013.8,81,77,0,0,6.4,20.01,3.6,80,15.1
27.5,26,30.7,22.8,1010.9,76,86,0,0,5.6,19.67,4.4,120,11.8
25.8,24.5,26.6,22.1,1010.2,80,85,4.7,0,0,6.34,1.6,300,6.2
26.7,24.8,29.5,23.9,1010.4,85,76,0,0,3.1,14.26,6.5,140,10.8
25.5,24.6,27,24.3,1008.7,94,86,38.5,0,0.1,4.85,1.4,160,17.6
25,23.6,26.6,22.3,1007.6,85,84,3,0,1,8.9,1.9,10,21.9
26,23.8,29.9,21.5,1009.7,77,76,0,0,9,22.86,4.2,80,14.9
25.5,24.3,27.4,20.5,1012,74,86,0.1,0,1.4,13.69,3.1,80,36
24.6,23.7,26,21,1011,80,88,0.7,0,0.1,7.76,1.7,70,36.3
23.9,22.7,24.8,21.8,1008.7,88,88,0.3,0,0,5.38,0.5,70,31.5
23.9,23,24.9,22.2,1007.7,90,88,4.4,0,0.1,5.65,0.3,80,38.4
24.6,23.8,25.2,23.4,1008.1,93,88,5.6,0,0.1,4.61,0.6,90,34
26.1,24.6,28.5,24.9,1007.8,93,86,4.1,1,4.8,17.11,0.9,100,15.9
25.3,24.2,26.2,24.5,1006.8,95,92,273.6,1,0,1.79,0.6,350,15.3
25.5,23.9,28.5,21.6,1008.7,79,84,0,0,3.4,12.21,2.2,360,18.9
25,23.9,26.8,20.3,1010.2,76,72,0,0,0.1,9.4,2.4,40,17.8
26.1,24,30.4,18.6,1010,65,56,0,0,7.5,23.58,5.1,80,23.9
26.7,24.8,30.5,20,1009.6,68,43,0,0,11.5,26.79,5.6,90,27.7
26.6,24.9,30.3,21.4,1009.9,74,48,0,0,10.5,26.64,5,80,31.4
27,25.1,30.9,23.2,1009.4,80,70,0,0,7.4,21.51,3.9,80,18.5
28.2,25.6,31.3,24.1,1006.6,79,69,0,0,11.5,27.04,5.2,220,12
29.1,27.8,30.6,26,1003.2,83,88,0,0,1.3,11.85,2.7,240,37.8
29.4,28.6,30.6,26.6,1002.6,85,88,0,0,0.5,8.58,2,240,36.1
30,28.5,32.5,26.6,1002.7,83,84,0,0,6.2,21.85,4.8,240,30.5
30,29.3,31.2,26.5,1003.6,81,88,0,0,1.5,9.44,2.4,210,22.9
30.3,28.8,33.5,26.3,1006.2,80,67,0,0,5.2,18.7,3.8,160,21.3
30.4,28.5,33.8,26,1009.2,78,59,0,0,6.5,20.57,4.9,150,19.4
30,27.2,34,26,1010,80,50,4.3,0,10.3,26.98,5.3,150,14.6
29.8,28.3,32.5,25.9,1009.9,80,63,0,0,8.3,22.67,4,120,15.4
29.5,28.1,31.9,25.8,1009.2,81,81,1.1,0,7.8,22.51,4.5,120,20.6
29.9,28,33.8,25.7,1008.3,79,77,0,0,8.7,21.66,4.3,150,16.1
29.8,28.1,34.1,25.6,1007,78,47,0,0,8.7,21,5.7,130,10.8
27.6,25.3,30,25.2,1001.9,87,80,37.7,0,4.4,17.54,1.1,80,53.5
26.4,24.3,28.9,25.1,1006.2,93,91,219.4,0,0,2.12,1.7,240,32
28.3,25.5,29.5,25.5,1008.6,85,88,15.6,0,0,6.78,1.3,210,19.8
29.2,26.8,31.1,25.7,1007.6,81,88,14.5,0,3,14.42,3.4,230,31.3
29,27.8,29.6,26.1,1005.1,85,88,13.5,0,0,4.84,2.7,230,40.3
25.5,24.4,28.4,24.8,1003.7,96,93,138,0,0,2.94,2.1,230,19.8
26.2,24.7,27.3,24.6,1004.7,91,91,24.2,0,0,6.11,1.8,250,16.2
26.2,25.3,28.3,24.8,1005.3,92,86,32.6,0,0.3,7.08,1.8,260,11.7
26.5,25.2,28.2,24.9,1005.1,91,88,24.8,0,0.2,4.84,1.8,240,13.9
27.4,25.2,29.2,25.5,1005.3,90,89,95.9,0,0.4,4.86,1,210,27.6
29.3,28,32.4,25.7,1007.8,81,80,0,0,5.6,18.16,3.3,210,22.4
28.9,27.5,31.6,25.8,1007.7,84,80,10.5,0,5.2,15.87,4.2,180,19.5
28.5,26.4,30.8,25.8,1006.3,85,79,18.3,0,6.1,17.32,3.6,190,23
29.2,26.8,31.5,25.1,1006.9,79,81,4.2,0,8.4,22.74,4.7,240,25.6
29.8,28.6,32,25.4,1008.4,78,85,0.1,0,6.3,21.4,4.3,230,28.1
29.5,28.6,31.5,25.5,1009.5,79,83,1.3,0,5.1,16.66,3.7,230,24.8
29.7,28.2,32.3,25.2,1010.2,77,58,0,0,10.7,26.97,5.1,240,18.3
29.6,27.9,32.8,25.4,1009.7,78,62,0,0,8.8,22.86,4.5,230,9.5
29.9,27.6,33.7,24.8,1007.8,75,64,0,0,9.4,23.34,4.9,150,7.9
29.2,26.7,31.7,25.2,1006.3,79,82,7.4,0,5.5,17.43,3.9,210,18.6
28.9,26.2,30.3,25.9,1005.8,84,88,8.8,0,0.9,7.6,1.6,210,25.8
28.5,26.7,30.7,25.4,1006.1,83,87,8.4,0,1.3,11,4,200,22.8
26.5,25.3,28.6,25,1008.4,92,84,32.3,0,2.3,11.11,1.7,40,15.3
27.8,26.5,31,25.7,1009.3,89,85,27.5,0,5.9,17.94,5.3,80,25.3
27,25.8,28.7,25.9,1008.1,93,88,16.3,0,1,7.26,1,130,24.9
27.3,26,29.8,24.9,1008.5,87,88,35.8,0,2.4,12.53,5.6,200,23.9
27.5,26.3,28.9,25.9,1009.9,91,88,12.8,0,0.1,5.85,0.6,170,20.4
29.3,27.1,32.3,25.5,1009.7,81,77,1.2,0,7.4,21.02,4.5,190,19.1
29.4,27.5,32.1,24.9,1008.5,77,83,0.6,0,5.9,17.38,3.4,190,14.6
29.5,27.6,32.7,25.3,1010.1,78,68,0,0,9.6,24.39,5,130,12.5
29.6,27.9,32.9,25.6,1011,79,76,0,0,7.4,21.89,4.3,110,12.1
30.2,28.2,33.5,26,1008.8,79,67,0,0,9.7,25.15,6.1,100,14.9
29.3,27.4,32.8,25.8,1007.6,82,72,2.3,0,8.3,23.94,4.5,100,21.1
28.7,27,32.1,25.6,1007.4,84,82,8.8,0,5.1,18.83,4.6,90,26.8
27.4,26.1,28.5,25.6,1007.8,90,88,21,0,0.6,7.28,2.9,100,32.8
26.2,24.4,28.8,25.2,1008.9,95,88,184.6,0,0.3,5.95,1.2,80,32.1
25.7,24.6,27.8,25,1011.2,96,91,134.3,0,0,3.9,0.1,120,25.6
27.4,24.5,30.8,25.4,1009.3,89,84,12.6,0,7.1,21.14,3.6,90,17
28.6,27.2,30.8,25.8,1008.6,85,88,2,0,6.3,19.29,3.8,80,25
29.3,27.6,32.2,25.6,1009.4,81,79,0.2,0,7.2,21.72,4.8,80,29.7
29.2,26.5,33.1,25.4,1008.8,81,75,3.3,0,8.4,23.13,5.2,80,20
27.2,25.6,28.8,24.8,1005.7,87,86,46.5,0,0.1,5.16,3.9,10,26
27.9,25.8,31.2,25.8,1005.5,89,74,3.3,0,4.6,15.79,2.6,90,19.9
29.6,27.7,33.1,25.6,1005.1,80,55,0,0,10.4,26.27,5.2,100,15
29.8,27.1,34.4,25.2,1004.1,77,60,0,0,10.1,26.45,5.7,80,10.8
29,28,30.6,25.3,1003.4,80,80,0,0,2.9,10.45,2.5,80,28.6
30.3,28.1,34.4,24.7,1003.6,73,57,0,0,10.2,25.04,5.5,60,23.2
30.8,28.8,33.8,25.2,999.9,72,69,0,0,7.3,19.54,4.8,270,17.8
31.8,29.6,34.8,26.4,996,74,69,0,4,11,23.45,5.9,300,24.3
30.7,29.8,32.4,26.7,997.9,79,83,0,0,3.6,15.07,3.8,250,38.8
30.5,28.3,33.2,26.7,1001.4,80,88,5.9,0,4.6,15.34,7.3,230,30.7
29.3,27.3,31,26,1002.2,83,88,14.8,0,1.9,11.37,2.4,230,15.5
27.8,25.3,29.8,25.6,1001.8,88,90,66.7,0,0.9,11.04,3.2,70,6.2
27.6,25.9,29.3,25.5,1003,89,79,19.3,0,1.4,7.55,1,240,11.2
30,27.1,34,26.1,1005.5,80,46,0.9,0,8.9,21.49,4.3,160,7.1
30.3,28.5,32.9,26,1006.4,78,61,0,0,11,26.17,5.9,240,19.1
30.5,27.3,33,25.9,1006.3,77,66,6.9,0,10.3,26.09,5.9,240,24.6
30.4,28.4,32.8,26.1,1006.6,78,74,1.9,0,8.3,23.23,5.5,240,33.1
29.6,26.3,31,25.9,1006.1,81,85,14.3,0,1.6,11.24,2.5,240,35.4
29.6,27.6,31.4,26,1006.1,81,88,11.1,0,2.5,12.82,2.8,230,30.5
30,28.9,31.6,26.1,1007.6,79,82,3.5,0,5,14.21,3.4,220,23.2
30,29,32.5,25.4,1008.7,76,72,0,0,9.9,24.05,5.3,230,24.7
29.8,28.6,32.4,25.1,1009.1,76,59,0,0,8.6,23.61,5.2,230,22.5
29.9,28.8,32.5,25,1008.8,75,58,0,0,9.4,22.99,5.2,240,23.6
29.8,28.1,32.9,24.6,1008.4,74,66,0.2,0,9.6,23.92,5.1,240,17.6
29.3,28.2,31.2,24.4,1008.3,75,81,0,0,7.3,17.96,4.3,250,9.4
29.9,27.9,33,24.5,1009.1,73,71,0,0,10.3,21.83,4.6,220,6.4
30.4,28.1,34.3,25.5,1010.3,76,60,0,0,7.9,20.18,4.1,130,6.5
30.6,28.4,34,24.5,1009.8,71,61,0,0,10.2,24.65,5.5,30,7.7
30.5,28.5,33.4,25.3,1007.1,75,29,0,0,10.2,25.47,5.7,250,13.6
31.3,28.6,34.5,25.5,1003.2,72,42,0,0,10.1,23.55,5.3,260,19.2
30.9,28,36.6,26.1,999.7,76,74,2,3,7.3,18.32,5.1,20,14.9
26.9,25.4,29.5,24.8,996.9,89,93,67.1,0,0.1,2.22,1.4,160,59.7
29.1,27.3,31.5,26.4,1007.8,86,85,0,0,7,21.09,3.9,110,23.6
29.2,27.8,32.7,25.6,1008.3,81,81,0.1,0,5.9,17.34,3.7,60,18.6
29.8,26.2,34.3,24.3,1006.4,73,65,6.3,0,9.9,25.58,5.2,60,28.3
25.6,24,26.9,24.6,1004.3,95,89,165.3,0,0,1.5,1.9,160,62
25.2,24.5,26.3,24.6,1010.2,96,90,98.3,0,0,2.97,0.7,140,17.1
28.2,24.6,31.4,24,1010.1,79,34,0,0,11.1,24.59,4.6,20,11.8
28.9,27,31.6,24.8,1008.3,79,49,0.4,5,7.3,15.74,3,240,9.9
28.9,26.2,32.8,24.3,1007.3,77,80,4.1,0,6.9,17.33,3.9,350,6.7
27.9,26.1,31.7,24.6,1005.6,83,85,6.5,7,2.4,11.11,3,290,10.3
27.9,26.4,30.4,24.8,1004.5,83,88,1,5,1.1,11.18,2.8,270,10.5
27.3,25.6,29.9,25.1,1005.4,88,88,23.8,2,0.8,8.61,1.7,270,24.7
26.4,25.3,27.6,24.4,1006.7,89,90,32.8,0,0.2,5.63,0.6,240,38.8
28.3,25.9,30.7,25.8,1008.5,87,83,6.4,0,2.6,10.46,1.5,180,12.2
29.1,27.3,32.3,25.6,1007.5,82,82,0,0,7.2,17.36,3,190,7.2
28.5,27.5,30.7,25.4,1008.2,84,86,1.8,0,1.1,9.01,1.4,280,5.2
28.4,26.9,30.9,25.2,1009.3,83,64,1.1,0,6.5,15.32,2.7,180,9.9
28.1,26,32,25.5,1009,86,77,25.8,0,4,12.98,4.9,160,10.5
29.1,26.7,32.2,25.3,1010.1,81,68,0,0,8.3,21.99,4.8,190,10.5
29.8,27.6,32.4,24.9,1009.7,75,30,0,0,10.8,22.85,5.1,200,9.3
29.9,27.9,32.8,25.5,1009.3,77,51,0.6,5,5.8,13.89,3.6,50,7.8
30,28.3,34,24.4,1009.5,73,71,0,0,8.6,19.15,5.8,70,33.3
29,27.6,31.5,21.5,1008.5,64,76,0,0,6.8,17.82,3.9,70,36
29.4,27.8,33.2,24.8,1009.5,77,76,0,0,4.9,15.96,3.6,70,15.2
29.9,27.7,32.6,24.3,1009.9,73,52,0,3,10.6,20.83,5.1,260,15.3
30.1,28.5,32.6,24.5,1009.4,72,36,0,3,8.5,16.75,3.6,270,9.8
29.7,27.8,32.9,24.8,1009.8,75,30,0,0,10.9,22.55,5.1,90,14.5
29.1,27.6,32.2,24.1,1010.2,75,39,0,0,9.3,22.21,4.6,90,16.1
29.3,27.6,32,25.1,1009.3,78,73,0.2,0,6.8,16.12,3.2,90,15
29.4,27.9,32,25.3,1008.6,79,70,0,0,7.9,15.01,3,80,13.2
29.1,26.1,32,25.9,1009.9,83,72,17.9,0,6.9,17.39,3.6,80,24.2
29,26.7,31.4,26.1,1010.8,85,75,33.4,0,5.5,16.63,3.7,80,30.3
28.8,27.1,30.5,25.7,1008.8,84,81,5.6,0,2.4,9.99,2.3,100,39.8
29.4,27.7,31.9,25.8,1010.1,81,81,0.5,0,5.4,15.48,2.1,120,26.5
29.7,27.8,32.9,25.4,1011,78,41,0,0,9.6,20.13,4.3,120,9.8
29.9,27.7,33,25.6,1009.6,78,34,0,1,7.9,14.69,3,200,6.2
30.3,28.2,34.1,24.6,1009.2,72,25,0,0,10.9,21.67,4.3,130,7.7
30.2,28.8,33.1,25.8,1012.2,78,63,0,0,8.9,21.42,5.3,90,21.1
28.3,25.9,30.3,25.6,1013.7,86,72,35,0,4.5,10.38,2.2,80,34.7
28.4,27.6,30.1,25.9,1011.7,86,80,6.6,0,2.9,11.23,3.3,90,28.5
29.2,26.4,32.7,26,1011.1,83,66,3.6,0,8.7,20.73,4,90,21.6
30.1,28.3,33.5,25.8,1012.3,78,52,0,0,9.7,21.62,4.6,90,18.3
28.7,27.5,31,25.3,1014,82,76,9.5,0,2.4,9.9,5.7,80,35.7
28.5,27.5,30.3,23.8,1013.3,76,76,0,0,6.7,15.27,3.2,70,38.8
28.9,27.4,31.1,23.9,1013.1,75,83,0.2,0,8.9,18.67,4.3,70,36.4
29.3,27.9,31.7,24.2,1013,74,76,0,0,8.5,18.83,4.5,70,39.7
28.9,27.3,31.5,23.9,1011.8,75,82,0,0,6.8,15.49,4,70,36.8
29.4,28.1,30.9,23.6,1010.1,71,85,0,0,3.8,11.57,3.4,70,53.3
29.8,28.6,32.3,24.5,1010.8,74,69,0,0,9,17.68,4.1,70,38.9
29.8,28.3,32.5,24.4,1011.2,73,43,0.2,0,10.4,22.74,4.6,70,31.9
29.5,27.6,32.7,23.1,1009.9,69,69,0,0,8.4,19.55,5.9,80,24.8
27,24.5,30.6,19.5,1007.9,64,59,0,0,10.7,22.15,6.1,360,34.8
24.5,21.9,25.6,18.1,1004.5,68,88,0.4,0,0,5.82,3,350,51.5
23.3,20.4,26.9,21.3,1000.3,89,89,20.7,0,0.3,6.11,0.4,360,65.7
26.7,25.6,27.5,25,1008.1,91,88,17.1,0,1.5,7.8,1.9,70,42.3
25.8,24.7,27.6,23.4,1012.2,87,89,41.3,0,0.6,6.53,1.9,60,44.6
26.2,24,29.5,21.1,1013,74,67,0,0,9.6,19.99,4.5,360,25.2
25.4,23.4,27.9,19.7,1011.9,71,70,0,0,5,12.95,3.8,350,33.5
24.1,22.3,27.8,18.1,1012.1,69,72,0,0,4.6,14.3,4,360,34.4
23.6,21.6,27.2,16.2,1012.1,64,33,0,0,10.5,20.54,4.7,360,33.3
22.9,20.2,26.3,14.7,1012.4,60,9,0,0,10.4,19.85,4,350,24.7
23.7,20.8,27.7,15.9,1015.6,62,6,0,0,7.4,16.21,3,360,22.5
24.4,22.5,27.3,17.3,1018.5,65,14,0,0,10.2,19.57,2.8,70,29.1
24.1,22.7,26.4,18.1,1018.8,69,18,0,0,10,19.3,3.7,70,32.3
24.4,22.1,28.1,18.7,1016.3,71,18,0,0,10.3,18.61,4.1,70,15.2
24.9,22.1,28.6,16.4,1013.9,60,40,0,0,10.5,18.94,4.9,360,10.2
24.8,22.5,28,14.9,1014.8,54,21,0,0,10.2,18.85,5.4,360,18.5
24.1,21.7,27,13.9,1018,53,31,0,0,10.3,18.88,6,360,31.9
22.7,20.5,25,13,1020.9,55,55,0,0,10.2,18.2,4.5,360,30.7
22,19,25,14.1,1019.7,61,51,0,0,10.1,18.96,3.8,70,31.2
23,20.5,26.4,16.1,1017.2,66,29,0,0,10.3,19.57,4.1,60,26.4
23.8,20.9,27.8,16.9,1014.3,67,22,0,0,10.3,19.35,4.4,60,19.7
24.5,22,27.6,16.7,1015.5,63,64,0,0,10.2,17.73,4.4,360,30.2
23.6,20.7,25.8,14.8,1018.9,58,86,0.3,0,1.5,10.45,4,60,35.9
23,20.3,25.6,15.8,1018.5,64,78,0,3,8.3,15.83,3.6,70,32.2
23.3,21.3,25.8,17.1,1016.4,68,87,0,0,1.5,9.91,2.6,60,28.3
23.6,21.8,26,18.9,1016,75,88,0.3,2,0,5.55,2.3,360,22.4
24.6,23.1,27.3,20.6,1015.9,78,88,0,0,1,8.34,2.7,80,25
24.4,22.8,26.8,19.4,1015.8,74,77,0,0,6.2,14.76,3.5,70,40.8
25,22.9,28.4,20,1014.9,74,56,0,8,9.2,17.56,3.6,70,27.1
24.7,23.4,26.5,20.6,1014.1,78,89,0,0,1.5,8.24,2.6,70,37.4
22.1,21.1,23.5,19.8,1013.6,87,93,14.7,0,0,3.82,2,70,44.1
21.9,21.5,22.7,20.3,1013.2,91,95,12.5,0,0,3.3,1.2,70,35.9
23,22,24,20.9,1014.6,88,88,0.2,0,0.2,6.04,1.7,70,28.5
23.2,22.6,23.9,20.3,1016,84,84,0,0,0.1,6.55,2.1,60,30.8
23.4,22.2,26.2,19.9,1015.1,81,68,0,0,7.9,16.65,2.7,60,29
24.2,22.9,26.2,21.3,1011.6,84,42,0,0,9.8,17.2,2.4,50,13.1
23.9,20.1,26.5,20.8,1012.2,83,60,1.9,1,3.2,7.21,2.7,360,20.2
19.9,19.4,20.2,17,1017.7,84,88,1,0,0,3.36,1.7,60,41.5
19.3,17.9,20.3,15.4,1018.8,78,91,0,0,0,6.22,2.3,360,29.3
19.3,17.5,21.4,15.1,1018,77,88,0,0,0.6,6.94,2.4,10,23
19.8,17.3,22.9,14,1016.5,70,60,0,0,9,16.83,4,350,26.4
17.8,15.5,20.3,10.9,1019.9,64,47,0,0,5.4,13.44,3.5,360,34.1
18,16.5,20.8,11.3,1022.1,65,86,0,0,3.8,11.51,2.8,360,28.5
18,16.9,19.1,13.1,1021.5,73,88,0,0,0,5.65,1.9,10,21.8
19.7,18.1,22.4,14.8,1020.2,73,73,0,0,4.7,11.29,2.7,10,13.8
20.3,18.5,22.1,16.3,1018.1,78,84,0,2,0.7,8.93,2.1,50,29.3
22.2,20.6,24.6,18.3,1017.4,79,76,0,11,2.4,9.05,1.7,50,28.1
23.8,21.6,26.4,20.4,1016.9,82,74,0,5,5.7,13.9,1.7,50,26.4
22.3,21.8,23.2,20.5,1016.9,90,86,0.3,0,0.8,3.56,2,70,34.6
21.2,19.7,23.2,16.2,1018.8,73,74,0,0,3.7,10.29,3.1,360,27
20.1,17.5,22.9,15,1019.1,73,65,0,0,8.5,14.54,2.5,360,23.5
20.6,18.9,22.9,16.1,1017.7,76,52,0,3,7.6,14.34,2.6,10,15.2
20.1,18,22.3,14.7,1018.3,71,36,0,2,9.4,16,3.4,360,18.4
18.9,17.7,20.4,13.5,1020,71,78,0,0,2.7,8.11,2.2,10,23.3
18.8,17.5,21.1,13.9,1018.5,73,41,0,0,8.8,15.49,2.4,70,28.2
19.4,17.8,21.8,13.4,1018.2,69,57,0,4,5,11.45,3.9,70,24.6
17.6,15.3,19.4,6.5,1021.2,49,9,0,0,9.6,16.14,4.2,360,39.4
15.5,13.3,18,6.8,1019.7,56,15,0,20,9.3,14.7,2.2,80,18.9
17.8,14.9,20.4,9.7,1018.2,60,37,0,20,7.3,13.57,3.9,10,12.4
18.9,17,21.1,10.4,1018.3,58,57,0,0,9.6,15.63,2.9,70,28.6
18.6,17.4,20.6,12.9,1018.4,70,83,0,0,2.7,10.11,2.7,70,36.3
18.4,17.9,19,14.7,1017.7,79,89,0,0,0.2,4.52,2.5,70,48.6
19.3,18,21.1,15.3,1018.1,78,84,0,5,4,10.57,2.1,70,37.7
19.6,18.5,21.3,16.2,1019.2,81,79,0,3,5.2,12.53,2.9,70,32.5
15.8,12.2,19.5,9.7,1023.4,67,69,0,0,6.1,13.81,4.3,360,43.5
12.3,10.8,14,5.8,1026.6,64,81,0,5,0.2,6.49,2.7,360,39.4
12.8,9.8,15.8,4.4,1025.5,57,23,0,14,9.4,16.23,2.5,360,32.7
13.6,10.7,16.5,2.1,1025.6,46,40,0,0,7.8,15.9,4.6,360,38.7
15.2,12.4,17.8,1.5,1027.3,40,29,0,0,9.2,17.41,5.1,360,36.3
15,12.4,17,5.2,1025.7,53,23,0,0,9.4,17.52,2.9,70,37.5
16.8,14.5,19.1,10,1021.2,65,52,0,0,8.9,15.21,2.5,50,31.8
19,17.1,21.1,14,1017.5,73,91,0,5,0.3,6.51,1.9,40,17.4
20.2,18.1,23.1,11.7,1018.1,60,28,0,11,9.4,15.62,5.2,360,22.8
17.7,16.3,19.7,7.6,1019.8,53,64,0,0,8.6,14.97,2.9,360,29.1
17.6,16.3,19.7,12.5,1021,73,69,0,1,7.3,13.47,2.6,70,33.8
17.6,16.2,19.4,13.1,1021.2,75,51,0,0,9.2,16.47,3.3,70,37.1
18.5,17.1,20.6,14.1,1020.7,76,84,0,2,2.9,9.26,1.7,60,29.4
19,17.7,21.5,14.9,1021.3,77,46,0,3,9.1,16.63,2.8,70,21.9
19.5,17.6,22.6,14.1,1021.6,71,44,0,5,8.7,16.25,3.6,50,23.7
18.1,15.9,21,11.4,1021.5,65,33,0,3,9.5,16.49,2.8,360,27.4
17.3,16.3,19,13.3,1020.5,78,75,0,21,3,9.99,2.4,70,28.4
17.8,16,19.2,13.9,1019.3,78,77,0,10,3.6,10.18,2.4,60,31.8
19.4,18.2,22,14.9,1018.5,76,79,0,0,8.4,14.62,1.9,60,32.3
18.8,18.1,20.5,15.7,1016.7,82,86,0.2,0,0.6,6.88,1.3,60,32.4
19.3,17.2,22.8,17.1,1015.3,87,88,0.2,7,0.2,6.04,0.9,60,25.5
16.2,15.9,17.3,15,1014.6,92,94,3.7,0,0,2.07,2,60,47.3
16.8,15.7,17.6,15.7,1014.3,93,95,16.2,0,0,4.28,0.1,50,32.9
15.1,9.5,18.7,14.3,1015.2,95,91,11.6,0,0,1,2.3,360,28.8
9,7.9,10.7,5.9,1023.1,82,97,9.9,2,0,3,2.4,350,38.5
12.8,10.5,15.2,1.5,1024.9,46,82,0,0,2.9,9.28,3.3,360,33.9
13.8,12.1,16.1,1,1026.1,42,37,0,0,9.3,18.11,4.2,360,31
12.8,10.5,15.3,1.3,1027.1,46,11,0,0,9.8,18.46,2.6,360,30.3
12.9,11.3,14.6,6.8,1026,67,18,0,0,9.7,18.19,2.5,70,42.8
14.2,12,17.2,8.7,1022.9,70,11,0,0,9.9,18.15,1.9,60,30.5
15.3,13,18.2,11.6,1018.9,79,16,0,0,9.6,17.8,1.7,60,24.9
17.8,14.8,22.6,13.1,1015.4,75,23,0,0,9.6,17.33,2,40,13.9
19.8,15.9,25.5,11.5,1014.4,60,9,0,11,9.8,16.78,2.5,30,9.4
19.2,15.9,24,14.7,1016.6,76,39,0,2,9,17.36,1.8,40,22.3
18.6,17.9,19.3,16.7,1017.8,89,92,0.8,1,0,2.82,0.9,50,22
19.1,17.4,22.7,15.3,1016.8,79,70,0,2,7.7,15.37,2.4,60,26.1
18.7,16.8,21.5,15.3,1015.6,81,78,0,11,4.9,11.64,1.9,60,23.3
20,17.1,24.8,16.3,1013.9,80,62,0,19,8,13.95,2.1,20,8.5
19.2,17.2,22.8,15.3,1015.3,78,79,0,9,4.7,12.85,2.5,70,23.9
17.7,16.6,18.6,13.8,1015.5,78,80,0,0,7.7,14.94,2.8,60,41.8
17.2,16.1,18.8,13.4,1015.7,79,82,0,0,5.7,13.73,2.4,60,40.3
17.1,15.6,18.3,14.5,1017.2,85,95,0,5,0.2,4.73,1.2,60,30.8
15.5,14,17.1,12.2,1017,81,90,0,2,1.6,8.92,1.7,60,36.4
16.5,12.6,18.4,13.3,1014.7,81,88,0,8,0,4.18,2.2,360,22
10.5,8.9,12.9,6.5,1020.1,76,94,0.1,0,0,3.04,0.9,350,34.3
10.1,8.9,11,7,1020.4,82,100,0.2,2,0,2.05,1.3,30,33
9.4,7.8,10.6,7.4,1021,87,86,19.3,0,0.2,4.16,2,350,37.1
10.2,6.8,12.3,3.7,1022.2,64,76,0,0,2,7.9,2.2,350,29.2
11.1,9.3,12.3,4.6,1024.6,64,88,0,0,0,4.14,2.3,350,37.7
10.2,8.8,11.8,1.6,1025.9,55,88,0,0,0,5.82,2.3,350,34.3
10.2,9.1,11.7,0.4,1026.1,51,88,0,0,0,6.25,2.2,360,33.3
9.8,8.1,11.8,0.9,1026.6,48,79,0,0,1.7,10.06,2.9,350,32.3
11.1,7.9,14.2,1,1023.7,50,48,0,0,10.1,18.75,2.4,360,32.2
12.7,10.5,15.3,3.8,1021,56,79,0,0,1.4,9.87,2.7,50,24.9
14,11.3,16.7,6.3,1018.8,61,73,0,0,8.1,17.1,2.5,360,24.4
15.5,13.7,17.1,11.3,1016.5,76,90,0,3,1.4,8.41,1.4,50,24.1
18,15.9,22.1,14.1,1017.4,78,71,0,17,6.9,14.92,3.2,50,15.4
16.1,14.5,19.7,8.8,1022.7,63,78,0,1,7.1,14.78,3.3,360,23.7
14.9,11.9,19,6.8,1026.4,59,26,0,0,10.3,19.39,2.9,360,20.4
15.2,12.8,18.4,8,1023.8,64,32,0,0,10.5,20.41,3.7,60,25.3
16.8,14.6,18.6,8.4,1019.1,58,74,0,0,2.3,10.41,1.8,30,17.6
19.8,17.2,24,15.4,1016,76,57,0,0,4.7,13.16,1.8,10,8.4
20.6,17.5,24.8,16.4,1015,78,10,0,2,10.2,19.79,2.3,210,6.2
17.7,16.6,20.2,15.1,1016.9,85,72,0,4,2.7,8.3,2.5,80,35.5
18.3,16.5,20.2,14.6,1017.6,79,87,0,0,0.4,7.26,1.5,50,22.7
21.4,19.5,24.4,18,1016,81,82,0,2,2.8,10.23,1.7,20,12.4
21,18.8,25,18.6,1014.3,86,83,0,5,1.5,10.41,2.4,30,16.6
18.2,16.7,19.4,15.4,1014.9,84,92,0,2,0,5.53,1.5,30,29.2
15.1,13,16.8,13.2,1018.2,89,100,2.3,0,0,1.92,1,360,33.7
14.8,12.8,16.5,12.2,1019.9,85,87,2,0,1.4,7.29,1.5,60,27.7
18.3,15.5,20.8,13.2,1019,72,86,0.2,5,2.8,12.38,1.9,60,21.4
20.4,18.4,23.5,16.8,1018,80,81,0,8,4.9,15.06,2.9,10,16
17.3,16.5,18.7,14.1,1019.8,81,83,0,0,0.1,5.97,2,60,25.5
19.1,15.8,23.2,13.6,1017.3,71,83,0,0,8.5,20.18,3,60,22.3
21.4,18.5,26.2,17.6,1013.7,79,57,0,0,6.9,16.17,2.1,30,10.9
21.3,19.4,24.8,18.9,1012.5,86,47,0,1,7.4,18.2,3.1,30,10.2
21.3,19.5,24.7,17.3,1012.1,78,80,0,3,5.4,16.23,2.9,40,18
22,21,23.6,20.4,1011.2,91,86,0,0,0.5,9.69,1.5,20,14
24,21.9,27.3,22,1011,89,86,0,0,0.5,6.58,1.2,140,8
25.1,23.4,27.8,22.1,1012.4,84,71,0,0,7.9,17.26,3.6,160,7
19.8,18.3,23.5,16.7,1017.2,83,82,0,1,1.8,9.68,3.4,60,32
19.1,17.6,20.6,15.5,1016.7,79,86,0,0,1.1,9.55,2.4,60,31.1
14.5,12.5,20.5,11.4,1019.4,82,90,20.3,0,0,3.85,2.4,360,41.4
14.8,11.1,19.8,7.4,1022.8,61,12,0,0,10.7,24.94,3.2,360,27.2
16.7,13.7,20.3,10,1022.1,66,12,0,0,10.8,25.29,4.2,60,25.8
18,15.3,22.5,12.1,1021.5,69,20,0,0,10.7,23.93,3.2,60,28.3
19.6,16.9,23.3,13.9,1019,71,10,0,0,10.7,22.25,3.4,30,17.4
20.9,18.1,24.5,16.3,1016.7,75,48,0,0,9.2,20.94,2.9,30,14.9
20.2,19.4,20.8,17.1,1014.8,83,88,2.4,0,0,3.38,0.6,30,21.8
22.1,20.1,25.1,19.1,1013.2,84,76,0,0,3.3,10.52,1.6,10,10.8
22.7,20.3,26.3,19.2,1014.8,81,39,0,2,9.4,20.08,3.3,90,9.6
19.5,18.6,22,16.9,1017.3,85,87,0,0,0,5.3,1.7,70,42.9
20.8,19.2,24.1,17.7,1016,83,85,0,0,4.9,15.54,2.6,50,24.9
22.8,20.7,25.6,20.2,1011.7,86,87,0,4,2.5,9.72,1.7,40,10.2
21.4,16.9,25.3,15.5,1013,70,55,0,0,6.2,16.12,5.2,360,25
18.7,14.5,24.1,8.2,1016.7,51,5,0,0,11.2,25.21,5,360,30.1
19.5,16.2,24.1,10.6,1016.9,57,9,0,0,10.7,23.19,3.4,360,18.8
20.5,17.2,24.7,14,1018.4,68,11,0,0,11,23.78,3.8,60,21.3
21.1,19.6,23.8,16.8,1018.9,77,78,0,0,4.7,15.72,3.5,60,28
21.7,20.5,24.5,15.6,1019.4,68,80,0,0,4.3,13.39,3.3,60,28.5
22.6,20.4,26.5,17,1018.3,71,69,0,0,6.8,15.75,3.2,30,11.7
22.8,20.8,26,17.7,1016.2,73,50,0,0,8.2,18.01,3.1,30,10.5
22.7,21,26.7,18.5,1014.7,77,41,0,0,8.7,21.47,3.2,70,15.3
22.9,21.1,27,18.8,1014.3,78,69,0,1,7.1,19.84,3.8,50,17.5
23.5,21.2,27.9,18.8,1015.4,76,46,0,1,9.9,22.84,5.2,80,17.1
23.5,21.4,27.5,16.3,1015.5,65,31,0,0,10.6,24.91,4.6,70,26
23.6,21.3,27.9,18.3,1014.5,73,51,0,0,9.7,22.33,4,40,11.3
24.3,21.5,28.7,18.4,1013.6,71,22,0,0,10.4,21.41,4.2,10,6.5
24.7,21.9,29.4,19.4,1013.6,74,38,0,0,10.8,24.17,4.6,120,4
24.7,22.6,28.5,20.4,1012.7,78,33,0,0,10.5,23.39,4.4,120,9.8
24.6,22.7,27.8,20.4,1011.6,78,57,0,0,8.8,19.13,4,110,7
22.3,17.5,26.6,16.5,1015.1,70,71,0,0,4.2,9.87,5.7,360,26.2
18,16.1,20.3,5.7,1023.6,45,88,0,0,0.5,7.23,4.2,10,38.7
20.1,16.3,24.9,9.9,1020.7,53,22,0,0,11.1,25.97,3.5,360,16.7
22,19,26.5,17.3,1017.6,75,43,0,0,10.7,24.16,3.9,60,17.4
23.8,21.1,28.5,19.7,1014.7,78,48,0,0,8,18.33,3.1,90,11
24.6,22.5,27.6,21.5,1012.3,83,75,0,0,2.2,12.24,2.3,130,9.9
25.6,23.9,28.1,22.1,1011.1,82,84,0,0,5.3,13.77,3,130,8.8
26.7,24.6,30.6,22.7,1011.7,79,71,0,0,6,17.88,4.2,130,11.9
26.7,25.2,29.9,22.8,1011.3,79,82,0,0,2,11.07,4.4,180,6.8
21,18.6,25.7,18.4,1014.2,85,89,17.2,4,0.9,5.34,2.3,350,21
18.5,17.5,19.4,16.4,1016.5,88,93,2,0,0,2.26,0.9,360,24.4
19.9,17.4,22.9,16.6,1017.1,82,90,0.2,0,0.5,8.59,1.6,10,19.1
22.5,21.1,25.6,18.3,1015.8,78,89,0.1,0,3.1,14.4,2.8,80,22.7
23.2,21.4,26.3,18.7,1014.6,76,78,0,0,8.4,21.03,4,70,21.7
23.2,22.5,26.2,20.2,1014.1,83,88,0,0,0.5,8.56,2.2,70,27.7
24.5,23,27.5,21.4,1013.1,83,83,0,0,4.6,17.23,3.3,60,21.4
25.2,23.7,29,22.6,1011.2,86,77,0,0,4.5,18.05,3.9,70,13.8
26.3,24.3,30.2,22.3,1009.2,79,77,0,0,7.1,19.69,4.7,130,7.6
25.2,23.9,26.7,22.5,1009.9,85,85,8.2,0,0.4,6.58,2.5,350,7.5
23.7,23.3,24.7,19.7,1012.1,79,85,0,0,0,4.02,1.4,70,26.9
23.4,22.7,24.6,20.4,1013.6,84,92,0.3,0,0,5.66,1.3,70,24
24.9,22.9,28.5,21.1,1015,80,86,0,18,1.7,12.84,2.5,40,11.6
24.5,23.1,26.4,21.6,1015,84,89,0.1,4,0.7,9.61,2.4,70,22.8
25.6,23.9,29.3,22.2,1013.3,82,74,0,0,7.8,21.98,4.2,70,14.4
26.1,24.6,29.2,23.4,1012.9,85,83,0,0,3.1,14.51,2.7,50,9.8
27.3,25.4,30.6,23.5,1012.5,80,76,0,0,6,17.4,3.8,80,6
27.9,25.6,31.8,23,1012.4,75,64,0,0,10.4,26.16,5.8,230,15.7
27.1,22.9,33.5,23.2,1014.1,80,82,1.9,5,7,17.66,5.2,80,26.5
23.8,22.1,25.1,20.6,1016.1,82,89,0.8,0,0.8,7.94,1.8,70,38
25.3,23.6,27.7,22,1015.5,82,86,0,0,4.2,16.39,3.1,60,24.7
27.6,25.4,31,23.7,1011.3,80,80,1,0,7.8,23.01,5.7,210,17.3
28,24.4,29.6,24.7,1007.2,82,88,6.7,0,2.6,13.09,5.8,200,34.3
25.2,23.7,27.1,23.5,1008.3,91,88,28.4,0,0.1,6.4,1.4,20,12.5
24.6,22.8,25.7,22.4,1012.9,88,88,5.4,0,0.1,2.28,1.6,80,41.2
23,22.2,23.9,21.1,1015,89,90,8,0,0.4,5.27,1,80,51.6
23.8,22.3,25.3,21.3,1014.2,86,88,1,0,0.2,11.12,2,70,34
26.5,24.2,30.6,23.1,1012.3,82,71,0,0,8.1,21.06,3.6,50,10.2
27.7,25.3,31.5,23.7,1011,79,41,0,0,11.1,27.31,5.7,230,15.1
28.6,26.6,31.9,24.1,1010,77,43,0,0,10.8,27.79,6.3,230,18.6
28.7,27.1,32.3,23.9,1009.3,76,54,0,0,7.4,19.81,5.1,150,14.5
28.6,26.1,32.2,23.5,1008.8,74,46,0,0,10.6,25.02,4.2,150,12.6
29.4,27.4,33.1,24.3,1008.2,75,64,0,0,9.5,25.68,5.8,200,16.5
29.8,27.7,33.4,24.4,1007.7,74,73,0,0,10.3,25.56,6.2,220,16.9
29.8,27.8,33.4,24.6,1007.7,74,72,0,0,11.3,26.52,6.6,230,16.6
30.1,27.8,34.5,24.2,1008.4,72,41,0,0,11.3,27.86,6.7,220,16
30.3,28.1,34.7,24.3,1009.5,71,54,0,0,9.4,24.37,6.2,190,8.2
30.4,27.9,34.8,24,1010.5,69,28,0,0,8.3,18.76,5.3,180,11
30.5,27.6,35.1,24,1009.6,69,18,0,0,11.8,25.32,5.4,220,16.2
30,28.4,33.5,24.5,1009.3,73,46,0,0,5.5,16.62,4.4,150,12.3
29.8,27.6,33.1,24,1008.2,71,47,0,0,8.4,21.54,5.2,190,15.8
30.7,28.8,34.7,24.9,1008.3,72,49,0.9,0,10.9,26.92,6.2,220,23.5
30,26.9,33.4,25.3,1008.9,76,63,3.4,0,9.7,24.08,6,230,23.7
30.3,27.8,34.5,24.3,1009,72,47,0,4,10.4,25.05,6.3,260,16.9
31.1,28.3,35.3,24.5,1009.6,69,24,0,0,12.2,27.79,6.8,250,21.5
31.2,29,35.4,24.6,1009.7,69,60,0,0,8.4,25.28,6.4,230,19.4
31.1,28.9,34.8,24.7,1009.7,70,57,0,0,11.9,27.78,4,230,20.2
30.2,27.8,35.1,25.1,1009.9,75,74,0,0,5.2,16.68,5.4,70,17.8
29.1,27.2,32.8,23.8,1010.5,74,73,0,0,10,24.86,6.8,80,33.5
29.3,27.3,32.6,24.1,1008.4,74,78,0,0,8.3,22.12,5.9,80,29.5
28,26.5,31.2,25.1,1007.4,85,85,12.4,0,2.1,11.88,3.5,80,37.7
27.1,25.9,29.5,25.7,1006.8,92,88,28.2,0,0.3,6.63,2.3,100,21.2
27.2,26,28.4,26,1005,93,96,58.3,0,0,1.85,2.1,110,25.9
27.3,26,28.6,25.9,1004.3,92,92,47.4,0,0,4.91,1.7,120,35.6
27.8,25.3,30.2,25.6,1001,88,93,70.2,0,0.7,6.81,2.1,160,34.5
28.6,26.5,30.4,24.4,999.1,79,86,4.8,0,4.5,18.23,4.5,250,14
30,27.4,33.4,23.6,1000.4,69,69,0,0,7.5,19.4,5.7,330,17.5
30.5,28,34.3,21.4,1002.4,59,54,0,0,11.7,25.97,5.6,360,14.5
27.5,25.2,30.1,25.2,1002.4,88,89,39.6,0,0,4.95,2.8,80,17.8
26.6,25.6,28.5,25.5,998.2,94,94,109.3,0,0,3.71,0.8,70,17.2
26.8,25.4,28.6,23.5,998.3,82,89,1.3,1,0.6,7.79,2.8,360,14.7
27.1,25.7,29.1,22.6,1001.8,76,86,0.2,0,3,8.47,2.6,80,18.4
28.4,26.9,31.5,22.3,1003.6,70,66,0,0,7.3,23.82,6.4,70,41
28.3,26.2,30.8,22.8,1002.3,72,60,0,0,7.7,21.57,4.8,70,37.1
28.9,27.4,31.9,24.5,1002,77,82,0,0,6.2,19.58,4.5,230,27.8
29.6,28.6,31.5,25.5,1004.1,79,85,0,0,2.5,14.42,4.1,230,32.8
30.2,28.8,32.4,26,1005.5,78,87,0,0,7.5,21.15,4.6,220,31.1
30,28.7,31.6,26.2,1005.9,81,85,2.6,0,3.1,14.86,4.4,220,27
27.8,25.4,30.4,25.3,1006.2,87,87,32.9,0,1.1,5.6,3,180,19.2
27,24.4,29.7,25.2,1006.7,90,89,25.6,0,0.2,3.71,2.6,190,19.3
28.7,26.4,32.5,25.6,1008.2,84,84,18.1,0,7.1,21.17,4.9,130,25.8
28.1,26,31.3,25.3,1008.9,85,83,6.2,0,2.1,10.09,2.7,160,25.9
29.2,25.9,33.4,25.2,1010.6,80,61,1.7,0,9.4,24.28,4.8,150,16.9
29.2,27.4,31.9,25,1010,78,63,0,0,5.2,12.7,3,210,8.7
29.7,27.7,32.6,24.7,1007,75,38,0,0,11.2,27.26,6.1,230,19.5
30.1,28.4,32.5,25.4,1004.2,76,73,0,0,11,24.14,5.9,240,30.8
30.4,28.9,32.8,25.6,1004.1,76,80,0,0,9.7,26.36,6.3,230,32.2
30.2,28,32.9,25.6,1004.1,77,81,4.1,0,8.7,23.48,6,230,28.1
29.5,25.6,30.6,25.9,1003.4,81,88,2.1,0,1.6,9.83,4.4,220,29.6
29.7,27,30.5,26.1,1002.5,81,88,15.4,0,0.4,7.66,2.5,220,31.3
30.3,28.4,32.6,25.9,1002.2,78,88,3.4,0,9,23.17,4.9,220,32.4
30,28.4,31.6,25.8,1002.3,78,88,1.5,0,2.6,11.43,3.1,210,28.9
30.1,27.6,32.1,26.1,1002.6,80,88,5,0,6,18.6,3.2,190,20
29,26.4,30,26,1003.3,84,87,5.2,0,0.2,6.23,2,190,13.5
28.2,26.7,30.6,26,1004.4,88,87,14.4,0,3.5,16.21,3.6,40,17.1
28.2,25.9,31.8,25.3,1005.7,85,83,11.3,0,7,20.93,5.4,60,32.5
29,26.8,32.6,25,1005.1,80,57,1.3,0,8.9,22.52,5.3,90,23.1
29.6,27.2,32.8,24.5,1001.8,74,56,0,0,12,26.1,5.7,220,13.4
30,28.3,33.4,25.5,1003.3,77,85,0,0,8.5,23.11,7.5,80,19.2
26.7,25.9,28.7,25.5,1003.9,93,92,50.4,0,0,3.87,2.3,80,24.9
27,25.3,29.5,25.3,1004,91,90,52.7,0,0.8,10.2,4.3,90,37.8
26.6,25,28.3,24.7,1004,89,92,67.4,0,0.3,4.48,4.9,80,46.6
28.2,25.7,31.4,24.6,1003.8,81,80,5.8,0,5.6,20.8,4.3,70,41.8
30,26.9,34.3,25.4,1002.4,78,83,6.5,0,8,23.25,6.7,70,29.8
27.7,26.4,29.5,25.5,1003.9,88,89,29.6,0,1,7.56,2.4,90,42.3
27.9,26.6,29.7,25.6,1004.6,87,85,17.3,0,2.3,11.82,2.7,80,36.5
28.2,26,31.6,25.7,1003.8,87,71,7.1,0,6.4,20.02,4.1,80,26.1
29.5,27.4,33.1,24.5,1002.6,75,54,0,0,8,20.37,4.9,230,12.2
29,27.9,32.4,24.4,1002.3,76,67,0,0,9.3,22.08,4.8,230,15
28.4,26.3,31.2,26,1001.8,87,81,30.8,0,1,8.16,3.8,120,26
29.8,28,32,26,1003.6,80,84,0.1,0,4.2,15.96,3.2,140,30.9
29.4,27,31.7,26.1,1005.8,83,70,2.7,0,7.5,19.64,4.4,110,15.6
29.6,27.3,32.3,26.1,1006.5,82,82,3.4,0,7.9,23,4.9,120,14.8
29.8,27.7,33,25.5,1006.7,78,77,0.3,0,8.9,24.17,5.4,140,11.4
30.2,28.2,33.7,25.1,1006.7,75,55,0,0,11.1,26.77,6.3,120,10.5
30.2,27.9,34.3,24.7,1005.8,73,41,0,0,10,24.27,5.8,200,9
30.4,28.1,33.7,25,1005.6,74,53,0,0,10.7,25.57,5.9,220,12
30.2,27.1,33.2,25.3,1005.5,76,65,3.3,0,9.7,24.89,6.4,230,18.9
29.9,27.9,32.4,25.7,1004.6,78,76,2.7,0,5.6,17.1,4,230,20.2
30,26.6,32.9,25.6,1003.8,78,79,6.1,0,9.1,24.29,5.2,230,26
30.1,29.1,31.8,25.6,1003.4,77,86,0,0,6.2,17.72,4.6,230,22.1
29.8,27.3,32.5,25.7,1004.7,79,80,5,0,5.3,16.05,3.3,200,10
30.3,28.9,33.1,25.8,1005.9,77,84,0.5,0,5.6,15.75,3.6,140,7.3
30.2,28.8,33.8,25.5,1005.4,76,84,0,0,5.1,13.53,3,90,7.4
30,28.4,34.2,25.6,1004.4,78,78,0,0,5.1,15.37,3.7,80,9.5
30.3,27.1,33.9,25.4,1004.2,75,72,0.5,0,8.6,21.03,5,90,27.1
30.4,29.2,33.6,25.1,1003.3,74,79,0,0,7.8,23.52,5.8,80,38.5
27.2,26,29.5,25.9,1001.7,92,91,47.9,0,0.6,8.51,3.1,70,25.5
27,25.8,28.2,25.9,998.7,93,90,51.9,0,0,4.11,1,100,25.6
26.9,25.8,28.1,25.7,996.5,93,90,18.9,0,0.2,7.38,0.8,100,23.9
28.9,27.3,32.6,25.8,996.3,84,80,0.1,0,7,18.99,4.6,80,24.5
27.6,26.4,29.9,25.9,996.2,90,89,32.9,0,2.5,12.58,2.5,90,28.3
28.2,26.4,30.9,25.6,999.2,86,88,2.2,0,2.9,13.15,2.1,130,22.5
27.8,26.7,29,25.9,1000.1,89,88,3.2,0,0.8,7.6,2.9,140,19.5
27.2,25.5,28.3,25.5,1000.2,91,89,36.1,0,0.1,5.28,3,210,8.1
28.4,25.9,30.9,25.3,1001.4,84,88,21.8,0,3,15.46,4.6,230,14.2
28.6,26.4,30.4,25.6,1002.5,84,89,31.2,0,3.2,15.62,4.4,240,22.6
27.8,26.1,30.5,25.7,1002.3,88,91,61.1,7,0.9,6.92,3.1,230,14.3
28.3,26.7,30.2,25.6,1000.2,86,83,25.7,7,4,11.01,3.6,10,8.1
28.5,24.7,31.8,25.2,1000.1,83,71,26.4,2,8.5,19.28,3.4,270,12.7
27.7,24.6,30.9,25.2,1001.7,86,86,24.9,1,3.2,12.84,2.4,280,20.3
29.1,25.6,31.9,25.6,1001.6,82,83,0.1,12,4.9,16,3.5,270,17.5
30.3,27.8,32.9,24.8,999.8,73,66,0,6,9.6,20.67,5,270,20.7
28.9,25.5,31.4,24.4,999.5,77,86,80.2,0,3.3,12.37,2.4,360,9.5
27,25.2,29.9,24.5,1001.3,87,89,27.3,0,1.8,11.22,2.7,220,14.5
26.3,25.2,29.2,24.9,1002.2,93,93,71.6,0,1.2,7.9,2.6,200,16.8
27.4,26.1,29.3,25.5,1002.5,89,89,23.3,0,0.1,4.96,1.7,180,35
28,26.9,28.9,25.6,1005.5,87,90,6.3,0,0,3.54,0.6,180,36.3
27.9,27,29,25.6,1009.3,88,89,7.2,0,0,4.17,0.9,150,30.2
26.3,25,27.9,25.2,1009.9,93,89,32,0,0,2.71,1.7,150,12.7
26.8,24.6,29.9,24.5,1007.9,88,76,9.8,0,4.8,14.65,2,30,5.9
27.7,25.6,30.5,24.3,1006.9,82,70,0.3,0,5.1,17.12,3,230,9.3
29.1,27,32,25.3,1005.7,80,40,0,0,11.1,25.3,4.6,240,23.8
29.8,27.9,33.1,25.8,1004.9,79,54,0.1,0,9,22.32,3.8,250,18.8
29.6,28.2,31.8,26.1,1005.4,82,77,0,0,7.6,18.69,3.7,30,7.5
29.4,28,31.2,25.6,1006.3,80,76,0,0,3.5,11.61,3.1,100,6.2
27.4,25.6,29.6,23.8,1008.6,81,86,24.6,0,2.7,8.13,2.3,360,16.1
27.1,24.6,30.5,22.4,1011.5,76,86,16.7,0,1.7,10.87,2.1,360,24.9
26.1,24.3,28.3,22.4,1012.5,80,83,0.2,0,3.3,10.62,2.3,70,15
28.2,25.2,32.7,20.6,1009.3,65,46,0,3,11,23.66,3,350,10.6
27.8,26.9,28.7,23.6,1007.7,78,87,0,0,1.2,7.84,1.8,70,43.3
27.7,26.3,30.3,24.7,1009.4,84,69,2.5,0,5.5,15.16,3,70,33.5
28.8,26.7,31.7,24.6,1009.2,78,72,0,0,7,16.26,3.7,40,13
30.7,26.8,35.1,23.1,1002.8,65,59,0,2,9.7,22.64,3.3,10,23.3
26.4,23.6,31.8,23.6,990.9,86,97,167.5,0,0,1.06,1.4,120,101.3
27.5,25.8,30.4,25.4,1008.6,89,93,12,0,1.3,8.48,1.4,110,43
28.2,26.5,31.8,25.3,1013.7,85,65,1.2,0,8.9,21.69,4.5,80,20.8
28.6,26.2,31.4,24,1012.7,77,43,0,0,10.1,20.24,4.6,200,7.8
29,27,31.9,24.3,1011,77,63,0,0,8.4,20,4.7,220,11.3
29.2,27.4,31.9,23.4,1011.6,71,33,0,0,10.7,23.08,5.1,160,7.5
29.2,27,33.2,24.5,1013.3,76,51,0,0,11.2,20.27,4.6,100,8.3
29,27.6,32.4,24.7,1013.1,78,76,0,0,6.6,19.33,4.6,100,9.1
27,24.8,29.6,24.9,1011.1,88,80,72.2,0,2.5,10.73,2.7,90,9.5
27,24.8,30.2,23.1,1009.9,80,82,34.5,0,5.9,17.29,4.1,100,20.1
26.8,25.1,28.6,23.3,1009.6,81,77,9.7,0,3.4,9.51,2.3,100,14.5
27.3,26,30.2,22.9,1009.8,77,88,0,0,4,13.03,3.3,100,6.5
27.6,25.8,31.3,21.4,1009.9,70,74,0,0,5.9,15.77,5,360,14.4
27.4,24.3,31.3,18.8,1008.9,60,26,0,0,10.6,20.9,5.8,350,25.2
27.5,25,30.6,18.9,1010.5,60,29,0,0,10.6,20.53,4,360,22.9
26.8,23.2,29.6,20.6,1013.9,70,70,2.9,0,5.2,14.41,3.9,80,19.7
27.2,25.3,30.4,20.2,1014.9,67,33,0,0,9.8,20.03,4.5,80,24.8
26.9,25,30.5,20.3,1015.3,68,30,0,0,10.4,20.38,4.8,90,21
26.9,24.2,30.5,16.5,1013.8,54,8,0,0,10.7,21.79,6.5,350,14.4
27.1,23.6,31.4,12.1,1012.1,40,16,0,0,10.8,22.86,6.1,350,24.5
26.8,23.5,30.9,14.5,1013.4,48,18,0,0,10.9,22.37,4.3,350,19.9
27.1,25.1,30.5,20.9,1014.7,69,43,0,0,10.4,22.17,5,80,20.3
26.7,24.3,29.8,21.8,1014.2,75,60,2,0,9.5,20.46,4.4,80,23.5
26.5,25.1,29.3,22.4,1013.7,78,72,0.6,0,4.5,12.23,2.8,90,16.8
24.8,22.5,29.2,21.8,1014.7,83,82,42.8,3,1.6,6.99,2.1,360,16.1
23.2,22.3,24.7,17.9,1017.6,72,88,0,0,0.3,7.75,2.7,360,28.8
23.8,22,27.1,18.6,1018.9,73,85,0.3,0,4.1,14.13,3.1,80,29.1
24.7,22.7,26.8,19.2,1017.5,72,86,0.4,0,5.5,16.2,3.4,80,34.6
25.3,23.6,27.3,21.3,1015.5,79,82,0.6,0,2.7,12.68,2.8,80,28.3
25.6,24.3,27.9,22.6,1014.6,84,83,31.4,0,2.8,10.42,2.4,90,20.5
24.3,23.2,25.8,22.8,1013.2,92,91,8.9,1,0.6,5.6,1.5,10,13.4
23.5,21.9,25.2,20.6,1012.5,84,90,1.5,0,0,5.9,1.8,10,18.6
22.5,20.9,23.9,20.3,1014.7,87,91,12.6,0,0.2,6.14,1.2,50,40.5
24.2,23,26,19.9,1017.2,77,87,0.2,0,1.6,11.64,3,70,49.2
24,23.3,24.9,19.9,1018.6,78,86,0,0,3.2,9.8,2.6,70,40.6
24.8,23.2,27.3,20.5,1017.6,77,49,0,0,8.1,18.53,3.4,80,30.1
25,23.7,27.4,21.5,1015.9,81,62,0,0,4.6,10.88,2.1,70,12.6
25.3,24.1,27.4,21.3,1016.5,79,78,0.1,4,0.1,8.67,2.2,70,17.1
25.2,24,27.4,21.4,1016.8,80,78,0,0,4.5,12.53,2.6,80,25.9
25.5,24.4,27.7,21.6,1017,79,54,0,1,7,16,3,80,21.3
26.3,23.9,28.6,21.5,1016.5,76,41,0,8,8.2,14.54,4.3,360,12.7
25.4,23.7,27.9,17.4,1018.1,61,53,0,0,6.7,13.69,3.7,360,25.8
24.3,21.7,27.5,14.3,1017.4,54,13,0,0,10.6,20.12,4.7,360,13.9
25.2,22.2,28.9,8.5,1015.1,35,4,0,0,10.6,21.28,6,360,18.7
25.7,23.4,28.5,8.2,1014.8,33,24,0,0,10.5,21.1,6.7,360,29.9
25,22.9,27.2,9.1,1014.2,37,83,0,0,6.2,15.93,6.5,360,39.5
24.6,22.6,27.4,11.6,1012.5,45,84,0,0,7,16.13,4.9,360,42.7
22.4,20.1,24.8,16.6,1015.5,70,91,0.1,0,1.7,8.89,2.9,360,28.7
21.5,19.4,23.4,19.1,1016.7,86,99,8.3,0,0,5.95,1.1,360,17.3
23.7,22.3,25.7,20.7,1016.6,83,92,0,0,2.9,8.73,2.2,80,28.3
24.5,23.5,26.7,20.5,1016.8,79,77,0,0,5.6,15.01,3.2,70,35.2
24.7,23.3,27.1,20.5,1017.5,78,41,0,0,10.2,19.86,4,70,34.5
25,23.6,27.1,20.8,1017.6,77,73,0,0,6.9,16.48,3.4,70,29
25.2,23.9,27.3,20.5,1016.6,75,81,0,14,5.9,12.03,3.5,10,11.9
24.5,22.9,27.1,19.4,1016.8,74,82,0,0,5.1,13.79,3.9,360,28.4
23.9,23.4,25.4,19.9,1017.9,78,88,0,0,0.8,7.12,2.3,70,45.2
23.8,22.5,25.7,19.9,1017,79,68,0,0,6.7,14.8,2.6,70,26
24.9,23.2,28,20.6,1014.2,77,76,0,12,4.5,10.95,2.7,100,10.3
24.3,23.2,26.3,19.9,1014.1,76,80,0,2,6,14.7,3.9,70,29.8
23.5,22.7,25.5,19,1015.6,76,80,0,0,3.9,12.32,3.4,80,40.7
23.2,22.7,23.6,19.9,1015.8,82,86,0,0,0,3.63,0.4,70,40.8
23.9,22.9,24.9,21.2,1015.2,85,87,1.1,0,0.6,5.66,1.3,70,29.1
23.5,23.1,23.8,21.3,1015.8,87,96,0.5,0,0,2.46,1.2,70,35.3
23.8,22.7,25.8,20.8,1016.2,84,85,0,0,4.5,11.94,2.9,70,24.4
23.9,22,25.8,19.1,1017.5,75,78,0,2,6.4,13.68,3.7,10,21.5
23.1,22,24,19.4,1017.4,80,84,0.1,0,2.9,7.79,1.8,70,36.1
23.9,21.2,27.2,20.4,1016.4,81,82,2.4,3,8.8,17.04,5,60,22
20.4,18.8,21.9,13.6,1019.9,65,88,0.2,0,1.4,7.62,2.8,360,34.7
20.9,18.1,23.4,14.2,1020.1,66,40,0,2,9.3,16.61,2.9,360,22.3
21.7,20.5,23.1,16.6,1019.7,73,78,0,0,6.7,12.77,3,70,32.1
19.5,17.4,21.6,16.5,1018.8,84,95,21,0,0,2.75,2.3,40,24.6
19,17,20.9,17,1018.9,89,93,15.7,0,0.3,5.04,0.7,40,22.7
20.5,19,22.5,17.5,1019,83,89,16.3,0,0.2,5.53,1.9,40,25.9
20.3,19.2,21.4,18.5,1019.3,89,88,7.7,0,0,4.82,0.8,60,30.8
21.3,19.8,23.3,16.7,1021,75,46,0,5,6.1,13.34,2.5,70,30.3
21.5,20.1,23.2,16.2,1020.4,72,46,0,0,9.5,17.2,3.2,70,32.1
22.1,21.1,24.2,18.1,1018.3,78,56,0,0,6.2,13,2.1,60,27.7
22.4,21.2,24.3,19.3,1016.4,83,51,0,0,9.3,15.31,1.9,60,21.5
23.7,22,26,19.8,1016.5,79,58,0,2,7.2,13.66,2.3,40,15
24.8,22.7,27.1,20.6,1016,78,58,0,0,9.1,17.37,2.9,20,10.5
23.6,22.5,24.8,20.3,1015.5,82,82,0,0,0.6,4.79,1.7,70,35
23.3,21.6,25.1,20.4,1015.5,84,83,0.1,0,2,9.4,1.6,70,25.2
21.1,18.5,23.3,19.1,1018.5,88,90,1,1,0,1.21,1.9,70,34.3
18,16.7,19.7,13.7,1021.6,76,88,0,0,0.2,6.09,2.3,10,29.7
17,16.4,18.3,12.6,1021.5,75,90,0,0,0.5,4.26,1.3,10,24.9
17,15.1,18.3,12.6,1019.7,75,88,0.2,0,0.1,3.74,1.2,360,21.4
18,16.5,20.4,12,1020.3,68,84,0,0,4.9,12.68,3.9,350,29.7
14.9,13.7,16.5,8.9,1024.2,67,84,0,0,0,4.58,1.7,360,33.6
15.6,13.5,18.1,9.6,1025.1,68,86,0,0,2.6,10.85,2.6,360,27.8
16.8,15.5,18.2,11.7,1025.3,72,88,0,0,0,4.94,1.5,10,25.6
18.9,17.2,21.2,14.3,1023.5,75,64,0,11,6.6,12.9,1.8,50,22.6
19.3,18,20.9,14.6,1022,74,88,0,6,1.2,8.41,3.6,360,20.5
18,15.6,21,9.1,1022.2,56,38,0,0,8.4,15.07,2.6,360,22.9
18.1,16.2,20.2,10.1,1022.2,60,38,0,0,8.5,14.9,2.5,70,27.9
19.9,18.5,21.5,16,1019.5,78,78,0,0,6.4,13.78,2.5,60,31.5
21.6,20.1,23.2,18.8,1016.5,84,80,0,0,2,8.02,1.5,40,16.9
22.4,21.4,25,19.9,1016.1,86,68,0,2,8.7,15.47,3,70,21.2
22.2,20,25.2,18,1017,77,66,0,0,7.1,13.52,2.4,50,21.9
20.1,17.5,22.5,18.2,1017.6,89,96,10.5,0,0,4.34,1.5,360,27.9
18,16.8,19,15.6,1017.5,86,99,0.1,0,0,3.9,1.3,360,27.8
19.7,18.5,21.1,16.3,1015.5,81,90,0,6,0.1,7.02,0.8,60,25.8
20.9,18.7,23.6,18,1014.3,84,27,0,17,9.4,16.11,2.1,110,5.9
20.6,18.9,22.8,16.7,1016.6,79,77,0,6,3.5,10.06,2.7,70,27.3
18.1,16.3,20.2,12.6,1021.6,70,79,0,0,6.8,14.58,4.5,360,34.8
14,12.5,16.3,8.2,1026.1,68,87,0,0,0.6,7.31,3.1,360,40.3
12.6,10.3,15.4,6.7,1026.5,67,83,0,1,5.6,12.23,2.6,360,37.6
13.2,11.8,15.6,7.4,1027,68,77,0,0,4.4,11.52,2.6,360,26.8
13.8,11.4,15.9,8,1026.5,68,84,0,0,4.6,12.02,2.6,350,26.5
14.8,13.5,16.4,8.9,1025.4,68,87,0,0,0.1,5.73,2.1,360,26.3
16.2,14.9,17.3,13.4,1024.3,84,91,0.1,0,0,3.15,0.5,30,26
18.8,16.8,20.9,15.8,1022.8,83,87,0.1,5,1.3,8.66,1.1,60,30.1
19.8,18.9,22.7,17.6,1020.5,87,88,0,0,0.5,7.15,1.9,330,6.3
18.6,17.6,20,15.7,1021.5,83,92,0,0,0,5.28,1.9,20,20
18.5,17.4,20,15.6,1021.4,83,89,0,10,0,7.77,1.2,70,27.2
19.2,17.2,20.7,16.5,1021.3,84,94,0.2,6,0,5.26,1.4,70,18.3
17.8,17.2,18.7,15.1,1022.3,84,89,0,0,2.7,8.34,1.6,70,32.5
19.2,17.4,20.8,16,1020.2,82,88,0,9,2.6,9.07,1.8,60,24.5
20.6,18.2,23.3,17.7,1018.6,84,55,0,13,6.5,13.31,1.6,40,12.8
20.9,19.3,22.8,17.9,1018.3,83,64,0,15,8.6,13.83,2.8,20,6.7
18.5,17.7,19.8,16.8,1019.3,89,91,0,3,0,4.1,1.1,70,26.9
18.5,17.6,19.7,16.2,1018.8,86,94,0,12,0.1,5.88,1,70,25.8
19,17,21.1,16.9,1018.8,88,88,4,2,1.2,6.76,2,60,21.8
17.3,15.9,19.9,12.2,1020.5,72,87,0,0,0.8,7.02,2.7,360,26.5
16.7,14.6,19.5,11.3,1022.2,70,55,0,1,8.1,16.14,2.6,360,20.3
17.1,15.8,18.5,12.6,1022.1,75,79,0,4,2,6.95,1.5,60,26.4
18.8,17.1,21.9,14.2,1019.6,75,85,0.2,3,1.7,9.51,1.6,50,20.6
20.4,18.1,23.4,15.3,1018.9,73,76,0.1,6,5.2,12.69,3.4,30,20.6
17.8,15.8,20,11,1021.8,64,66,0,1,4.2,11.74,3.5,360,25.6
16,13.1,19.1,6.2,1022.3,53,21,0,16,10,17.51,3.4,360,23.6
16.2,13.7,19.2,8.8,1021,62,3,0,0,9.8,17.11,1.9,10,15.5
16.9,15,19.6,11.5,1020.6,71,10,0,0,10,18.27,2.8,60,25.6
18.7,16.1,22.2,12.3,1021.2,67,13,0,2,10.2,17.96,2.7,50,14.8
18.2,16.7,21.2,13.3,1023.1,73,17,0,4,8.6,15.66,3.1,70,28.5
16.9,15.6,19.4,11.5,1023.6,71,80,0,2,7,13.77,3,70,37.5
17.5,15.7,20.3,11.4,1021.6,68,63,0,0,3.3,11.25,2.2,60,28.8
18.5,16.9,20.5,13.7,1021.4,74,39,0,0,9.8,19.33,2.9,40,24.6
19.3,17.2,21.6,14.4,1020.8,73,69,0,0,6.7,15.04,2.6,50,25.8
21.7,18.9,24.5,17.2,1018.9,76,67,0,0,7.7,14.22,3,10,11.8
18.8,17.6,22,13.1,1021.6,70,84,0,0,0,6.77,2.2,10,25.7
18.6,16.9,20.7,15.1,1018.4,80,84,0,0,5.1,13.71,1.8,50,28.6
21.8,19.6,25.3,18.7,1017.2,83,70,0,4,7.8,14.97,1.8,20,11.3
21.7,19.5,25.5,18.7,1018.1,83,61,0,5,7.4,15.35,3.5,70,12.8
20.1,18.2,22.3,17.3,1017.4,84,84,0,3,4.3,12.39,1.7,50,23.7
22.1,20.5,24.9,19.5,1014.5,85,83,0,0,3.7,10.35,1.6,30,12.3
23,21.3,25.8,19.9,1014.8,83,57,0,0,7.1,13.8,2.2,170,9
21.7,19.7,25.1,19.5,1015.3,87,78,0,0,4.4,10.44,2.5,70,22.8
19.3,18.4,20.1,17.6,1017.9,90,99,0.8,0,0,5.99,1.7,70,38.8
18,17.4,18.8,16.3,1021.7,90,89,0.8,0,0,4.51,1.2,60,41.6
18.4,17.3,19.4,15.9,1024.3,85,94,0,2,0,4.32,1,40,27.3
19,16.9,21.9,15.8,1024.2,82,69,0.2,0,8.1,17.98,2.7,60,23.8
21.1,19,25.1,17.6,1021.8,80,68,0,0,3.5,10.77,2.2,30,14.7
20.4,18.5,23.2,17.5,1020.6,83,78,0,0,7.3,16.6,3,60,28.8
20.4,18.8,22.4,17.5,1019.9,84,84,0.2,0,2.6,12.18,1.9,60,24.9
22.4,20.1,26,18.8,1017.9,81,72,0,0,9.8,18.5,3.9,70,17.6
18.8,18,20.2,16.4,1017.8,86,91,0.1,0,0.8,7.19,1.9,70,43.4
17.9,16.8,19.3,16.4,1015.4,90,91,18.1,0,0.2,2.42,0.7,70,35.3
20.3,18.5,23.8,18.8,1016.8,91,79,31,0,3.8,11.47,1.9,30,22
22.6,20.8,25.6,21.2,1018.5,92,84,0.2,0,1.2,9.12,1.7,10,13.8
21.4,20.4,23.2,20.2,1017.4,93,88,0,2,3.1,12.48,2.7,30,17.6
20.4,18.4,24.3,17.2,1017.2,82,79,1.6,1,4.6,15.79,3.7,360,18.4
18.1,15.6,20.5,15.9,1015.8,87,95,12.3,0,0,3.42,0.7,60,36.5
16.9,14.1,19.5,14,1016.9,83,88,3.4,0,0.7,9.39,1.6,10,17.9
18,16.7,18.9,15.4,1017.5,85,92,0,2,0,4.19,1.1,30,20
18.7,17.6,19.7,16.7,1017.6,88,96,0,1,0.1,5.26,0.5,60,34.5
20.7,18.6,23.6,18,1015.5,85,82,0,0,5.7,15.52,1.9,40,20.2
22.8,20.6,26.7,20,1014.7,85,67,0,1,5.6,12.86,2.5,20,12.7
20.8,19.6,22.4,18.8,1016.1,89,91,0.4,0,0.4,7.06,1.6,60,30.6
21.5,19.9,23.9,19.2,1012.7,87,84,0,0,5,15.87,2.5,70,23.3
21.5,20,23.5,19.1,1011.3,87,85,6.3,9,4.2,10.91,2,10,8
20.9,19.3,22.6,17.7,1013.7,82,83,10.2,3,3.2,12.57,2.2,80,26
22.2,17.7,26.7,20,1012.1,88,89,30.3,0,2,11.56,1.9,70,22.7
20.5,19.6,22,19.2,1013.2,92,91,45.5,1,0,2.87,2.4,40,24.3
17.9,15.5,20.5,16.7,1015.8,93,89,29.6,0,0,1.91,1.8,40,39.5
16.5,15.1,17.4,15.2,1016,92,95,11.5,0,0,2.7,0.1,60,46
17.8,17,18.7,17,1012.2,95,95,14.5,2,0,1.98,0.6,50,25.1
17.7,17,18.5,15.6,1013.6,87,86,4.6,2,0,3.53,0.8,360,17.3
18.4,15.5,22.6,14.9,1014.9,81,58,7.6,0,6.5,15.54,2.2,360,17
20.1,17.4,24.2,15.9,1016.4,77,15,0,0,10.7,22,3.8,70,21
20.8,19.1,22.9,15.3,1017.8,71,66,0,0,6.1,16.09,3.3,50,30
20.4,19.8,21.5,17.4,1018.3,83,95,6.4,0,0,2.26,1.1,60,32.3
18.7,17.3,20,15.4,1020.6,81,89,0.4,0,0,3.77,1.7,10,25.1
20.2,18.8,22.8,13.2,1020,65,85,0,0,7.1,15.6,4.2,70,34.9
20.9,19.7,22.7,16.7,1018.9,77,85,0,0,4.9,15.29,2.9,60,34
21.7,19.7,24.7,18.5,1016.8,82,70,0,0,5.1,15.33,1.9,60,20.1
23.4,20.7,27.4,20.5,1014.8,84,42,0,1,10,19.59,3.6,100,9
23.5,22.1,25,21.3,1013,88,86,0,0,1.8,10.46,1.4,90,14.1
25.3,23.4,27.2,21.8,1011.4,81,79,0,0,4.1,11.87,2.5,160,7.6
25.8,24.8,27.5,22.9,1012,84,84,0,0,0.9,6.86,2,160,13.8
20,17.4,25,18.1,1017.1,89,99,3.3,0,0,4.37,1.7,60,39.7
17.5,16.6,18.2,15.5,1018,88,100,0.3,0,0,3.39,0.5,70,44.9
20.5,17.9,23.3,17.8,1016.8,85,92,1,2,2,10.79,1.5,60,19.1
21.9,20.8,24.6,19.2,1018.5,85,86,0,0,3.2,12.03,2.7,70,26.3
22.3,20.3,25.3,19,1017.1,82,77,0,0,4.8,15.16,2,60,22.8
24.4,22.2,27.8,21.4,1012.6,84,57,0,0,6.6,14.99,2.5,30,7.4
24.4,23.1,26.5,21.9,1010.5,86,81,6.9,0,2,12.85,2.8,230,14.2
23.1,22.5,24,20.6,1013.3,86,81,0,0,0.6,8.49,2.8,60,20
21.4,20.2,22.9,18.7,1016.8,85,93,7.7,7,0.1,6.36,2.3,70,44.3
20.3,19.7,21.6,16.8,1019.3,81,91,0,0,0.2,9.28,2.8,70,45.4
20.7,18.9,23,16.3,1018.2,76,89,0,0,3.6,15.82,2.9,70,35.7
22.8,20.7,25.7,19,1016.9,80,85,0,0,7,18.8,3.6,60,23.5
21.7,20.4,23.8,18.6,1016.7,83,86,0,0,1.6,8.88,1.7,70,29.2
24,20.9,27.4,19.5,1014.5,76,37,0,10,9.2,22.86,3.9,10,14.2
25.1,22.4,28.1,21,1013,79,27,0,6,10.3,22.21,4.1,230,13.5
25.7,23.7,28,21.9,1012.5,80,48,0,0,8.8,19.82,3.7,230,12.6
26.7,25.1,29.9,23,1011.6,80,80,0,0,6.4,17.59,3.8,210,14
26.6,25.5,28.9,23.1,1011.1,81,79,0,0,5,15.27,3.4,180,17.7
27.1,25.3,30.1,23.2,1010.9,80,79,0,0,6.6,18.7,3.7,220,17.1
27.3,25.3,29.9,23.7,1010,81,84,0.7,0,3.9,12.05,3.2,180,15
22.3,21,25.2,20.3,1013.3,89,91,6.1,0,0,4.07,1.1,70,43.2
21.2,20.3,22.3,19.9,1014.3,92,98,3.8,0,0,3.05,0.6,70,38.7
22.7,21.9,24.4,20.9,1013.8,90,92,10.4,0,0.6,6.62,1.2,50,25.9
22.1,20.9,23.1,19.4,1014.4,85,91,1.1,2,0.3,9.35,2.5,70,41.7
21.2,19.5,23.6,19.6,1012.6,91,87,9.2,0,0.6,5.35,0.5,70,24.6
23.5,21.5,26.1,20.7,1012.2,85,77,0,0,3.9,14.4,2.3,50,9.8
24,23,25,22.1,1010,90,91,6.7,0,0,4.6,0.6,80,18.5
23.7,21.3,28.6,22.3,1007.7,93,90,75.8,0,0.6,5.94,1.6,40,18.3
23.3,21.9,26.2,22.5,1007.2,95,93,43.6,0,0,2.79,0.3,30,14.5
26.2,23.2,30.1,24,1008,88,81,0.3,0,2.6,13.21,2.2,30,7.8
27.5,25.6,30.1,24.5,1009.3,84,72,0,0,6.3,17.41,3.3,190,10.6
28,26,31,24.3,1010.4,81,58,0,0,8.7,23.16,4.8,220,13.8
28,26.2,31.2,23.7,1009.9,78,57,0,0,9.6,25.19,5.3,220,17.1
28.5,26.4,31.1,24,1009.3,77,39,0,0,10.5,23.61,5,230,19
28.4,26.2,31.5,24.7,1010.4,81,58,0.9,0,7.6,18.87,4.7,220,13.6
24.9,22.3,26.4,22.4,1012.8,86,91,16.6,0,0,3,2.7,80,39.5
24.3,22.7,26.9,22.4,1013.2,89,85,3.1,0,2.1,13.16,2.6,70,31
26.4,24.7,29.2,23.8,1010.9,86,71,0,0,5.8,17.49,3.2,70,13.2
26.7,25.3,28.8,23.3,1008,82,83,7.5,0,1.3,8.4,3.1,180,17.6
25.4,23.8,27.1,21.1,1009.1,78,85,0.2,1,3,13.81,3.9,20,17.9
23,21.7,24.4,19.2,1012.1,80,89,0.5,0,0.2,6.79,2.2,60,36.5
21.8,19.3,24,18.2,1014.5,81,91,5.3,0,1.7,11.86,2.6,60,36.6
22.6,21,23.6,18.1,1013.2,76,88,8.4,0,0,6.33,1.3,70,43.3
21.7,20.9,22.3,20.6,1009.4,93,94,8.3,0,0,2.62,0.1,60,39.9
21.8,20,22.8,20.1,1008.7,90,95,11.3,0,0,4.98,1.8,60,42
20.5,18.9,21.4,18.3,1010.2,87,95,17,0,0,4.05,2.3,70,49.7
20.4,19.8,21.2,18.3,1009.3,88,93,25.1,0,0,4.24,2.1,60,42.1
22.7,20.2,26.3,21.1,1008.1,90,92,10,0,1,11.16,1.4,40,20.3
23.9,22.7,26.7,21.6,1010,87,63,0,0,3.4,11.28,2.4,80,13
25.3,22.8,28.9,20.8,1011.5,76,14,0,0,11.3,24.91,4.9,70,15.4
25.5,23.5,28.9,21.7,1011.2,80,57,0,0,9.7,25.66,4.9,50,22.1
25.1,23.9,26.3,23.1,1010.5,89,92,0,0,0.5,11.76,2.7,40,19.4
27.5,25.2,31.1,24.4,1009.2,84,64,0,0,8,20.38,3.9,30,8.6
28.5,26.4,30.9,25.6,1009.1,85,85,0,0,1.8,9.71,1.4,160,8.9
29.2,27.8,31.5,26,1007.4,83,82,0.8,0,5,18.86,4.1,230,30.3
29.6,28.4,31.6,25.9,1005.5,80,82,0.1,0,3.9,16.61,3.7,230,28.9
30,28.5,32.3,26.1,1005.2,80,77,0,0,9,22.74,5.3,230,26.9
30.2,29.2,32.3,26.3,1006.9,80,79,0,0,7.2,19.6,4.7,220,25.2
29.1,25,32,25.9,1008,83,85,9,0,2.7,12.84,3.9,230,14.5
25,22.6,26.5,21.6,1010.8,82,91,3.3,0,0.2,9.4,2.6,70,34.3
25.3,22.6,28.3,22.1,1010.1,83,77,0.7,0,8.6,23.04,4,70,17.3
25.9,24.7,26.8,24.1,1010.2,90,89,6.5,0,0.1,7,2.7,80,26.2
24.8,23.8,25.8,23.4,1011,92,97,21.5,0,0.1,4.73,0.4,80,37.6
26.7,25.1,28.9,24.9,1008.8,90,89,2.4,0,1.2,10.3,1.2,70,24.7
26.5,24.7,28.1,25,1007.8,92,83,15.1,0,2.5,8.61,2.4,120,12.7
26.5,25.4,28,25.2,1008.1,93,87,27.8,0,0,4.19,0.6,140,10.5
25.9,23.9,27.7,24.6,1008.7,92,87,43.9,0,0.9,6.16,0.8,30,10.6
24.7,23.4,25.7,23.1,1009.9,91,95,3.2,0,0,3.54,0.7,70,41.4
24.4,23.2,25.9,22.5,1010.1,89,97,3.2,0,1,11.47,1.1,70,37.3
25.7,25,26.7,24.4,1008.7,93,93,11,0,0.1,8.17,0.4,70,13.8
27.2,24.9,30.6,24.7,1007.5,87,85,32.6,0,2,13.72,2.9,220,18.9
27.2,25.4,31.2,24.6,1007.2,86,81,3,0,4.5,17.46,2.5,240,20.3
27.5,25.3,30.2,24.7,1007.3,85,83,34.1,0,3.8,13.98,3.7,220,24.2
28,25.9,31.1,25.9,1008.6,89,84,38.1,0,3.4,13.17,2.1,220,17
29.4,27.4,32.6,25.9,1009.5,82,78,0,0,7.3,21.86,4,190,14.5
30.2,28.5,33,25.9,1010.4,78,76,0,0,7.8,21.58,4.7,180,17.8
30.1,28.6,33.2,25.5,1010.4,77,72,0,0,9.9,25.09,5.1,210,21
30.1,28.2,32.4,25.4,1008.5,76,76,1.1,0,9.6,25.28,5.8,220,24.6
30.1,28.4,32.3,26,1005.4,79,82,4.1,0,6.4,21,4.4,220,35.6
29.5,25.8,31.7,25.7,1003.5,81,86,3.3,0,2.3,13.71,3.1,220,29.5
27.5,24.6,29.4,25.9,1004.4,91,90,111.6,0,0.3,6.09,1.1,220,11.8
27.5,26.5,29.6,25.8,1005.3,91,89,1.5,0,1.4,10.57,2.8,40,17.2
27.7,25.5,30.7,25.6,1003,88,90,55.8,0,0.2,5.34,2.2,260,18.5
28.4,25.4,31.6,23.5,1002.4,76,58,16.5,2,10.7,26.21,5.4,340,14.4
28.6,26.4,31.4,23.4,1005.3,74,42,0,0,11.1,26.66,5.5,110,20.6
27.9,26.8,30.1,24.1,1006.5,80,77,0,0,9,22.41,4.7,90,28
27.6,26.8,28.7,25.3,1007.3,88,87,4.7,0,0.5,6.35,0.3,90,26.2
28.6,27.5,30,26.4,1008.1,88,82,11.1,0,2.4,10.06,1.3,110,12
28.9,26.5,31.7,26.4,1007.8,87,84,14,0,2.8,14.02,2.3,150,9.2
30.1,28.2,32.5,26.1,1006.9,80,66,0.5,0,9.2,22.71,4.3,200,18
30.8,29.5,32.8,26.3,1005.9,77,79,0.7,0,8.7,24.56,5.1,220,30
30.7,28.7,33,26.4,1004.7,78,81,0.7,0,8.9,23.33,4.9,220,31.6
30.3,29.1,32.2,26.4,1004.8,80,84,3.2,0,3.9,15.28,3.1,230,30.4
29.1,24.7,30.6,26.2,1006.2,85,88,16.8,0,0.2,4.25,1.5,220,27.5
27.2,24.8,29.7,25.1,1006.7,89,88,35.4,0,0.4,7.68,2.3,70,9.4
28.6,26.1,31.4,26,1004,86,78,0.9,0,3.7,12.07,1.5,230,12.9
30.2,28.3,32.5,26.9,1001.7,83,78,3.5,0,5.3,15.88,1.4,230,17.2
30.5,29.3,32.7,27.1,1001.7,82,77,2.2,0,5.3,16.71,3.6,200,19.7
31,29.5,33.3,26.8,1001.6,79,72,0.6,0,6.5,17.59,4.5,190,21.6
29.5,26.9,33,26.7,1001.6,85,74,33.1,0,6.4,15.11,4.4,190,11.7
30,26.8,33.2,26.5,1001.6,82,72,15.3,0,8.5,24.32,6.4,80,27.7
28.9,26.3,31.1,26,1001.4,85,82,19.1,0,3.5,14.26,3.3,70,32.7
26.6,25.5,28.7,25.7,1004,95,93,79.1,0,0,4.03,1.2,170,19.5
29.1,27,32.3,26,1006.3,84,85,13,0,2.4,12.59,2.3,190,28.9
29.5,26.8,32,25.4,1004.9,79,83,1.3,0,7.4,21.72,4.9,230,31.4
29.8,27.9,31.6,25.9,1003.5,80,85,1.5,0,3.8,16.52,4.5,230,31.2
29.7,28.9,31.4,26,1004.7,81,88,4.3,0,1.8,10.94,2.1,210,30.8
30.1,29.1,32.3,26.1,1005.6,79,85,0.1,0,1.7,11.13,3.9,210,31.1
30,28.7,31.7,26.1,1003.4,80,88,6,0,3.5,16.03,3.8,220,38.2
28.6,26.5,30.2,26,1003.5,86,88,14.3,0,0,5.81,1.1,230,29.8
28.8,27.5,30.9,26.1,1007.5,86,87,6,0,1.1,9.4,2.8,190,15.1
29.9,28.1,32.3,26,1007.4,80,82,2.6,0,6.1,18.59,4.6,210,29.2
30.1,29.2,32.2,25.6,1005.4,77,88,0,0,6.5,19.96,4.9,220,35.5
30.1,29.2,32.3,26,1004,79,85,0,0,2.4,12.19,3.1,220,29.9
30.4,28.7,33.7,26,1004.8,77,74,0,0,9.6,21.11,4.6,190,11.5
30.3,28.4,33.4,25.5,1004.7,76,47,0,0,10.9,24.34,5.6,220,9.8
30.5,28.3,33.1,26.5,1001.4,79,66,0,0,6.2,16.59,3.8,290,14.2
31.3,29.6,35,26.4,998.7,75,53,0,1,9.5,20.4,4.9,280,14
29.5,26.9,32.8,26.3,1001.2,83,73,22.6,0,1.9,8.93,2.9,250,24.1
28.6,26.6,31.9,26.1,1005.2,87,85,6.4,0,2.8,10.83,2.4,240,21.4
29.3,27.3,31.5,26.1,1006.4,83,85,0.1,0,6.2,15.97,3.3,240,10.8
29.2,27.1,31.5,25.7,1005.5,82,88,0.4,0,1.5,11.59,2.6,110,8.8
29.5,27.2,32.7,25.8,1005.3,80,75,0,0,6.8,18.54,3.8,20,12.4
30,28.4,33.1,26.3,1006.6,81,68,0,0,6.3,18.99,3.3,160,13.8
30.1,28.3,32.6,25.9,1008,79,62,1,0,7.1,17.42,3.9,230,17.6
30.7,28.8,33.5,25.8,1006.9,76,63,0,0,11.4,26.56,5.9,240,17.8
30.6,29,33.3,25.7,1005.8,76,78,0,0,10.4,24.78,5.6,240,19
29.6,28,32.3,25.7,1006.6,80,77,0.5,0,3,12.64,3.3,220,10.9
28.8,27.4,31.4,25.4,1006.6,82,79,1,0,3.3,13.5,2.8,60,27
28.9,26.7,31.5,25.6,1004.5,82,84,12.8,0,4.8,16.14,3.5,70,46.7
26.2,24.5,28.1,24.6,1002,91,91,121.1,0,0.1,4.96,3.3,80,59.9
26.4,24.9,27.6,25.2,1000.1,94,94,98.3,0,0,1.44,0.6,100,48
27,25.4,28.5,25.3,1002.1,91,88,8.2,0,1.6,10.2,1.1,80,35.1
26.7,25.3,27.5,25.1,1002.7,91,88,28.4,0,0,7.47,1.4,60,27.8
27.9,26.9,30.2,24.6,1002.7,83,87,0,0,1.7,12.65,2.6,50,20.8
29.7,26.5,34.5,25,1003.1,77,34,0,0,11.5,26.59,5.4,30,12.8
29.8,28.7,32.2,25.4,1002.7,78,65,0,0,2.7,10.46,3,30,12.5
30.1,28,33.6,23.8,1000.7,70,43,0,0,8.2,21.86,4.4,50,15.3
30.4,27.7,33.5,25.1,998.5,74,43,0,2,10.9,24.44,5.5,230,17
31.3,28.1,35.1,26.2,997.2,75,36,0,0,11,22.86,5.2,240,26.6
30.6,29.4,33.2,27.4,999,83,83,0,0,4.8,16.79,4.1,240,40.3
30.4,29.2,32.7,26.9,1000.7,82,85,1.1,0,7.8,20.74,4.7,230,40.4
30.8,29.2,34,27,1001.6,80,78,0.4,0,8.5,23.78,5.1,240,33.9
30.8,28.8,33.3,26.6,1001.7,79,67,9.2,0,10.8,25.99,5.9,230,34.1
30,25.2,33.4,26.2,1002,80,70,54.4,0,7.7,22.26,4.9,230,29.3
30,26.5,32.4,25.8,1001.9,79,69,5.6,0,8.6,23.02,5,240,31.2
30,27.6,32,26.2,1003.4,81,82,1.1,0,3.8,13.55,4.2,230,28.8
28,25.9,30.1,25.5,1005.6,87,87,42.2,0,3.2,9.14,1.2,230,19
27.8,25,31.6,25.2,1005.1,86,84,19,0,4.9,12.55,2,230,19.1
28.8,26.8,31.8,25.6,1003.9,83,81,0.1,0,4,13.52,2.5,280,6.4
29.1,28,31.7,25.2,1004.8,79,74,0,0,7.5,18.97,4.4,90,17.4
29.5,27.6,32.8,24.3,1005.9,74,74,0,0,9.7,23.65,5.5,60,14.8
29.7,27.5,33,25.3,1006.6,77,62,0,0,9.4,20.04,3.9,80,5.9
29.4,28.2,31.4,25.5,1006.7,80,65,0.7,0,3.8,13.56,1.9,80,4.9
30.9,27.7,33.9,25.9,1002.3,75,56,0,7,10,21.1,4.3,260,21.2
27.2,25.1,32.6,25.2,1000.8,89,95,88.4,0,0,2.46,3.5,260,27.1
25.7,22.9,28.7,24.7,1006.3,95,81,178.3,0,1.4,8.55,1.6,50,16.7
28.6,26.9,31.4,26.3,1008.1,88,57,2.9,0,4.3,15.48,3.1,120,16
29.9,27.2,33.8,25.4,1006.2,77,72,0,1,10.2,20.1,5.2,70,17.7
29,27.8,30.7,25.8,1005.6,83,80,5.9,0,4.7,15.28,2.6,70,34.7
27.7,25,30.1,25.1,1007.6,86,83,8.5,0,3.6,11.94,2.1,90,14.8
26.9,25,30.3,25.3,1007.8,91,90,43.7,0,2.3,12.39,2.6,70,25.5
28.2,26.2,31,24.7,1006.5,82,85,8.5,0,4.7,15.74,4.5,60,44.1
26.9,25.2,28.1,25.2,1007,90,88,38.4,0,0.1,4.89,1.9,70,47.4
28.4,26.2,30.9,24.6,1005.6,80,85,12.9,0,5.9,17.56,1.9,50,39.3
26.8,25.5,28.3,25.1,1004,91,89,62.2,0,1.4,11.07,2.9,80,34.7
27.2,25.4,29.3,25.1,1003.1,88,89,31.8,0,4.1,13.47,2.1,90,25.4
28.9,26.8,32.4,24.9,1002.5,79,55,0.2,0,9.5,24.17,4.7,50,20.3
29.8,27.5,33.3,25.6,1003.6,79,25,0.4,0,8.2,19.46,3.5,10,7.2
30,28,33,26.2,1004.7,80,31,0.4,0,9,17.54,4,210,9
30,28.3,33.3,25.7,1005.8,78,47,0,0,4.1,11.38,2.8,140,7.8
30.1,28.2,33.3,25.2,1008.9,76,27,0,0,10.5,24.46,5.4,90,13.1
30.2,28.4,33.3,24.6,1011.3,73,38,0,0,10,24.19,5.6,90,8.2
30.3,28.3,33.5,24.8,1009.9,73,44,0,0,9.8,21.83,5.3,50,11.8
30.1,28.7,33,25.6,1008.4,77,64,0,0,6.1,18.52,4.4,80,13.2
29.8,28.4,32.3,25.5,1008.4,78,69,0,0,4.8,13.7,3.9,100,7.5
29.2,25.9,32.2,24.4,1008.2,76,51,11,0,5.5,15.13,3.3,80,9.8
29.3,26.3,32.3,24.5,1007.7,76,73,4.3,0,7.4,21.08,5.3,90,14.5
29.2,27.9,31.8,24.5,1009,76,80,2.1,2,4.8,15.92,3.8,90,27.4
28.8,25.8,32,24.7,1010.9,79,79,18,0,5.2,14.43,5.2,80,22.8
28,24.9,32.4,22.7,1011.3,74,54,8.7,0,10.3,22.84,5.5,130,16.9
29,26.2,32.6,17.5,1008.7,52,9,0,0,11,24.19,8.4,350,16.9
29.2,26.5,32.5,14.8,1008,42,2,0,0,11.1,23.98,7.9,360,31.1
28.3,25.9,31.3,13.1,1012.2,40,7,0,0,11.2,24.5,6.8,360,40.3
27.7,25.4,30.7,18.4,1016.2,57,41,0,0,8,19.27,4.1,360,28.4
27.5,26.3,30.3,21.5,1017.5,70,59,0,0,7,18.1,4.5,60,21
27.3,25.7,30.8,21.4,1017.3,71,32,0,0,5.9,13.24,2.8,90,16.9
27.5,25.5,30.8,21.6,1017.2,71,43,0,0,7.6,18.23,3.7,80,17.7
27.6,25.7,30.6,21.9,1016.6,72,46,0,3,5.7,13.39,2.8,80,16.3
28.2,25.9,32.2,22.2,1015,71,33,0,4,8.6,18.39,3.7,80,12
28.7,26.6,31.7,23.7,1012.8,75,33,0,10,8.8,17.73,3.7,150,9.5
30.1,27.2,33.4,22,1008.8,64,21,0,11,10,20.19,5.5,250,13.1
30.3,28.4,33.2,21.2,1009.4,59,11,0,0,10.7,21.52,4.9,250,18.6
29.5,27.9,32.1,23.7,1011.2,71,20,0,0,10.6,21.74,4.5,240,22.3
29,27.4,31.8,22.3,1012.1,67,22,0,0,10.5,22.59,4.8,220,16.2
28.6,26.9,31.3,22.4,1012.2,70,22,0,0,8,15.2,3.1,150,9
29.1,26.8,32.3,22.7,1012.9,69,18,0,0,9.9,19.69,4.2,80,6.3
26.3,23.1,29.1,22.8,1014.7,81,87,46.8,0,0.2,5,1.7,60,36.6
26.3,23.2,28.3,23.7,1015.4,86,83,17.9,0,3.2,12.36,2.7,80,42.5
27.7,25.3,30.4,23.6,1015.6,79,66,4.9,0,8.4,19.39,4.6,80,29
27.8,26.7,29.8,22.9,1014.7,75,55,0,0,9,19.48,4.2,80,32.8
27.9,26.6,30.3,23.3,1013.5,76,35,0,0,8.4,19.17,3.7,80,17.5
28.5,26.3,31.1,23.5,1011.8,75,24,0,0,10.1,19.96,4.2,240,10.4
28.6,27.4,31.5,24.4,1011.8,78,51,0.3,0,4.8,9.64,2.6,140,10
27.2,24.5,30.8,24.2,1014.6,84,81,13.6,0,5,15.15,2.7,30,18.7
25.8,24.2,28.9,23.1,1017.6,86,80,52.1,3,2.2,9.93,2.6,70,26.5
26,23.1,29.7,20.8,1019,74,56,10.4,0,8.4,19.43,4.8,70,47.1
25.5,23.2,28.9,18.9,1018.3,67,37,0,0,9.4,20.77,4.1,80,37.5
26.2,23.9,29.7,20.1,1017.2,70,31,0,0,10.4,19.58,4.2,80,20.1
26.5,24.7,29,20.3,1016.9,70,57,0,0,8.3,17.19,3.6,70,19.3
26.2,24.2,29.6,20.7,1017.2,72,34,0,0,9,16.73,3.1,80,19.3
25.4,23.4,28.3,20.7,1016.5,76,42,3.5,0,7.7,18.31,3.5,80,25.5
25.3,23.5,28.8,19.9,1014,72,35,0,0,8.5,18.69,3.7,80,18.2
25,23.4,28,18.6,1012.2,68,21,0,0,9.9,18.74,3.7,80,21.6
25.5,23.5,28.7,19.8,1012.2,71,28,0,0,10.2,19.91,4.1,70,25.2
26.2,24.5,29.5,20.4,1014.9,71,51,0,0,8.7,18.39,4.2,70,32
25.8,24.3,28.3,21,1016.7,75,33,0,0,9.6,18.83,2.9,70,33.3
25.9,24.7,28.3,21,1017,75,73,0,0,4.3,13.63,3.7,70,30.3
25.7,24,29,21.3,1015.3,76,59,0,13,8.1,15.94,3.2,80,21.6
25.2,22.4,29,20.8,1014.7,77,79,0,10,3.2,9.04,3.8,80,19.9
22.7,20.3,24.7,15.9,1015.7,65,54,0,0,4.5,10.71,3,360,27.9
24,21.5,26.4,15.6,1016.7,60,81,0,0,4.4,13.53,3.5,60,28.2
24.8,23.2,27.2,18.3,1016.2,68,78,0,0,5.1,11.64,3.4,60,37.1
